capture_ts_us,capture_utc,mode,flags,report_timestamp,phase,sequence,period,cycle_position,cycle_length,led0,led1,led2,led3,host_us
1791120386179978,2026-10-04T13:26:26.179978+00:00,162,28,3431259845,0,0,0,0,0,0,0,0,0,402863218126.63574
1791120386279891,2026-10-04T13:26:26.279891+00:00,162,18,3431359765,5,0,0,0,50050050,255,255,255,255,402863318039.5692
1791120386317478,2026-10-04T13:26:26.317478+00:00,162,18,3431397345,5,0,0,0,50050050,255,255,255,255,402863355626.5442
1791120386317896,2026-10-04T13:26:26.317896+00:00,162,18,3431397783,5,0,0,0,50050050,255,255,255,255,402863356044.5439
1791120386320002,2026-10-04T13:26:26.320002+00:00,162,18,3431399884,5,0,0,0,50050050,255,255,255,255,402863358150.5425
1791120386331336,2026-10-04T13:26:26.331336+00:00,162,18,3431411213,5,0,0,0,50050050,255,255,255,255,402863369484.535
1791120386346227,2026-10-04T13:26:26.346227+00:00,162,18,3431426106,5,0,0,0,50050050,255,255,255,255,402863384375.525
1791120386361235,2026-10-04T13:26:26.361235+00:00,162,18,3431441118,5,0,0,0,50050050,255,255,255,255,402863399383.515
1791120386376288,2026-10-04T13:26:26.376288+00:00,162,18,3431456170,5,0,0,0,50050050,255,255,255,255,402863414436.505
1791120386391277,2026-10-04T13:26:26.391277+00:00,162,18,3431471162,5,0,0,0,50050050,255,255,255,255,402863429425.49506
1791120386406199,2026-10-04T13:26:26.406199+00:00,162,18,3431486082,5,0,0,0,50050050,255,255,255,255,402863444347.4851
1791120386421273,2026-10-04T13:26:26.421273+00:00,162,18,3431501150,5,0,0,0,50050050,255,255,255,255,402863459421.47504
1791120386436224,2026-10-04T13:26:26.436224+00:00,162,18,3431516104,5,0,0,0,50050050,255,255,255,255,402863474372.4651
1791120386451256,2026-10-04T13:26:26.451256+00:00,162,18,3431531138,5,0,0,0,50050050,255,255,255,255,402863489404.4551
1791120386466313,2026-10-04T13:26:26.466313+00:00,162,18,3431546193,5,0,0,0,50050050,255,255,255,255,402863504461.44507
1791120386481247,2026-10-04T13:26:26.481247+00:00,162,18,3431561116,5,0,0,0,50050050,255,255,255,255,402863519395.4351
1791120386496224,2026-10-04T13:26:26.496224+00:00,162,18,3431576106,5,0,0,0,50050050,255,255,255,255,402863534372.4251
1791120386511225,2026-10-04T13:26:26.511225+00:00,162,18,3431591107,5,0,0,0,50050050,255,255,255,255,402863549373.41516
1791120386526253,2026-10-04T13:26:26.526253+00:00,162,18,3431606135,5,0,0,0,50050050,255,255,255,255,402863564401.40515
1791120386541227,2026-10-04T13:26:26.541227+00:00,162,18,3431621108,5,0,0,0,50050050,255,255,255,255,402863579375.39514
1791120386556289,2026-10-04T13:26:26.556289+00:00,162,18,3431636173,5,0,0,0,50050050,255,255,255,255,402863594437.38513
1791120386571261,2026-10-04T13:26:26.571261+00:00,162,18,3431651136,5,0,0,0,50050050,255,255,255,255,402863609409.3752
1791120386579983,2026-10-04T13:26:26.579983+00:00,162,18,3431659857,0,0,40,0,50050050,255,255,255,255,402863618131.3693
1791120386593778,2026-10-04T13:26:26.593778+00:00,162,18,3431673653,0,0,40,0,50050050,255,255,255,255,402863631926.36017
1791120386608841,2026-10-04T13:26:26.608841+00:00,162,18,3431688711,0,0,40,0,50050050,255,255,255,255,402863646989.3501
1791120386623722,2026-10-04T13:26:26.623722+00:00,162,18,3431703593,0,0,40,0,50050050,255,255,255,255,402863661870.3402
1791120386632772,2026-10-04T13:26:26.632772+00:00,162,83,3431712630,0,0,40,0,50050050,255,255,255,255,402863670920.33417
1791120386638771,2026-10-04T13:26:26.638771+00:00,162,18,3431718645,0,0,40,0,50050050,255,255,255,255,402863676919.3302
1791120386653685,2026-10-04T13:26:26.653685+00:00,162,18,3431733568,0,0,40,0,50050050,255,255,255,255,402863691833.32025
1791120386668837,2026-10-04T13:26:26.668837+00:00,162,18,3431748697,0,0,40,0,50050050,255,255,255,255,402863706985.3102
1791120386683744,2026-10-04T13:26:26.683744+00:00,162,18,3431763620,0,0,40,0,50050050,255,255,255,255,402863721892.30023
1791120386698698,2026-10-04T13:26:26.698698+00:00,162,18,3431778580,1,0,40,0,50050050,255,255,255,255,402863736846.2903
1791120386713888,2026-10-04T13:26:26.713888+00:00,162,18,3431793723,1,0,40,0,50050050,255,255,255,255,402863752036.28015
1791120386728696,2026-10-04T13:26:26.728696+00:00,162,18,3431808575,1,0,40,0,50050050,255,255,255,255,402863766844.2703
1791120386743801,2026-10-04T13:26:26.743801+00:00,162,18,3431823679,1,0,40,0,50050050,255,255,255,255,402863781949.26025
1791120386754500,2026-10-04T13:26:26.754500+00:00,162,83,3431834376,1,0,40,0,50050050,255,255,255,255,402863792648.2531
1791120386758719,2026-10-04T13:26:26.758719+00:00,162,18,3431838605,1,0,40,0,50050050,255,255,255,255,402863796867.2503
1791120386773728,2026-10-04T13:26:26.773728+00:00,162,18,3431853606,1,0,40,0,50050050,255,255,255,255,402863811876.2403
1791120386788711,2026-10-04T13:26:26.788711+00:00,162,18,3431868594,1,0,40,0,50050050,255,255,255,255,402863826859.23035
1791120386803723,2026-10-04T13:26:26.803723+00:00,162,18,3431883604,1,0,40,0,50050050,255,255,255,255,402863841871.22034
1791120386818749,2026-10-04T13:26:26.818749+00:00,162,18,3431898620,1,0,40,0,50050050,255,255,255,255,402863856897.2103
1791120386833708,2026-10-04T13:26:26.833708+00:00,162,18,3431913588,1,0,40,0,50050050,255,255,255,255,402863871856.2004
1791120386848755,2026-10-04T13:26:26.848755+00:00,162,18,3431928638,1,0,40,0,50050050,255,255,255,255,402863886903.19037
1791120386863673,2026-10-04T13:26:26.863673+00:00,162,18,3431943546,1,0,40,0,50050050,255,255,255,255,402863901821.1804
1791120386871346,2026-10-04T13:26:26.871346+00:00,162,83,3431951226,1,0,40,0,50050050,255,255,255,255,402863909494.1753
1791120386878716,2026-10-04T13:26:26.878716+00:00,162,18,3431958599,1,0,40,0,50050050,255,255,255,255,402863916864.1704
1791120386893640,2026-10-04T13:26:26.893640+00:00,162,18,3431973517,1,0,40,0,50050050,255,255,255,255,402863931788.16046
1791120386910701,2026-10-04T13:26:26.910701+00:00,162,18,3431990577,1,0,40,0,50050050,255,255,255,255,402863948849.1491
1791120386923762,2026-10-04T13:26:26.923762+00:00,162,18,3432003639,1,0,40,0,50050050,255,255,255,255,402863961910.1404
1791120386938642,2026-10-04T13:26:26.938642+00:00,162,18,3432018527,1,0,40,0,50050050,255,255,255,255,402863976790.1305
1791120386953722,2026-10-04T13:26:26.953722+00:00,162,18,3432033600,1,0,40,0,50050050,255,255,255,255,402863991870.1204
1791120386968735,2026-10-04T13:26:26.968735+00:00,162,18,3432048622,1,0,40,0,50050050,255,255,255,255,402864006883.1104
1791120386983704,2026-10-04T13:26:26.983704+00:00,162,18,3432063578,1,0,40,0,50050050,255,255,255,255,402864021852.10046
1791120386994795,2026-10-04T13:26:26.994795+00:00,162,83,3432074670,1,0,40,0,50050050,255,255,255,255,402864032943.0931
1791120386999093,2026-10-04T13:26:26.999093+00:00,162,18,3432078982,1,0,40,0,50050050,255,255,255,255,402864037241.0902
1791120387013651,2026-10-04T13:26:27.013651+00:00,162,18,3432093531,1,0,40,0,50050050,255,255,255,255,402864051799.0805
1791120387028900,2026-10-04T13:26:27.028900+00:00,162,18,3432108754,1,0,40,0,50050050,255,255,255,255,402864067048.0704
1791120387043652,2026-10-04T13:26:27.043652+00:00,162,18,3432123534,1,0,40,0,50050050,255,255,255,255,402864081800.06055
1791120387058679,2026-10-04T13:26:27.058679+00:00,162,18,3432138552,1,0,40,0,50050050,255,255,255,255,402864096827.05054
1791120387073712,2026-10-04T13:26:27.073712+00:00,162,18,3432153585,1,0,40,0,50050050,255,255,255,255,402864111860.0405
1791120387088735,2026-10-04T13:26:27.088735+00:00,162,18,3432168615,1,0,40,0,50050050,255,255,255,255,402864126883.0305
1791120387099968,2026-10-04T13:26:27.099968+00:00,162,83,3432179846,1,0,40,0,50050050,255,255,255,255,402864138116.023
1791120387103801,2026-10-04T13:26:27.103801+00:00,162,18,3432183669,1,0,40,0,50050050,255,255,255,255,402864141949.02045
1791120387118677,2026-10-04T13:26:27.118677+00:00,162,18,3432198561,1,0,40,0,50050050,255,255,255,255,402864156825.01056
1791120387133636,2026-10-04T13:26:27.133636+00:00,162,18,3432213521,1,0,40,0,50050050,255,255,255,255,402864171784.0006
1791120387148683,2026-10-04T13:26:27.148683+00:00,162,18,3432228565,1,0,40,0,50050050,255,255,255,255,402864186830.9906
1791120387163676,2026-10-04T13:26:27.163676+00:00,162,18,3432243552,1,0,40,0,50050050,255,255,255,255,402864201823.9806
1791120387178617,2026-10-04T13:26:27.178617+00:00,162,18,3432258504,1,0,40,0,50050050,255,255,255,255,402864216764.97064
1791120387186477,2026-10-04T13:26:27.186477+00:00,162,18,3432266362,1,1,40,315657849,50050050,255,255,255,255,402864224624.9654
1791120387193673,2026-10-04T13:26:27.193673+00:00,162,18,3432273550,1,1,40,315657849,50050050,255,255,255,255,402864231820.96063
1791120387208682,2026-10-04T13:26:27.208682+00:00,162,18,3432288569,1,1,40,315657849,50050050,255,255,255,255,402864246829.9506
1791120387223115,2026-10-04T13:26:27.223115+00:00,162,83,3432302990,1,1,40,315657849,50050050,255,255,255,255,402864261262.941
1791120387223615,2026-10-04T13:26:27.223615+00:00,162,18,3432303507,1,1,40,315657849,50050050,255,255,255,255,402864261762.9407
1791120387238744,2026-10-04T13:26:27.238744+00:00,162,18,3432318629,1,1,40,315657849,50050050,255,255,255,255,402864276891.9306
1791120387253749,2026-10-04T13:26:27.253749+00:00,162,18,3432333605,1,1,40,315657849,50050050,255,255,255,255,402864291896.9206
1791120387268727,2026-10-04T13:26:27.268727+00:00,162,18,3432348609,1,1,40,315657849,50050050,255,255,255,255,402864306874.91064
1791120387283774,2026-10-04T13:26:27.283774+00:00,162,18,3432363650,1,1,40,315657849,50050050,255,255,255,255,402864321921.90063
1791120387298629,2026-10-04T13:26:27.298629+00:00,162,18,3432378517,1,1,40,315657849,50050050,255,255,255,255,402864336776.8907
1791120387313747,2026-10-04T13:26:27.313747+00:00,162,18,3432393618,1,1,40,315657849,50050050,255,255,255,255,402864351894.8806
1791120387328701,2026-10-04T13:26:27.328701+00:00,162,18,3432408588,1,1,40,315657849,50050050,255,255,255,255,402864366848.87067
1791120387343789,2026-10-04T13:26:27.343789+00:00,162,18,3432423667,1,1,40,315657849,50050050,255,255,255,255,402864381936.86066
1791120387345279,2026-10-04T13:26:27.345279+00:00,162,83,3432425169,1,1,40,315657849,50050050,255,255,255,255,402864383426.8596
1791120387358722,2026-10-04T13:26:27.358722+00:00,162,18,3432438604,1,1,40,315657849,50050050,255,255,255,255,402864396869.8507
1791120387373646,2026-10-04T13:26:27.373646+00:00,162,18,3432453526,1,1,40,315657849,50050050,255,255,255,255,402864411793.84076
1791120387388662,2026-10-04T13:26:27.388662+00:00,162,18,3432468544,1,1,40,315657849,50050050,255,255,255,255,402864426809.83075
1791120387403694,2026-10-04T13:26:27.403694+00:00,162,18,3432483577,1,1,40,315657849,50050050,255,255,255,255,402864441841.82074
1791120387418677,2026-10-04T13:26:27.418677+00:00,162,18,3432498566,1,1,40,315657849,50050050,255,255,255,255,402864456824.8107
1791120387433703,2026-10-04T13:26:27.433703+00:00,162,18,3432513586,1,1,40,315657849,50050050,255,255,255,255,402864471850.8008
1791120387448706,2026-10-04T13:26:27.448706+00:00,162,18,3432528596,1,1,40,315657849,50050050,255,255,255,255,402864486853.7908
1791120387461441,2026-10-04T13:26:27.461441+00:00,162,83,3432541327,1,1,40,315657849,50050050,255,255,255,255,402864499588.7823
1791120387463647,2026-10-04T13:26:27.463647+00:00,162,18,3432543539,1,1,40,315657849,50050050,255,255,255,255,402864501794.7808
1791120387478743,2026-10-04T13:26:27.478743+00:00,162,18,3432558603,1,1,40,315657849,50050050,255,255,255,255,402864516890.77075
1791120387493653,2026-10-04T13:26:27.493653+00:00,162,18,3432573533,1,1,40,315657849,50050050,255,255,255,255,402864531800.7608
1791120387508689,2026-10-04T13:26:27.508689+00:00,162,18,3432588563,1,1,40,315657849,50050050,255,255,255,255,402864546836.7508
1791120387524826,2026-10-04T13:26:27.524826+00:00,162,18,3432604704,1,1,40,315657849,50050050,255,255,255,255,402864562973.74005
1791120387538656,2026-10-04T13:26:27.538656+00:00,162,18,3432618534,1,1,40,315657849,50050050,255,255,255,255,402864576803.73083
1791120387554870,2026-10-04T13:26:27.554870+00:00,162,18,3432634755,1,1,40,315657849,50050050,255,255,255,255,402864593017.72003
1791120387568648,2026-10-04T13:26:27.568648+00:00,162,18,3432648534,1,1,40,315657849,50050050,255,255,255,255,402864606795.7109
1791120387569669,2026-10-04T13:26:27.569669+00:00,162,83,3432649565,1,1,40,315657849,50050050,255,255,255,255,402864607816.7102
1791120387583640,2026-10-04T13:26:27.583640+00:00,162,18,3432663527,1,1,40,315657849,50050050,255,255,255,255,402864621787.70087
1791120387598600,2026-10-04T13:26:27.598600+00:00,162,18,3432678487,1,1,40,315657849,50050050,255,255,255,255,402864636747.6909
1791120387613720,2026-10-04T13:26:27.613720+00:00,162,18,3432693600,1,1,40,315657849,50050050,255,255,255,255,402864651867.68085
1791120387628917,2026-10-04T13:26:27.628917+00:00,162,18,3432708774,1,1,40,315657849,50050050,255,255,255,255,402864667064.6707
1791120387643676,2026-10-04T13:26:27.643676+00:00,162,18,3432723564,1,1,40,315657849,50050050,255,255,255,255,402864681823.6609
1791120387658642,2026-10-04T13:26:27.658642+00:00,162,18,3432738522,1,1,40,315657849,50050050,255,255,255,255,402864696789.65094
1791120387673647,2026-10-04T13:26:27.673647+00:00,162,18,3432753535,1,1,40,315657849,50050050,255,255,255,255,402864711794.6409
1791120387688666,2026-10-04T13:26:27.688666+00:00,162,18,3432768548,1,1,40,315657849,50050050,255,255,255,255,402864726813.6309
1791120387689006,2026-10-04T13:26:27.689006+00:00,162,83,3432768900,1,1,40,315657849,50050050,255,255,255,255,402864727153.63074
1791120387703884,2026-10-04T13:26:27.703884+00:00,162,18,3432783755,1,1,40,315657849,50050050,255,255,255,255,402864742031.6208
1791120387718619,2026-10-04T13:26:27.718619+00:00,162,18,3432798508,1,1,40,315657849,50050050,255,255,255,255,402864756766.61096
1791120387733625,2026-10-04T13:26:27.733625+00:00,162,18,3432813515,1,1,40,315657849,50050050,255,255,255,255,402864771772.601
1791120387748679,2026-10-04T13:26:27.748679+00:00,162,18,3432828559,1,1,40,315657849,50050050,255,255,255,255,402864786826.59094
1791120387763654,2026-10-04T13:26:27.763654+00:00,162,18,3432843544,1,1,40,315657849,50050050,255,255,255,255,402864801801.581
1791120387778653,2026-10-04T13:26:27.778653+00:00,162,18,3432858544,1,1,40,315657849,50050050,255,255,255,255,402864816800.571
1791120387793675,2026-10-04T13:26:27.793675+00:00,162,18,3432873545,1,1,40,315657849,50050050,255,255,255,255,402864831822.561
1791120387803830,2026-10-04T13:26:27.803830+00:00,162,83,3432883712,1,1,40,315657849,50050050,255,255,255,255,402864841977.55426
1791120387808613,2026-10-04T13:26:27.808613+00:00,162,18,3432888506,1,1,40,315657849,50050050,255,255,255,255,402864846760.551
1791120387823680,2026-10-04T13:26:27.823680+00:00,162,18,3432903563,1,1,40,315657849,50050050,255,255,255,255,402864861827.541
1791120387832277,2026-10-04T13:26:27.832277+00:00,162,18,3432912166,1,1,40,315657849,50050050,255,255,255,255,402864870424.5353
1791120387846139,2026-10-04T13:26:27.846139+00:00,162,18,3432926017,1,1,40,315657849,50050050,255,255,255,255,402864884286.52606
1791120387861175,2026-10-04T13:26:27.861175+00:00,162,18,3432941061,1,1,40,315657849,50050050,255,255,255,255,402864899322.51605
1791120387876128,2026-10-04T13:26:27.876128+00:00,162,18,3432956015,1,1,40,315657849,50050050,255,255,255,255,402864914275.5061
1791120387891187,2026-10-04T13:26:27.891187+00:00,162,18,3432971071,1,1,40,315657849,50050050,255,255,255,255,402864929334.49603
1791120387906128,2026-10-04T13:26:27.906128+00:00,162,18,3432986012,1,1,40,315657849,50050050,255,255,255,255,402864944275.4861
1791120387916318,2026-10-04T13:26:27.916318+00:00,162,83,3432996188,1,1,40,315657849,50050050,255,255,255,255,402864954465.4793
1791120387921150,2026-10-04T13:26:27.921150+00:00,162,18,3433001040,1,1,40,315657849,50050050,255,255,255,255,402864959297.4761
1791120387936138,2026-10-04T13:26:27.936138+00:00,162,18,3433016022,1,1,40,315657849,50050050,255,255,255,255,402864974285.4661
1791120387951184,2026-10-04T13:26:27.951184+00:00,162,18,3433031075,1,1,40,315657849,50050050,255,255,255,255,402864989331.4561
1791120387966119,2026-10-04T13:26:27.966119+00:00,162,18,3433046011,1,1,40,315657849,50050050,255,255,255,255,402865004266.44617
1791120387981177,2026-10-04T13:26:27.981177+00:00,162,18,3433061068,1,1,40,315657849,50050050,255,255,255,255,402865019324.4361
1791120387996137,2026-10-04T13:26:27.996137+00:00,162,18,3433076018,1,1,40,315657849,50050050,255,255,255,255,402865034284.42615
1791120388012294,2026-10-04T13:26:28.012294+00:00,162,18,3433092176,1,1,40,315657849,50050050,255,255,255,255,402865050441.4154
1791120388026204,2026-10-04T13:26:28.026204+00:00,162,18,3433106082,1,1,40,315657849,50050050,255,255,255,255,402865064351.4061
1791120388030102,2026-10-04T13:26:28.030102+00:00,162,83,3433109969,1,1,40,315657849,50050050,255,255,255,255,402865068249.40356
1791120388041182,2026-10-04T13:26:28.041182+00:00,162,18,3433121071,1,1,40,315657849,50050050,255,255,255,255,402865079329.3962
1791120388056164,2026-10-04T13:26:28.056164+00:00,162,18,3433136046,1,1,40,315657849,50050050,255,255,255,255,402865094311.38617
1791120388064832,2026-10-04T13:26:28.064832+00:00,162,18,3433144719,1,1,40,315657849,50050050,255,255,255,255,402865102979.38043
1791120388078616,2026-10-04T13:26:28.078616+00:00,162,18,3433158509,1,1,40,315657849,50050050,255,255,255,255,402865116763.3712
1791120388093655,2026-10-04T13:26:28.093655+00:00,162,18,3433173542,1,1,40,315657849,50050050,255,255,255,255,402865131802.3612
1791120388108640,2026-10-04T13:26:28.108640+00:00,162,18,3433188531,1,1,40,315657849,50050050,255,255,255,255,402865146787.35126
1791120388123668,2026-10-04T13:26:28.123668+00:00,162,18,3433203554,1,1,40,315657849,50050050,255,255,255,255,402865161815.34125
1791120388138641,2026-10-04T13:26:28.138641+00:00,162,18,3433218524,1,1,40,315657849,50050050,255,255,255,255,402865176788.33124
1791120388140515,2026-10-04T13:26:28.140515+00:00,162,83,3433220404,1,1,40,315657849,50050050,255,255,255,255,402865178662.33
1791120388153631,2026-10-04T13:26:28.153631+00:00,162,18,3433233517,1,1,40,315657849,50050050,255,255,255,255,402865191778.3213
1791120388168646,2026-10-04T13:26:28.168646+00:00,162,18,3433248524,1,1,40,315657849,50050050,255,255,255,255,402865206793.3113
1791120388183621,2026-10-04T13:26:28.183621+00:00,162,18,3433263514,1,1,40,315657849,50050050,255,255,255,255,402865221768.3013
1791120388191211,2026-10-04T13:26:28.191211+00:00,162,18,3433271103,1,2,40,318711183,50050050,255,255,255,255,402865229358.29626
1791120388198643,2026-10-04T13:26:28.198643+00:00,162,18,3433278527,1,2,40,318711183,50050050,255,255,255,255,402865236790.29126
1791120388213626,2026-10-04T13:26:28.213626+00:00,162,18,3433293517,1,2,40,318711183,50050050,255,255,255,255,402865251773.2813
1791120388228611,2026-10-04T13:26:28.228611+00:00,162,18,3433308502,1,2,40,318711183,50050050,255,255,255,255,402865266758.2713
1791120388243628,2026-10-04T13:26:28.243628+00:00,162,18,3433323515,1,2,40,318711183,50050050,255,255,255,255,402865281775.26135
1791120388247125,2026-10-04T13:26:28.247125+00:00,162,83,3433327017,1,2,40,318711183,50050050,255,255,255,255,402865285272.259
1791120388258613,2026-10-04T13:26:28.258613+00:00,162,18,3433338498,1,2,40,318711183,50050050,255,255,255,255,402865296760.25134
1791120388273660,2026-10-04T13:26:28.273660+00:00,162,18,3433353550,1,2,40,318711183,50050050,255,255,255,255,402865311807.24133
1791120388288642,2026-10-04T13:26:28.288642+00:00,162,18,3433368530,1,2,40,318711183,50050050,255,255,255,255,402865326789.2313
1791120388303661,2026-10-04T13:26:28.303661+00:00,162,18,3433383550,1,2,40,318711183,50050050,255,255,255,255,402865341808.2213
1791120388318569,2026-10-04T13:26:28.318569+00:00,162,18,3433398457,1,2,40,318711183,50050050,255,255,255,255,402865356716.2114
1791120388333707,2026-10-04T13:26:28.333707+00:00,162,18,3433413597,1,2,40,318711183,50050050,255,255,255,255,402865371854.20135
1791120388349767,2026-10-04T13:26:28.349767+00:00,162,18,3433429654,1,2,40,318711183,50050050,255,255,255,255,402865387914.1906
1791120388353200,2026-10-04T13:26:28.353200+00:00,162,83,3433433094,1,2,40,318711183,50050050,255,255,255,255,402865391347.18835
1791120388363619,2026-10-04T13:26:28.363619+00:00,162,18,3433443501,1,2,40,318711183,50050050,255,255,255,255,402865401766.1814
1791120388378657,2026-10-04T13:26:28.378657+00:00,162,18,3433458543,1,2,40,318711183,50050050,255,255,255,255,402865416804.1714
1791120388393629,2026-10-04T13:26:28.393629+00:00,162,18,3433473516,1,2,40,318711183,50050050,255,255,255,255,402865431776.16144
1791120388408609,2026-10-04T13:26:28.408609+00:00,162,18,3433488494,1,2,40,318711183,50050050,255,255,255,255,402865446756.1514
1791120388423614,2026-10-04T13:26:28.423614+00:00,162,18,3433503504,1,2,40,318711183,50050050,255,255,255,255,402865461761.1415
1791120388439775,2026-10-04T13:26:28.439775+00:00,162,18,3433519658,1,2,40,318711183,50050050,255,255,255,255,402865477922.1307
1791120388453612,2026-10-04T13:26:28.453612+00:00,162,18,3433533500,1,2,40,318711183,50050050,255,255,255,255,402865491759.12146
1791120388459949,2026-10-04T13:26:28.459949+00:00,162,83,3433539831,1,2,40,318711183,50050050,255,255,255,255,402865498096.11725
1791120388468616,2026-10-04T13:26:28.468616+00:00,162,18,3433548501,1,2,40,318711183,50050050,255,255,255,255,402865506763.11145
1791120388483605,2026-10-04T13:26:28.483605+00:00,162,18,3433563495,1,2,40,318711183,50050050,255,255,255,255,402865521752.1015
1791120388498609,2026-10-04T13:26:28.498609+00:00,162,18,3433578488,1,2,40,318711183,50050050,255,255,255,255,402865536756.0915
1791120388513582,2026-10-04T13:26:28.513582+00:00,162,18,3433593467,1,2,40,318711183,50050050,255,255,255,255,402865551729.08154
1791120388528624,2026-10-04T13:26:28.528624+00:00,162,18,3433608511,1,2,40,318711183,50050050,255,255,255,255,402865566771.07153
1791120388543633,2026-10-04T13:26:28.543633+00:00,162,18,3433623518,1,2,40,318711183,50050050,255,255,255,255,402865581780.0615
1791120388558588,2026-10-04T13:26:28.558588+00:00,162,18,3433638474,1,2,40,318711183,50050050,255,255,255,255,402865596735.0516
1791120388567253,2026-10-04T13:26:28.567253+00:00,162,18,3433647137,1,2,40,318711183,50050050,255,255,255,255,402865605400.0458
1791120388568388,2026-10-04T13:26:28.568388+00:00,162,83,3433648275,1,2,40,318711183,50050050,255,255,255,255,402865606535.04504
1791120388581159,2026-10-04T13:26:28.581159+00:00,162,18,3433661043,1,2,40,318711183,50050050,255,255,255,255,402865619306.0365
1791120388596156,2026-10-04T13:26:28.596156+00:00,162,18,3433676045,1,2,40,318711183,50050050,255,255,255,255,402865634303.02655
1791120388611200,2026-10-04T13:26:28.611200+00:00,162,18,3433691090,1,2,40,318711183,50050050,255,255,255,255,402865649347.01654
1791120388626209,2026-10-04T13:26:28.626209+00:00,162,18,3433706097,1,2,40,318711183,50050050,255,255,255,255,402865664356.00653
1791120388641140,2026-10-04T13:26:28.641140+00:00,162,18,3433721031,1,2,40,318711183,50050050,255,255,255,255,402865679286.9966
1791120388656183,2026-10-04T13:26:28.656183+00:00,162,18,3433736070,1,2,40,318711183,50050050,255,255,255,255,402865694329.9866
1791120388671150,2026-10-04T13:26:28.671150+00:00,162,18,3433751028,1,2,40,318711183,50050050,255,255,255,255,402865709296.97656
1791120388677738,2026-10-04T13:26:28.677738+00:00,162,83,3433757621,1,2,40,318711183,50050050,255,255,255,255,402865715884.97217
1791120388686157,2026-10-04T13:26:28.686157+00:00,162,18,3433766047,1,2,40,318711183,50050050,255,255,255,255,402865724303.9666
1791120388701136,2026-10-04T13:26:28.701136+00:00,162,18,3433781025,1,2,40,318711183,50050050,255,255,255,255,402865739282.9566
1791120388716152,2026-10-04T13:26:28.716152+00:00,162,18,3433796031,1,2,40,318711183,50050050,255,255,255,255,402865754298.9466
1791120388731171,2026-10-04T13:26:28.731171+00:00,162,18,3433811059,1,2,40,318711183,50050050,255,255,255,255,402865769317.9366
1791120388746169,2026-10-04T13:26:28.746169+00:00,162,18,3433826053,1,2,40,318711183,50050050,255,255,255,255,402865784315.92664
1791120388761187,2026-10-04T13:26:28.761187+00:00,162,18,3433841074,1,2,40,318711183,50050050,255,255,255,255,402865799333.9166
1791120388776129,2026-10-04T13:26:28.776129+00:00,162,18,3433856018,1,2,40,318711183,50050050,255,255,255,255,402865814275.9067
1791120388790839,2026-10-04T13:26:28.790839+00:00,162,83,3433870717,1,2,40,318711183,50050050,255,255,255,255,402865828985.89685
1791120388791238,2026-10-04T13:26:28.791238+00:00,162,18,3433871129,1,2,40,318711183,50050050,255,255,255,255,402865829384.8966
1791120388806189,2026-10-04T13:26:28.806189+00:00,162,18,3433886076,1,2,40,318711183,50050050,255,255,255,255,402865844335.88666
1791120388821185,2026-10-04T13:26:28.821185+00:00,162,18,3433901067,1,2,40,318711183,50050050,255,255,255,255,402865859331.87665
1791120388836132,2026-10-04T13:26:28.836132+00:00,162,18,3433916020,1,2,40,318711183,50050050,255,255,255,255,402865874278.8667
1791120388851142,2026-10-04T13:26:28.851142+00:00,162,18,3433931022,1,2,40,318711183,50050050,255,255,255,255,402865889288.8567
1791120388866176,2026-10-04T13:26:28.866176+00:00,162,18,3433946059,1,2,40,318711183,50050050,255,255,255,255,402865904322.8467
1791120388881144,2026-10-04T13:26:28.881144+00:00,162,18,3433961026,1,2,40,318711183,50050050,255,255,255,255,402865919290.83673
1791120388896175,2026-10-04T13:26:28.896175+00:00,162,18,3433976056,1,2,40,318711183,50050050,255,255,255,255,402865934321.8267
1791120388904886,2026-10-04T13:26:28.904886+00:00,162,83,3433984769,1,2,40,318711183,50050050,255,255,255,255,402865943032.8209
1791120388911181,2026-10-04T13:26:28.911181+00:00,162,18,3433991060,1,2,40,318711183,50050050,255,255,255,255,402865949327.8167
1791120388926172,2026-10-04T13:26:28.926172+00:00,162,18,3434006047,1,2,40,318711183,50050050,255,255,255,255,402865964318.80676
1791120388941183,2026-10-04T13:26:28.941183+00:00,162,18,3434021058,1,2,40,318711183,50050050,255,255,255,255,402865979329.79675
1791120388956185,2026-10-04T13:26:28.956185+00:00,162,18,3434036059,1,2,40,318711183,50050050,255,255,255,255,402865994331.78674
1791120388971141,2026-10-04T13:26:28.971141+00:00,162,18,3434051027,1,2,40,318711183,50050050,255,255,255,255,402866009287.7768
1791120388986174,2026-10-04T13:26:28.986174+00:00,162,18,3434066059,1,2,40,318711183,50050050,255,255,255,255,402866024320.7668
1791120389001113,2026-10-04T13:26:29.001113+00:00,162,18,3434080992,1,2,40,318711183,50050050,255,255,255,255,402866039259.75684
1791120389016180,2026-10-04T13:26:29.016180+00:00,162,18,3434096056,1,2,40,318711183,50050050,255,255,255,255,402866054326.74677
1791120389025957,2026-10-04T13:26:29.025957+00:00,162,83,3434105842,1,2,40,318711183,50050050,255,255,255,255,402866064103.7403
1791120389031140,2026-10-04T13:26:29.031140+00:00,162,18,3434111023,1,2,40,318711183,50050050,255,255,255,255,402866069286.7368
1791120389046212,2026-10-04T13:26:29.046212+00:00,162,18,3434126081,1,2,40,318711183,50050050,255,255,255,255,402866084358.7268
1791120389061205,2026-10-04T13:26:29.061205+00:00,162,18,3434141088,1,2,40,318711183,50050050,255,255,255,255,402866099351.7168
1791120389076200,2026-10-04T13:26:29.076200+00:00,162,18,3434156074,1,2,40,318711183,50050050,255,255,255,255,402866114346.7068
1791120389091190,2026-10-04T13:26:29.091190+00:00,162,18,3434171061,1,2,40,318711183,50050050,255,255,255,255,402866129336.69684
1791120389106171,2026-10-04T13:26:29.106171+00:00,162,18,3434186049,1,2,40,318711183,50050050,255,255,255,255,402866144317.6868
1791120389121204,2026-10-04T13:26:29.121204+00:00,162,18,3434201081,1,2,40,318711183,50050050,255,255,255,255,402866159350.6768
1791120389129505,2026-10-04T13:26:29.129505+00:00,162,83,3434209390,1,2,40,318711183,50050050,255,255,255,255,402866167651.6713
1791120389136120,2026-10-04T13:26:29.136120+00:00,162,18,3434216005,1,2,40,318711183,50050050,255,255,255,255,402866174266.66693
1791120389151161,2026-10-04T13:26:29.151161+00:00,162,18,3434231041,1,2,40,318711183,50050050,255,255,255,255,402866189307.65686
1791120389166169,2026-10-04T13:26:29.166169+00:00,162,18,3434246054,1,2,40,318711183,50050050,255,255,255,255,402866204315.6469
1791120389181173,2026-10-04T13:26:29.181173+00:00,162,18,3434261051,1,2,40,318711183,50050050,255,255,255,255,402866219319.6369
1791120389196205,2026-10-04T13:26:29.196205+00:00,162,18,3434276087,1,3,40,321714084,50050050,255,255,255,255,402866234351.6269
1791120389196509,2026-10-04T13:26:29.196509+00:00,162,18,3434276398,1,3,40,321714084,50050050,255,255,255,255,402866234655.6267
1791120389211147,2026-10-04T13:26:29.211147+00:00,162,18,3434291036,1,3,40,321714084,50050050,255,255,255,255,402866249293.61694
1791120389226145,2026-10-04T13:26:29.226145+00:00,162,18,3434306028,1,3,40,321714084,50050050,255,255,255,255,402866264291.60693
1791120389241146,2026-10-04T13:26:29.241146+00:00,162,18,3434321024,1,3,40,321714084,50050050,255,255,255,255,402866279292.597
1791120389250386,2026-10-04T13:26:29.250386+00:00,162,83,3434330268,1,3,40,321714084,50050050,255,255,255,255,402866288532.5908
1791120389256123,2026-10-04T13:26:29.256123+00:00,162,18,3434336010,1,3,40,321714084,50050050,255,255,255,255,402866294269.587
1791120389271193,2026-10-04T13:26:29.271193+00:00,162,18,3434351073,1,3,40,321714084,50050050,255,255,255,255,402866309339.57697
1791120389286176,2026-10-04T13:26:29.286176+00:00,162,18,3434366060,1,3,40,321714084,50050050,255,255,255,255,402866324322.56696
1791120389301151,2026-10-04T13:26:29.301151+00:00,162,18,3434381038,1,3,40,321714084,50050050,255,255,255,255,402866339297.557
1791120389316160,2026-10-04T13:26:29.316160+00:00,162,18,3434396037,1,3,40,321714084,50050050,255,255,255,255,402866354306.547
1791120389331123,2026-10-04T13:26:29.331123+00:00,162,18,3434411002,1,3,40,321714084,50050050,255,255,255,255,402866369269.53705
1791120389346341,2026-10-04T13:26:29.346341+00:00,162,18,3434426211,1,3,40,321714084,50050050,255,255,255,255,402866384487.5269
1791120389352544,2026-10-04T13:26:29.352544+00:00,162,83,3434432424,1,3,40,321714084,50050050,255,255,255,255,402866390690.52277
1791120389361173,2026-10-04T13:26:29.361173+00:00,162,18,3434441059,1,3,40,321714084,50050050,255,255,255,255,402866399319.517
1791120389376194,2026-10-04T13:26:29.376194+00:00,162,18,3434456070,1,3,40,321714084,50050050,255,255,255,255,402866414340.507
1791120389391164,2026-10-04T13:26:29.391164+00:00,162,18,3434471037,1,3,40,321714084,50050050,255,255,255,255,402866429310.497
1791120389406134,2026-10-04T13:26:29.406134+00:00,162,18,3434486012,1,3,40,321714084,50050050,255,255,255,255,402866444280.48706
1791120389421114,2026-10-04T13:26:29.421114+00:00,162,18,3434500998,1,3,40,321714084,50050050,255,255,255,255,402866459260.4771
1791120389436229,2026-10-04T13:26:29.436229+00:00,162,18,3434516099,1,3,40,321714084,50050050,255,255,255,255,402866474375.46704
1791120389451181,2026-10-04T13:26:29.451181+00:00,162,18,3434531068,1,3,40,321714084,50050050,255,255,255,255,402866489327.4571
1791120389465303,2026-10-04T13:26:29.465303+00:00,162,83,3434545169,1,3,40,321714084,50050050,255,255,255,255,402866503449.44763
1791120389466102,2026-10-04T13:26:29.466102+00:00,162,18,3434545986,1,3,40,321714084,50050050,255,255,255,255,402866504248.44714
1791120389481177,2026-10-04T13:26:29.481177+00:00,162,18,3434561055,1,3,40,321714084,50050050,255,255,255,255,402866519323.4371
1791120389496118,2026-10-04T13:26:29.496118+00:00,162,18,3434576002,1,3,40,321714084,50050050,255,255,255,255,402866534264.4271
1791120389511177,2026-10-04T13:26:29.511177+00:00,162,18,3434591050,1,3,40,321714084,50050050,255,255,255,255,402866549323.4171
1791120389526179,2026-10-04T13:26:29.526179+00:00,162,18,3434606057,1,3,40,321714084,50050050,255,255,255,255,402866564325.4071
1791120389541177,2026-10-04T13:26:29.541177+00:00,162,18,3434621054,1,3,40,321714084,50050050,255,255,255,255,402866579323.39716
1791120389556203,2026-10-04T13:26:29.556203+00:00,162,18,3434636060,1,3,40,321714084,50050050,255,255,255,255,402866594349.38715
1791120389569933,2026-10-04T13:26:29.569933+00:00,162,83,3434649808,1,3,40,321714084,50050050,255,255,255,255,402866608079.378
1791120389571089,2026-10-04T13:26:29.571089+00:00,162,18,3434650972,1,3,40,321714084,50050050,255,255,255,255,402866609235.3772
1791120389586219,2026-10-04T13:26:29.586219+00:00,162,18,3434666094,1,3,40,321714084,50050050,255,255,255,255,402866624365.3671
1791120389601158,2026-10-04T13:26:29.601158+00:00,162,18,3434681036,1,3,40,321714084,50050050,255,255,255,255,402866639304.3572
1791120389616167,2026-10-04T13:26:29.616167+00:00,162,18,3434696039,1,3,40,321714084,50050050,255,255,255,255,402866654313.34717
1791120389631142,2026-10-04T13:26:29.631142+00:00,162,18,3434711023,1,3,40,321714084,50050050,255,255,255,255,402866669288.3372
1791120389646192,2026-10-04T13:26:29.646192+00:00,162,18,3434726070,1,3,40,321714084,50050050,255,255,255,255,402866684338.3272
1791120389661177,2026-10-04T13:26:29.661177+00:00,162,18,3434741059,1,3,40,321714084,50050050,255,255,255,255,402866699323.3172
1791120389676141,2026-10-04T13:26:29.676141+00:00,162,18,3434756027,1,3,40,321714084,50050050,255,255,255,255,402866714287.30725
1791120389691182,2026-10-04T13:26:29.691182+00:00,162,18,3434771056,1,3,40,321714084,50050050,255,255,255,255,402866729328.29724
1791120389693779,2026-10-04T13:26:29.693779+00:00,162,83,3434773666,1,3,40,321714084,50050050,255,255,255,255,402866731925.2955
1791120389706178,2026-10-04T13:26:29.706178+00:00,162,18,3434786051,1,3,40,321714084,50050050,255,255,255,255,402866744324.28723
1791120389721148,2026-10-04T13:26:29.721148+00:00,162,18,3434801033,1,3,40,321714084,50050050,255,255,255,255,402866759294.2773
1791120389736160,2026-10-04T13:26:29.736160+00:00,162,18,3434816030,1,3,40,321714084,50050050,255,255,255,255,402866774306.2673
1791120389744767,2026-10-04T13:26:29.744767+00:00,162,18,3434824641,1,3,40,321714084,50050050,255,255,255,255,402866782913.26154
1791120389758665,2026-10-04T13:26:29.758665+00:00,162,18,3434838542,1,3,40,321714084,50050050,255,255,255,255,402866796811.25226
1791120389773633,2026-10-04T13:26:29.773633+00:00,162,18,3434853512,1,3,40,321714084,50050050,255,255,255,255,402866811779.2423
1791120389788649,2026-10-04T13:26:29.788649+00:00,162,18,3434868526,1,3,40,321714084,50050050,255,255,255,255,402866826795.2323
1791120389793980,2026-10-04T13:26:29.793980+00:00,162,83,3434873857,1,3,40,321714084,50050050,255,255,255,255,402866832126.22876
1791120389803668,2026-10-04T13:26:29.803668+00:00,162,18,3434883550,1,3,40,321714084,50050050,255,255,255,255,402866841814.2223
1791120389818641,2026-10-04T13:26:29.818641+00:00,162,18,3434898511,1,3,40,321714084,50050050,255,255,255,255,402866856787.21234
1791120389833554,2026-10-04T13:26:29.833554+00:00,162,18,3434913440,1,3,40,321714084,50050050,255,255,255,255,402866871700.2024
1791120389848685,2026-10-04T13:26:29.848685+00:00,162,18,3434928562,1,3,40,321714084,50050050,255,255,255,255,402866886831.1923
1791120389863657,2026-10-04T13:26:29.863657+00:00,162,18,3434943532,1,3,40,321714084,50050050,255,255,255,255,402866901803.1824
1791120389878697,2026-10-04T13:26:29.878697+00:00,162,18,3434958565,1,3,40,321714084,50050050,255,255,255,255,402866916843.1723
1791120389893614,2026-10-04T13:26:29.893614+00:00,162,18,3434973494,1,3,40,321714084,50050050,255,255,255,255,402866931760.1624
1791120389908637,2026-10-04T13:26:29.908637+00:00,162,18,3434988516,1,3,40,321714084,50050050,255,255,255,255,402866946783.1524
1791120389909154,2026-10-04T13:26:29.909154+00:00,162,83,3434989040,1,3,40,321714084,50050050,255,255,255,255,402866947300.15204
1791120389923644,2026-10-04T13:26:29.923644+00:00,162,18,3435003520,1,3,40,321714084,50050050,255,255,255,255,402866961790.1424
1791120389938656,2026-10-04T13:26:29.938656+00:00,162,18,3435018533,1,3,40,321714084,50050050,255,255,255,255,402866976802.1324
1791120389947304,2026-10-04T13:26:29.947304+00:00,162,18,3435027187,1,3,40,321714084,50050050,255,255,255,255,402866985450.12665
1791120389961160,2026-10-04T13:26:29.961160+00:00,162,18,3435041044,1,3,40,321714084,50050050,255,255,255,255,402866999306.11743
1791120389976168,2026-10-04T13:26:29.976168+00:00,162,18,3435056050,1,3,40,321714084,50050050,255,255,255,255,402867014314.1074
1791120389992293,2026-10-04T13:26:29.992293+00:00,162,18,3435072169,1,3,40,321714084,50050050,255,255,255,255,402867030439.0967
1791120390006235,2026-10-04T13:26:30.006235+00:00,162,18,3435086093,1,3,40,321714084,50050050,255,255,255,255,402867044381.0874
1791120390021190,2026-10-04T13:26:30.021190+00:00,162,18,3435101063,1,3,40,321714084,50050050,255,255,255,255,402867059336.07745
1791120390035007,2026-10-04T13:26:30.035007+00:00,162,83,3435114870,1,3,40,321714084,50050050,255,255,255,255,402867073153.06824
1791120390036258,2026-10-04T13:26:30.036258+00:00,162,18,3435116131,1,3,40,321714084,50050050,255,255,255,255,402867074404.0674
1791120390051303,2026-10-04T13:26:30.051303+00:00,162,18,3435131167,1,3,40,321714084,50050050,255,255,255,255,402867089449.0574
1791120390066438,2026-10-04T13:26:30.066438+00:00,162,18,3435146316,1,3,40,321714084,50050050,255,255,255,255,402867104584.0473
1791120390081224,2026-10-04T13:26:30.081224+00:00,162,18,3435161100,1,3,40,321714084,50050050,255,255,255,255,402867119370.0374
1791120390096150,2026-10-04T13:26:30.096150+00:00,162,18,3435176034,1,3,40,321714084,50050050,255,255,255,255,402867134296.0275
1791120390111170,2026-10-04T13:26:30.111170+00:00,162,18,3435191048,1,3,40,321714084,50050050,255,255,255,255,402867149316.0175
1791120390126223,2026-10-04T13:26:30.126223+00:00,162,18,3435206099,1,3,40,321714084,50050050,255,255,255,255,402867164369.00745
1791120390138023,2026-10-04T13:26:30.138023+00:00,162,83,3435217902,1,3,40,321714084,50050050,255,255,255,255,402867176168.99963
1791120390141118,2026-10-04T13:26:30.141118+00:00,162,18,3435221005,1,3,40,321714084,50050050,255,255,255,255,402867179263.99756
1791120390156231,2026-10-04T13:26:30.156231+00:00,162,18,3435236109,1,3,40,321714084,50050050,255,255,255,255,402867194376.9875
1791120390171181,2026-10-04T13:26:30.171181+00:00,162,18,3435251058,1,3,40,321714084,50050050,255,255,255,255,402867209326.97754
1791120390186187,2026-10-04T13:26:30.186187+00:00,162,18,3435266071,1,3,40,321714084,50050050,255,255,255,255,402867224332.9675
1791120390201178,2026-10-04T13:26:30.201178+00:00,162,18,3435281063,1,4,40,324716880,50050050,255,255,255,255,402867239323.9576
1791120390201486,2026-10-04T13:26:30.201486+00:00,162,18,3435281378,1,4,40,324716880,50050050,255,255,255,255,402867239631.95734
1791120390216156,2026-10-04T13:26:30.216156+00:00,162,18,3435296033,1,4,40,324716880,50050050,255,255,255,255,402867254301.9476
1791120390231188,2026-10-04T13:26:30.231188+00:00,162,18,3435311071,1,4,40,324716880,50050050,255,255,255,255,402867269333.93756
1791120390243355,2026-10-04T13:26:30.243355+00:00,162,83,3435323232,1,4,40,324716880,50050050,255,255,255,255,402867281500.92944
1791120390246155,2026-10-04T13:26:30.246155+00:00,162,18,3435326040,1,4,40,324716880,50050050,255,255,255,255,402867284300.9276
1791120390261202,2026-10-04T13:26:30.261202+00:00,162,18,3435341083,1,4,40,324716880,50050050,255,255,255,255,402867299347.9176
1791120390276159,2026-10-04T13:26:30.276159+00:00,162,18,3435356043,1,4,40,324716880,50050050,255,255,255,255,402867314304.9076
1791120390291198,2026-10-04T13:26:30.291198+00:00,162,18,3435371080,1,4,40,324716880,50050050,255,255,255,255,402867329343.8976
1791120390306313,2026-10-04T13:26:30.306313+00:00,162,18,3435386184,1,4,40,324716880,50050050,255,255,255,255,402867344458.8875
1791120390321172,2026-10-04T13:26:30.321172+00:00,162,18,3435401056,1,4,40,324716880,50050050,255,255,255,255,402867359317.8776
1791120390336198,2026-10-04T13:26:30.336198+00:00,162,18,3435416082,1,4,40,324716880,50050050,255,255,255,255,402867374343.8676
1791120390347306,2026-10-04T13:26:30.347306+00:00,162,83,3435427166,1,4,40,324716880,50050050,255,255,255,255,402867385451.8602
1791120390351201,2026-10-04T13:26:30.351201+00:00,162,18,3435431086,1,4,40,324716880,50050050,255,255,255,255,402867389346.8576
1791120390366313,2026-10-04T13:26:30.366313+00:00,162,18,3435446190,1,4,40,324716880,50050050,255,255,255,255,402867404458.8476
1791120390381228,2026-10-04T13:26:30.381228+00:00,162,18,3435461082,1,4,40,324716880,50050050,255,255,255,255,402867419373.83765
1791120390396272,2026-10-04T13:26:30.396272+00:00,162,18,3435476155,1,4,40,324716880,50050050,255,255,255,255,402867434417.82764
1791120390411161,2026-10-04T13:26:30.411161+00:00,162,18,3435491043,1,4,40,324716880,50050050,255,255,255,255,402867449306.8177
1791120390426262,2026-10-04T13:26:30.426262+00:00,162,18,3435506141,1,4,40,324716880,50050050,255,255,255,255,402867464407.8076
1791120390441159,2026-10-04T13:26:30.441159+00:00,162,18,3435521034,1,4,40,324716880,50050050,255,255,255,255,402867479304.7977
1791120390450150,2026-10-04T13:26:30.450150+00:00,162,83,3435530031,1,4,40,324716880,50050050,255,255,255,255,402867488295.79175
1791120390456265,2026-10-04T13:26:30.456265+00:00,162,18,3435536146,1,4,40,324716880,50050050,255,255,255,255,402867494410.78766
1791120390471191,2026-10-04T13:26:30.471191+00:00,162,18,3435551073,1,4,40,324716880,50050050,255,255,255,255,402867509336.7777
1791120390486167,2026-10-04T13:26:30.486167+00:00,162,18,3435566043,1,4,40,324716880,50050050,255,255,255,255,402867524312.76776
1791120390501179,2026-10-04T13:26:30.501179+00:00,162,18,3435581058,1,4,40,324716880,50050050,255,255,255,255,402867539324.75775
1791120390516251,2026-10-04T13:26:30.516251+00:00,162,18,3435596121,1,4,40,324716880,50050050,255,255,255,255,402867554396.7477
1791120390531107,2026-10-04T13:26:30.531107+00:00,162,18,3435610992,1,4,40,324716880,50050050,255,255,255,255,402867569252.7378
1791120390546126,2026-10-04T13:26:30.546126+00:00,162,18,3435626007,1,4,40,324716880,50050050,255,255,255,255,402867584271.7278
1791120390552413,2026-10-04T13:26:30.552413+00:00,162,83,3435632289,1,4,40,324716880,50050050,255,255,255,255,402867590558.72363
1791120390561155,2026-10-04T13:26:30.561155+00:00,162,18,3435641040,1,4,40,324716880,50050050,255,255,255,255,402867599300.7178
1791120390576197,2026-10-04T13:26:30.576197+00:00,162,18,3435656065,1,4,40,324716880,50050050,255,255,255,255,402867614342.70776
1791120390591230,2026-10-04T13:26:30.591230+00:00,162,18,3435671093,1,4,40,324716880,50050050,255,255,255,255,402867629375.69775
1791120390606322,2026-10-04T13:26:30.606322+00:00,162,18,3435686195,1,4,40,324716880,50050050,255,255,255,255,402867644467.68774
1791120390621202,2026-10-04T13:26:30.621202+00:00,162,18,3435701057,1,4,40,324716880,50050050,255,255,255,255,402867659347.6778
1791120390636166,2026-10-04T13:26:30.636166+00:00,162,18,3435716051,1,4,40,324716880,50050050,255,255,255,255,402867674311.66785
1791120390651186,2026-10-04T13:26:30.651186+00:00,162,18,3435731069,1,4,40,324716880,50050050,255,255,255,255,402867689331.65784
1791120390666175,2026-10-04T13:26:30.666175+00:00,162,18,3435746061,1,4,40,324716880,50050050,255,255,255,255,402867704320.6478
1791120390676453,2026-10-04T13:26:30.676453+00:00,162,83,3435756323,1,4,40,324716880,50050050,255,255,255,255,402867714598.641
1791120390681217,2026-10-04T13:26:30.681217+00:00,162,18,3435761096,1,4,40,324716880,50050050,255,255,255,255,402867719362.6378
1791120390697306,2026-10-04T13:26:30.697306+00:00,162,18,3435777185,1,4,40,324716880,50050050,255,255,255,255,402867735451.62714
1791120390711158,2026-10-04T13:26:30.711158+00:00,162,18,3435791035,1,4,40,324716880,50050050,255,255,255,255,402867749303.6179
1791120390726283,2026-10-04T13:26:30.726283+00:00,162,18,3435806071,1,4,40,324716880,50050050,255,255,255,255,402867764428.60785
1791120390741159,2026-10-04T13:26:30.741159+00:00,162,18,3435821044,1,4,40,324716880,50050050,255,255,255,255,402867779304.5979
1791120390756198,2026-10-04T13:26:30.756198+00:00,162,18,3435836038,1,4,40,324716880,50050050,255,255,255,255,402867794343.5879
1791120390771217,2026-10-04T13:26:30.771217+00:00,162,18,3435851092,1,4,40,324716880,50050050,255,255,255,255,402867809362.5779
1791120390786199,2026-10-04T13:26:30.786199+00:00,162,18,3435866077,1,4,40,324716880,50050050,255,255,255,255,402867824344.56793
1791120390797607,2026-10-04T13:26:30.797607+00:00,162,83,3435877469,1,4,40,324716880,50050050,255,255,255,255,402867835752.5603
1791120390802254,2026-10-04T13:26:30.802254+00:00,162,18,3435882136,1,4,40,324716880,50050050,255,255,255,255,402867840399.55725
1791120390816173,2026-10-04T13:26:30.816173+00:00,162,18,3435896054,1,4,40,324716880,50050050,255,255,255,255,402867854318.548
1791120390831136,2026-10-04T13:26:30.831136+00:00,162,18,3435911022,1,4,40,324716880,50050050,255,255,255,255,402867869281.53796
1791120390839773,2026-10-04T13:26:30.839773+00:00,162,18,3435919657,1,4,40,324716880,50050050,255,255,255,255,402867877918.5322
1791120390853602,2026-10-04T13:26:30.853602+00:00,162,18,3435933481,1,4,40,324716880,50050050,255,255,255,255,402867891747.523
1791120390868777,2026-10-04T13:26:30.868777+00:00,162,18,3435948648,1,4,40,324716880,50050050,255,255,255,255,402867906922.51294
1791120390883674,2026-10-04T13:26:30.883674+00:00,162,18,3435963547,1,4,40,324716880,50050050,255,255,255,255,402867921819.503
1791120390898250,2026-10-04T13:26:30.898250+00:00,162,83,3435978123,1,4,40,324716880,50050050,255,255,255,255,402867936395.4933
1791120390899209,2026-10-04T13:26:30.899209+00:00,162,18,3435979093,1,4,40,324716880,50050050,255,255,255,255,402867937354.4927
1791120390913636,2026-10-04T13:26:30.913636+00:00,162,18,3435993512,1,4,40,324716880,50050050,255,255,255,255,402867951781.48303
1791120390928619,2026-10-04T13:26:30.928619+00:00,162,18,3436008497,1,4,40,324716880,50050050,255,255,255,255,402867966764.4731
1791120390943614,2026-10-04T13:26:30.943614+00:00,162,18,3436023471,1,4,40,324716880,50050050,255,255,255,255,402867981759.4631
1791120390958747,2026-10-04T13:26:30.958747+00:00,162,18,3436038629,1,4,40,324716880,50050050,255,255,255,255,402867996892.453
1791120390973682,2026-10-04T13:26:30.973682+00:00,162,18,3436053537,1,4,40,324716880,50050050,255,255,255,255,402868011827.44305
1791120390988645,2026-10-04T13:26:30.988645+00:00,162,18,3436068524,1,4,40,324716880,50050050,255,255,255,255,402868026790.4331
1791120391001975,2026-10-04T13:26:31.001975+00:00,162,83,3436081852,1,4,40,324716880,50050050,255,255,255,255,402868040120.4242
1791120391003606,2026-10-04T13:26:31.003606+00:00,162,18,3436083492,1,4,40,324716880,50050050,255,255,255,255,402868041751.4231
1791120391018621,2026-10-04T13:26:31.018621+00:00,162,18,3436098500,1,4,40,324716880,50050050,255,255,255,255,402868056766.41315
1791120391033657,2026-10-04T13:26:31.033657+00:00,162,18,3436113543,1,4,40,324716880,50050050,255,255,255,255,402868071802.4031
1791120391048634,2026-10-04T13:26:31.048634+00:00,162,18,3436128517,1,4,40,324716880,50050050,255,255,255,255,402868086779.3931
1791120391063601,2026-10-04T13:26:31.063601+00:00,162,18,3436143467,1,4,40,324716880,50050050,255,255,255,255,402868101746.3832
1791120391078651,2026-10-04T13:26:31.078651+00:00,162,18,3436158536,1,4,40,324716880,50050050,255,255,255,255,402868116796.3731
1791120391093705,2026-10-04T13:26:31.093705+00:00,162,18,3436173582,1,4,40,324716880,50050050,255,255,255,255,402868131850.3631
1791120391108657,2026-10-04T13:26:31.108657+00:00,162,18,3436188532,1,4,40,324716880,50050050,255,255,255,255,402868146802.35315
1791120391122504,2026-10-04T13:26:31.122504+00:00,162,83,3436202385,1,4,40,324716880,50050050,255,255,255,255,402868160649.34393
1791120391123854,2026-10-04T13:26:31.123854+00:00,162,18,3436203743,1,4,40,324716880,50050050,255,255,255,255,402868161999.343
1791120391138632,2026-10-04T13:26:31.138632+00:00,162,18,3436218507,1,4,40,324716880,50050050,255,255,255,255,402868176777.3332
1791120391153626,2026-10-04T13:26:31.153626+00:00,162,18,3436233508,1,4,40,324716880,50050050,255,255,255,255,402868191771.3232
1791120391168645,2026-10-04T13:26:31.168645+00:00,162,18,3436248525,1,4,40,324716880,50050050,255,255,255,255,402868206790.3132
1791120391183679,2026-10-04T13:26:31.183679+00:00,162,18,3436263548,1,4,40,324716880,50050050,255,255,255,255,402868221824.30316
1791120391198622,2026-10-04T13:26:31.198622+00:00,162,18,3436278491,1,4,40,324716880,50050050,255,255,255,255,402868236767.2932
1791120391206201,2026-10-04T13:26:31.206201+00:00,162,18,3436286087,1,5,40,327719679,50050050,255,255,255,255,402868244346.2882
1791120391213656,2026-10-04T13:26:31.213656+00:00,162,18,3436293527,1,5,40,327719679,50050050,255,255,255,255,402868251801.2832
1791120391228564,2026-10-04T13:26:31.228564+00:00,162,18,3436308443,1,5,40,327719679,50050050,255,255,255,255,402868266709.2733
1791120391240068,2026-10-04T13:26:31.240068+00:00,162,83,3436319950,1,5,40,327719679,50050050,255,255,255,255,402868278213.2656
1791120391243725,2026-10-04T13:26:31.243725+00:00,162,18,3436323487,1,5,40,327719679,50050050,255,255,255,255,402868281870.2632
1791120391258660,2026-10-04T13:26:31.258660+00:00,162,18,3436338526,1,5,40,327719679,50050050,255,255,255,255,402868296805.25323
1791120391273858,2026-10-04T13:26:31.273858+00:00,162,18,3436353737,1,5,40,327719679,50050050,255,255,255,255,402868312003.2431
1791120391288678,2026-10-04T13:26:31.288678+00:00,162,18,3436368557,1,5,40,327719679,50050050,255,255,255,255,402868326823.2333
1791120391303609,2026-10-04T13:26:31.303609+00:00,162,18,3436383486,1,5,40,327719679,50050050,255,255,255,255,402868341754.2233
1791120391318622,2026-10-04T13:26:31.318622+00:00,162,18,3436398499,1,5,40,327719679,50050050,255,255,255,255,402868356767.2133
1791120391333595,2026-10-04T13:26:31.333595+00:00,162,18,3436413482,1,5,40,327719679,50050050,255,255,255,255,402868371740.2033
1791120391349901,2026-10-04T13:26:31.349901+00:00,162,18,3436429790,1,5,40,327719679,50050050,255,255,255,255,402868388046.1925
1791120391356960,2026-10-04T13:26:31.356960+00:00,162,83,3436436844,1,5,40,327719679,50050050,255,255,255,255,402868395105.1878
1791120391363595,2026-10-04T13:26:31.363595+00:00,162,18,3436443480,1,5,40,327719679,50050050,255,255,255,255,402868401740.18335
1791120391378609,2026-10-04T13:26:31.378609+00:00,162,18,3436458485,1,5,40,327719679,50050050,255,255,255,255,402868416754.17334
1791120391393685,2026-10-04T13:26:31.393685+00:00,162,18,3436473563,1,5,40,327719679,50050050,255,255,255,255,402868431830.1633
1791120391408641,2026-10-04T13:26:31.408641+00:00,162,18,3436488530,1,5,40,327719679,50050050,255,255,255,255,402868446786.1534
1791120391423595,2026-10-04T13:26:31.423595+00:00,162,18,3436503469,1,5,40,327719679,50050050,255,255,255,255,402868461740.1434
1791120391438596,2026-10-04T13:26:31.438596+00:00,162,18,3436518479,1,5,40,327719679,50050050,255,255,255,255,402868476741.1334
1791120391453570,2026-10-04T13:26:31.453570+00:00,162,18,3436533459,1,5,40,327719679,50050050,255,255,255,255,402868491715.1234
1791120391468574,2026-10-04T13:26:31.468574+00:00,162,18,3436548448,1,5,40,327719679,50050050,255,255,255,255,402868506719.11346
1791120391472373,2026-10-04T13:26:31.472373+00:00,162,83,3436552266,1,5,40,327719679,50050050,255,255,255,255,402868510518.1109
1791120391483553,2026-10-04T13:26:31.483553+00:00,162,18,3436563440,1,5,40,327719679,50050050,255,255,255,255,402868521698.10345
1791120391498559,2026-10-04T13:26:31.498559+00:00,162,18,3436578441,1,5,40,327719679,50050050,255,255,255,255,402868536704.09344
1791120391513588,2026-10-04T13:26:31.513588+00:00,162,18,3436593465,1,5,40,327719679,50050050,255,255,255,255,402868551733.08344
1791120391529767,2026-10-04T13:26:31.529767+00:00,162,18,3436609644,1,5,40,327719679,50050050,255,255,255,255,402868567912.0727
1791120391543650,2026-10-04T13:26:31.543650+00:00,162,18,3436623538,1,5,40,327719679,50050050,255,255,255,255,402868581795.0634
1791120391558609,2026-10-04T13:26:31.558609+00:00,162,18,3436638495,1,5,40,327719679,50050050,255,255,255,255,402868596754.05347
1791120391573604,2026-10-04T13:26:31.573604+00:00,162,18,3436653489,1,5,40,327719679,50050050,255,255,255,255,402868611749.04346
1791120391587179,2026-10-04T13:26:31.587179+00:00,162,83,3436667064,1,5,40,327719679,50050050,255,255,255,255,402868625324.0344
1791120391588628,2026-10-04T13:26:31.588628+00:00,162,18,3436668515,1,5,40,327719679,50050050,255,255,255,255,402868626773.0335
1791120391603577,2026-10-04T13:26:31.603577+00:00,162,18,3436683454,1,5,40,327719679,50050050,255,255,255,255,402868641722.0235
1791120391618639,2026-10-04T13:26:31.618639+00:00,162,18,3436698523,1,5,40,327719679,50050050,255,255,255,255,402868656784.0135
1791120391633589,2026-10-04T13:26:31.633589+00:00,162,18,3436713478,1,5,40,327719679,50050050,255,255,255,255,402868671734.00354
1791120391648617,2026-10-04T13:26:31.648617+00:00,162,18,3436728504,1,5,40,327719679,50050050,255,255,255,255,402868686761.9935
1791120391663585,2026-10-04T13:26:31.663585+00:00,162,18,3436743463,1,5,40,327719679,50050050,255,255,255,255,402868701729.9836
1791120391678613,2026-10-04T13:26:31.678613+00:00,162,18,3436758496,1,5,40,327719679,50050050,255,255,255,255,402868716757.9736
1791120391693597,2026-10-04T13:26:31.693597+00:00,162,18,3436773476,1,5,40,327719679,50050050,255,255,255,255,402868731741.96356
1791120391704589,2026-10-04T13:26:31.704589+00:00,162,83,3436784449,1,5,40,327719679,50050050,255,255,255,255,402868742733.95624
1791120391708580,2026-10-04T13:26:31.708580+00:00,162,18,3436788461,1,5,40,327719679,50050050,255,255,255,255,402868746724.9536
1791120391723594,2026-10-04T13:26:31.723594+00:00,162,18,3436803466,1,5,40,327719679,50050050,255,255,255,255,402868761738.9436
1791120391732241,2026-10-04T13:26:31.732241+00:00,162,18,3436812130,1,5,40,327719679,50050050,255,255,255,255,402868770385.9378
1791120391746197,2026-10-04T13:26:31.746197+00:00,162,18,3436826070,1,5,40,327719679,50050050,255,255,255,255,402868784341.9285
1791120391761148,2026-10-04T13:26:31.761148+00:00,162,18,3436841019,1,5,40,327719679,50050050,255,255,255,255,402868799292.9186
1791120391776173,2026-10-04T13:26:31.776173+00:00,162,18,3436856060,1,5,40,327719679,50050050,255,255,255,255,402868814317.90857
1791120391791230,2026-10-04T13:26:31.791230+00:00,162,18,3436871111,1,5,40,327719679,50050050,255,255,255,255,402868829374.89856
1791120391806163,2026-10-04T13:26:31.806163+00:00,162,18,3436886050,1,5,40,327719679,50050050,255,255,255,255,402868844307.8886
1791120391817767,2026-10-04T13:26:31.817767+00:00,162,83,3436897652,1,5,40,327719679,50050050,255,255,255,255,402868855911.88086
1791120391821173,2026-10-04T13:26:31.821173+00:00,162,18,3436901065,1,5,40,327719679,50050050,255,255,255,255,402868859317.8786
1791120391836181,2026-10-04T13:26:31.836181+00:00,162,18,3436916064,1,5,40,327719679,50050050,255,255,255,255,402868874325.8686
1791120391851131,2026-10-04T13:26:31.851131+00:00,162,18,3436931017,1,5,40,327719679,50050050,255,255,255,255,402868889275.85864
1791120391866186,2026-10-04T13:26:31.866186+00:00,162,18,3436946067,1,5,40,327719679,50050050,255,255,255,255,402868904330.84863
1791120391881209,2026-10-04T13:26:31.881209+00:00,162,18,3436961090,1,5,40,327719679,50050050,255,255,255,255,402868919353.8386
1791120391896160,2026-10-04T13:26:31.896160+00:00,162,18,3436976038,1,5,40,327719679,50050050,255,255,255,255,402868934304.8287
1791120391911147,2026-10-04T13:26:31.911147+00:00,162,18,3436991012,1,5,40,327719679,50050050,255,255,255,255,402868949291.81866
1791120391926194,2026-10-04T13:26:31.926194+00:00,162,18,3437006073,1,5,40,327719679,50050050,255,255,255,255,402868964338.80865
1791120391934210,2026-10-04T13:26:31.934210+00:00,162,83,3437014098,1,5,40,327719679,50050050,255,255,255,255,402868972354.80334
1791120391941217,2026-10-04T13:26:31.941217+00:00,162,18,3437021098,1,5,40,327719679,50050050,255,255,255,255,402868979361.79865
1791120391956120,2026-10-04T13:26:31.956120+00:00,162,18,3437035997,1,5,40,327719679,50050050,255,255,255,255,402868994264.7887
1791120391971164,2026-10-04T13:26:31.971164+00:00,162,18,3437051048,1,5,40,327719679,50050050,255,255,255,255,402869009308.7787
1791120391986136,2026-10-04T13:26:31.986136+00:00,162,18,3437066017,1,5,40,327719679,50050050,255,255,255,255,402869024280.76874
1791120392001232,2026-10-04T13:26:32.001232+00:00,162,18,3437081107,1,5,40,327719679,50050050,255,255,255,255,402869039376.75867
1791120392016189,2026-10-04T13:26:32.016189+00:00,162,18,3437096075,1,5,40,327719679,50050050,255,255,255,255,402869054333.7487
1791120392031180,2026-10-04T13:26:32.031180+00:00,162,18,3437111066,1,5,40,327719679,50050050,255,255,255,255,402869069324.7387
1791120392046206,2026-10-04T13:26:32.046206+00:00,162,18,3437126084,1,5,40,327719679,50050050,255,255,255,255,402869084350.7287
1791120392053140,2026-10-04T13:26:32.053140+00:00,162,83,3437133021,1,5,40,327719679,50050050,255,255,255,255,402869091284.7241
1791120392061188,2026-10-04T13:26:32.061188+00:00,162,18,3437141065,1,5,40,327719679,50050050,255,255,255,255,402869099332.71875
1791120392076152,2026-10-04T13:26:32.076152+00:00,162,18,3437156037,1,5,40,327719679,50050050,255,255,255,255,402869114296.7088
1791120392091324,2026-10-04T13:26:32.091324+00:00,162,18,3437171197,1,5,40,327719679,50050050,255,255,255,255,402869129468.69867
1791120392106182,2026-10-04T13:26:32.106182+00:00,162,18,3437186062,1,5,40,327719679,50050050,255,255,255,255,402869144326.6888
1791120392121222,2026-10-04T13:26:32.121222+00:00,162,18,3437201101,1,5,40,327719679,50050050,255,255,255,255,402869159366.6788
1791120392136173,2026-10-04T13:26:32.136173+00:00,162,18,3437216052,1,5,40,327719679,50050050,255,255,255,255,402869174317.6688
1791120392144783,2026-10-04T13:26:32.144783+00:00,162,18,3437224661,1,5,40,327719679,50050050,255,255,255,255,402869182927.6631
1791120392158570,2026-10-04T13:26:32.158570+00:00,162,18,3437238443,1,5,40,327719679,50050050,255,255,255,255,402869196714.6539
1791120392173614,2026-10-04T13:26:32.173614+00:00,162,18,3437253499,1,5,40,327719679,50050050,255,255,255,255,402869211758.64386
1791120392174444,2026-10-04T13:26:32.174444+00:00,162,83,3437254332,1,5,40,327719679,50050050,255,255,255,255,402869212588.6433
1791120392188621,2026-10-04T13:26:32.188621+00:00,162,18,3437268509,1,5,40,327719679,50050050,255,255,255,255,402869226765.63385
1791120392203524,2026-10-04T13:26:32.203524+00:00,162,18,3437283411,1,5,40,327719679,50050050,255,255,255,255,402869241668.62396
1791120392211157,2026-10-04T13:26:32.211157+00:00,162,18,3437291045,1,6,40,330773037,50050050,255,255,255,255,402869249301.61884
1791120392218596,2026-10-04T13:26:32.218596+00:00,162,18,3437298476,1,6,40,330773037,50050050,255,255,255,255,402869256740.6139
1791120392233583,2026-10-04T13:26:32.233583+00:00,162,18,3437313471,1,6,40,330773037,50050050,255,255,255,255,402869271727.60394
1791120392248610,2026-10-04T13:26:32.248610+00:00,162,18,3437328490,1,6,40,330773037,50050050,255,255,255,255,402869286754.59393
1791120392263590,2026-10-04T13:26:32.263590+00:00,162,18,3437343475,1,6,40,330773037,50050050,255,255,255,255,402869301734.5839
1791120392278612,2026-10-04T13:26:32.278612+00:00,162,18,3437358491,1,6,40,330773037,50050050,255,255,255,255,402869316756.5739
1791120392293620,2026-10-04T13:26:32.293620+00:00,162,18,3437373497,1,6,40,330773037,50050050,255,255,255,255,402869331764.56396
1791120392295495,2026-10-04T13:26:32.295495+00:00,162,83,3437375383,1,6,40,330773037,50050050,255,255,255,255,402869333639.5627
1791120392308650,2026-10-04T13:26:32.308650+00:00,162,18,3437388525,1,6,40,330773037,50050050,255,255,255,255,402869346794.55396
1791120392323606,2026-10-04T13:26:32.323606+00:00,162,18,3437403483,1,6,40,330773037,50050050,255,255,255,255,402869361750.54395
1791120392338626,2026-10-04T13:26:32.338626+00:00,162,18,3437418505,1,6,40,330773037,50050050,255,255,255,255,402869376770.53394
1791120392353713,2026-10-04T13:26:32.353713+00:00,162,18,3437433590,1,6,40,330773037,50050050,255,255,255,255,402869391857.5239
1791120392368603,2026-10-04T13:26:32.368603+00:00,162,18,3437448480,1,6,40,330773037,50050050,255,255,255,255,402869406747.514
1791120392383593,2026-10-04T13:26:32.383593+00:00,162,18,3437463471,1,6,40,330773037,50050050,255,255,255,255,402869421737.504
1791120392398648,2026-10-04T13:26:32.398648+00:00,162,18,3437478524,1,6,40,330773037,50050050,255,255,255,255,402869436792.494
1791120392405593,2026-10-04T13:26:32.405593+00:00,162,83,3437485472,1,6,40,330773037,50050050,255,255,255,255,402869443737.4894
1791120392413582,2026-10-04T13:26:32.413582+00:00,162,18,3437493466,1,6,40,330773037,50050050,255,255,255,255,402869451726.4841
1791120392428591,2026-10-04T13:26:32.428591+00:00,162,18,3437508473,1,6,40,330773037,50050050,255,255,255,255,402869466735.47406
1791120392443685,2026-10-04T13:26:32.443685+00:00,162,18,3437523570,1,6,40,330773037,50050050,255,255,255,255,402869481829.464
1791120392458574,2026-10-04T13:26:32.458574+00:00,162,18,3437538450,1,6,40,330773037,50050050,255,255,255,255,402869496718.4541
1791120392473596,2026-10-04T13:26:32.473596+00:00,162,18,3437553470,1,6,40,330773037,50050050,255,255,255,255,402869511740.4441
1791120392488525,2026-10-04T13:26:32.488525+00:00,162,18,3437568402,1,6,40,330773037,50050050,255,255,255,255,402869526669.43414
1791120392503512,2026-10-04T13:26:32.503512+00:00,162,18,3437583398,1,6,40,330773037,50050050,255,255,255,255,402869541656.42413
1791120392518586,2026-10-04T13:26:32.518586+00:00,162,18,3437598461,1,6,40,330773037,50050050,255,255,255,255,402869556730.4141
1791120392525655,2026-10-04T13:26:32.525655+00:00,162,83,3437605525,1,6,40,330773037,50050050,255,255,255,255,402869563799.4094
1791120392533513,2026-10-04T13:26:32.533513+00:00,162,18,3437613400,1,6,40,330773037,50050050,255,255,255,255,402869571657.4042
1791120392548586,2026-10-04T13:26:32.548586+00:00,162,18,3437628461,1,6,40,330773037,50050050,255,255,255,255,402869586730.3941
1791120392563601,2026-10-04T13:26:32.563601+00:00,162,18,3437643485,1,6,40,330773037,50050050,255,255,255,255,402869601745.38416
1791120392572240,2026-10-04T13:26:32.572240+00:00,162,18,3437652122,1,6,40,330773037,50050050,255,255,255,255,402869610384.37836
1791120392586113,2026-10-04T13:26:32.586113+00:00,162,18,3437666001,1,6,40,330773037,50050050,255,255,255,255,402869624257.36914
1791120392594733,2026-10-04T13:26:32.594733+00:00,162,18,3437674617,1,6,40,330773037,50050050,255,255,255,255,402869632877.3634
1791120392608600,2026-10-04T13:26:32.608600+00:00,162,18,3437688465,1,6,40,330773037,50050050,255,255,255,255,402869646744.3542
1791120392623596,2026-10-04T13:26:32.623596+00:00,162,18,3437703478,1,6,40,330773037,50050050,255,255,255,255,402869661740.3442
1791120392638630,2026-10-04T13:26:32.638630+00:00,162,18,3437718509,1,6,40,330773037,50050050,255,255,255,255,402869676774.33417
1791120392646417,2026-10-04T13:26:32.646417+00:00,162,83,3437726296,1,6,40,330773037,50050050,255,255,255,255,402869684561.329
1791120392653544,2026-10-04T13:26:32.653544+00:00,162,18,3437733423,1,6,40,330773037,50050050,255,255,255,255,402869691688.3242
1791120392668714,2026-10-04T13:26:32.668714+00:00,162,18,3437748585,1,6,40,330773037,50050050,255,255,255,255,402869706858.31415
1791120392683559,2026-10-04T13:26:32.683559+00:00,162,18,3437763442,1,6,40,330773037,50050050,255,255,255,255,402869721703.30426
1791120392698567,2026-10-04T13:26:32.698567+00:00,162,18,3437778447,1,6,40,330773037,50050050,255,255,255,255,402869736711.29425
1791120392713554,2026-10-04T13:26:32.713554+00:00,162,18,3437793427,1,6,40,330773037,50050050,255,255,255,255,402869751698.28424
1791120392728626,2026-10-04T13:26:32.728626+00:00,162,18,3437808510,1,6,40,330773037,50050050,255,255,255,255,402869766770.27423
1791120392743642,2026-10-04T13:26:32.743642+00:00,162,18,3437823531,1,6,40,330773037,50050050,255,255,255,255,402869781786.2642
1791120392758710,2026-10-04T13:26:32.758710+00:00,162,18,3437838583,1,6,40,330773037,50050050,255,255,255,255,402869796854.25415
1791120392769524,2026-10-04T13:26:32.769524+00:00,162,83,3437849390,1,6,40,330773037,50050050,255,255,255,255,402869807668.24695
1791120392773602,2026-10-04T13:26:32.773602+00:00,162,18,3437853482,1,6,40,330773037,50050050,255,255,255,255,402869811746.24426
1791120392788637,2026-10-04T13:26:32.788637+00:00,162,18,3437868479,1,6,40,330773037,50050050,255,255,255,255,402869826781.23425
1791120392803598,2026-10-04T13:26:32.803598+00:00,162,18,3437883487,1,6,40,330773037,50050050,255,255,255,255,402869841742.2243
1791120392818557,2026-10-04T13:26:32.818557+00:00,162,18,3437898438,1,6,40,330773037,50050050,255,255,255,255,402869856701.2143
1791120392833550,2026-10-04T13:26:32.833550+00:00,162,18,3437913427,1,6,40,330773037,50050050,255,255,255,255,402869871694.20435
1791120392848504,2026-10-04T13:26:32.848504+00:00,162,18,3437928391,1,6,40,330773037,50050050,255,255,255,255,402869886648.1944
1791120392863538,2026-10-04T13:26:32.863538+00:00,162,18,3437943421,1,6,40,330773037,50050050,255,255,255,255,402869901682.1844
1791120392878518,2026-10-04T13:26:32.878518+00:00,162,18,3437958401,1,6,40,330773037,50050050,255,255,255,255,402869916662.1744
1791120392892910,2026-10-04T13:26:32.892910+00:00,162,83,3437972787,1,6,40,330773037,50050050,255,255,255,255,402869931054.1648
1791120392893580,2026-10-04T13:26:32.893580+00:00,162,18,3437973471,1,6,40,330773037,50050050,255,255,255,255,402869931724.16437
1791120392908524,2026-10-04T13:26:32.908524+00:00,162,18,3437988403,1,6,40,330773037,50050050,255,255,255,255,402869946668.1544
1791120392923560,2026-10-04T13:26:32.923560+00:00,162,18,3438003439,1,6,40,330773037,50050050,255,255,255,255,402869961704.1444
1791120392938664,2026-10-04T13:26:32.938664+00:00,162,18,3438018528,1,6,40,330773037,50050050,255,255,255,255,402869976808.13434
1791120392953557,2026-10-04T13:26:32.953557+00:00,162,18,3438033435,1,6,40,330773037,50050050,255,255,255,255,402869991701.1244
1791120392962261,2026-10-04T13:26:32.962261+00:00,162,18,3438042138,1,6,40,330773037,50050050,255,255,255,255,402870000405.1186
1791120392976154,2026-10-04T13:26:32.976154+00:00,162,18,3438056034,1,6,40,330773037,50050050,255,255,255,255,402870014298.1094
1791120392991134,2026-10-04T13:26:32.991134+00:00,162,18,3438071022,1,6,40,330773037,50050050,255,255,255,255,402870029278.09937
1791120393006137,2026-10-04T13:26:33.006137+00:00,162,18,3438086021,1,6,40,330773037,50050050,255,255,255,255,402870044281.0894
1791120393013171,2026-10-04T13:26:33.013171+00:00,162,83,3438093050,1,6,40,330773037,50050050,255,255,255,255,402870051315.0847
1791120393021202,2026-10-04T13:26:33.021202+00:00,162,18,3438101083,1,6,40,330773037,50050050,255,255,255,255,402870059346.07935
1791120393036116,2026-10-04T13:26:33.036116+00:00,162,18,3438116002,1,6,40,330773037,50050050,255,255,255,255,402870074260.0694
1791120393051143,2026-10-04T13:26:33.051143+00:00,162,18,3438131028,1,6,40,330773037,50050050,255,255,255,255,402870089287.0594
1791120393066128,2026-10-04T13:26:33.066128+00:00,162,18,3438146015,1,6,40,330773037,50050050,255,255,255,255,402870104272.04944
1791120393081101,2026-10-04T13:26:33.081101+00:00,162,18,3438160981,1,6,40,330773037,50050050,255,255,255,255,402870119245.0395
1791120393096276,2026-10-04T13:26:33.096276+00:00,162,18,3438176144,1,6,40,330773037,50050050,255,255,255,255,402870134420.02936
1791120393111103,2026-10-04T13:26:33.111103+00:00,162,18,3438190983,1,6,40,330773037,50050050,255,255,255,255,402870149247.0195
1791120393126129,2026-10-04T13:26:33.126129+00:00,162,18,3438206006,1,6,40,330773037,50050050,255,255,255,255,402870164273.00946
1791120393129500,2026-10-04T13:26:33.129500+00:00,162,83,3438209385,1,6,40,330773037,50050050,255,255,255,255,402870167644.0072
1791120393141109,2026-10-04T13:26:33.141109+00:00,162,18,3438221000,1,6,40,330773037,50050050,255,255,255,255,402870179252.9995
1791120393156123,2026-10-04T13:26:33.156123+00:00,162,18,3438236013,1,6,40,330773037,50050050,255,255,255,255,402870194266.9895
1791120393164820,2026-10-04T13:26:33.164820+00:00,162,18,3438244702,1,6,40,330773037,50050050,255,255,255,255,402870202963.9837
1791120393178620,2026-10-04T13:26:33.178620+00:00,162,18,3438258499,1,6,40,330773037,50050050,255,255,255,255,402870216763.9745
1791120393193587,2026-10-04T13:26:33.193587+00:00,162,18,3438273466,1,6,40,330773037,50050050,255,255,255,255,402870231730.96454
1791120393208584,2026-10-04T13:26:33.208584+00:00,162,18,3438288470,1,6,40,330773037,50050050,255,255,255,255,402870246727.9545
1791120393216160,2026-10-04T13:26:33.216160+00:00,162,18,3438296046,1,7,40,333776391,50050050,255,255,255,255,402870254303.9495
1791120393223590,2026-10-04T13:26:33.223590+00:00,162,18,3438303481,1,7,40,333776391,50050050,255,255,255,255,402870261733.9446
1791120393238584,2026-10-04T13:26:33.238584+00:00,162,18,3438318471,1,7,40,333776391,50050050,255,255,255,255,402870276727.9346
1791120393244667,2026-10-04T13:26:33.244667+00:00,162,83,3438324545,1,7,40,333776391,50050050,255,255,255,255,402870282810.93054
1791120393253521,2026-10-04T13:26:33.253521+00:00,162,18,3438333406,1,7,40,333776391,50050050,255,255,255,255,402870291664.9246
1791120393268555,2026-10-04T13:26:33.268555+00:00,162,18,3438348439,1,7,40,333776391,50050050,255,255,255,255,402870306698.9146
1791120393283568,2026-10-04T13:26:33.283568+00:00,162,18,3438363448,1,7,40,333776391,50050050,255,255,255,255,402870321711.9046
1791120393298575,2026-10-04T13:26:33.298575+00:00,162,18,3438378460,1,7,40,333776391,50050050,255,255,255,255,402870336718.8946
1791120393313581,2026-10-04T13:26:33.313581+00:00,162,18,3438393470,1,7,40,333776391,50050050,255,255,255,255,402870351724.88464
1791120393328556,2026-10-04T13:26:33.328556+00:00,162,18,3438408432,1,7,40,333776391,50050050,255,255,255,255,402870366699.87463
1791120393343623,2026-10-04T13:26:33.343623+00:00,162,18,3438423510,1,7,40,333776391,50050050,255,255,255,255,402870381766.8646
1791120393356209,2026-10-04T13:26:33.356209+00:00,162,83,3438436098,1,7,40,333776391,50050050,255,255,255,255,402870394352.85626
1791120393358526,2026-10-04T13:26:33.358526+00:00,162,18,3438438418,1,7,40,333776391,50050050,255,255,255,255,402870396669.8547
1791120393373616,2026-10-04T13:26:33.373616+00:00,162,18,3438453504,1,7,40,333776391,50050050,255,255,255,255,402870411759.84467
1791120393388571,2026-10-04T13:26:33.388571+00:00,162,18,3438468452,1,7,40,333776391,50050050,255,255,255,255,402870426714.83466
1791120393403574,2026-10-04T13:26:33.403574+00:00,162,18,3438483458,1,7,40,333776391,50050050,255,255,255,255,402870441717.8247
1791120393418576,2026-10-04T13:26:33.418576+00:00,162,18,3438498461,1,7,40,333776391,50050050,255,255,255,255,402870456719.8147
1791120393433582,2026-10-04T13:26:33.433582+00:00,162,18,3438513473,1,7,40,333776391,50050050,255,255,255,255,402870471725.8047
1791120393448568,2026-10-04T13:26:33.448568+00:00,162,18,3438528459,1,7,40,333776391,50050050,255,255,255,255,402870486711.79474
1791120393463534,2026-10-04T13:26:33.463534+00:00,162,18,3438543406,1,7,40,333776391,50050050,255,255,255,255,402870501677.7847
1791120393466518,2026-10-04T13:26:33.466518+00:00,162,83,3438546412,1,7,40,333776391,50050050,255,255,255,255,402870504661.7828
1791120393478594,2026-10-04T13:26:33.478594+00:00,162,18,3438558479,1,7,40,333776391,50050050,255,255,255,255,402870516737.7747
1791120393493567,2026-10-04T13:26:33.493567+00:00,162,18,3438573456,1,7,40,333776391,50050050,255,255,255,255,402870531710.7648
1791120393508599,2026-10-04T13:26:33.508599+00:00,162,18,3438588487,1,7,40,333776391,50050050,255,255,255,255,402870546742.75476
1791120393523513,2026-10-04T13:26:33.523513+00:00,162,18,3438603402,1,7,40,333776391,50050050,255,255,255,255,402870561656.7448
1791120393538557,2026-10-04T13:26:33.538557+00:00,162,18,3438618447,1,7,40,333776391,50050050,255,255,255,255,402870576700.7348
1791120393553538,2026-10-04T13:26:33.553538+00:00,162,18,3438633425,1,7,40,333776391,50050050,255,255,255,255,402870591681.7248
1791120393568569,2026-10-04T13:26:33.568569+00:00,162,18,3438648453,1,7,40,333776391,50050050,255,255,255,255,402870606712.7148
1791120393582273,2026-10-04T13:26:33.582273+00:00,162,83,3438662152,1,7,40,333776391,50050050,255,255,255,255,402870620416.7057
1791120393583554,2026-10-04T13:26:33.583554+00:00,162,18,3438663433,1,7,40,333776391,50050050,255,255,255,255,402870621697.70483
1791120393598556,2026-10-04T13:26:33.598556+00:00,162,18,3438678436,1,7,40,333776391,50050050,255,255,255,255,402870636699.6948
1791120393613575,2026-10-04T13:26:33.613575+00:00,162,18,3438693463,1,7,40,333776391,50050050,255,255,255,255,402870651718.6848
1791120393628566,2026-10-04T13:26:33.628566+00:00,162,18,3438708450,1,7,40,333776391,50050050,255,255,255,255,402870666709.67487
1791120393643572,2026-10-04T13:26:33.643572+00:00,162,18,3438723461,1,7,40,333776391,50050050,255,255,255,255,402870681715.66486
1791120393658645,2026-10-04T13:26:33.658645+00:00,162,18,3438738537,1,7,40,333776391,50050050,255,255,255,255,402870696788.6548
1791120393674564,2026-10-04T13:26:33.674564+00:00,162,18,3438754457,1,7,40,333776391,50050050,255,255,255,255,402870712707.6442
1791120393688550,2026-10-04T13:26:33.688550+00:00,162,18,3438768441,1,7,40,333776391,50050050,255,255,255,255,402870726693.6349
1791120393693620,2026-10-04T13:26:33.693620+00:00,162,83,3438773511,1,7,40,333776391,50050050,255,255,255,255,402870731763.63153
1791120393703538,2026-10-04T13:26:33.703538+00:00,162,18,3438783429,1,7,40,333776391,50050050,255,255,255,255,402870741681.6249
1791120393718578,2026-10-04T13:26:33.718578+00:00,162,18,3438798461,1,7,40,333776391,50050050,255,255,255,255,402870756721.61487
1791120393733604,2026-10-04T13:26:33.733604+00:00,162,18,3438813493,1,7,40,333776391,50050050,255,255,255,255,402870771747.60486
1791120393748598,2026-10-04T13:26:33.748598+00:00,162,18,3438828480,1,7,40,333776391,50050050,255,255,255,255,402870786741.5949
1791120393763517,2026-10-04T13:26:33.763517+00:00,162,18,3438843406,1,7,40,333776391,50050050,255,255,255,255,402870801660.58496
1791120393778576,2026-10-04T13:26:33.778576+00:00,162,18,3438858456,1,7,40,333776391,50050050,255,255,255,255,402870816719.57495
1791120393793652,2026-10-04T13:26:33.793652+00:00,162,18,3438873539,1,7,40,333776391,50050050,255,255,255,255,402870831795.5649
1791120393800975,2026-10-04T13:26:33.800975+00:00,162,83,3438880847,1,7,40,333776391,50050050,255,255,255,255,402870839118.56
1791120393808528,2026-10-04T13:26:33.808528+00:00,162,18,3438888423,1,7,40,333776391,50050050,255,255,255,255,402870846671.555
1791120393823516,2026-10-04T13:26:33.823516+00:00,162,18,3438903408,1,7,40,333776391,50050050,255,255,255,255,402870861659.545
1791120393838546,2026-10-04T13:26:33.838546+00:00,162,18,3438918407,1,7,40,333776391,50050050,255,255,255,255,402870876689.535
1791120393853552,2026-10-04T13:26:33.853552+00:00,162,18,3438933438,1,7,40,333776391,50050050,255,255,255,255,402870891695.52496
1791120393868564,2026-10-04T13:26:33.868564+00:00,162,18,3438948458,1,7,40,333776391,50050050,255,255,255,255,402870906707.515
1791120393883557,2026-10-04T13:26:33.883557+00:00,162,18,3438963442,1,7,40,333776391,50050050,255,255,255,255,402870921700.505
1791120393898517,2026-10-04T13:26:33.898517+00:00,162,18,3438978411,1,7,40,333776391,50050050,255,255,255,255,402870936660.49506
1791120393911022,2026-10-04T13:26:33.911022+00:00,162,83,3438990903,1,7,40,333776391,50050050,255,255,255,255,402870949165.4867
1791120393913475,2026-10-04T13:26:33.913475+00:00,162,18,3438993366,1,7,40,333776391,50050050,255,255,255,255,402870951618.4851
1791120393928496,2026-10-04T13:26:33.928496+00:00,162,18,3439008376,1,7,40,333776391,50050050,255,255,255,255,402870966639.4751
1791120393943534,2026-10-04T13:26:33.943534+00:00,162,18,3439023411,1,7,40,333776391,50050050,255,255,255,255,402870981677.4651
1791120393958508,2026-10-04T13:26:33.958508+00:00,162,18,3439038390,1,7,40,333776391,50050050,255,255,255,255,402870996651.4551
1791120393973550,2026-10-04T13:26:33.973550+00:00,162,18,3439053419,1,7,40,333776391,50050050,255,255,255,255,402871011693.44507
1791120393988567,2026-10-04T13:26:33.988567+00:00,162,18,3439068449,1,7,40,333776391,50050050,255,255,255,255,402871026710.43506
1791120394003558,2026-10-04T13:26:34.003558+00:00,162,18,3439083434,1,7,40,333776391,50050050,255,255,255,255,402871041701.4251
1791120394018569,2026-10-04T13:26:34.018569+00:00,162,18,3439098449,1,7,40,333776391,50050050,255,255,255,255,402871056712.4151
1791120394022363,2026-10-04T13:26:34.022363+00:00,162,83,3439102253,1,7,40,333776391,50050050,255,255,255,255,402871060506.41254
1791120394033528,2026-10-04T13:26:34.033528+00:00,162,18,3439113419,1,7,40,333776391,50050050,255,255,255,255,402871071671.40515
1791120394048610,2026-10-04T13:26:34.048610+00:00,162,18,3439128485,1,7,40,333776391,50050050,255,255,255,255,402871086753.3951
1791120394063615,2026-10-04T13:26:34.063615+00:00,162,18,3439143484,1,7,40,333776391,50050050,255,255,255,255,402871101758.3851
1791120394078509,2026-10-04T13:26:34.078509+00:00,162,18,3439158393,1,7,40,333776391,50050050,255,255,255,255,402871116652.3752
1791120394093519,2026-10-04T13:26:34.093519+00:00,162,18,3439173407,1,7,40,333776391,50050050,255,255,255,255,402871131662.3652
1791120394108543,2026-10-04T13:26:34.108543+00:00,162,18,3439188425,1,7,40,333776391,50050050,255,255,255,255,402871146686.35516
1791120394123512,2026-10-04T13:26:34.123512+00:00,162,18,3439203403,1,7,40,333776391,50050050,255,255,255,255,402871161655.3452
1791120394133936,2026-10-04T13:26:34.133936+00:00,162,83,3439213818,1,7,40,333776391,50050050,255,255,255,255,402871172079.33826
1791120394138492,2026-10-04T13:26:34.138492+00:00,162,18,3439218384,1,7,40,333776391,50050050,255,255,255,255,402871176635.3352
1791120394153527,2026-10-04T13:26:34.153527+00:00,162,18,3439233412,1,7,40,333776391,50050050,255,255,255,255,402871191670.3252
1791120394168520,2026-10-04T13:26:34.168520+00:00,162,18,3439248408,1,7,40,333776391,50050050,255,255,255,255,402871206663.3152
1791120394183649,2026-10-04T13:26:34.183649+00:00,162,18,3439263539,1,7,40,333776391,50050050,255,255,255,255,402871221792.3051
1791120394198527,2026-10-04T13:26:34.198527+00:00,162,18,3439278417,1,7,40,333776391,50050050,255,255,255,255,402871236670.2952
1791120394213485,2026-10-04T13:26:34.213485+00:00,162,18,3439293373,1,7,40,333776391,50050050,255,255,255,255,402871251628.2853
1791120394221056,2026-10-04T13:26:34.221056+00:00,162,18,3439300950,1,8,40,336779523,50050050,255,255,255,255,402871259199.2802
1791120394228520,2026-10-04T13:26:34.228520+00:00,162,18,3439308409,1,8,40,336779523,50050050,255,255,255,255,402871266663.27527
1791120394241721,2026-10-04T13:26:34.241721+00:00,162,83,3439321611,1,8,40,336779523,50050050,255,255,255,255,402871279864.2665
1791120394243506,2026-10-04T13:26:34.243506+00:00,162,18,3439323403,1,8,40,336779523,50050050,255,255,255,255,402871281649.26526
1791120394258536,2026-10-04T13:26:34.258536+00:00,162,18,3439338424,1,8,40,336779523,50050050,255,255,255,255,402871296679.25525
1791120394273547,2026-10-04T13:26:34.273547+00:00,162,18,3439353435,1,8,40,336779523,50050050,255,255,255,255,402871311690.24524
1791120394288547,2026-10-04T13:26:34.288547+00:00,162,18,3439368431,1,8,40,336779523,50050050,255,255,255,255,402871326690.2353
1791120394303566,2026-10-04T13:26:34.303566+00:00,162,18,3439383445,1,8,40,336779523,50050050,255,255,255,255,402871341709.2253
1791120394318516,2026-10-04T13:26:34.318516+00:00,162,18,3439398407,1,8,40,336779523,50050050,255,255,255,255,402871356659.21533
1791120394333548,2026-10-04T13:26:34.333548+00:00,162,18,3439413440,1,8,40,336779523,50050050,255,255,255,255,402871371691.2053
1791120394348489,2026-10-04T13:26:34.348489+00:00,162,18,3439428371,1,8,40,336779523,50050050,255,255,255,255,402871386632.1954
1791120394350950,2026-10-04T13:26:34.350950+00:00,162,83,3439430829,1,8,40,336779523,50050050,255,255,255,255,402871389093.1937
1791120394363574,2026-10-04T13:26:34.363574+00:00,162,18,3439443459,1,8,40,336779523,50050050,255,255,255,255,402871401717.1853
1791120394378581,2026-10-04T13:26:34.378581+00:00,162,18,3439458461,1,8,40,336779523,50050050,255,255,255,255,402871416724.1753
1791120394393554,2026-10-04T13:26:34.393554+00:00,162,18,3439473430,1,8,40,336779523,50050050,255,255,255,255,402871431697.16534
1791120394408481,2026-10-04T13:26:34.408481+00:00,162,18,3439488370,1,8,40,336779523,50050050,255,255,255,255,402871446624.1554
1791120394423545,2026-10-04T13:26:34.423545+00:00,162,18,3439503433,1,8,40,336779523,50050050,255,255,255,255,402871461688.1454
1791120394438490,2026-10-04T13:26:34.438490+00:00,162,18,3439518382,1,8,40,336779523,50050050,255,255,255,255,402871476633.13544
1791120394453526,2026-10-04T13:26:34.453526+00:00,162,18,3439533415,1,8,40,336779523,50050050,255,255,255,255,402871491669.12537
1791120394468504,2026-10-04T13:26:34.468504+00:00,162,18,3439548391,1,8,40,336779523,50050050,255,255,255,255,402871506647.1154
1791120394472127,2026-10-04T13:26:34.472127+00:00,162,83,3439552022,1,8,40,336779523,50050050,255,255,255,255,402871510270.11304
1791120394483510,2026-10-04T13:26:34.483510+00:00,162,18,3439563400,1,8,40,336779523,50050050,255,255,255,255,402871521653.1054
1791120394498543,2026-10-04T13:26:34.498543+00:00,162,18,3439578438,1,8,40,336779523,50050050,255,255,255,255,402871536686.0954
1791120394514692,2026-10-04T13:26:34.514692+00:00,162,18,3439594573,1,8,40,336779523,50050050,255,255,255,255,402871552835.08466
1791120394528488,2026-10-04T13:26:34.528488+00:00,162,18,3439608377,1,8,40,336779523,50050050,255,255,255,255,402871566631.07544
1791120394543561,2026-10-04T13:26:34.543561+00:00,162,18,3439623448,1,8,40,336779523,50050050,255,255,255,255,402871581704.0654
1791120394558522,2026-10-04T13:26:34.558522+00:00,162,18,3439638417,1,8,40,336779523,50050050,255,255,255,255,402871596665.0555
1791120394573540,2026-10-04T13:26:34.573540+00:00,162,18,3439653423,1,8,40,336779523,50050050,255,255,255,255,402871611683.0455
1791120394577194,2026-10-04T13:26:34.577194+00:00,162,83,3439657088,1,8,40,336779523,50050050,255,255,255,255,402871615337.043
1791120394588560,2026-10-04T13:26:34.588560+00:00,162,18,3439668422,1,8,40,336779523,50050050,255,255,255,255,402871626703.03546
1791120394603534,2026-10-04T13:26:34.603534+00:00,162,18,3439683425,1,8,40,336779523,50050050,255,255,255,255,402871641677.0255
1791120394618534,2026-10-04T13:26:34.618534+00:00,162,18,3439698424,1,8,40,336779523,50050050,255,255,255,255,402871656677.0155
1791120394633516,2026-10-04T13:26:34.633516+00:00,162,18,3439713397,1,8,40,336779523,50050050,255,255,255,255,402871671659.0055
1791120394648517,2026-10-04T13:26:34.648517+00:00,162,18,3439728408,1,8,40,336779523,50050050,255,255,255,255,402871686659.99554
1791120394663513,2026-10-04T13:26:34.663513+00:00,162,18,3439743392,1,8,40,336779523,50050050,255,255,255,255,402871701655.98553
1791120394678488,2026-10-04T13:26:34.678488+00:00,162,18,3439758376,1,8,40,336779523,50050050,255,255,255,255,402871716630.9756
1791120394687771,2026-10-04T13:26:34.687771+00:00,162,83,3439767649,1,8,40,336779523,50050050,255,255,255,255,402871725913.96936
1791120394693685,2026-10-04T13:26:34.693685+00:00,162,18,3439773557,1,8,40,336779523,50050050,255,255,255,255,402871731827.96545
1791120394708511,2026-10-04T13:26:34.708511+00:00,162,18,3439788402,1,8,40,336779523,50050050,255,255,255,255,402871746653.95557
1791120394723554,2026-10-04T13:26:34.723554+00:00,162,18,3439803440,1,8,40,336779523,50050050,255,255,255,255,402871761696.94556
1791120394738513,2026-10-04T13:26:34.738513+00:00,162,18,3439818398,1,8,40,336779523,50050050,255,255,255,255,402871776655.9356
1791120394753547,2026-10-04T13:26:34.753547+00:00,162,18,3439833428,1,8,40,336779523,50050050,255,255,255,255,402871791689.9256
1791120394768522,2026-10-04T13:26:34.768522+00:00,162,18,3439848409,1,8,40,336779523,50050050,255,255,255,255,402871806664.9156
1791120394783530,2026-10-04T13:26:34.783530+00:00,162,18,3439863422,1,8,40,336779523,50050050,255,255,255,255,402871821672.9056
1791120394795948,2026-10-04T13:26:34.795948+00:00,162,83,3439875828,1,8,40,336779523,50050050,255,255,255,255,402871834090.89734
1791120394799644,2026-10-04T13:26:34.799644+00:00,162,18,3439879535,1,8,40,336779523,50050050,255,255,255,255,402871837786.8949
1791120394813474,2026-10-04T13:26:34.813474+00:00,162,18,3439893354,1,8,40,336779523,50050050,255,255,255,255,402871851616.8857
1791120394828519,2026-10-04T13:26:34.828519+00:00,162,18,3439908399,1,8,40,336779523,50050050,255,255,255,255,402871866661.8757
1791120394843554,2026-10-04T13:26:34.843554+00:00,162,18,3439923418,1,8,40,336779523,50050050,255,255,255,255,402871881696.8656
1791120394858563,2026-10-04T13:26:34.858563+00:00,162,18,3439938450,1,8,40,336779523,50050050,255,255,255,255,402871896705.85565
1791120394873461,2026-10-04T13:26:34.873461+00:00,162,18,3439953350,1,8,40,336779523,50050050,255,255,255,255,402871911603.8457
1791120394888588,2026-10-04T13:26:34.888588+00:00,162,18,3439968431,1,8,40,336779523,50050050,255,255,255,255,402871926730.83563
1791120394903530,2026-10-04T13:26:34.903530+00:00,162,18,3439983420,1,8,40,336779523,50050050,255,255,255,255,402871941672.8257
1791120394918518,2026-10-04T13:26:34.918518+00:00,162,18,3439998406,1,8,40,336779523,50050050,255,255,255,255,402871956660.8157
1791120394933535,2026-10-04T13:26:34.933535+00:00,162,18,3440013422,1,8,40,336779523,50050050,255,255,255,255,402871971677.8057
1791120394948489,2026-10-04T13:26:34.948489+00:00,162,18,3440028371,1,8,40,336779523,50050050,255,255,255,255,402871986631.7957
1791120394963548,2026-10-04T13:26:34.963548+00:00,162,18,3440043431,1,8,40,336779523,50050050,255,255,255,255,402872001690.7857
1791120394978582,2026-10-04T13:26:34.978582+00:00,162,18,3440058437,1,8,40,336779523,50050050,255,255,255,255,402872016724.7757
1791120394983797,2026-10-04T13:26:34.983797+00:00,162,83,3440063680,1,8,40,336779523,50050050,255,255,255,255,402872021939.7722
1791120394993593,2026-10-04T13:26:34.993593+00:00,162,18,3440073484,1,8,40,336779523,50050050,255,255,255,255,402872031735.7657
1791120395008548,2026-10-04T13:26:35.008548+00:00,162,18,3440088433,1,8,40,336779523,50050050,255,255,255,255,402872046690.75574
1791120395023565,2026-10-04T13:26:35.023565+00:00,162,18,3440103441,1,8,40,336779523,50050050,255,255,255,255,402872061707.7457
1791120395038527,2026-10-04T13:26:35.038527+00:00,162,18,3440118410,1,8,40,336779523,50050050,255,255,255,255,402872076669.7358
1791120395053584,2026-10-04T13:26:35.053584+00:00,162,18,3440133464,1,8,40,336779523,50050050,255,255,255,255,402872091726.72577
1791120395068503,2026-10-04T13:26:35.068503+00:00,162,18,3440148381,1,8,40,336779523,50050050,255,255,255,255,402872106645.7158
1791120395083606,2026-10-04T13:26:35.083606+00:00,162,18,3440163485,1,8,40,336779523,50050050,255,255,255,255,402872121748.70575
1791120395098730,2026-10-04T13:26:35.098730+00:00,162,18,3440178595,1,8,40,336779523,50050050,255,255,255,255,402872136872.6957
1791120395099787,2026-10-04T13:26:35.099787+00:00,162,83,3440179658,1,8,40,336779523,50050050,255,255,255,255,402872137929.69495
1791120395113500,2026-10-04T13:26:35.113500+00:00,162,18,3440193380,1,8,40,336779523,50050050,255,255,255,255,402872151642.68585
1791120395128604,2026-10-04T13:26:35.128604+00:00,162,18,3440208481,1,8,40,336779523,50050050,255,255,255,255,402872166746.6758
1791120395143513,2026-10-04T13:26:35.143513+00:00,162,18,3440223388,1,8,40,336779523,50050050,255,255,255,255,402872181655.66583
1791120395158558,2026-10-04T13:26:35.158558+00:00,162,18,3440238436,1,8,40,336779523,50050050,255,255,255,255,402872196700.6558
1791120395173534,2026-10-04T13:26:35.173534+00:00,162,18,3440253412,1,8,40,336779523,50050050,255,255,255,255,402872211676.6459
1791120395188569,2026-10-04T13:26:35.188569+00:00,162,18,3440268414,1,8,40,336779523,50050050,255,255,255,255,402872226711.63586
1791120395203548,2026-10-04T13:26:35.203548+00:00,162,18,3440283432,1,8,40,336779523,50050050,255,255,255,255,402872241690.62585
1791120395218612,2026-10-04T13:26:35.218612+00:00,162,18,3440298480,1,8,40,336779523,50050050,255,255,255,255,402872256754.61584
1791120395222190,2026-10-04T13:26:35.222190+00:00,162,83,3440302081,1,9,40,339782721,50050050,255,255,255,255,402872260332.61346
1791120395226111,2026-10-04T13:26:35.226111+00:00,162,18,3440306000,1,9,40,339782721,50050050,255,255,255,255,402872264253.61084
1791120395233540,2026-10-04T13:26:35.233540+00:00,162,18,3440313426,1,9,40,339782721,50050050,255,255,255,255,402872271682.6059
1791120395248578,2026-10-04T13:26:35.248578+00:00,162,18,3440328461,1,9,40,339782721,50050050,255,255,255,255,402872286720.5959
1791120395263618,2026-10-04T13:26:35.263618+00:00,162,18,3440343498,1,9,40,339782721,50050050,255,255,255,255,402872301760.5859
1791120395278642,2026-10-04T13:26:35.278642+00:00,162,18,3440358520,1,9,40,339782721,50050050,255,255,255,255,402872316784.57587
1791120395293543,2026-10-04T13:26:35.293543+00:00,162,18,3440373429,1,9,40,339782721,50050050,255,255,255,255,402872331685.5659
1791120395308572,2026-10-04T13:26:35.308572+00:00,162,18,3440388452,1,9,40,339782721,50050050,255,255,255,255,402872346714.5559
1791120395323541,2026-10-04T13:26:35.323541+00:00,162,18,3440403431,1,9,40,339782721,50050050,255,255,255,255,402872361683.54596
1791120395338568,2026-10-04T13:26:35.338568+00:00,162,18,3440418446,1,9,40,339782721,50050050,255,255,255,255,402872376710.53595
1791120395338950,2026-10-04T13:26:35.338950+00:00,162,83,3440418843,1,9,40,339782721,50050050,255,255,255,255,402872377092.5357
1791120395353493,2026-10-04T13:26:35.353493+00:00,162,18,3440433378,1,9,40,339782721,50050050,255,255,255,255,402872391635.526
1791120395368653,2026-10-04T13:26:35.368653+00:00,162,18,3440448540,1,9,40,339782721,50050050,255,255,255,255,402872406795.5159
1791120395383491,2026-10-04T13:26:35.383491+00:00,162,18,3440463371,1,9,40,339782721,50050050,255,255,255,255,402872421633.50604
1791120395398582,2026-10-04T13:26:35.398582+00:00,162,18,3440478460,1,9,40,339782721,50050050,255,255,255,255,402872436724.496
1791120395413499,2026-10-04T13:26:35.413499+00:00,162,18,3440493377,1,9,40,339782721,50050050,255,255,255,255,402872451641.486
1791120395428654,2026-10-04T13:26:35.428654+00:00,162,18,3440508536,1,9,40,339782721,50050050,255,255,255,255,402872466796.47595
1791120395443533,2026-10-04T13:26:35.443533+00:00,162,18,3440523404,1,9,40,339782721,50050050,255,255,255,255,402872481675.466
1791120395458257,2026-10-04T13:26:35.458257+00:00,162,83,3440538131,1,9,40,339782721,50050050,255,255,255,255,402872496399.45624
1791120395458535,2026-10-04T13:26:35.458535+00:00,162,18,3440538426,1,9,40,339782721,50050050,255,255,255,255,402872496677.45605
1791120395473528,2026-10-04T13:26:35.473528+00:00,162,18,3440553412,1,9,40,339782721,50050050,255,255,255,255,402872511670.44604
1791120395488584,2026-10-04T13:26:35.488584+00:00,162,18,3440568473,1,9,40,339782721,50050050,255,255,255,255,402872526726.43604
1791120395503557,2026-10-04T13:26:35.503557+00:00,162,18,3440583428,1,9,40,339782721,50050050,255,255,255,255,402872541699.426
1791120395518549,2026-10-04T13:26:35.518549+00:00,162,18,3440598435,1,9,40,339782721,50050050,255,255,255,255,402872556691.4161
1791120395533505,2026-10-04T13:26:35.533505+00:00,162,18,3440613387,1,9,40,339782721,50050050,255,255,255,255,402872571647.4061
1791120395548565,2026-10-04T13:26:35.548565+00:00,162,18,3440628442,1,9,40,339782721,50050050,255,255,255,255,402872586707.39606
1791120395563506,2026-10-04T13:26:35.563506+00:00,162,18,3440643385,1,9,40,339782721,50050050,255,255,255,255,402872601648.3861
1791120395578587,2026-10-04T13:26:35.578587+00:00,162,18,3440658454,1,9,40,339782721,50050050,255,255,255,255,402872616729.3761
1791120395582027,2026-10-04T13:26:35.582027+00:00,162,83,3440661897,1,9,40,339782721,50050050,255,255,255,255,402872620169.3738
1791120395593556,2026-10-04T13:26:35.593556+00:00,162,18,3440673432,1,9,40,339782721,50050050,255,255,255,255,402872631698.3661
1791120395608693,2026-10-04T13:26:35.608693+00:00,162,18,3440688572,1,9,40,339782721,50050050,255,255,255,255,402872646835.356
1791120395623504,2026-10-04T13:26:35.623504+00:00,162,18,3440703381,1,9,40,339782721,50050050,255,255,255,255,402872661646.3462
1791120395638549,2026-10-04T13:26:35.638549+00:00,162,18,3440718427,1,9,40,339782721,50050050,255,255,255,255,402872676691.3361
1791120395653493,2026-10-04T13:26:35.653493+00:00,162,18,3440733371,1,9,40,339782721,50050050,255,255,255,255,402872691635.3262
1791120395668594,2026-10-04T13:26:35.668594+00:00,162,18,3440748467,1,9,40,339782721,50050050,255,255,255,255,402872706736.31616
1791120395683562,2026-10-04T13:26:35.683562+00:00,162,18,3440763437,1,9,40,339782721,50050050,255,255,255,255,402872721704.30615
1791120395698569,2026-10-04T13:26:35.698569+00:00,162,18,3440778443,1,9,40,339782721,50050050,255,255,255,255,402872736711.29614
1791120395700308,2026-10-04T13:26:35.700308+00:00,162,83,3440780181,1,9,40,339782721,50050050,255,255,255,255,402872738450.295
1791120395713739,2026-10-04T13:26:35.713739+00:00,162,18,3440793614,1,9,40,339782721,50050050,255,255,255,255,402872751881.2861
1791120395728620,2026-10-04T13:26:35.728620+00:00,162,18,3440808488,1,9,40,339782721,50050050,255,255,255,255,402872766762.2762
1791120395743518,2026-10-04T13:26:35.743518+00:00,162,18,3440823391,1,9,40,339782721,50050050,255,255,255,255,402872781660.26624
1791120395758621,2026-10-04T13:26:35.758621+00:00,162,18,3440838488,1,9,40,339782721,50050050,255,255,255,255,402872796763.25616
1791120395773505,2026-10-04T13:26:35.773505+00:00,162,18,3440853379,1,9,40,339782721,50050050,255,255,255,255,402872811647.2463
1791120395788623,2026-10-04T13:26:35.788623+00:00,162,18,3440868486,1,9,40,339782721,50050050,255,255,255,255,402872826765.2362
1791120395801234,2026-10-04T13:26:35.801234+00:00,162,83,3440881075,1,9,40,339782721,50050050,255,255,255,255,402872839376.2278
1791120395803582,2026-10-04T13:26:35.803582+00:00,162,18,3440883452,1,9,40,339782721,50050050,255,255,255,255,402872841724.22626
1791120395818639,2026-10-04T13:26:35.818639+00:00,162,18,3440898502,1,9,40,339782721,50050050,255,255,255,255,402872856781.2162
1791120395833524,2026-10-04T13:26:35.833524+00:00,162,18,3440913393,1,9,40,339782721,50050050,255,255,255,255,402872871666.2063
1791120395848549,2026-10-04T13:26:35.848549+00:00,162,18,3440928424,1,9,40,339782721,50050050,255,255,255,255,402872886691.1963
1791120395863778,2026-10-04T13:26:35.863778+00:00,162,18,3440943643,1,9,40,339782721,50050050,255,255,255,255,402872901920.18616
1791120395878614,2026-10-04T13:26:35.878614+00:00,162,18,3440958482,1,9,40,339782721,50050050,255,255,255,255,402872916756.1763
1791120395893569,2026-10-04T13:26:35.893569+00:00,162,18,3440973433,1,9,40,339782721,50050050,255,255,255,255,402872931711.1663
1791120395908591,2026-10-04T13:26:35.908591+00:00,162,18,3440988462,1,9,40,339782721,50050050,255,255,255,255,402872946733.1563
1791120395923539,2026-10-04T13:26:35.923539+00:00,162,18,3441003418,1,9,40,339782721,50050050,255,255,255,255,402872961681.14636
1791120395929872,2026-10-04T13:26:35.929872+00:00,162,83,3441009721,1,9,40,339782721,50050050,255,255,255,255,402872968014.1421
1791120395938634,2026-10-04T13:26:35.938634+00:00,162,18,3441018511,1,9,40,339782721,50050050,255,255,255,255,402872976776.1363
1791120395953545,2026-10-04T13:26:35.953545+00:00,162,18,3441033420,1,9,40,339782721,50050050,255,255,255,255,402872991687.12634
1791120395968679,2026-10-04T13:26:35.968679+00:00,162,18,3441048545,1,9,40,339782721,50050050,255,255,255,255,402873006821.1163
1791120395983588,2026-10-04T13:26:35.983588+00:00,162,18,3441063425,1,9,40,339782721,50050050,255,255,255,255,402873021730.1063
1791120395998630,2026-10-04T13:26:35.998630+00:00,162,18,3441078504,1,9,40,339782721,50050050,255,255,255,255,402873036772.0963
1791120396013937,2026-10-04T13:26:36.013937+00:00,162,18,3441093807,1,9,40,339782721,50050050,255,255,255,255,402873052079.0861
1791120396028605,2026-10-04T13:26:36.028605+00:00,162,18,3441108470,1,9,40,339782721,50050050,255,255,255,255,402873066747.07635
1791120396043605,2026-10-04T13:26:36.043605+00:00,162,18,3441123418,1,9,40,339782721,50050050,255,255,255,255,402873081747.06635
1791120396044297,2026-10-04T13:26:36.044297+00:00,162,83,3441124184,1,9,40,339782721,50050050,255,255,255,255,402873082439.0659
1791120396058587,2026-10-04T13:26:36.058587+00:00,162,18,3441138453,1,9,40,339782721,50050050,255,255,255,255,402873096729.0564
1791120396073556,2026-10-04T13:26:36.073556+00:00,162,18,3441153425,1,9,40,339782721,50050050,255,255,255,255,402873111698.04645
1791120396088677,2026-10-04T13:26:36.088677+00:00,162,18,3441168549,1,9,40,339782721,50050050,255,255,255,255,402873126819.0364
1791120396103614,2026-10-04T13:26:36.103614+00:00,162,18,3441183427,1,9,40,339782721,50050050,255,255,255,255,402873141756.0264
1791120396119737,2026-10-04T13:26:36.119737+00:00,162,18,3441199601,1,9,40,339782721,50050050,255,255,255,255,402873157879.0157
1791120396133546,2026-10-04T13:26:36.133546+00:00,162,18,3441213415,1,9,40,339782721,50050050,255,255,255,255,402873171688.0065
1791120396148671,2026-10-04T13:26:36.148671+00:00,162,18,3441228531,1,9,40,339782721,50050050,255,255,255,255,402873186812.9964
1791120396151418,2026-10-04T13:26:36.151418+00:00,162,83,3441231291,1,9,40,339782721,50050050,255,255,255,255,402873189559.99457
1791120396163542,2026-10-04T13:26:36.163542+00:00,162,18,3441243408,1,9,40,339782721,50050050,255,255,255,255,402873201683.9865
1791120396178608,2026-10-04T13:26:36.178608+00:00,162,18,3441258472,1,9,40,339782721,50050050,255,255,255,255,402873216749.97644
1791120396193607,2026-10-04T13:26:36.193607+00:00,162,18,3441273474,1,9,40,339782721,50050050,255,255,255,255,402873231748.9665
1791120396208624,2026-10-04T13:26:36.208624+00:00,162,18,3441288483,1,9,40,339782721,50050050,255,255,255,255,402873246765.9565
1791120396223564,2026-10-04T13:26:36.223564+00:00,162,18,3441303429,1,10,40,342785871,50050050,255,255,255,255,402873261705.94653
1791120396231043,2026-10-04T13:26:36.231043+00:00,162,18,3441310911,1,10,40,342785871,50050050,255,255,255,255,402873269184.9415
1791120396238620,2026-10-04T13:26:36.238620+00:00,162,18,3441318483,1,10,40,342785871,50050050,255,255,255,255,402873276761.93646
1791120396253531,2026-10-04T13:26:36.253531+00:00,162,18,3441333401,1,10,40,342785871,50050050,255,255,255,255,402873291672.9266
1791120396268599,2026-10-04T13:26:36.268599+00:00,162,18,3441348457,1,10,40,342785871,50050050,255,255,255,255,402873306740.9165
1791120396280103,2026-10-04T13:26:36.280103+00:00,162,83,3441359949,1,10,40,342785871,50050050,255,255,255,255,402873318244.9089
1791120396283521,2026-10-04T13:26:36.283521+00:00,162,18,3441363392,1,10,40,342785871,50050050,255,255,255,255,402873321662.90656
1791120396298623,2026-10-04T13:26:36.298623+00:00,162,18,3441378440,1,10,40,342785871,50050050,255,255,255,255,402873336764.89655
1791120396313676,2026-10-04T13:26:36.313676+00:00,162,18,3441393536,1,10,40,342785871,50050050,255,255,255,255,402873351817.8865
1791120396328628,2026-10-04T13:26:36.328628+00:00,162,18,3441408488,1,10,40,342785871,50050050,255,255,255,255,402873366769.8765
1791120396344680,2026-10-04T13:26:36.344680+00:00,162,18,3441424555,1,10,40,342785871,50050050,255,255,255,255,402873382821.86584
1791120396359757,2026-10-04T13:26:36.359757+00:00,162,18,3441439622,1,10,40,342785871,50050050,255,255,255,255,402873397898.8558
1791120396373852,2026-10-04T13:26:36.373852+00:00,162,18,3441453685,1,10,40,342785871,50050050,255,255,255,255,402873411993.84644
1791120396388639,2026-10-04T13:26:36.388639+00:00,162,18,3441468500,1,10,40,342785871,50050050,255,255,255,255,402873426780.83655
1791120396403604,2026-10-04T13:26:36.403604+00:00,162,18,3441483462,1,10,40,342785871,50050050,255,255,255,255,402873441745.8266
1791120396407984,2026-10-04T13:26:36.407984+00:00,162,83,3441487853,1,10,40,342785871,50050050,255,255,255,255,402873446125.82367
1791120396418696,2026-10-04T13:26:36.418696+00:00,162,18,3441498561,1,10,40,342785871,50050050,255,255,255,255,402873456837.8165
1791120396433610,2026-10-04T13:26:36.433610+00:00,162,18,3441513469,1,10,40,342785871,50050050,255,255,255,255,402873471751.80664
1791120396448687,2026-10-04T13:26:36.448687+00:00,162,18,3441528551,1,10,40,342785871,50050050,255,255,255,255,402873486828.7966
1791120396463739,2026-10-04T13:26:36.463739+00:00,162,18,3441543587,1,10,40,342785871,50050050,255,255,255,255,402873501880.78656
1791120396478856,2026-10-04T13:26:36.478856+00:00,162,18,3441558721,1,10,40,342785871,50050050,255,255,255,255,402873516997.7765
1791120396493577,2026-10-04T13:26:36.493577+00:00,162,18,3441573427,1,10,40,342785871,50050050,255,255,255,255,402873531718.76666
1791120396508614,2026-10-04T13:26:36.508614+00:00,162,18,3441588473,1,10,40,342785871,50050050,255,255,255,255,402873546755.75665
1791120396523635,2026-10-04T13:26:36.523635+00:00,162,18,3441603492,1,10,40,342785871,50050050,255,255,255,255,402873561776.74664
1791120396538778,2026-10-04T13:26:36.538778+00:00,162,18,3441618492,1,10,40,342785871,50050050,255,255,255,255,402873576919.7366
1791120396544274,2026-10-04T13:26:36.544274+00:00,162,83,3441624138,1,10,40,342785871,50050050,255,255,255,255,402873582415.7329
1791120396553556,2026-10-04T13:26:36.553556+00:00,162,18,3441633421,1,10,40,342785871,50050050,255,255,255,255,402873591697.72675
1791120396568670,2026-10-04T13:26:36.568670+00:00,162,18,3441648516,1,10,40,342785871,50050050,255,255,255,255,402873606811.7167
1791120396583603,2026-10-04T13:26:36.583603+00:00,162,18,3441663462,1,10,40,342785871,50050050,255,255,255,255,402873621744.7067
1791120396598620,2026-10-04T13:26:36.598620+00:00,162,18,3441678494,1,10,40,342785871,50050050,255,255,255,255,402873636761.6967
1791120396613595,2026-10-04T13:26:36.613595+00:00,162,18,3441693455,1,10,40,342785871,50050050,255,255,255,255,402873651736.68677
1791120396628596,2026-10-04T13:26:36.628596+00:00,162,18,3441708453,1,10,40,342785871,50050050,255,255,255,255,402873666737.67676
1791120396643596,2026-10-04T13:26:36.643596+00:00,162,18,3441723453,1,10,40,342785871,50050050,255,255,255,255,402873681737.66675
1791120396658655,2026-10-04T13:26:36.658655+00:00,162,18,3441738512,1,10,40,342785871,50050050,255,255,255,255,402873696796.65674
1791120396673667,2026-10-04T13:26:36.673667+00:00,162,18,3441753518,1,10,40,342785871,50050050,255,255,255,255,402873711808.6467
1791120396679387,2026-10-04T13:26:36.679387+00:00,162,83,3441759237,1,10,40,342785871,50050050,255,255,255,255,402873717528.64294
1791120396688665,2026-10-04T13:26:36.688665+00:00,162,18,3441768525,1,10,40,342785871,50050050,255,255,255,255,402873726806.6367
1791120396703598,2026-10-04T13:26:36.703598+00:00,162,18,3441783449,1,10,40,342785871,50050050,255,255,255,255,402873741739.6268
1791120396718675,2026-10-04T13:26:36.718675+00:00,162,18,3441798535,1,10,40,342785871,50050050,255,255,255,255,402873756816.61676
1791120396733635,2026-10-04T13:26:36.733635+00:00,162,18,3441813439,1,10,40,342785871,50050050,255,255,255,255,402873771776.6068
1791120396748640,2026-10-04T13:26:36.748640+00:00,162,18,3441828506,1,10,40,342785871,50050050,255,255,255,255,402873786781.5968
1791120396757153,2026-10-04T13:26:36.757153+00:00,162,18,3441837024,1,10,40,342785871,50050050,255,255,255,255,402873795294.5911
1791120396771187,2026-10-04T13:26:36.771187+00:00,162,18,3441851045,1,10,40,342785871,50050050,255,255,255,255,402873809328.5818
1791120396786146,2026-10-04T13:26:36.786146+00:00,162,18,3441866005,1,10,40,342785871,50050050,255,255,255,255,402873824287.57184
1791120396801141,2026-10-04T13:26:36.801141+00:00,162,18,3441881005,1,10,40,342785871,50050050,255,255,255,255,402873839282.5618
1791120396813225,2026-10-04T13:26:36.813225+00:00,162,83,3441893065,1,10,40,342785871,50050050,255,255,255,255,402873851366.5538
1791120396816072,2026-10-04T13:26:36.816072+00:00,162,18,3441895940,1,10,40,342785871,50050050,255,255,255,255,402873854213.5519
1791120396831174,2026-10-04T13:26:36.831174+00:00,162,18,3441911029,1,10,40,342785871,50050050,255,255,255,255,402873869315.5418
1791120396846242,2026-10-04T13:26:36.846242+00:00,162,18,3441926088,1,10,40,342785871,50050050,255,255,255,255,402873884383.5318
1791120396861059,2026-10-04T13:26:36.861059+00:00,162,18,3441940916,1,10,40,342785871,50050050,255,255,255,255,402873899200.5219
1791120396876097,2026-10-04T13:26:36.876097+00:00,162,18,3441955942,1,10,40,342785871,50050050,255,255,255,255,402873914238.5119
1791120396891047,2026-10-04T13:26:36.891047+00:00,162,18,3441970905,1,10,40,342785871,50050050,255,255,255,255,402873929188.50195
1791120396906096,2026-10-04T13:26:36.906096+00:00,162,18,3441985949,1,10,40,342785871,50050050,255,255,255,255,402873944237.49194
1791120396921128,2026-10-04T13:26:36.921128+00:00,162,18,3442000970,1,10,40,342785871,50050050,255,255,255,255,402873959269.48193
1791120396924742,2026-10-04T13:26:36.924742+00:00,162,83,3442004601,1,10,40,342785871,50050050,255,255,255,255,402873962883.4795
1791120396936109,2026-10-04T13:26:36.936109+00:00,162,18,3442015954,1,10,40,342785871,50050050,255,255,255,255,402873974250.4719
1791120396951238,2026-10-04T13:26:36.951238+00:00,162,18,3442031095,1,10,40,342785871,50050050,255,255,255,255,402873989379.46185
1791120396966081,2026-10-04T13:26:36.966081+00:00,162,18,3442045922,1,10,40,342785871,50050050,255,255,255,255,402874004222.45197
1791120396974726,2026-10-04T13:26:36.974726+00:00,162,18,3442054593,1,10,40,342785871,50050050,255,255,255,255,402874012867.4462
1791120396988660,2026-10-04T13:26:36.988660+00:00,162,18,3442068501,1,10,40,342785871,50050050,255,255,255,255,402874026801.43695
1791120397003603,2026-10-04T13:26:37.003603+00:00,162,18,3442083460,1,10,40,342785871,50050050,255,255,255,255,402874041744.427
1791120397018662,2026-10-04T13:26:37.018662+00:00,162,18,3442098521,1,10,40,342785871,50050050,255,255,255,255,402874056803.41693
1791120397033650,2026-10-04T13:26:37.033650+00:00,162,18,3442113506,1,10,40,342785871,50050050,255,255,255,255,402874071791.407
1791120397036945,2026-10-04T13:26:37.036945+00:00,162,83,3442116810,1,10,40,342785871,50050050,255,255,255,255,402874075086.4048
1791120397048613,2026-10-04T13:26:37.048613+00:00,162,18,3442128429,1,10,40,342785871,50050050,255,255,255,255,402874086754.39703
1791120397063905,2026-10-04T13:26:37.063905+00:00,162,18,3442143706,1,10,40,342785871,50050050,255,255,255,255,402874102046.38684
1791120397079763,2026-10-04T13:26:37.079763+00:00,162,18,3442159612,1,10,40,342785871,50050050,255,255,255,255,402874117904.3763
1791120397093623,2026-10-04T13:26:37.093623+00:00,162,18,3442173480,1,10,40,342785871,50050050,255,255,255,255,402874131764.367
1791120397108619,2026-10-04T13:26:37.108619+00:00,162,18,3442188462,1,10,40,342785871,50050050,255,255,255,255,402874146760.35706
1791120397123637,2026-10-04T13:26:37.123637+00:00,162,18,3442203489,1,10,40,342785871,50050050,255,255,255,255,402874161778.34705
1791120397138624,2026-10-04T13:26:37.138624+00:00,162,18,3442218476,1,10,40,342785871,50050050,255,255,255,255,402874176765.33704
1791120397153693,2026-10-04T13:26:37.153693+00:00,162,18,3442233528,1,10,40,342785871,50050050,255,255,255,255,402874191834.327
1791120397158304,2026-10-04T13:26:37.158304+00:00,162,83,3442238152,1,10,40,342785871,50050050,255,255,255,255,402874196445.324
1791120397168737,2026-10-04T13:26:37.168737+00:00,162,18,3442248584,1,10,40,342785871,50050050,255,255,255,255,402874206878.317
1791120397183620,2026-10-04T13:26:37.183620+00:00,162,18,3442263458,1,10,40,342785871,50050050,255,255,255,255,402874221761.30707
1791120397198635,2026-10-04T13:26:37.198635+00:00,162,18,3442278489,1,10,40,342785871,50050050,255,255,255,255,402874236776.2971
1791120397213713,2026-10-04T13:26:37.213713+00:00,162,18,3442293550,1,10,40,342785871,50050050,255,255,255,255,402874251854.28705
1791120397228679,2026-10-04T13:26:37.228679+00:00,162,18,3442308522,1,11,40,345788598,50050050,255,255,255,255,402874266820.2771
1791120397236160,2026-10-04T13:26:37.236160+00:00,162,18,3442316008,1,11,40,345788598,50050050,255,255,255,255,402874274301.2721
1791120397243669,2026-10-04T13:26:37.243669+00:00,162,18,3442323522,1,11,40,345788598,50050050,255,255,255,255,402874281810.2671
1791120397258694,2026-10-04T13:26:37.258694+00:00,162,18,3442338544,1,11,40,345788598,50050050,255,255,255,255,402874296835.2571
1791120397274848,2026-10-04T13:26:37.274848+00:00,162,18,3442354684,1,11,40,345788598,50050050,255,255,255,255,402874312989.24634
1791120397288215,2026-10-04T13:26:37.288215+00:00,162,83,3442368060,1,11,40,345788598,50050050,255,255,255,255,402874326356.2374
1791120397288668,2026-10-04T13:26:37.288668+00:00,162,18,3442368535,1,11,40,345788598,50050050,255,255,255,255,402874326809.2371
1791120397303674,2026-10-04T13:26:37.303674+00:00,162,18,3442383528,1,11,40,345788598,50050050,255,255,255,255,402874341815.2271
1791120397318718,2026-10-04T13:26:37.318718+00:00,162,18,3442398564,1,11,40,345788598,50050050,255,255,255,255,402874356859.2171
1791120397333651,2026-10-04T13:26:37.333651+00:00,162,18,3442413502,1,11,40,345788598,50050050,255,255,255,255,402874371792.20715
1791120397348646,2026-10-04T13:26:37.348646+00:00,162,18,3442428473,1,11,40,345788598,50050050,255,255,255,255,402874386787.1972
1791120397363781,2026-10-04T13:26:37.363781+00:00,162,18,3442443614,1,11,40,345788598,50050050,255,255,255,255,402874401922.1871
1791120397378932,2026-10-04T13:26:37.378932+00:00,162,18,3442458765,1,11,40,345788598,50050050,255,255,255,255,402874417073.177
1791120397387347,2026-10-04T13:26:37.387347+00:00,162,18,3442467181,1,11,40,345788598,50050050,255,255,255,255,402874425488.1714
1791120397401101,2026-10-04T13:26:37.401101+00:00,162,18,3442480954,1,11,40,345788598,50050050,255,255,255,255,402874439242.16223
1791120397416145,2026-10-04T13:26:37.416145+00:00,162,18,3442495985,1,11,40,345788598,50050050,255,255,255,255,402874454286.1522
1791120397419020,2026-10-04T13:26:37.419020+00:00,162,83,3442498880,1,11,40,345788598,50050050,255,255,255,255,402874457161.1503
1791120397431267,2026-10-04T13:26:37.431267+00:00,162,18,3442511100,1,11,40,345788598,50050050,255,255,255,255,402874469408.14215
1791120397446761,2026-10-04T13:26:37.446761+00:00,162,18,3442526603,1,11,40,345788598,50050050,255,255,255,255,402874484902.13184
1791120397461172,2026-10-04T13:26:37.461172+00:00,162,18,3442541001,1,11,40,345788598,50050050,255,255,255,255,402874499313.12225
1791120397476161,2026-10-04T13:26:37.476161+00:00,162,18,3442556010,1,11,40,345788598,50050050,255,255,255,255,402874514302.11224
1791120397491265,2026-10-04T13:26:37.491265+00:00,162,18,3442571076,1,11,40,345788598,50050050,255,255,255,255,402874529406.1022
1791120397506113,2026-10-04T13:26:37.506113+00:00,162,18,3442585958,1,11,40,345788598,50050050,255,255,255,255,402874544254.0923
1791120397521155,2026-10-04T13:26:37.521155+00:00,162,18,3442601008,1,11,40,345788598,50050050,255,255,255,255,402874559296.0823
1791120397536260,2026-10-04T13:26:37.536260+00:00,162,18,3442616076,1,11,40,345788598,50050050,255,255,255,255,402874574401.0722
1791120397551128,2026-10-04T13:26:37.551128+00:00,162,18,3442630978,1,11,40,345788598,50050050,255,255,255,255,402874589269.0623
1791120397551863,2026-10-04T13:26:37.551863+00:00,162,83,3442631728,1,11,40,345788598,50050050,255,255,255,255,402874590004.0618
1791120397566117,2026-10-04T13:26:37.566117+00:00,162,18,3442645962,1,11,40,345788598,50050050,255,255,255,255,402874604258.05237
1791120397581191,2026-10-04T13:26:37.581191+00:00,162,18,3442661022,1,11,40,345788598,50050050,255,255,255,255,402874619332.0423
1791120397596267,2026-10-04T13:26:37.596267+00:00,162,18,3442676097,1,11,40,345788598,50050050,255,255,255,255,402874634408.0323
1791120397611147,2026-10-04T13:26:37.611147+00:00,162,18,3442690993,1,11,40,345788598,50050050,255,255,255,255,402874649288.02234
1791120397626174,2026-10-04T13:26:37.626174+00:00,162,18,3442706026,1,11,40,345788598,50050050,255,255,255,255,402874664315.0123
1791120397641228,2026-10-04T13:26:37.641228+00:00,162,18,3442721057,1,11,40,345788598,50050050,255,255,255,255,402874679369.0023
1791120397656131,2026-10-04T13:26:37.656131+00:00,162,18,3442735995,1,11,40,345788598,50050050,255,255,255,255,402874694271.9924
1791120397671117,2026-10-04T13:26:37.671117+00:00,162,18,3442750961,1,11,40,345788598,50050050,255,255,255,255,402874709257.9824
1791120397680457,2026-10-04T13:26:37.680457+00:00,162,83,3442760294,1,11,40,345788598,50050050,255,255,255,255,402874718597.9762
1791120397686157,2026-10-04T13:26:37.686157+00:00,162,18,3442766006,1,11,40,345788598,50050050,255,255,255,255,402874724297.9724
1791120397701195,2026-10-04T13:26:37.701195+00:00,162,18,3442781010,1,11,40,345788598,50050050,255,255,255,255,402874739335.9624
1791120397716204,2026-10-04T13:26:37.716204+00:00,162,18,3442796029,1,11,40,345788598,50050050,255,255,255,255,402874754344.9524
1791120397731237,2026-10-04T13:26:37.731237+00:00,162,18,3442811083,1,11,40,345788598,50050050,255,255,255,255,402874769377.9424
1791120397746398,2026-10-04T13:26:37.746398+00:00,162,18,3442826112,1,11,40,345788598,50050050,255,255,255,255,402874784538.93225
1791120397761212,2026-10-04T13:26:37.761212+00:00,162,18,3442841059,1,11,40,345788598,50050050,255,255,255,255,402874799352.9224
1791120397776128,2026-10-04T13:26:37.776128+00:00,162,18,3442855975,1,11,40,345788598,50050050,255,255,255,255,402874814268.9125
1791120397791165,2026-10-04T13:26:37.791165+00:00,162,18,3442870986,1,11,40,345788598,50050050,255,255,255,255,402874829305.90247
1791120397806208,2026-10-04T13:26:37.806208+00:00,162,18,3442886050,1,11,40,345788598,50050050,255,255,255,255,402874844348.89246
1791120397820052,2026-10-04T13:26:37.820052+00:00,162,83,3442899875,1,11,40,345788598,50050050,255,255,255,255,402874858192.88324
1791120397821083,2026-10-04T13:26:37.821083+00:00,162,18,3442900956,1,11,40,345788598,50050050,255,255,255,255,402874859223.8825
1791120397836205,2026-10-04T13:26:37.836205+00:00,162,18,3442916031,1,11,40,345788598,50050050,255,255,255,255,402874874345.87244
1791120397851224,2026-10-04T13:26:37.851224+00:00,162,18,3442931054,1,11,40,345788598,50050050,255,255,255,255,402874889364.8624
1791120397866129,2026-10-04T13:26:37.866129+00:00,162,18,3442945977,1,11,40,345788598,50050050,255,255,255,255,402874904269.85254
1791120397881134,2026-10-04T13:26:37.881134+00:00,162,18,3442960980,1,11,40,345788598,50050050,255,255,255,255,402874919274.8425
1791120397896358,2026-10-04T13:26:37.896358+00:00,162,18,3442976186,1,11,40,345788598,50050050,255,255,255,255,402874934498.8324
1791120397911141,2026-10-04T13:26:37.911141+00:00,162,18,3442990996,1,11,40,345788598,50050050,255,255,255,255,402874949281.8226
1791120397926162,2026-10-04T13:26:37.926162+00:00,162,18,3443006015,1,11,40,345788598,50050050,255,255,255,255,402874964302.81256
1791120397941163,2026-10-04T13:26:37.941163+00:00,162,18,3443021006,1,11,40,345788598,50050050,255,255,255,255,402874979303.80255
1791120397956158,2026-10-04T13:26:37.956158+00:00,162,18,3443035997,1,11,40,345788598,50050050,255,255,255,255,402874994298.79254
1791120397959531,2026-10-04T13:26:37.959531+00:00,162,83,3443039361,1,11,40,345788598,50050050,255,255,255,255,402874997671.79034
1791120397971165,2026-10-04T13:26:37.971165+00:00,162,18,3443051003,1,11,40,345788598,50050050,255,255,255,255,402875009305.7826
1791120397979792,2026-10-04T13:26:37.979792+00:00,162,18,3443059641,1,11,40,345788598,50050050,255,255,255,255,402875017932.77686
1791120397994207,2026-10-04T13:26:37.994207+00:00,162,18,3443074025,1,11,40,345788598,50050050,255,255,255,255,402875032347.7672
1791120398008679,2026-10-04T13:26:38.008679+00:00,162,18,3443088526,1,11,40,345788598,50050050,255,255,255,255,402875046819.75757
1791120398023756,2026-10-04T13:26:38.023756+00:00,162,18,3443103610,1,11,40,345788598,50050050,255,255,255,255,402875061896.74756
1791120398038699,2026-10-04T13:26:38.038699+00:00,162,18,3443118540,1,11,40,345788598,50050050,255,255,255,255,402875076839.7376
1791120398053677,2026-10-04T13:26:38.053677+00:00,162,18,3443133522,1,11,40,345788598,50050050,255,255,255,255,402875091817.7276
1791120398068658,2026-10-04T13:26:38.068658+00:00,162,18,3443148508,1,11,40,345788598,50050050,255,255,255,255,402875106798.71765
1791120398083739,2026-10-04T13:26:38.083739+00:00,162,18,3443163578,1,11,40,345788598,50050050,255,255,255,255,402875121879.7076
1791120398094347,2026-10-04T13:26:38.094347+00:00,162,83,3443174166,1,11,40,345788598,50050050,255,255,255,255,402875132487.7005
1791120398098765,2026-10-04T13:26:38.098765+00:00,162,18,3443178618,1,11,40,345788598,50050050,255,255,255,255,402875136905.6976
1791120398114963,2026-10-04T13:26:38.114963+00:00,162,18,3443194806,1,11,40,345788598,50050050,255,255,255,255,402875153103.6868
1791120398128637,2026-10-04T13:26:38.128637+00:00,162,18,3443208479,1,11,40,345788598,50050050,255,255,255,255,402875166777.6777
1791120398143693,2026-10-04T13:26:38.143693+00:00,162,18,3443223525,1,11,40,345788598,50050050,255,255,255,255,402875181833.66766
1791120398158717,2026-10-04T13:26:38.158717+00:00,162,18,3443238565,1,11,40,345788598,50050050,255,255,255,255,402875196857.65765
1791120398173745,2026-10-04T13:26:38.173745+00:00,162,18,3443253581,1,11,40,345788598,50050050,255,255,255,255,402875211885.64764
1791120398188712,2026-10-04T13:26:38.188712+00:00,162,18,3443268560,1,11,40,345788598,50050050,255,255,255,255,402875226852.6377
1791120398203826,2026-10-04T13:26:38.203826+00:00,162,18,3443283649,1,11,40,345788598,50050050,255,255,255,255,402875241966.6276
1791120398218730,2026-10-04T13:26:38.218730+00:00,162,18,3443298559,1,11,40,345788598,50050050,255,255,255,255,402875256870.6177
1791120398233555,2026-10-04T13:26:38.233555+00:00,162,83,3443313389,1,12,40,348841407,50050050,255,255,255,255,402875271695.6078
1791120398234792,2026-10-04T13:26:38.234792+00:00,162,18,3443314640,1,12,40,348841407,50050050,255,255,255,255,402875272932.607
1791120398241146,2026-10-04T13:26:38.241146+00:00,162,18,3443321000,1,12,40,348841407,50050050,255,255,255,255,402875279286.6028
1791120398249607,2026-10-04T13:26:38.249607+00:00,162,18,3443329398,1,12,40,348841407,50050050,255,255,255,255,402875287747.5971
1791120398263773,2026-10-04T13:26:38.263773+00:00,162,18,3443343612,1,12,40,348841407,50050050,255,255,255,255,402875301913.5877
1791120398278747,2026-10-04T13:26:38.278747+00:00,162,18,3443358588,1,12,40,348841407,50050050,255,255,255,255,402875316887.5777
1791120398293703,2026-10-04T13:26:38.293703+00:00,162,18,3443373549,1,12,40,348841407,50050050,255,255,255,255,402875331843.56775
1791120398308644,2026-10-04T13:26:38.308644+00:00,162,18,3443388488,1,12,40,348841407,50050050,255,255,255,255,402875346784.5578
1791120398323645,2026-10-04T13:26:38.323645+00:00,162,18,3443403486,1,12,40,348841407,50050050,255,255,255,255,402875361785.5478
1791120398337804,2026-10-04T13:26:38.337804+00:00,162,83,3443417654,1,12,40,348841407,50050050,255,255,255,255,402875375944.5384
1791120398338618,2026-10-04T13:26:38.338618+00:00,162,18,3443418434,1,12,40,348841407,50050050,255,255,255,255,402875376758.53784
1791120398353794,2026-10-04T13:26:38.353794+00:00,162,18,3443433630,1,12,40,348841407,50050050,255,255,255,255,402875391934.5277
1791120398368661,2026-10-04T13:26:38.368661+00:00,162,18,3443448497,1,12,40,348841407,50050050,255,255,255,255,402875406801.5178
1791120398383858,2026-10-04T13:26:38.383858+00:00,162,18,3443463701,1,12,40,348841407,50050050,255,255,255,255,402875421998.5077
1791120398398694,2026-10-04T13:26:38.398694+00:00,162,18,3443478540,1,12,40,348841407,50050050,255,255,255,255,402875436834.4978
1791120398413927,2026-10-04T13:26:38.413927+00:00,162,18,3443493762,1,12,40,348841407,50050050,255,255,255,255,402875452067.4877
1791120398428753,2026-10-04T13:26:38.428753+00:00,162,18,3443508592,1,12,40,348841407,50050050,255,255,255,255,402875466893.4778
1791120398438304,2026-10-04T13:26:38.438304+00:00,162,83,3443518143,1,12,40,348841407,50050050,255,255,255,255,402875476444.47144
1791120398443712,2026-10-04T13:26:38.443712+00:00,162,18,3443523558,1,12,40,348841407,50050050,255,255,255,255,402875481852.46783
1791120398458812,2026-10-04T13:26:38.458812+00:00,162,18,3443538642,1,12,40,348841407,50050050,255,255,255,255,402875496952.45776
1791120398473726,2026-10-04T13:26:38.473726+00:00,162,18,3443553564,1,12,40,348841407,50050050,255,255,255,255,402875511866.4479
1791120398488747,2026-10-04T13:26:38.488747+00:00,162,18,3443568597,1,12,40,348841407,50050050,255,255,255,255,402875526887.43787
1791120398503743,2026-10-04T13:26:38.503743+00:00,162,18,3443583595,1,12,40,348841407,50050050,255,255,255,255,402875541883.42786
1791120398518866,2026-10-04T13:26:38.518866+00:00,162,18,3443598684,1,12,40,348841407,50050050,255,255,255,255,402875557006.4178
1791120398533624,2026-10-04T13:26:38.533624+00:00,162,18,3443613467,1,12,40,348841407,50050050,255,255,255,255,402875571764.40796
1791120398539440,2026-10-04T13:26:38.539440+00:00,162,83,3443619274,1,12,40,348841407,50050050,255,255,255,255,402875577580.4041
1791120398548728,2026-10-04T13:26:38.548728+00:00,162,18,3443628573,1,12,40,348841407,50050050,255,255,255,255,402875586868.3979
1791120398563685,2026-10-04T13:26:38.563685+00:00,162,18,3443643521,1,12,40,348841407,50050050,255,255,255,255,402875601825.38794
1791120398578666,2026-10-04T13:26:38.578666+00:00,162,18,3443658507,1,12,40,348841407,50050050,255,255,255,255,402875616806.378
1791120398593640,2026-10-04T13:26:38.593640+00:00,162,18,3443673484,1,12,40,348841407,50050050,255,255,255,255,402875631780.368
1791120398608712,2026-10-04T13:26:38.608712+00:00,162,18,3443688551,1,12,40,348841407,50050050,255,255,255,255,402875646852.358
1791120398623656,2026-10-04T13:26:38.623656+00:00,162,18,3443703496,1,12,40,348841407,50050050,255,255,255,255,402875661796.348
1791120398638629,2026-10-04T13:26:38.638629+00:00,162,18,3443718472,1,12,40,348841407,50050050,255,255,255,255,402875676769.338
1791120398653699,2026-10-04T13:26:38.653699+00:00,162,18,3443733547,1,12,40,348841407,50050050,255,255,255,255,402875691839.328
1791120398668688,2026-10-04T13:26:38.668688+00:00,162,18,3443748526,1,12,40,348841407,50050050,255,255,255,255,402875706828.318
1791120398681341,2026-10-04T13:26:38.681341+00:00,162,83,3443761172,1,12,40,348841407,50050050,255,255,255,255,402875719481.3096
1791120398683662,2026-10-04T13:26:38.683662+00:00,162,18,3443763508,1,12,40,348841407,50050050,255,255,255,255,402875721802.30804
1791120398698709,2026-10-04T13:26:38.698709+00:00,162,18,3443778551,1,12,40,348841407,50050050,255,255,255,255,402875736849.29803
1791120398713719,2026-10-04T13:26:38.713719+00:00,162,18,3443793554,1,12,40,348841407,50050050,255,255,255,255,402875751859.288
1791120398728797,2026-10-04T13:26:38.728797+00:00,162,18,3443808636,1,12,40,348841407,50050050,255,255,255,255,402875766937.27795
1791120398743644,2026-10-04T13:26:38.743644+00:00,162,18,3443823485,1,12,40,348841407,50050050,255,255,255,255,402875781784.26807
1791120398758617,2026-10-04T13:26:38.758617+00:00,162,18,3443838461,1,12,40,348841407,50050050,255,255,255,255,402875796757.2581
1791120398773738,2026-10-04T13:26:38.773738+00:00,162,18,3443853568,1,12,40,348841407,50050050,255,255,255,255,402875811878.24805
1791120398788679,2026-10-04T13:26:38.788679+00:00,162,18,3443868521,1,12,40,348841407,50050050,255,255,255,255,402875826819.2381
1791120398803657,2026-10-04T13:26:38.803657+00:00,162,18,3443883495,1,12,40,348841407,50050050,255,255,255,255,402875841797.2281
1791120398818780,2026-10-04T13:26:38.818780+00:00,162,18,3443898618,1,12,40,348841407,50050050,255,255,255,255,402875856920.218
1791120398822112,2026-10-04T13:26:38.822112+00:00,162,83,3443901955,1,12,40,348841407,50050050,255,255,255,255,402875860252.2158
1791120398833705,2026-10-04T13:26:38.833705+00:00,162,18,3443913516,1,12,40,348841407,50050050,255,255,255,255,402875871845.2081
1791120398849838,2026-10-04T13:26:38.849838+00:00,162,18,3443929674,1,12,40,348841407,50050050,255,255,255,255,402875887978.1973
1791120398863662,2026-10-04T13:26:38.863662+00:00,162,18,3443943508,1,12,40,348841407,50050050,255,255,255,255,402875901802.1882
1791120398878726,2026-10-04T13:26:38.878726+00:00,162,18,3443958573,1,12,40,348841407,50050050,255,255,255,255,402875916866.1781
1791120398893712,2026-10-04T13:26:38.893712+00:00,162,18,3443973528,1,12,40,348841407,50050050,255,255,255,255,402875931852.16815
1791120398908770,2026-10-04T13:26:38.908770+00:00,162,18,3443988604,1,12,40,348841407,50050050,255,255,255,255,402875946910.1581
1791120398923671,2026-10-04T13:26:38.923671+00:00,162,18,3444003510,1,12,40,348841407,50050050,255,255,255,255,402875961811.1482
1791120398938681,2026-10-04T13:26:38.938681+00:00,162,18,3444018532,1,12,40,348841407,50050050,255,255,255,255,402875976821.1382
1791120398953649,2026-10-04T13:26:38.953649+00:00,162,18,3444033488,1,12,40,348841407,50050050,255,255,255,255,402875991789.12823
1791120398960400,2026-10-04T13:26:38.960400+00:00,162,83,3444040252,1,12,40,348841407,50050050,255,255,255,255,402875998540.1237
1791120398968739,2026-10-04T13:26:38.968739+00:00,162,18,3444048572,1,12,40,348841407,50050050,255,255,255,255,402876006879.11816
1791120398983669,2026-10-04T13:26:38.983669+00:00,162,18,3444063512,1,12,40,348841407,50050050,255,255,255,255,402876021809.1082
1791120398998690,2026-10-04T13:26:38.998690+00:00,162,18,3444078529,1,12,40,348841407,50050050,255,255,255,255,402876036830.0982
1791120399013710,2026-10-04T13:26:39.013710+00:00,162,18,3444093548,1,12,40,348841407,50050050,255,255,255,255,402876051850.0882
1791120399028691,2026-10-04T13:26:39.028691+00:00,162,18,3444108534,1,12,40,348841407,50050050,255,255,255,255,402876066831.07825
1791120399043615,2026-10-04T13:26:39.043615+00:00,162,18,3444123455,1,12,40,348841407,50050050,255,255,255,255,402876081755.0683
1791120399058809,2026-10-04T13:26:39.058809+00:00,162,18,3444138650,1,12,40,348841407,50050050,255,255,255,255,402876096949.05817
1791120399073674,2026-10-04T13:26:39.073674+00:00,162,18,3444153511,1,12,40,348841407,50050050,255,255,255,255,402876111814.0483
1791120399088725,2026-10-04T13:26:39.088725+00:00,162,18,3444168564,1,12,40,348841407,50050050,255,255,255,255,402876126865.03827
1791120399103762,2026-10-04T13:26:39.103762+00:00,162,18,3444183588,1,12,40,348841407,50050050,255,255,255,255,402876141902.02826
1791120399106715,2026-10-04T13:26:39.106715+00:00,162,83,3444186554,1,12,40,348841407,50050050,255,255,255,255,402876144855.02625
1791120399118759,2026-10-04T13:26:39.118759+00:00,162,18,3444198589,1,12,40,348841407,50050050,255,255,255,255,402876156899.01825
1791120399133703,2026-10-04T13:26:39.133703+00:00,162,18,3444213544,1,12,40,348841407,50050050,255,255,255,255,402876171843.0083
1791120399148777,2026-10-04T13:26:39.148777+00:00,162,18,3444228578,1,12,40,348841407,50050050,255,255,255,255,402876186916.9982
1791120399163673,2026-10-04T13:26:39.163673+00:00,162,18,3444243516,1,12,40,348841407,50050050,255,255,255,255,402876201812.98834
1791120399178628,2026-10-04T13:26:39.178628+00:00,162,18,3444258468,1,12,40,348841407,50050050,255,255,255,255,402876216767.9784
1791120399193866,2026-10-04T13:26:39.193866+00:00,162,18,3444273697,1,12,40,348841407,50050050,255,255,255,255,402876232005.9682
1791120399208681,2026-10-04T13:26:39.208681+00:00,162,18,3444288518,1,12,40,348841407,50050050,255,255,255,255,402876246820.9584
1791120399223779,2026-10-04T13:26:39.223779+00:00,162,18,3444303600,1,12,40,348841407,50050050,255,255,255,255,402876261918.9483
1791120399238726,2026-10-04T13:26:39.238726+00:00,162,18,3444318552,1,13,40,351844395,50050050,255,255,255,255,402876276865.93835
1791120399246268,2026-10-04T13:26:39.246268+00:00,162,18,3444326102,1,13,40,351844395,50050050,255,255,255,255,402876284407.93335
1791120399253722,2026-10-04T13:26:39.253722+00:00,162,18,3444333537,1,13,40,351844395,50050050,255,255,255,255,402876291861.92834
1791120399256737,2026-10-04T13:26:39.256737+00:00,162,83,3444336571,1,13,40,351844395,50050050,255,255,255,255,402876294876.92633
1791120399268681,2026-10-04T13:26:39.268681+00:00,162,18,3444348524,1,13,40,351844395,50050050,255,255,255,255,402876306820.9184
1791120399283673,2026-10-04T13:26:39.283673+00:00,162,18,3444363511,1,13,40,351844395,50050050,255,255,255,255,402876321812.9084
1791120399298749,2026-10-04T13:26:39.298749+00:00,162,18,3444378583,1,13,40,351844395,50050050,255,255,255,255,402876336888.8984
1791120399313748,2026-10-04T13:26:39.313748+00:00,162,18,3444393585,1,13,40,351844395,50050050,255,255,255,255,402876351887.88837
1791120399328756,2026-10-04T13:26:39.328756+00:00,162,18,3444408585,1,13,40,351844395,50050050,255,255,255,255,402876366895.87836
1791120399343781,2026-10-04T13:26:39.343781+00:00,162,18,3444423604,1,13,40,351844395,50050050,255,255,255,255,402876381920.8684
1791120399358662,2026-10-04T13:26:39.358662+00:00,162,18,3444438502,1,13,40,351844395,50050050,255,255,255,255,402876396801.85846
1791120399359371,2026-10-04T13:26:39.359371+00:00,162,83,3444439109,1,13,40,351844395,50050050,255,255,255,255,402876397510.858
1791120399373798,2026-10-04T13:26:39.373798+00:00,162,18,3444453628,1,13,40,351844395,50050050,255,255,255,255,402876411937.8484
1791120399389089,2026-10-04T13:26:39.389089+00:00,162,18,3444468922,1,13,40,351844395,50050050,255,255,255,255,402876427228.8382
1791120399403788,2026-10-04T13:26:39.403788+00:00,162,18,3444483617,1,13,40,351844395,50050050,255,255,255,255,402876441927.8284
1791120399418693,2026-10-04T13:26:39.418693+00:00,162,18,3444498529,1,13,40,351844395,50050050,255,255,255,255,402876456832.8185
1791120399433795,2026-10-04T13:26:39.433795+00:00,162,18,3444513627,1,13,40,351844395,50050050,255,255,255,255,402876471934.8084
1791120399448686,2026-10-04T13:26:39.448686+00:00,162,18,3444528519,1,13,40,351844395,50050050,255,255,255,255,402876486825.7985
1791120399463797,2026-10-04T13:26:39.463797+00:00,162,18,3444543629,1,13,40,351844395,50050050,255,255,255,255,402876501936.78845
1791120399471321,2026-10-04T13:26:39.471321+00:00,162,83,3444551170,1,13,40,351844395,50050050,255,255,255,255,402876509460.78345
1791120399478722,2026-10-04T13:26:39.478722+00:00,162,18,3444558561,1,13,40,351844395,50050050,255,255,255,255,402876516861.7785
1791120399493654,2026-10-04T13:26:39.493654+00:00,162,18,3444573494,1,13,40,351844395,50050050,255,255,255,255,402876531793.76855
1791120399508707,2026-10-04T13:26:39.508707+00:00,162,18,3444588543,1,13,40,351844395,50050050,255,255,255,255,402876546846.75854
1791120399523696,2026-10-04T13:26:39.523696+00:00,162,18,3444603521,1,13,40,351844395,50050050,255,255,255,255,402876561835.74854
1791120399538816,2026-10-04T13:26:39.538816+00:00,162,18,3444618634,1,13,40,351844395,50050050,255,255,255,255,402876576955.73846
1791120399553756,2026-10-04T13:26:39.553756+00:00,162,18,3444633595,1,13,40,351844395,50050050,255,255,255,255,402876591895.7285
1791120399569110,2026-10-04T13:26:39.569110+00:00,162,18,3444648951,1,13,40,351844395,50050050,255,255,255,255,402876607249.7183
1791120399580947,2026-10-04T13:26:39.580947+00:00,162,83,3444660774,1,13,40,351844395,50050050,255,255,255,255,402876619086.71045
1791120399583764,2026-10-04T13:26:39.583764+00:00,162,18,3444663606,1,13,40,351844395,50050050,255,255,255,255,402876621903.70856
1791120399598692,2026-10-04T13:26:39.598692+00:00,162,18,3444678532,1,13,40,351844395,50050050,255,255,255,255,402876636831.6986
1791120399613809,2026-10-04T13:26:39.613809+00:00,162,18,3444693634,1,13,40,351844395,50050050,255,255,255,255,402876651948.68854
1791120399628781,2026-10-04T13:26:39.628781+00:00,162,18,3444708601,1,13,40,351844395,50050050,255,255,255,255,402876666920.6786
1791120399643727,2026-10-04T13:26:39.643727+00:00,162,18,3444723564,1,13,40,351844395,50050050,255,255,255,255,402876681866.6686
1791120399659875,2026-10-04T13:26:39.659875+00:00,162,18,3444739716,1,13,40,351844395,50050050,255,255,255,255,402876698014.65784
1791120399673777,2026-10-04T13:26:39.673777+00:00,162,18,3444753612,1,13,40,351844395,50050050,255,255,255,255,402876711916.6486
1791120399684095,2026-10-04T13:26:39.684095+00:00,162,83,3444763426,1,13,40,351844395,50050050,255,255,255,255,402876722234.6417
1791120399688833,2026-10-04T13:26:39.688833+00:00,162,18,3444768663,1,13,40,351844395,50050050,255,255,255,255,402876726972.63855
1791120399703652,2026-10-04T13:26:39.703652+00:00,162,18,3444783491,1,13,40,351844395,50050050,255,255,255,255,402876741791.6287
1791120399718674,2026-10-04T13:26:39.718674+00:00,162,18,3444798521,1,13,40,351844395,50050050,255,255,255,255,402876756813.6187
1791120399734420,2026-10-04T13:26:39.734420+00:00,162,18,3444814122,1,13,40,351844395,50050050,255,255,255,255,402876772559.6082
1791120399748676,2026-10-04T13:26:39.748676+00:00,162,18,3444828511,1,13,40,351844395,50050050,255,255,255,255,402876786815.5987
1791120399763724,2026-10-04T13:26:39.763724+00:00,162,18,3444843564,1,13,40,351844395,50050050,255,255,255,255,402876801863.5887
1791120399778648,2026-10-04T13:26:39.778648+00:00,162,18,3444858479,1,13,40,351844395,50050050,255,255,255,255,402876816787.57874
1791120399790647,2026-10-04T13:26:39.790647+00:00,162,83,3444870434,1,13,40,351844395,50050050,255,255,255,255,402876828786.57074
1791120399793711,2026-10-04T13:26:39.793711+00:00,162,18,3444873551,1,13,40,351844395,50050050,255,255,255,255,402876831850.5687
1791120399808671,2026-10-04T13:26:39.808671+00:00,162,18,3444888512,1,13,40,351844395,50050050,255,255,255,255,402876846810.5588
1791120399823704,2026-10-04T13:26:39.823704+00:00,162,18,3444903538,1,13,40,351844395,50050050,255,255,255,255,402876861843.54877
1791120399838772,2026-10-04T13:26:39.838772+00:00,162,18,3444918589,1,13,40,351844395,50050050,255,255,255,255,402876876911.5387
1791120399853642,2026-10-04T13:26:39.853642+00:00,162,18,3444933483,1,13,40,351844395,50050050,255,255,255,255,402876891781.5288
1791120399868650,2026-10-04T13:26:39.868650+00:00,162,18,3444948438,1,13,40,351844395,50050050,255,255,255,255,402876906789.5188
1791120399884063,2026-10-04T13:26:39.884063+00:00,162,18,3444963754,1,13,40,351844395,50050050,255,255,255,255,402876922202.50854
1791120399893328,2026-10-04T13:26:39.893328+00:00,162,83,3444973143,1,13,40,351844395,50050050,255,255,255,255,402876931467.5024
1791120399898614,2026-10-04T13:26:39.898614+00:00,162,18,3444978459,1,13,40,351844395,50050050,255,255,255,255,402876936753.49884
1791120399913692,2026-10-04T13:26:39.913692+00:00,162,18,3444993530,1,13,40,351844395,50050050,255,255,255,255,402876951831.48883
1791120399928672,2026-10-04T13:26:39.928672+00:00,162,18,3445008505,1,13,40,351844395,50050050,255,255,255,255,402876966811.4788
1791120399943684,2026-10-04T13:26:39.943684+00:00,162,18,3445023514,1,13,40,351844395,50050050,255,255,255,255,402876981823.4688
1791120399958731,2026-10-04T13:26:39.958731+00:00,162,18,3445038561,1,13,40,351844395,50050050,255,255,255,255,402876996870.4588
1791120399973741,2026-10-04T13:26:39.973741+00:00,162,18,3445053574,1,13,40,351844395,50050050,255,255,255,255,402877011880.4488
1791120399988786,2026-10-04T13:26:39.988786+00:00,162,18,3445068604,1,13,40,351844395,50050050,255,255,255,255,402877026925.4388
1791120400001761,2026-10-04T13:26:40.001761+00:00,162,83,3445081575,1,13,40,351844395,50050050,255,255,255,255,402877039900.4302
1791120400004816,2026-10-04T13:26:40.004816+00:00,162,18,3445084653,1,13,40,351844395,50050050,255,255,255,255,402877042955.4281
1791120400018795,2026-10-04T13:26:40.018795+00:00,162,18,3445098629,1,13,40,351844395,50050050,255,255,255,255,402877056934.4188
1791120400033787,2026-10-04T13:26:40.033787+00:00,162,18,3445113616,1,13,40,351844395,50050050,255,255,255,255,402877071926.4088
1791120400048706,2026-10-04T13:26:40.048706+00:00,162,18,3445128538,1,13,40,351844395,50050050,255,255,255,255,402877086845.39886
1791120400063666,2026-10-04T13:26:40.063666+00:00,162,18,3445143502,1,13,40,351844395,50050050,255,255,255,255,402877101805.3889
1791120400078782,2026-10-04T13:26:40.078782+00:00,162,18,3445158610,1,13,40,351844395,50050050,255,255,255,255,402877116921.37885
1791120400093652,2026-10-04T13:26:40.093652+00:00,162,18,3445173484,1,13,40,351844395,50050050,255,255,255,255,402877131791.36896
1791120400108821,2026-10-04T13:26:40.108821+00:00,162,18,3445188646,1,13,40,351844395,50050050,255,255,255,255,402877146960.3588
1791120400123708,2026-10-04T13:26:40.123708+00:00,162,18,3445203534,1,13,40,351844395,50050050,255,255,255,255,402877161847.34894
1791120400135146,2026-10-04T13:26:40.135146+00:00,162,83,3445214937,1,13,40,351844395,50050050,255,255,255,255,402877173285.3413
1791120400138629,2026-10-04T13:26:40.138629+00:00,162,18,3445218478,1,13,40,351844395,50050050,255,255,255,255,402877176768.339
1791120400153777,2026-10-04T13:26:40.153777+00:00,162,18,3445233611,1,13,40,351844395,50050050,255,255,255,255,402877191916.3289
1791120400168695,2026-10-04T13:26:40.168695+00:00,162,18,3445248524,1,13,40,351844395,50050050,255,255,255,255,402877206834.319
1791120400183711,2026-10-04T13:26:40.183711+00:00,162,18,3445263534,1,13,40,351844395,50050050,255,255,255,255,402877221850.30896
1791120400198726,2026-10-04T13:26:40.198726+00:00,162,18,3445278555,1,13,40,351844395,50050050,255,255,255,255,402877236865.29895
1791120400213704,2026-10-04T13:26:40.213704+00:00,162,18,3445293535,1,13,40,351844395,50050050,255,255,255,255,402877251843.289
1791120400228750,2026-10-04T13:26:40.228750+00:00,162,18,3445308561,1,13,40,351844395,50050050,255,255,255,255,402877266889.279
1791120400243786,2026-10-04T13:26:40.243786+00:00,162,18,3445323614,1,14,40,354847485,50050050,255,255,255,255,402877281925.269
1791120400251587,2026-10-04T13:26:40.251587+00:00,162,18,3445331427,1,14,40,354847485,50050050,255,255,255,255,402877289726.26373
1791120400252266,2026-10-04T13:26:40.252266+00:00,162,83,3445332101,1,14,40,354847485,50050050,255,255,255,255,402877290405.2633
1791120400258704,2026-10-04T13:26:40.258704+00:00,162,18,3445338544,1,14,40,354847485,50050050,255,255,255,255,402877296843.25903
1791120400273725,2026-10-04T13:26:40.273725+00:00,162,18,3445353553,1,14,40,354847485,50050050,255,255,255,255,402877311864.249
1791120400288697,2026-10-04T13:26:40.288697+00:00,162,18,3445368532,1,14,40,354847485,50050050,255,255,255,255,402877326836.2391
1791120400303935,2026-10-04T13:26:40.303935+00:00,162,18,3445383752,1,14,40,354847485,50050050,255,255,255,255,402877342074.2289
1791120400318690,2026-10-04T13:26:40.318690+00:00,162,18,3445398525,1,14,40,354847485,50050050,255,255,255,255,402877356829.21906
1791120400333837,2026-10-04T13:26:40.333837+00:00,162,18,3445413673,1,14,40,354847485,50050050,255,255,255,255,402877371976.209
1791120400348664,2026-10-04T13:26:40.348664+00:00,162,18,3445428490,1,14,40,354847485,50050050,255,255,255,255,402877386803.1991
1791120400363708,2026-10-04T13:26:40.363708+00:00,162,18,3445443541,1,14,40,354847485,50050050,255,255,255,255,402877401847.1891
1791120400378458,2026-10-04T13:26:40.378458+00:00,162,83,3445458283,1,14,40,354847485,50050050,255,255,255,255,402877416597.17926
1791120400379041,2026-10-04T13:26:40.379041+00:00,162,18,3445458892,1,14,40,354847485,50050050,255,255,255,255,402877417180.1789
1791120400394106,2026-10-04T13:26:40.394106+00:00,162,18,3445473935,1,14,40,354847485,50050050,255,255,255,255,402877432245.1688
1791120400408687,2026-10-04T13:26:40.408687+00:00,162,18,3445488527,1,14,40,354847485,50050050,255,255,255,255,402877446826.1591
1791120400423770,2026-10-04T13:26:40.423770+00:00,162,18,3445503593,1,14,40,354847485,50050050,255,255,255,255,402877461909.1491
1791120400438723,2026-10-04T13:26:40.438723+00:00,162,18,3445518560,1,14,40,354847485,50050050,255,255,255,255,402877476862.1391
1791120400453724,2026-10-04T13:26:40.453724+00:00,162,18,3445533565,1,14,40,354847485,50050050,255,255,255,255,402877491863.12915
1791120400468830,2026-10-04T13:26:40.468830+00:00,162,18,3445548665,1,14,40,354847485,50050050,255,255,255,255,402877506969.1191
1791120400483705,2026-10-04T13:26:40.483705+00:00,162,18,3445563526,1,14,40,354847485,50050050,255,255,255,255,402877521844.1092
1791120400491269,2026-10-04T13:26:40.491269+00:00,162,83,3445571091,1,14,40,354847485,50050050,255,255,255,255,402877529408.1041
1791120400498705,2026-10-04T13:26:40.498705+00:00,162,18,3445578538,1,14,40,354847485,50050050,255,255,255,255,402877536844.0992
1791120400513759,2026-10-04T13:26:40.513759+00:00,162,18,3445593576,1,14,40,354847485,50050050,255,255,255,255,402877551898.0892
1791120400528779,2026-10-04T13:26:40.528779+00:00,162,18,3445608595,1,14,40,354847485,50050050,255,255,255,255,402877566918.07916
1791120400543905,2026-10-04T13:26:40.543905+00:00,162,18,3445623725,1,14,40,354847485,50050050,255,255,255,255,402877582044.0691
1791120400558872,2026-10-04T13:26:40.558872+00:00,162,18,3445638693,1,14,40,354847485,50050050,255,255,255,255,402877597011.0591
1791120400573710,2026-10-04T13:26:40.573710+00:00,162,18,3445653523,1,14,40,354847485,50050050,255,255,255,255,402877611849.0492
1791120400588700,2026-10-04T13:26:40.588700+00:00,162,18,3445668524,1,14,40,354847485,50050050,255,255,255,255,402877626839.03925
1791120400603782,2026-10-04T13:26:40.603782+00:00,162,18,3445683589,1,14,40,354847485,50050050,255,255,255,255,402877641921.0292
1791120400618820,2026-10-04T13:26:40.618820+00:00,162,18,3445698635,1,14,40,354847485,50050050,255,255,255,255,402877656959.01917
1791120400624615,2026-10-04T13:26:40.624615+00:00,162,83,3445704396,1,14,40,354847485,50050050,255,255,255,255,402877662754.0153
1791120400634948,2026-10-04T13:26:40.634948+00:00,162,18,3445714768,1,14,40,354847485,50050050,255,255,255,255,402877673087.0084
1791120400648806,2026-10-04T13:26:40.648806+00:00,162,18,3445728629,1,14,40,354847485,50050050,255,255,255,255,402877686944.9992
1791120400663740,2026-10-04T13:26:40.663740+00:00,162,18,3445743566,1,14,40,354847485,50050050,255,255,255,255,402877701878.98926
1791120400678788,2026-10-04T13:26:40.678788+00:00,162,18,3445758607,1,14,40,354847485,50050050,255,255,255,255,402877716926.97925
1791120400693980,2026-10-04T13:26:40.693980+00:00,162,18,3445773802,1,14,40,354847485,50050050,255,255,255,255,402877732118.9691
1791120400708764,2026-10-04T13:26:40.708764+00:00,162,18,3445788589,1,14,40,354847485,50050050,255,255,255,255,402877746902.9593
1791120400723793,2026-10-04T13:26:40.723793+00:00,162,18,3445803617,1,14,40,354847485,50050050,255,255,255,255,402877761931.9493
1791120400738819,2026-10-04T13:26:40.738819+00:00,162,18,3445818638,1,14,40,354847485,50050050,255,255,255,255,402877776957.9393
1791120400753780,2026-10-04T13:26:40.753780+00:00,162,18,3445833606,1,14,40,354847485,50050050,255,255,255,255,402877791918.92926
1791120400763161,2026-10-04T13:26:40.763161+00:00,162,83,3445842975,1,14,40,354847485,50050050,255,255,255,255,402877801299.92303
1791120400768827,2026-10-04T13:26:40.768827+00:00,162,18,3445848647,1,14,40,354847485,50050050,255,255,255,255,402877806965.91925
1791120400783929,2026-10-04T13:26:40.783929+00:00,162,18,3445863720,1,14,40,354847485,50050050,255,255,255,255,402877822067.9092
1791120400798812,2026-10-04T13:26:40.798812+00:00,162,18,3445878634,1,14,40,354847485,50050050,255,255,255,255,402877836950.8993
1791120400813773,2026-10-04T13:26:40.813773+00:00,162,18,3445893586,1,14,40,354847485,50050050,255,255,255,255,402877851911.88934
1791120400828851,2026-10-04T13:26:40.828851+00:00,162,18,3445908658,1,14,40,354847485,50050050,255,255,255,255,402877866989.8793
1791120400845110,2026-10-04T13:26:40.845110+00:00,162,18,3445924740,1,14,40,354847485,50050050,255,255,255,255,402877883248.86847
1791120400858740,2026-10-04T13:26:40.858740+00:00,162,18,3445938515,1,14,40,354847485,50050050,255,255,255,255,402877896878.8594
1791120400873761,2026-10-04T13:26:40.873761+00:00,162,18,3445953569,1,14,40,354847485,50050050,255,255,255,255,402877911899.84937
1791120400888908,2026-10-04T13:26:40.888908+00:00,162,18,3445968706,1,14,40,354847485,50050050,255,255,255,255,402877927046.8393
1791120400898708,2026-10-04T13:26:40.898708+00:00,162,83,3445978517,1,14,40,354847485,50050050,255,255,255,255,402877936846.83276
1791120400903776,2026-10-04T13:26:40.903776+00:00,162,18,3445983604,1,14,40,354847485,50050050,255,255,255,255,402877941914.8294
1791120400918768,2026-10-04T13:26:40.918768+00:00,162,18,3445998603,1,14,40,354847485,50050050,255,255,255,255,402877956906.8194
1791120400933826,2026-10-04T13:26:40.933826+00:00,162,18,3446013633,1,14,40,354847485,50050050,255,255,255,255,402877971964.8094
1791120400948986,2026-10-04T13:26:40.948986+00:00,162,18,3446028799,1,14,40,354847485,50050050,255,255,255,255,402877987124.79926
1791120400963763,2026-10-04T13:26:40.963763+00:00,162,18,3446043590,1,14,40,354847485,50050050,255,255,255,255,402878001901.7894
1791120400978783,2026-10-04T13:26:40.978783+00:00,162,18,3446058590,1,14,40,354847485,50050050,255,255,255,255,402878016921.7794
1791120400993723,2026-10-04T13:26:40.993723+00:00,162,18,3446073549,1,14,40,354847485,50050050,255,255,255,255,402878031861.7695
1791120401008754,2026-10-04T13:26:41.008754+00:00,162,18,3446088564,1,14,40,354847485,50050050,255,255,255,255,402878046892.75946
1791120401023901,2026-10-04T13:26:41.023901+00:00,162,18,3446103694,1,14,40,354847485,50050050,255,255,255,255,402878062039.7494
1791120401033472,2026-10-04T13:26:41.033472+00:00,162,83,3446113279,1,14,40,354847485,50050050,255,255,255,255,402878071610.743
1791120401038703,2026-10-04T13:26:41.038703+00:00,162,18,3446118535,1,14,40,354847485,50050050,255,255,255,255,402878076841.7395
1791120401053850,2026-10-04T13:26:41.053850+00:00,162,18,3446133671,1,14,40,354847485,50050050,255,255,255,255,402878091988.72943
1791120401068772,2026-10-04T13:26:41.068772+00:00,162,18,3446148584,1,14,40,354847485,50050050,255,255,255,255,402878106910.7195
1791120401083767,2026-10-04T13:26:41.083767+00:00,162,18,3446163577,1,14,40,354847485,50050050,255,255,255,255,402878121905.70953
1791120401098723,2026-10-04T13:26:41.098723+00:00,162,18,3446178543,1,14,40,354847485,50050050,255,255,255,255,402878136861.6995
1791120401113895,2026-10-04T13:26:41.113895+00:00,162,18,3446193697,1,14,40,354847485,50050050,255,255,255,255,402878152033.68945
1791120401128897,2026-10-04T13:26:41.128897+00:00,162,18,3446208680,1,14,40,354847485,50050050,255,255,255,255,402878167035.67944
1791120401143801,2026-10-04T13:26:41.143801+00:00,162,18,3446223611,1,14,40,354847485,50050050,255,255,255,255,402878181939.66956
1791120401158875,2026-10-04T13:26:41.158875+00:00,162,18,3446238632,1,14,40,354847485,50050050,255,255,255,255,402878197013.6595
1791120401166499,2026-10-04T13:26:41.166499+00:00,162,83,3446246281,1,14,40,354847485,50050050,255,255,255,255,402878204637.6544
1791120401173924,2026-10-04T13:26:41.173924+00:00,162,18,3446253744,1,14,40,354847485,50050050,255,255,255,255,402878212062.6495
1791120401188812,2026-10-04T13:26:41.188812+00:00,162,18,3446268636,1,14,40,354847485,50050050,255,255,255,255,402878226950.6395
1791120401203712,2026-10-04T13:26:41.203712+00:00,162,18,3446283535,1,14,40,354847485,50050050,255,255,255,255,402878241850.62964
1791120401218980,2026-10-04T13:26:41.218980+00:00,162,18,3446298791,1,14,40,354847485,50050050,255,255,255,255,402878257118.61945
1791120401233926,2026-10-04T13:26:41.233926+00:00,162,18,3446313753,1,14,40,354847485,50050050,255,255,255,255,402878272064.6095
1791120401248912,2026-10-04T13:26:41.248912+00:00,162,18,3446328730,1,15,40,357850512,50050050,255,255,255,255,402878287050.59955
1791120401256418,2026-10-04T13:26:41.256418+00:00,162,18,3446336159,1,15,40,357850512,50050050,255,255,255,255,402878294556.59454
1791120401263740,2026-10-04T13:26:41.263740+00:00,162,18,3446343565,1,15,40,357850512,50050050,255,255,255,255,402878301878.58966
1791120401278757,2026-10-04T13:26:41.278757+00:00,162,18,3446358570,1,15,40,357850512,50050050,255,255,255,255,402878316895.57965
1791120401293993,2026-10-04T13:26:41.293993+00:00,162,18,3446373801,1,15,40,357850512,50050050,255,255,255,255,402878332131.5695
1791120401307046,2026-10-04T13:26:41.307046+00:00,162,83,3446386857,1,15,40,357850512,50050050,255,255,255,255,402878345184.5608
1791120401308748,2026-10-04T13:26:41.308748+00:00,162,18,3446388588,1,15,40,357850512,50050050,255,255,255,255,402878346886.5597
1791120401323805,2026-10-04T13:26:41.323805+00:00,162,18,3446403629,1,15,40,357850512,50050050,255,255,255,255,402878361943.5496
1791120401338715,2026-10-04T13:26:41.338715+00:00,162,18,3446418531,1,15,40,357850512,50050050,255,255,255,255,402878376853.53973
1791120401353712,2026-10-04T13:26:41.353712+00:00,162,18,3446433524,1,15,40,357850512,50050050,255,255,255,255,402878391850.5297
1791120401362476,2026-10-04T13:26:41.362476+00:00,162,18,3446442292,1,15,40,357850512,50050050,255,255,255,255,402878400614.52386
1791120401376275,2026-10-04T13:26:41.376275+00:00,162,18,3446456085,1,15,40,357850512,50050050,255,255,255,255,402878414413.5147
1791120401391392,2026-10-04T13:26:41.391392+00:00,162,18,3446471065,1,15,40,357850512,50050050,255,255,255,255,402878429530.50464
1791120401406444,2026-10-04T13:26:41.406444+00:00,162,18,3446486265,1,15,40,357850512,50050050,255,255,255,255,402878444582.4946
1791120401421243,2026-10-04T13:26:41.421243+00:00,162,18,3446501065,1,15,40,357850512,50050050,255,255,255,255,402878459381.48474
1791120401436288,2026-10-04T13:26:41.436288+00:00,162,18,3446516117,1,15,40,357850512,50050050,255,255,255,255,402878474426.47473
1791120401437952,2026-10-04T13:26:41.437952+00:00,162,83,3446517761,1,15,40,357850512,50050050,255,255,255,255,402878476090.47363
1791120401451476,2026-10-04T13:26:41.451476+00:00,162,18,3446531245,1,15,40,357850512,50050050,255,255,255,255,402878489614.4646
1791120401467390,2026-10-04T13:26:41.467390+00:00,162,18,3446547217,1,15,40,357850512,50050050,255,255,255,255,402878505528.454
1791120401481274,2026-10-04T13:26:41.481274+00:00,162,18,3446561097,1,15,40,357850512,50050050,255,255,255,255,402878519412.44476
1791120401496299,2026-10-04T13:26:41.496299+00:00,162,18,3446576115,1,15,40,357850512,50050050,255,255,255,255,402878534437.43475
1791120401511188,2026-10-04T13:26:41.511188+00:00,162,18,3446591014,1,15,40,357850512,50050050,255,255,255,255,402878549326.42487
1791120401527476,2026-10-04T13:26:41.527476+00:00,162,18,3446607292,1,15,40,357850512,50050050,255,255,255,255,402878565614.414
1791120401541206,2026-10-04T13:26:41.541206+00:00,162,18,3446621029,1,15,40,357850512,50050050,255,255,255,255,402878579344.40485
1791120401556249,2026-10-04T13:26:41.556249+00:00,162,18,3446636052,1,15,40,357850512,50050050,255,255,255,255,402878594387.39484
1791120401571251,2026-10-04T13:26:41.571251+00:00,162,18,3446651060,1,15,40,357850512,50050050,255,255,255,255,402878609389.3848
1791120401574465,2026-10-04T13:26:41.574465+00:00,162,83,3446654263,1,15,40,357850512,50050050,255,255,255,255,402878612603.3827
1791120401586714,2026-10-04T13:26:41.586714+00:00,162,18,3446666439,1,15,40,357850512,50050050,255,255,255,255,402878624852.3745
1791120401601288,2026-10-04T13:26:41.601288+00:00,162,18,3446681105,1,15,40,357850512,50050050,255,255,255,255,402878639426.3648
1791120401616245,2026-10-04T13:26:41.616245+00:00,162,18,3446696055,1,15,40,357850512,50050050,255,255,255,255,402878654383.35486
1791120401631220,2026-10-04T13:26:41.631220+00:00,162,18,3446711022,1,15,40,357850512,50050050,255,255,255,255,402878669358.3449
1791120401646314,2026-10-04T13:26:41.646314+00:00,162,18,3446726136,1,15,40,357850512,50050050,255,255,255,255,402878684452.33484
1791120401661155,2026-10-04T13:26:41.661155+00:00,162,18,3446740983,1,15,40,357850512,50050050,255,255,255,255,402878699293.32495
1791120401676219,2026-10-04T13:26:41.676219+00:00,162,18,3446756031,1,15,40,357850512,50050050,255,255,255,255,402878714357.31494
1791120401691235,2026-10-04T13:26:41.691235+00:00,162,18,3446771048,1,15,40,357850512,50050050,255,255,255,255,402878729373.30493
1791120401702554,2026-10-04T13:26:41.702554+00:00,162,83,3446782328,1,15,40,357850512,50050050,255,255,255,255,402878740692.29736
1791120401706172,2026-10-04T13:26:41.706172+00:00,162,18,3446786006,1,15,40,357850512,50050050,255,255,255,255,402878744310.295
1791120401721347,2026-10-04T13:26:41.721347+00:00,162,18,3446801181,1,15,40,357850512,50050050,255,255,255,255,402878759485.28485
1791120401736465,2026-10-04T13:26:41.736465+00:00,162,18,3446816279,1,15,40,357850512,50050050,255,255,255,255,402878774603.2748
1791120401751354,2026-10-04T13:26:41.751354+00:00,162,18,3446831166,1,15,40,357850512,50050050,255,255,255,255,402878789492.2649
1791120401766315,2026-10-04T13:26:41.766315+00:00,162,18,3446846129,1,15,40,357850512,50050050,255,255,255,255,402878804453.25494
1791120401781153,2026-10-04T13:26:41.781153+00:00,162,18,3446860978,1,15,40,357850512,50050050,255,255,255,255,402878819291.24506
1791120401796286,2026-10-04T13:26:41.796286+00:00,162,18,3446876111,1,15,40,357850512,50050050,255,255,255,255,402878834424.235
1791120401811381,2026-10-04T13:26:41.811381+00:00,162,18,3446891202,1,15,40,357850512,50050050,255,255,255,255,402878849519.2249
1791120401826245,2026-10-04T13:26:41.826245+00:00,162,18,3446906053,1,15,40,357850512,50050050,255,255,255,255,402878864383.215
1791120401837249,2026-10-04T13:26:41.837249+00:00,162,83,3446917044,1,15,40,357850512,50050050,255,255,255,255,402878875387.2077
1791120401841324,2026-10-04T13:26:41.841324+00:00,162,18,3446921147,1,15,40,357850512,50050050,255,255,255,255,402878879462.20496
1791120401856212,2026-10-04T13:26:41.856212+00:00,162,18,3446936040,1,15,40,357850512,50050050,255,255,255,255,402878894350.19507
1791120401871234,2026-10-04T13:26:41.871234+00:00,162,18,3446951058,1,15,40,357850512,50050050,255,255,255,255,402878909372.18506
1791120401886561,2026-10-04T13:26:41.886561+00:00,162,18,3446966368,1,15,40,357850512,50050050,255,255,255,255,402878924699.1748
1791120401894838,2026-10-04T13:26:41.894838+00:00,162,18,3446974672,1,15,40,357850512,50050050,255,255,255,255,402878932976.1693
1791120401908697,2026-10-04T13:26:41.908697+00:00,162,18,3446988516,1,15,40,357850512,50050050,255,255,255,255,402878946835.1601
1791120401925020,2026-10-04T13:26:41.925020+00:00,162,18,3447004842,1,15,40,357850512,50050050,255,255,255,255,402878963158.14923
1791120401939017,2026-10-04T13:26:41.939017+00:00,162,18,3447018825,1,15,40,357850512,50050050,255,255,255,255,402878977155.1399
1791120401953716,2026-10-04T13:26:41.953716+00:00,162,18,3447033542,1,15,40,357850512,50050050,255,255,255,255,402878991854.1301
1791120401968828,2026-10-04T13:26:41.968828+00:00,162,18,3447048641,1,15,40,357850512,50050050,255,255,255,255,402879006966.12006
1791120401977127,2026-10-04T13:26:41.977127+00:00,162,83,3447056949,1,15,40,357850512,50050050,255,255,255,255,402879015265.1145
1791120401983667,2026-10-04T13:26:41.983667+00:00,162,18,3447063490,1,15,40,357850512,50050050,255,255,255,255,402879021805.11017
1791120401992512,2026-10-04T13:26:41.992512+00:00,162,18,3447072334,1,15,40,357850512,50050050,255,255,255,255,402879030650.10425
1791120402006180,2026-10-04T13:26:42.006180+00:00,162,18,3447086004,1,15,40,357850512,50050050,255,255,255,255,402879044318.09515
1791120402021305,2026-10-04T13:26:42.021305+00:00,162,18,3447101126,1,15,40,357850512,50050050,255,255,255,255,402879059443.0851
1791120402036230,2026-10-04T13:26:42.036230+00:00,162,18,3447116046,1,15,40,357850512,50050050,255,255,255,255,402879074368.07513
1791120402051213,2026-10-04T13:26:42.051213+00:00,162,18,3447131038,1,15,40,357850512,50050050,255,255,255,255,402879089351.0652
1791120402066219,2026-10-04T13:26:42.066219+00:00,162,18,3447146045,1,15,40,357850512,50050050,255,255,255,255,402879104357.0552
1791120402081265,2026-10-04T13:26:42.081265+00:00,162,18,3447161071,1,15,40,357850512,50050050,255,255,255,255,402879119403.04517
1791120402096563,2026-10-04T13:26:42.096563+00:00,162,18,3447176390,1,15,40,357850512,50050050,255,255,255,255,402879134701.035
1791120402111444,2026-10-04T13:26:42.111444+00:00,162,18,3447191261,1,15,40,357850512,50050050,255,255,255,255,402879149582.025
1791120402117457,2026-10-04T13:26:42.117457+00:00,162,83,3447197268,1,15,40,357850512,50050050,255,255,255,255,402879155595.02106
1791120402126272,2026-10-04T13:26:42.126272+00:00,162,18,3447206095,1,15,40,357850512,50050050,255,255,255,255,402879164410.0152
1791120402141332,2026-10-04T13:26:42.141332+00:00,162,18,3447221154,1,15,40,357850512,50050050,255,255,255,255,402879179470.0051
1791120402156292,2026-10-04T13:26:42.156292+00:00,162,18,3447236115,1,15,40,357850512,50050050,255,255,255,255,402879194429.9952
1791120402171277,2026-10-04T13:26:42.171277+00:00,162,18,3447251091,1,15,40,357850512,50050050,255,255,255,255,402879209414.9852
1791120402186354,2026-10-04T13:26:42.186354+00:00,162,18,3447266165,1,15,40,357850512,50050050,255,255,255,255,402879224491.97516
1791120402201290,2026-10-04T13:26:42.201290+00:00,162,18,3447281121,1,15,40,357850512,50050050,255,255,255,255,402879239427.9652
1791120402216502,2026-10-04T13:26:42.216502+00:00,162,18,3447296296,1,15,40,357850512,50050050,255,255,255,255,402879254639.9551
1791120402231265,2026-10-04T13:26:42.231265+00:00,162,18,3447311078,1,15,40,357850512,50050050,255,255,255,255,402879269402.94525
1791120402246403,2026-10-04T13:26:42.246403+00:00,162,18,3447326204,1,15,40,357850512,50050050,255,255,255,255,402879284540.9352
1791120402255586,2026-10-04T13:26:42.255586+00:00,162,83,3447335290,1,16,40,360903036,50050050,255,255,255,255,402879293723.9291
1791120402261358,2026-10-04T13:26:42.261358+00:00,162,18,3447341185,1,16,40,360903036,50050050,255,255,255,255,402879299495.92523
1791120402261992,2026-10-04T13:26:42.261992+00:00,162,18,3447341829,1,16,40,360903036,50050050,255,255,255,255,402879300129.9248
1791120402276190,2026-10-04T13:26:42.276190+00:00,162,18,3447356019,1,16,40,360903036,50050050,255,255,255,255,402879314327.91534
1791120402291310,2026-10-04T13:26:42.291310+00:00,162,18,3447371139,1,16,40,360903036,50050050,255,255,255,255,402879329447.9053
1791120402306367,2026-10-04T13:26:42.306367+00:00,162,18,3447386044,1,16,40,360903036,50050050,255,255,255,255,402879344504.8952
1791120402321662,2026-10-04T13:26:42.321662+00:00,162,18,3447401478,1,16,40,360903036,50050050,255,255,255,255,402879359799.8851
1791120402336289,2026-10-04T13:26:42.336289+00:00,162,18,3447416107,1,16,40,360903036,50050050,255,255,255,255,402879374426.8753
1791120402351372,2026-10-04T13:26:42.351372+00:00,162,18,3447431011,1,16,40,360903036,50050050,255,255,255,255,402879389509.86523
1791120402366214,2026-10-04T13:26:42.366214+00:00,162,18,3447446035,1,16,40,360903036,50050050,255,255,255,255,402879404351.85535
1791120402381401,2026-10-04T13:26:42.381401+00:00,162,18,3447461066,1,16,40,360903036,50050050,255,255,255,255,402879419538.8453
1791120402396306,2026-10-04T13:26:42.396306+00:00,162,18,3447476132,1,16,40,360903036,50050050,255,255,255,255,402879434443.8353
1791120402399807,2026-10-04T13:26:42.399807+00:00,162,83,3447479554,1,16,40,360903036,50050050,255,255,255,255,402879437944.833
1791120402411416,2026-10-04T13:26:42.411416+00:00,162,18,3447491239,1,16,40,360903036,50050050,255,255,255,255,402879449553.82526
1791120402426237,2026-10-04T13:26:42.426237+00:00,162,18,3447506059,1,16,40,360903036,50050050,255,255,255,255,402879464374.81537
1791120402434864,2026-10-04T13:26:42.434864+00:00,162,18,3447514679,1,16,40,360903036,50050050,255,255,255,255,402879473001.80963
1791120402448960,2026-10-04T13:26:42.448960+00:00,162,18,3447528781,1,16,40,360903036,50050050,255,255,255,255,402879487097.80023
1791120402463818,2026-10-04T13:26:42.463818+00:00,162,18,3447543640,1,16,40,360903036,50050050,255,255,255,255,402879501955.79034
1791120402478710,2026-10-04T13:26:42.478710+00:00,162,18,3447558485,1,16,40,360903036,50050050,255,255,255,255,402879516847.78046
1791120402493714,2026-10-04T13:26:42.493714+00:00,162,18,3447573537,1,16,40,360903036,50050050,255,255,255,255,402879531851.77045
1791120402508770,2026-10-04T13:26:42.508770+00:00,162,18,3447588585,1,16,40,360903036,50050050,255,255,255,255,402879546907.76044
1791120402523721,2026-10-04T13:26:42.523721+00:00,162,18,3447603539,1,16,40,360903036,50050050,255,255,255,255,402879561858.7505
1791120402529620,2026-10-04T13:26:42.529620+00:00,162,83,3447609425,1,16,40,360903036,50050050,255,255,255,255,402879567757.7465
1791120402538773,2026-10-04T13:26:42.538773+00:00,162,18,3447618607,1,16,40,360903036,50050050,255,255,255,255,402879576910.7404
1791120402553886,2026-10-04T13:26:42.553886+00:00,162,18,3447633718,1,16,40,360903036,50050050,255,255,255,255,402879592023.7304
1791120402568881,2026-10-04T13:26:42.568881+00:00,162,18,3447648675,1,16,40,360903036,50050050,255,255,255,255,402879607018.7204
1791120402583754,2026-10-04T13:26:42.583754+00:00,162,18,3447663567,1,16,40,360903036,50050050,255,255,255,255,402879621891.7105
1791120402598708,2026-10-04T13:26:42.598708+00:00,162,18,3447678533,1,16,40,360903036,50050050,255,255,255,255,402879636845.7005
1791120402614895,2026-10-04T13:26:42.614895+00:00,162,18,3447694720,1,16,40,360903036,50050050,255,255,255,255,402879653032.68976
1791120402628728,2026-10-04T13:26:42.628728+00:00,162,18,3447708511,1,16,40,360903036,50050050,255,255,255,255,402879666865.68054
1791120402643855,2026-10-04T13:26:42.643855+00:00,162,18,3447723667,1,16,40,360903036,50050050,255,255,255,255,402879681992.6705
1791120402658754,2026-10-04T13:26:42.658754+00:00,162,18,3447738562,1,16,40,360903036,50050050,255,255,255,255,402879696891.6605
1791120402660439,2026-10-04T13:26:42.660439+00:00,162,83,3447740204,1,16,40,360903036,50050050,255,255,255,255,402879698576.6594
1791120402673702,2026-10-04T13:26:42.673702+00:00,162,18,3447753529,1,16,40,360903036,50050050,255,255,255,255,402879711839.6506
1791120402688670,2026-10-04T13:26:42.688670+00:00,162,18,3447768496,1,16,40,360903036,50050050,255,255,255,255,402879726807.6406
1791120402703750,2026-10-04T13:26:42.703750+00:00,162,18,3447783556,1,16,40,360903036,50050050,255,255,255,255,402879741887.63055
1791120402718674,2026-10-04T13:26:42.718674+00:00,162,18,3447798495,1,16,40,360903036,50050050,255,255,255,255,402879756811.6206
1791120402733696,2026-10-04T13:26:42.733696+00:00,162,18,3447813520,1,16,40,360903036,50050050,255,255,255,255,402879771833.6106
1791120402749004,2026-10-04T13:26:42.749004+00:00,162,18,3447828812,1,16,40,360903036,50050050,255,255,255,255,402879787141.6004
1791120402763838,2026-10-04T13:26:42.763838+00:00,162,18,3447843618,1,16,40,360903036,50050050,255,255,255,255,402879801975.5906
1791120402786190,2026-10-04T13:26:42.786190+00:00,162,18,3447866015,1,16,40,360903036,50050050,255,255,255,255,402879824327.5757
1791120402795168,2026-10-04T13:26:42.795168+00:00,162,18,3447874782,1,16,40,360903036,50050050,255,255,255,255,402879833305.5697
1791120402800262,2026-10-04T13:26:42.800262+00:00,162,83,3447880074,1,16,40,360903036,50050050,255,255,255,255,402879838399.5663
1791120402809839,2026-10-04T13:26:42.809839+00:00,162,18,3447889668,1,16,40,360903036,50050050,255,255,255,255,402879847976.55994
1791120402823661,2026-10-04T13:26:42.823661+00:00,162,18,3447903482,1,16,40,360903036,50050050,255,255,255,255,402879861798.5507
1791120402838945,2026-10-04T13:26:42.838945+00:00,162,18,3447918751,1,16,40,360903036,50050050,255,255,255,255,402879877082.5405
1791120402853825,2026-10-04T13:26:42.853825+00:00,162,18,3447933641,1,16,40,360903036,50050050,255,255,255,255,402879891962.53064
1791120402876399,2026-10-04T13:26:42.876399+00:00,162,18,3447956093,1,16,40,360903036,50050050,255,255,255,255,402879914536.51556
1791120402891159,2026-10-04T13:26:42.891159+00:00,162,18,3447970991,1,16,40,360903036,50050050,255,255,255,255,402879929296.50574
1791120402899846,2026-10-04T13:26:42.899846+00:00,162,18,3447979641,1,16,40,360903036,50050050,255,255,255,255,402879937983.49994
1791120402913829,2026-10-04T13:26:42.913829+00:00,162,18,3447993634,1,16,40,360903036,50050050,255,255,255,255,402879951966.49066
1791120402928716,2026-10-04T13:26:42.928716+00:00,162,18,3448008532,1,16,40,360903036,50050050,255,255,255,255,402879966853.4807
1791120402937596,2026-10-04T13:26:42.937596+00:00,162,18,3448017419,1,16,40,360903036,50050050,255,255,255,255,402879975733.4748
1791120402948863,2026-10-04T13:26:42.948863+00:00,162,83,3448028680,1,16,40,360903036,50050050,255,255,255,255,402879987000.4673
1791120402951252,2026-10-04T13:26:42.951252+00:00,162,18,3448030985,1,16,40,360903036,50050050,255,255,255,255,402879989389.4657
1791120402966217,2026-10-04T13:26:42.966217+00:00,162,18,3448046039,1,16,40,360903036,50050050,255,255,255,255,402880004354.45575
1791120402981302,2026-10-04T13:26:42.981302+00:00,162,18,3448061123,1,16,40,360903036,50050050,255,255,255,255,402880019439.44574
1791120402996288,2026-10-04T13:26:42.996288+00:00,162,18,3448076108,1,16,40,360903036,50050050,255,255,255,255,402880034425.4357
1791120403011216,2026-10-04T13:26:43.011216+00:00,162,18,3448091027,1,16,40,360903036,50050050,255,255,255,255,402880049353.4258
1791120403026213,2026-10-04T13:26:43.026213+00:00,162,18,3448105986,1,16,40,360903036,50050050,255,255,255,255,402880064350.4158
1791120403034800,2026-10-04T13:26:43.034800+00:00,162,18,3448114600,1,16,40,360903036,50050050,255,255,255,255,402880072937.4101
1791120403048661,2026-10-04T13:26:43.048661+00:00,162,18,3448128490,1,16,40,360903036,50050050,255,255,255,255,402880086798.4008
1791120403063706,2026-10-04T13:26:43.063706+00:00,162,18,3448143513,1,16,40,360903036,50050050,255,255,255,255,402880101843.3908
1791120403078856,2026-10-04T13:26:43.078856+00:00,162,18,3448158692,1,16,40,360903036,50050050,255,255,255,255,402880116993.38074
1791120403093744,2026-10-04T13:26:43.093744+00:00,162,18,3448173560,1,16,40,360903036,50050050,255,255,255,255,402880131881.37085
1791120403101153,2026-10-04T13:26:43.101153+00:00,162,83,3448180995,1,16,40,360903036,50050050,255,255,255,255,402880139290.3659
1791120403108702,2026-10-04T13:26:43.108702+00:00,162,18,3448188528,1,16,40,360903036,50050050,255,255,255,255,402880146839.36084
1791120403123658,2026-10-04T13:26:43.123658+00:00,162,18,3448203483,1,16,40,360903036,50050050,255,255,255,255,402880161795.3509
1791120403138772,2026-10-04T13:26:43.138772+00:00,162,18,3448218608,1,16,40,360903036,50050050,255,255,255,255,402880176909.3408
1791120403153728,2026-10-04T13:26:43.153728+00:00,162,18,3448233542,1,16,40,360903036,50050050,255,255,255,255,402880191865.3309
1791120403168811,2026-10-04T13:26:43.168811+00:00,162,18,3448248630,1,16,40,360903036,50050050,255,255,255,255,402880206948.3208
1791120403183784,2026-10-04T13:26:43.183784+00:00,162,18,3448263602,1,16,40,360903036,50050050,255,255,255,255,402880221921.31085
1791120403198719,2026-10-04T13:26:43.198719+00:00,162,18,3448278527,1,16,40,360903036,50050050,255,255,255,255,402880236856.3009
1791120403213717,2026-10-04T13:26:43.213717+00:00,162,18,3448293519,1,16,40,360903036,50050050,255,255,255,255,402880251854.2909
1791120403228801,2026-10-04T13:26:43.228801+00:00,162,18,3448308624,1,16,40,360903036,50050050,255,255,255,255,402880266938.2809
1791120403230033,2026-10-04T13:26:43.230033+00:00,162,83,3448309870,1,16,40,360903036,50050050,255,255,255,255,402880268170.28
1791120403243749,2026-10-04T13:26:43.243749+00:00,162,18,3448323564,1,16,40,360903036,50050050,255,255,255,255,402880281886.27094
1791120403258845,2026-10-04T13:26:43.258845+00:00,162,18,3448338674,1,17,40,363905808,50050050,255,255,255,255,402880296982.26086
1791120403266225,2026-10-04T13:26:43.266225+00:00,162,18,3448346050,1,17,40,363905808,50050050,255,255,255,255,402880304362.2559
1791120403273691,2026-10-04T13:26:43.273691+00:00,162,18,3448353514,1,17,40,363905808,50050050,255,255,255,255,402880311828.251
1791120403288677,2026-10-04T13:26:43.288677+00:00,162,18,3448368506,1,17,40,363905808,50050050,255,255,255,255,402880326814.24097
1791120403303689,2026-10-04T13:26:43.303689+00:00,162,18,3448383516,1,17,40,363905808,50050050,255,255,255,255,402880341826.231
1791120403318627,2026-10-04T13:26:43.318627+00:00,162,18,3448398459,1,17,40,363905808,50050050,255,255,255,255,402880356764.22107
1791120403333668,2026-10-04T13:26:43.333668+00:00,162,18,3448413498,1,17,40,363905808,50050050,255,255,255,255,402880371805.211
1791120403348847,2026-10-04T13:26:43.348847+00:00,162,18,3448428648,1,17,40,363905808,50050050,255,255,255,255,402880386984.2009
1791120403363775,2026-10-04T13:26:43.363775+00:00,162,18,3448443595,1,17,40,363905808,50050050,255,255,255,255,402880401912.191
1791120403370513,2026-10-04T13:26:43.370513+00:00,162,83,3448450332,1,17,40,363905808,50050050,255,255,255,255,402880408650.18646
1791120403378673,2026-10-04T13:26:43.378673+00:00,162,18,3448458494,1,17,40,363905808,50050050,255,255,255,255,402880416810.181
1791120403393744,2026-10-04T13:26:43.393744+00:00,162,18,3448473557,1,17,40,363905808,50050050,255,255,255,255,402880431881.171
1791120403408699,2026-10-04T13:26:43.408699+00:00,162,18,3448488515,1,17,40,363905808,50050050,255,255,255,255,402880446836.1611
1791120403417820,2026-10-04T13:26:43.417820+00:00,162,18,3448497629,1,17,40,363905808,50050050,255,255,255,255,402880455957.15497
1791120403431445,2026-10-04T13:26:43.431445+00:00,162,18,3448511259,1,17,40,363905808,50050050,255,255,255,255,402880469582.14594
1791120403446380,2026-10-04T13:26:43.446380+00:00,162,18,3448526054,1,17,40,363905808,50050050,255,255,255,255,402880484517.136
1791120403461159,2026-10-04T13:26:43.461159+00:00,162,18,3448540976,1,17,40,363905808,50050050,255,255,255,255,402880499296.1261
1791120403476350,2026-10-04T13:26:43.476350+00:00,162,18,3448556129,1,17,40,363905808,50050050,255,255,255,255,402880514487.116
1791120403491468,2026-10-04T13:26:43.491468+00:00,162,18,3448571283,1,17,40,363905808,50050050,255,255,255,255,402880529605.10596
1791120403504396,2026-10-04T13:26:43.504396+00:00,162,83,3448584212,1,17,40,363905808,50050050,255,255,255,255,402880542533.0973
1791120403506186,2026-10-04T13:26:43.506186+00:00,162,18,3448586021,1,17,40,363905808,50050050,255,255,255,255,402880544323.0961
1791120403521355,2026-10-04T13:26:43.521355+00:00,162,18,3448601167,1,17,40,363905808,50050050,255,255,255,255,402880559492.086
1791120403529638,2026-10-04T13:26:43.529638+00:00,162,18,3448609462,1,17,40,363905808,50050050,255,255,255,255,402880567775.0805
1791120403543704,2026-10-04T13:26:43.543704+00:00,162,18,3448623520,1,17,40,363905808,50050050,255,255,255,255,402880581841.07117
1791120403559875,2026-10-04T13:26:43.559875+00:00,162,18,3448639686,1,17,40,363905808,50050050,255,255,255,255,402880598012.06036
1791120403573681,2026-10-04T13:26:43.573681+00:00,162,18,3448653492,1,17,40,363905808,50050050,255,255,255,255,402880611818.05115
1791120403588870,2026-10-04T13:26:43.588870+00:00,162,18,3448668703,1,17,40,363905808,50050050,255,255,255,255,402880627007.0411
1791120403603704,2026-10-04T13:26:43.603704+00:00,162,18,3448683520,1,17,40,363905808,50050050,255,255,255,255,402880641841.0312
1791120403618763,2026-10-04T13:26:43.618763+00:00,162,18,3448698570,1,17,40,363905808,50050050,255,255,255,255,402880656900.0211
1791120403633658,2026-10-04T13:26:43.633658+00:00,162,18,3448713481,1,17,40,363905808,50050050,255,255,255,255,402880671795.0112
1791120403635192,2026-10-04T13:26:43.635192+00:00,162,83,3448715012,1,17,40,363905808,50050050,255,255,255,255,402880673329.0102
1791120403648671,2026-10-04T13:26:43.648671+00:00,162,18,3448728492,1,17,40,363905808,50050050,255,255,255,255,402880686808.0012
1791120403663856,2026-10-04T13:26:43.663856+00:00,162,18,3448743674,1,17,40,363905808,50050050,255,255,255,255,402880701992.9911
1791120403678713,2026-10-04T13:26:43.678713+00:00,162,18,3448758528,1,17,40,363905808,50050050,255,255,255,255,402880716849.9812
1791120403693739,2026-10-04T13:26:43.693739+00:00,162,18,3448773549,1,17,40,363905808,50050050,255,255,255,255,402880731875.9712
1791120403709834,2026-10-04T13:26:43.709834+00:00,162,18,3448789657,1,17,40,363905808,50050050,255,255,255,255,402880747970.9605
1791120403723685,2026-10-04T13:26:43.723685+00:00,162,18,3448803512,1,17,40,363905808,50050050,255,255,255,255,402880761821.9513
1791120403738707,2026-10-04T13:26:43.738707+00:00,162,18,3448818533,1,17,40,363905808,50050050,255,255,255,255,402880776843.9413
1791120403753859,2026-10-04T13:26:43.753859+00:00,162,18,3448833636,1,17,40,363905808,50050050,255,255,255,255,402880791995.93115
1791120403767008,2026-10-04T13:26:43.767008+00:00,162,83,3448846817,1,17,40,363905808,50050050,255,255,255,255,402880805144.9224
1791120403768712,2026-10-04T13:26:43.768712+00:00,162,18,3448848546,1,17,40,363905808,50050050,255,255,255,255,402880806848.92126
1791120403783700,2026-10-04T13:26:43.783700+00:00,162,18,3448863525,1,17,40,363905808,50050050,255,255,255,255,402880821836.9113
1791120403798763,2026-10-04T13:26:43.798763+00:00,162,18,3448878583,1,17,40,363905808,50050050,255,255,255,255,402880836899.90125
1791120403813660,2026-10-04T13:26:43.813660+00:00,162,18,3448893473,1,17,40,363905808,50050050,255,255,255,255,402880851796.89136
1791120403828711,2026-10-04T13:26:43.828711+00:00,162,18,3448908516,1,17,40,363905808,50050050,255,255,255,255,402880866847.88135
1791120403844875,2026-10-04T13:26:43.844875+00:00,162,18,3448924695,1,17,40,363905808,50050050,255,255,255,255,402880883011.87054
1791120403858667,2026-10-04T13:26:43.858667+00:00,162,18,3448938479,1,17,40,363905808,50050050,255,255,255,255,402880896803.8614
1791120403873674,2026-10-04T13:26:43.873674+00:00,162,18,3448953485,1,17,40,363905808,50050050,255,255,255,255,402880911810.8514
1791120403888789,2026-10-04T13:26:43.888789+00:00,162,18,3448968604,1,17,40,363905808,50050050,255,255,255,255,402880926925.8413
1791120403904319,2026-10-04T13:26:43.904319+00:00,162,18,3448983672,1,17,40,363905808,50050050,255,255,255,255,402880942455.83093
1791120403908302,2026-10-04T13:26:43.908302+00:00,162,83,3448988090,1,17,40,363905808,50050050,255,255,255,255,402880946438.8283
1791120403918696,2026-10-04T13:26:43.918696+00:00,162,18,3448998516,1,17,40,363905808,50050050,255,255,255,255,402880956832.8214
1791120403933783,2026-10-04T13:26:43.933783+00:00,162,18,3449013615,1,17,40,363905808,50050050,255,255,255,255,402880971919.81134
1791120403942321,2026-10-04T13:26:43.942321+00:00,162,18,3449022145,1,17,40,363905808,50050050,255,255,255,255,402880980457.80566
1791120403956443,2026-10-04T13:26:43.956443+00:00,162,18,3449036260,1,17,40,363905808,50050050,255,255,255,255,402880994579.79626
1791120403972030,2026-10-04T13:26:43.972030+00:00,162,18,3449051226,1,17,40,363905808,50050050,255,255,255,255,402881010166.7859
1791120403986213,2026-10-04T13:26:43.986213+00:00,162,18,3449065961,1,17,40,363905808,50050050,255,255,255,255,402881024349.7764
1791120404001260,2026-10-04T13:26:44.001260+00:00,162,18,3449081069,1,17,40,363905808,50050050,255,255,255,255,402881039396.7664
1791120404016228,2026-10-04T13:26:44.016228+00:00,162,18,3449095984,1,17,40,363905808,50050050,255,255,255,255,402881054364.7564
1791120404031299,2026-10-04T13:26:44.031299+00:00,162,18,3449111110,1,17,40,363905808,50050050,255,255,255,255,402881069435.7464
1791120404045234,2026-10-04T13:26:44.045234+00:00,162,83,3449125041,1,17,40,363905808,50050050,255,255,255,255,402881083370.7371
1791120404046393,2026-10-04T13:26:44.046393+00:00,162,18,3449126226,1,17,40,363905808,50050050,255,255,255,255,402881084529.7363
1791120404061212,2026-10-04T13:26:44.061212+00:00,162,18,3449140969,1,17,40,363905808,50050050,255,255,255,255,402881099348.72644
1791120404076154,2026-10-04T13:26:44.076154+00:00,162,18,3449155977,1,17,40,363905808,50050050,255,255,255,255,402881114290.7165
1791120404091169,2026-10-04T13:26:44.091169+00:00,162,18,3449170995,1,17,40,363905808,50050050,255,255,255,255,402881129305.70654
1791120404106133,2026-10-04T13:26:44.106133+00:00,162,18,3449185959,1,17,40,363905808,50050050,255,255,255,255,402881144269.69653
1791120404121159,2026-10-04T13:26:44.121159+00:00,162,18,3449200986,1,17,40,363905808,50050050,255,255,255,255,402881159295.6865
1791120404136405,2026-10-04T13:26:44.136405+00:00,162,18,3449216227,1,17,40,363905808,50050050,255,255,255,255,402881174541.6764
1791120404151357,2026-10-04T13:26:44.151357+00:00,162,18,3449231004,1,17,40,363905808,50050050,255,255,255,255,402881189493.66644
1791120404166185,2026-10-04T13:26:44.166185+00:00,162,18,3449245991,1,17,40,363905808,50050050,255,255,255,255,402881204321.65656
1791120404177452,2026-10-04T13:26:44.177452+00:00,162,83,3449257262,1,17,40,363905808,50050050,255,255,255,255,402881215588.64905
1791120404181240,2026-10-04T13:26:44.181240+00:00,162,18,3449261071,1,17,40,363905808,50050050,255,255,255,255,402881219376.64655
1791120404196421,2026-10-04T13:26:44.196421+00:00,162,18,3449276249,1,17,40,363905808,50050050,255,255,255,255,402881234557.6364
1791120404211318,2026-10-04T13:26:44.211318+00:00,162,18,3449291128,1,17,40,363905808,50050050,255,255,255,255,402881249454.62646
1791120404226159,2026-10-04T13:26:44.226159+00:00,162,18,3449305973,1,17,40,363905808,50050050,255,255,255,255,402881264295.61664
1791120404241288,2026-10-04T13:26:44.241288+00:00,162,18,3449321105,1,17,40,363905808,50050050,255,255,255,255,402881279424.6065
1791120404256509,2026-10-04T13:26:44.256509+00:00,162,18,3449336327,1,17,40,363905808,50050050,255,255,255,255,402881294645.5964
1791120404271423,2026-10-04T13:26:44.271423+00:00,162,18,3449351247,1,18,40,366908808,50050050,255,255,255,255,402881309559.5865
1791120404272085,2026-10-04T13:26:44.272085+00:00,162,18,3449351929,1,18,40,366908808,50050050,255,255,255,255,402881310221.586
1791120404286161,2026-10-04T13:26:44.286161+00:00,162,18,3449365979,1,18,40,366908808,50050050,255,255,255,255,402881324297.57666
1791120404301218,2026-10-04T13:26:44.301218+00:00,162,18,3449381043,1,18,40,366908808,50050050,255,255,255,255,402881339354.5666
1791120404316182,2026-10-04T13:26:44.316182+00:00,162,18,3449396010,1,18,40,366908808,50050050,255,255,255,255,402881354318.55664
1791120404326434,2026-10-04T13:26:44.326434+00:00,162,83,3449406247,1,18,40,366908808,50050050,255,255,255,255,402881364570.5498
1791120404331112,2026-10-04T13:26:44.331112+00:00,162,18,3449410945,1,18,40,366908808,50050050,255,255,255,255,402881369248.5467
1791120404346341,2026-10-04T13:26:44.346341+00:00,162,18,3449426155,1,18,40,366908808,50050050,255,255,255,255,402881384477.53656
1791120404361229,2026-10-04T13:26:44.361229+00:00,162,18,3449440978,1,18,40,366908808,50050050,255,255,255,255,402881399365.5267
1791120404376304,2026-10-04T13:26:44.376304+00:00,162,18,3449456125,1,18,40,366908808,50050050,255,255,255,255,402881414440.5166
1791120404391438,2026-10-04T13:26:44.391438+00:00,162,18,3449471009,1,18,40,366908808,50050050,255,255,255,255,402881429574.50653
1791120404406211,2026-10-04T13:26:44.406211+00:00,162,18,3449485965,1,18,40,366908808,50050050,255,255,255,255,402881444347.4967
1791120404421482,2026-10-04T13:26:44.421482+00:00,162,18,3449501257,1,18,40,366908808,50050050,255,255,255,255,402881459618.4865
1791120404437620,2026-10-04T13:26:44.437620+00:00,162,18,3449517432,1,18,40,366908808,50050050,255,255,255,255,402881475756.47577
1791120404451161,2026-10-04T13:26:44.451161+00:00,162,18,3449530984,1,18,40,366908808,50050050,255,255,255,255,402881489297.46674
1791120404461589,2026-10-04T13:26:44.461589+00:00,162,83,3449541402,1,18,40,366908808,50050050,255,255,255,255,402881499725.4598
1791120404466259,2026-10-04T13:26:44.466259+00:00,162,18,3449546089,1,18,40,366908808,50050050,255,255,255,255,402881504395.4567
1791120404481215,2026-10-04T13:26:44.481215+00:00,162,18,3449561025,1,18,40,366908808,50050050,255,255,255,255,402881519351.4467
1791120404496370,2026-10-04T13:26:44.496370+00:00,162,18,3449576181,1,18,40,366908808,50050050,255,255,255,255,402881534506.43665
1791120404511241,2026-10-04T13:26:44.511241+00:00,162,18,3449590981,1,18,40,366908808,50050050,255,255,255,255,402881549377.42676
1791120404520456,2026-10-04T13:26:44.520456+00:00,162,18,3449599695,1,18,40,366908808,50050050,255,255,255,255,402881558592.4206
1791120404533672,2026-10-04T13:26:44.533672+00:00,162,18,3449613492,1,18,40,366908808,50050050,255,255,255,255,402881571808.4118
1791120404548815,2026-10-04T13:26:44.548815+00:00,162,18,3449628462,1,18,40,366908808,50050050,255,255,255,255,402881586951.40173
1791120404564863,2026-10-04T13:26:44.564863+00:00,162,18,3449644689,1,18,40,366908808,50050050,255,255,255,255,402881602999.39105
1791120404578667,2026-10-04T13:26:44.578667+00:00,162,18,3449658492,1,18,40,366908808,50050050,255,255,255,255,402881616803.38184
1791120404593626,2026-10-04T13:26:44.593626+00:00,162,18,3449673436,1,18,40,366908808,50050050,255,255,255,255,402881631762.3719
1791120404596373,2026-10-04T13:26:44.596373+00:00,162,83,3449676197,1,18,40,366908808,50050050,255,255,255,255,402881634509.37006
1791120404608650,2026-10-04T13:26:44.608650+00:00,162,18,3449688471,1,18,40,366908808,50050050,255,255,255,255,402881646786.3619
1791120404623659,2026-10-04T13:26:44.623659+00:00,162,18,3449703482,1,18,40,366908808,50050050,255,255,255,255,402881661795.35187
1791120404639103,2026-10-04T13:26:44.639103+00:00,162,18,3449718924,1,18,40,366908808,50050050,255,255,255,255,402881677239.34155
1791120404653655,2026-10-04T13:26:44.653655+00:00,162,18,3449733480,1,18,40,366908808,50050050,255,255,255,255,402881691791.3319
1791120404668972,2026-10-04T13:26:44.668972+00:00,162,18,3449748790,1,18,40,366908808,50050050,255,255,255,255,402881707108.32166
1791120404684772,2026-10-04T13:26:44.684772+00:00,162,18,3449764595,1,18,40,366908808,50050050,255,255,255,255,402881722908.31116
1791120404698642,2026-10-04T13:26:44.698642+00:00,162,18,3449778467,1,18,40,366908808,50050050,255,255,255,255,402881736778.30194
1791120404707459,2026-10-04T13:26:44.707459+00:00,162,18,3449787295,1,18,40,366908808,50050050,255,255,255,255,402881745595.2961
1791120404721129,2026-10-04T13:26:44.721129+00:00,162,18,3449800953,1,18,40,366908808,50050050,255,255,255,255,402881759265.2869
1791120404736171,2026-10-04T13:26:44.736171+00:00,162,18,3449815991,1,18,40,366908808,50050050,255,255,255,255,402881774307.2769
1791120404739755,2026-10-04T13:26:44.739755+00:00,162,83,3449819584,1,18,40,366908808,50050050,255,255,255,255,402881777891.27454
1791120404751132,2026-10-04T13:26:44.751132+00:00,162,18,3449830958,1,18,40,366908808,50050050,255,255,255,255,402881789268.26697
1791120404766138,2026-10-04T13:26:44.766138+00:00,162,18,3449845966,1,18,40,366908808,50050050,255,255,255,255,402881804274.25696
1791120404781180,2026-10-04T13:26:44.781180+00:00,162,18,3449861002,1,18,40,366908808,50050050,255,255,255,255,402881819316.24695
1791120404796323,2026-10-04T13:26:44.796323+00:00,162,18,3449876145,1,18,40,366908808,50050050,255,255,255,255,402881834459.2369
1791120404811153,2026-10-04T13:26:44.811153+00:00,162,18,3449890970,1,18,40,366908808,50050050,255,255,255,255,402881849289.227
1791120404826366,2026-10-04T13:26:44.826366+00:00,162,18,3449906053,1,18,40,366908808,50050050,255,255,255,255,402881864502.21686
1791120404841137,2026-10-04T13:26:44.841137+00:00,162,18,3449920964,1,18,40,366908808,50050050,255,255,255,255,402881879273.20703
1791120404856237,2026-10-04T13:26:44.856237+00:00,162,18,3449936053,1,18,40,366908808,50050050,255,255,255,255,402881894373.19696
1791120404871197,2026-10-04T13:26:44.871197+00:00,162,18,3449951020,1,18,40,366908808,50050050,255,255,255,255,402881909333.187
1791120404878475,2026-10-04T13:26:44.878475+00:00,162,83,3449958286,1,18,40,366908808,50050050,255,255,255,255,402881916611.1821
1791120404886195,2026-10-04T13:26:44.886195+00:00,162,18,3449966016,1,18,40,366908808,50050050,255,255,255,255,402881924331.177
1791120404901140,2026-10-04T13:26:44.901140+00:00,162,18,3449980963,1,18,40,366908808,50050050,255,255,255,255,402881939276.16705
1791120404916480,2026-10-04T13:26:44.916480+00:00,162,18,3449995995,1,18,40,366908808,50050050,255,255,255,255,402881954616.15686
1791120404931212,2026-10-04T13:26:44.931212+00:00,162,18,3450011022,1,18,40,366908808,50050050,255,255,255,255,402881969348.14703
1791120404939558,2026-10-04T13:26:44.939558+00:00,162,18,3450019361,1,18,40,366908808,50050050,255,255,255,255,402881977694.1415
1791120404953785,2026-10-04T13:26:44.953785+00:00,162,18,3450033577,1,18,40,366908808,50050050,255,255,255,255,402881991921.132
1791120404968701,2026-10-04T13:26:44.968701+00:00,162,18,3450048517,1,18,40,366908808,50050050,255,255,255,255,402882006837.1221
1791120404983602,2026-10-04T13:26:44.983602+00:00,162,18,3450063430,1,18,40,366908808,50050050,255,255,255,255,402882021738.1121
1791120404998692,2026-10-04T13:26:44.998692+00:00,162,18,3450078505,1,18,40,366908808,50050050,255,255,255,255,402882036828.1021
1791120405013892,2026-10-04T13:26:45.013892+00:00,162,18,3450093471,1,18,40,366908808,50050050,255,255,255,255,402882052028.092
1791120405028684,2026-10-04T13:26:45.028684+00:00,162,18,3450108506,1,18,40,366908808,50050050,255,255,255,255,402882066820.0821
1791120405033397,2026-10-04T13:26:45.033397+00:00,162,83,3450113213,1,18,40,366908808,50050050,255,255,255,255,402882071533.079
1791120405043623,2026-10-04T13:26:45.043623+00:00,162,18,3450123445,1,18,40,366908808,50050050,255,255,255,255,402882081759.07214
1791120405058694,2026-10-04T13:26:45.058694+00:00,162,18,3450138506,1,18,40,366908808,50050050,255,255,255,255,402882096830.06213
1791120405074027,2026-10-04T13:26:45.074027+00:00,162,18,3450153859,1,18,40,366908808,50050050,255,255,255,255,402882112163.0519
1791120405088806,2026-10-04T13:26:45.088806+00:00,162,18,3450168611,1,18,40,366908808,50050050,255,255,255,255,402882126942.04205
1791120405103713,2026-10-04T13:26:45.103713+00:00,162,18,3450183506,1,18,40,366908808,50050050,255,255,255,255,402882141849.03217
1791120405118647,2026-10-04T13:26:45.118647+00:00,162,18,3450198462,1,18,40,366908808,50050050,255,255,255,255,402882156783.0222
1791120405133696,2026-10-04T13:26:45.133696+00:00,162,18,3450213521,1,18,40,366908808,50050050,255,255,255,255,402882171832.01215
1791120405148737,2026-10-04T13:26:45.148737+00:00,162,18,3450228555,1,18,40,366908808,50050050,255,255,255,255,402882186873.00214
1791120405163664,2026-10-04T13:26:45.163664+00:00,162,18,3450243469,1,18,40,366908808,50050050,255,255,255,255,402882201799.9922
1791120405174934,2026-10-04T13:26:45.174934+00:00,162,83,3450254693,1,18,40,366908808,50050050,255,255,255,255,402882213069.9847
1791120405178649,2026-10-04T13:26:45.178649+00:00,162,18,3450258478,1,18,40,366908808,50050050,255,255,255,255,402882216784.98224
1791120405193691,2026-10-04T13:26:45.193691+00:00,162,18,3450273512,1,18,40,366908808,50050050,255,255,255,255,402882231826.9722
1791120405208698,2026-10-04T13:26:45.208698+00:00,162,18,3450288519,1,18,40,366908808,50050050,255,255,255,255,402882246833.9622
1791120405223714,2026-10-04T13:26:45.223714+00:00,162,18,3450303537,1,18,40,366908808,50050050,255,255,255,255,402882261849.9522
1791120405239097,2026-10-04T13:26:45.239097+00:00,162,18,3450318896,1,18,40,366908808,50050050,255,255,255,255,402882277232.94196
1791120405253795,2026-10-04T13:26:45.253795+00:00,162,18,3450333623,1,18,40,366908808,50050050,255,255,255,255,402882291930.9322
1791120405268682,2026-10-04T13:26:45.268682+00:00,162,18,3450348506,1,18,40,366908808,50050050,255,255,255,255,402882306817.92224
1791120405276916,2026-10-04T13:26:45.276916+00:00,162,18,3450356734,1,19,40,369961602,50050050,255,255,255,255,402882315051.9168
1791120405283715,2026-10-04T13:26:45.283715+00:00,162,18,3450363535,1,19,40,369961602,50050050,255,255,255,255,402882321850.91223
1791120405298710,2026-10-04T13:26:45.298710+00:00,162,18,3450378522,1,19,40,369961602,50050050,255,255,255,255,402882336845.9023
1791120405315344,2026-10-04T13:26:45.315344+00:00,162,18,3450395158,1,19,40,369961602,50050050,255,255,255,255,402882353479.8912
1791120405319382,2026-10-04T13:26:45.319382+00:00,162,83,3450399051,1,19,40,369961602,50050050,255,255,255,255,402882357517.8885
1791120405328652,2026-10-04T13:26:45.328652+00:00,162,18,3450408476,1,19,40,369961602,50050050,255,255,255,255,402882366787.8823
1791120405343654,2026-10-04T13:26:45.343654+00:00,162,18,3450423476,1,19,40,369961602,50050050,255,255,255,255,402882381789.8723
1791120405358633,2026-10-04T13:26:45.358633+00:00,162,18,3450438456,1,19,40,369961602,50050050,255,255,255,255,402882396768.86237
1791120405374218,2026-10-04T13:26:45.374218+00:00,162,18,3450453977,1,19,40,369961602,50050050,255,255,255,255,402882412353.852
1791120405388961,2026-10-04T13:26:45.388961+00:00,162,18,3450468765,1,19,40,369961602,50050050,255,255,255,255,402882427096.84216
1791120405403645,2026-10-04T13:26:45.403645+00:00,162,18,3450483475,1,19,40,369961602,50050050,255,255,255,255,402882441780.8324
1791120405418646,2026-10-04T13:26:45.418646+00:00,162,18,3450498452,1,19,40,369961602,50050050,255,255,255,255,402882456781.8224
1791120405433966,2026-10-04T13:26:45.433966+00:00,162,18,3450513766,1,19,40,369961602,50050050,255,255,255,255,402882472101.8122
1791120405448619,2026-10-04T13:26:45.448619+00:00,162,18,3450528436,1,19,40,369961602,50050050,255,255,255,255,402882486754.8024
1791120405455491,2026-10-04T13:26:45.455491+00:00,162,83,3450535287,1,19,40,369961602,50050050,255,255,255,255,402882493626.79785
1791120405463691,2026-10-04T13:26:45.463691+00:00,162,18,3450543518,1,19,40,369961602,50050050,255,255,255,255,402882501826.79236
1791120405478764,2026-10-04T13:26:45.478764+00:00,162,18,3450558586,1,19,40,369961602,50050050,255,255,255,255,402882516899.78235
1791120405493643,2026-10-04T13:26:45.493643+00:00,162,18,3450573469,1,19,40,369961602,50050050,255,255,255,255,402882531778.77246
1791120405508679,2026-10-04T13:26:45.508679+00:00,162,18,3450588496,1,19,40,369961602,50050050,255,255,255,255,402882546814.76245
1791120405523704,2026-10-04T13:26:45.523704+00:00,162,18,3450603520,1,19,40,369961602,50050050,255,255,255,255,402882561839.75244
1791120405538639,2026-10-04T13:26:45.538639+00:00,162,18,3450618463,1,19,40,369961602,50050050,255,255,255,255,402882576774.7425
1791120405553827,2026-10-04T13:26:45.553827+00:00,162,18,3450633653,1,19,40,369961602,50050050,255,255,255,255,402882591962.73236
1791120405568607,2026-10-04T13:26:45.568607+00:00,162,18,3450648433,1,19,40,369961602,50050050,255,255,255,255,402882606742.72253
1791120405583642,2026-10-04T13:26:45.583642+00:00,162,18,3450663465,1,19,40,369961602,50050050,255,255,255,255,402882621777.7125
1791120405598740,2026-10-04T13:26:45.598740+00:00,162,18,3450678553,1,19,40,369961602,50050050,255,255,255,255,402882636875.70245
1791120405608129,2026-10-04T13:26:45.608129+00:00,162,83,3450687947,1,19,40,369961602,50050050,255,255,255,255,402882646264.69617
1791120405613566,2026-10-04T13:26:45.613566+00:00,162,18,3450693404,1,19,40,369961602,50050050,255,255,255,255,402882651701.69257
1791120405628693,2026-10-04T13:26:45.628693+00:00,162,18,3450708527,1,19,40,369961602,50050050,255,255,255,255,402882666828.6825
1791120405643704,2026-10-04T13:26:45.643704+00:00,162,18,3450723512,1,19,40,369961602,50050050,255,255,255,255,402882681839.6725
1791120405658821,2026-10-04T13:26:45.658821+00:00,162,18,3450738641,1,19,40,369961602,50050050,255,255,255,255,402882696956.6624
1791120405673711,2026-10-04T13:26:45.673711+00:00,162,18,3450753514,1,19,40,369961602,50050050,255,255,255,255,402882711846.6525
1791120405688663,2026-10-04T13:26:45.688663+00:00,162,18,3450768488,1,19,40,369961602,50050050,255,255,255,255,402882726798.6426
1791120405703663,2026-10-04T13:26:45.703663+00:00,162,18,3450783491,1,19,40,369961602,50050050,255,255,255,255,402882741798.63257
1791120405718640,2026-10-04T13:26:45.718640+00:00,162,18,3450798465,1,19,40,369961602,50050050,255,255,255,255,402882756775.62256
1791120405733661,2026-10-04T13:26:45.733661+00:00,162,18,3450813457,1,19,40,369961602,50050050,255,255,255,255,402882771796.61255
1791120405748622,2026-10-04T13:26:45.748622+00:00,162,18,3450828429,1,19,40,369961602,50050050,255,255,255,255,402882786757.6026
1791120405755002,2026-10-04T13:26:45.755002+00:00,162,83,3450834258,1,19,40,369961602,50050050,255,255,255,255,402882793137.5984
1791120405763601,2026-10-04T13:26:45.763601+00:00,162,18,3450843428,1,19,40,369961602,50050050,255,255,255,255,402882801736.59265
1791120405778635,2026-10-04T13:26:45.778635+00:00,162,18,3450858464,1,19,40,369961602,50050050,255,255,255,255,402882816770.58264
1791120405793619,2026-10-04T13:26:45.793619+00:00,162,18,3450873435,1,19,40,369961602,50050050,255,255,255,255,402882831754.57263
1791120405808611,2026-10-04T13:26:45.808611+00:00,162,18,3450888423,1,19,40,369961602,50050050,255,255,255,255,402882846746.5627
1791120405823652,2026-10-04T13:26:45.823652+00:00,162,18,3450903480,1,19,40,369961602,50050050,255,255,255,255,402882861787.5527
1791120405838614,2026-10-04T13:26:45.838614+00:00,162,18,3450918431,1,19,40,369961602,50050050,255,255,255,255,402882876749.54266
1791120405853596,2026-10-04T13:26:45.853596+00:00,162,18,3450933421,1,19,40,369961602,50050050,255,255,255,255,402882891731.5327
1791120405868626,2026-10-04T13:26:45.868626+00:00,162,18,3450948436,1,19,40,369961602,50050050,255,255,255,255,402882906761.5227
1791120405883649,2026-10-04T13:26:45.883649+00:00,162,18,3450963437,1,19,40,369961602,50050050,255,255,255,255,402882921784.5127
1791120405886313,2026-10-04T13:26:45.886313+00:00,162,83,3450966132,1,19,40,369961602,50050050,255,255,255,255,402882924448.5109
1791120405898716,2026-10-04T13:26:45.898716+00:00,162,18,3450978520,1,19,40,369961602,50050050,255,255,255,255,402882936851.5026
1791120405913677,2026-10-04T13:26:45.913677+00:00,162,18,3450993505,1,19,40,369961602,50050050,255,255,255,255,402882951812.4927
1791120405928637,2026-10-04T13:26:45.928637+00:00,162,18,3451008451,1,19,40,369961602,50050050,255,255,255,255,402882966772.4827
1791120405943883,2026-10-04T13:26:45.943883+00:00,162,18,3451023702,1,19,40,369961602,50050050,255,255,255,255,402882982018.4726
1791120405958579,2026-10-04T13:26:45.958579+00:00,162,18,3451038403,1,19,40,369961602,50050050,255,255,255,255,402882996714.46277
1791120405973619,2026-10-04T13:26:45.973619+00:00,162,18,3451053445,1,19,40,369961602,50050050,255,255,255,255,402883011754.45276
1791120405988677,2026-10-04T13:26:45.988677+00:00,162,18,3451068508,1,19,40,369961602,50050050,255,255,255,255,402883026812.44275
1791120406003626,2026-10-04T13:26:46.003626+00:00,162,18,3451083450,1,19,40,369961602,50050050,255,255,255,255,402883041761.4328
1791120406018686,2026-10-04T13:26:46.018686+00:00,162,18,3451098489,1,19,40,369961602,50050050,255,255,255,255,402883056821.4227
1791120406032488,2026-10-04T13:26:46.032488+00:00,162,83,3451112287,1,19,40,369961602,50050050,255,255,255,255,402883070623.4136
1791120406033674,2026-10-04T13:26:46.033674+00:00,162,18,3451113510,1,19,40,369961602,50050050,255,255,255,255,402883071809.4128
1791120406048592,2026-10-04T13:26:46.048592+00:00,162,18,3451128418,1,19,40,369961602,50050050,255,255,255,255,402883086727.40283
1791120406063702,2026-10-04T13:26:46.063702+00:00,162,18,3451143532,1,19,40,369961602,50050050,255,255,255,255,402883101837.39276
1791120406078823,2026-10-04T13:26:46.078823+00:00,162,18,3451158647,1,19,40,369961602,50050050,255,255,255,255,402883116958.3827
1791120406093720,2026-10-04T13:26:46.093720+00:00,162,18,3451173539,1,19,40,369961602,50050050,255,255,255,255,402883131855.37274
1791120406108724,2026-10-04T13:26:46.108724+00:00,162,18,3451188558,1,19,40,369961602,50050050,255,255,255,255,402883146859.3628
1791120406123794,2026-10-04T13:26:46.123794+00:00,162,18,3451203612,1,19,40,369961602,50050050,255,255,255,255,402883161929.3527
1791120406138846,2026-10-04T13:26:46.138846+00:00,162,18,3451218676,1,19,40,369961602,50050050,255,255,255,255,402883176981.3427
1791120406153681,2026-10-04T13:26:46.153681+00:00,162,18,3451233492,1,19,40,369961602,50050050,255,255,255,255,402883191816.3328
1791120406169884,2026-10-04T13:26:46.169884+00:00,162,18,3451249697,1,19,40,369961602,50050050,255,255,255,255,402883208019.322
1791120406170553,2026-10-04T13:26:46.170553+00:00,162,83,3451250384,1,19,40,369961602,50050050,255,255,255,255,402883208688.3216
1791120406183820,2026-10-04T13:26:46.183820+00:00,162,18,3451263647,1,19,40,369961602,50050050,255,255,255,255,402883221955.31274
1791120406198805,2026-10-04T13:26:46.198805+00:00,162,18,3451278631,1,19,40,369961602,50050050,255,255,255,255,402883236940.3028
1791120406213610,2026-10-04T13:26:46.213610+00:00,162,18,3451293437,1,19,40,369961602,50050050,255,255,255,255,402883251745.2929
1791120406228719,2026-10-04T13:26:46.228719+00:00,162,18,3451308493,1,19,40,369961602,50050050,255,255,255,255,402883266854.28284
1791120406243577,2026-10-04T13:26:46.243577+00:00,162,18,3451323413,1,19,40,369961602,50050050,255,255,255,255,402883281712.27295
1791120406258562,2026-10-04T13:26:46.258562+00:00,162,18,3451338386,1,19,40,369961602,50050050,255,255,255,255,402883296697.263
1791120406273753,2026-10-04T13:26:46.273753+00:00,162,18,3451353518,1,19,40,369961602,50050050,255,255,255,255,402883311888.25287
1791120406281354,2026-10-04T13:26:46.281354+00:00,162,18,3451361185,1,20,40,372965142,50050050,255,255,255,255,402883319489.2478
1791120406288653,2026-10-04T13:26:46.288653+00:00,162,18,3451368463,1,20,40,372965142,50050050,255,255,255,255,402883326788.2429
1791120406303747,2026-10-04T13:26:46.303747+00:00,162,18,3451383557,1,20,40,372965142,50050050,255,255,255,255,402883341882.2329
1791120406315170,2026-10-04T13:26:46.315170+00:00,162,83,3451394775,1,20,40,372965142,50050050,255,255,255,255,402883353305.2253
1791120406318624,2026-10-04T13:26:46.318624+00:00,162,18,3451398458,1,20,40,372965142,50050050,255,255,255,255,402883356759.22296
1791120406333562,2026-10-04T13:26:46.333562+00:00,162,18,3451413391,1,20,40,372965142,50050050,255,255,255,255,402883371697.213
1791120406348690,2026-10-04T13:26:46.348690+00:00,162,18,3451428517,1,20,40,372965142,50050050,255,255,255,255,402883386825.20294
1791120406364800,2026-10-04T13:26:46.364800+00:00,162,18,3451444632,1,20,40,372965142,50050050,255,255,255,255,402883402935.1922
1791120406378639,2026-10-04T13:26:46.378639+00:00,162,18,3451458460,1,20,40,372965142,50050050,255,255,255,255,402883416774.183
1791120406393674,2026-10-04T13:26:46.393674+00:00,162,18,3451473490,1,20,40,372965142,50050050,255,255,255,255,402883431809.173
1791120406408600,2026-10-04T13:26:46.408600+00:00,162,18,3451488426,1,20,40,372965142,50050050,255,255,255,255,402883446735.163
1791120406423638,2026-10-04T13:26:46.423638+00:00,162,18,3451503453,1,20,40,372965142,50050050,255,255,255,255,402883461773.153
1791120406438969,2026-10-04T13:26:46.438969+00:00,162,18,3451518764,1,20,40,372965142,50050050,255,255,255,255,402883477104.1428
1791120406453541,2026-10-04T13:26:46.453541+00:00,162,83,3451533367,1,20,40,372965142,50050050,255,255,255,255,402883491676.1331
1791120406454182,2026-10-04T13:26:46.454182+00:00,162,18,3451534024,1,20,40,372965142,50050050,255,255,255,255,402883492317.1327
1791120406468589,2026-10-04T13:26:46.468589+00:00,162,18,3451548417,1,20,40,372965142,50050050,255,255,255,255,402883506724.1231
1791120406483680,2026-10-04T13:26:46.483680+00:00,162,18,3451563508,1,20,40,372965142,50050050,255,255,255,255,402883521815.11304
1791120406498789,2026-10-04T13:26:46.498789+00:00,162,18,3451578608,1,20,40,372965142,50050050,255,255,255,255,402883536924.10297
1791120406513724,2026-10-04T13:26:46.513724+00:00,162,18,3451593552,1,20,40,372965142,50050050,255,255,255,255,402883551859.093
1791120406528640,2026-10-04T13:26:46.528640+00:00,162,18,3451608456,1,20,40,372965142,50050050,255,255,255,255,402883566775.0831
1791120406543623,2026-10-04T13:26:46.543623+00:00,162,18,3451623447,1,20,40,372965142,50050050,255,255,255,255,402883581758.0731
1791120406558603,2026-10-04T13:26:46.558603+00:00,162,18,3451638421,1,20,40,372965142,50050050,255,255,255,255,402883596738.0632
1791120406573727,2026-10-04T13:26:46.573727+00:00,162,18,3451653535,1,20,40,372965142,50050050,255,255,255,255,402883611862.0531
1791120406587089,2026-10-04T13:26:46.587089+00:00,162,83,3451666900,1,20,40,372965142,50050050,255,255,255,255,402883625224.0442
1791120406588546,2026-10-04T13:26:46.588546+00:00,162,18,3451668379,1,20,40,372965142,50050050,255,255,255,255,402883626681.0432
1791120406603591,2026-10-04T13:26:46.603591+00:00,162,18,3451683414,1,20,40,372965142,50050050,255,255,255,255,402883641726.0332
1791120406618668,2026-10-04T13:26:46.618668+00:00,162,18,3451698481,1,20,40,372965142,50050050,255,255,255,255,402883656803.02313
1791120406633599,2026-10-04T13:26:46.633599+00:00,162,18,3451713414,1,20,40,372965142,50050050,255,255,255,255,402883671734.0132
1791120406648719,2026-10-04T13:26:46.648719+00:00,162,18,3451728525,1,20,40,372965142,50050050,255,255,255,255,402883686854.0031
1791120406658315,2026-10-04T13:26:46.658315+00:00,162,18,3451738006,1,20,40,372965142,50050050,255,255,255,255,402883696449.99677
1791120406671192,2026-10-04T13:26:46.671192+00:00,162,18,3451750935,1,20,40,372965142,50050050,255,255,255,255,402883709326.98816
1791120406686177,2026-10-04T13:26:46.686177+00:00,162,18,3451765991,1,20,40,372965142,50050050,255,255,255,255,402883724311.9782
1791120406701372,2026-10-04T13:26:46.701372+00:00,162,18,3451781177,1,20,40,372965142,50050050,255,255,255,255,402883739506.9681
1791120406716163,2026-10-04T13:26:46.716163+00:00,162,18,3451795987,1,20,40,372965142,50050050,255,255,255,255,402883754297.9582
1791120406717580,2026-10-04T13:26:46.717580+00:00,162,83,3451797413,1,20,40,372965142,50050050,255,255,255,255,402883755714.9573
1791120406731058,2026-10-04T13:26:46.731058+00:00,162,18,3451810890,1,20,40,372965142,50050050,255,255,255,255,402883769192.9483
1791120406746173,2026-10-04T13:26:46.746173+00:00,162,18,3451825999,1,20,40,372965142,50050050,255,255,255,255,402883784307.93823
1791120406761264,2026-10-04T13:26:46.761264+00:00,162,18,3451841051,1,20,40,372965142,50050050,255,255,255,255,402883799398.92816
1791120406776130,2026-10-04T13:26:46.776130+00:00,162,18,3451855948,1,20,40,372965142,50050050,255,255,255,255,402883814264.9183
1791120406791153,2026-10-04T13:26:46.791153+00:00,162,18,3451870973,1,20,40,372965142,50050050,255,255,255,255,402883829287.90826
1791120406806251,2026-10-04T13:26:46.806251+00:00,162,18,3451886057,1,20,40,372965142,50050050,255,255,255,255,402883844385.8982
1791120406821363,2026-10-04T13:26:46.821363+00:00,162,18,3451901001,1,20,40,372965142,50050050,255,255,255,255,402883859497.8881
1791120406836169,2026-10-04T13:26:46.836169+00:00,162,18,3451915987,1,20,40,372965142,50050050,255,255,255,255,402883874303.8783
1791120406844942,2026-10-04T13:26:46.844942+00:00,162,83,3451924758,1,20,40,372965142,50050050,255,255,255,255,402883883076.87244
1791120406851122,2026-10-04T13:26:46.851122+00:00,162,18,3451930944,1,20,40,372965142,50050050,255,255,255,255,402883889256.86835
1791120406867251,2026-10-04T13:26:46.867251+00:00,162,18,3451947080,1,20,40,372965142,50050050,255,255,255,255,402883905385.8576
1791120406881215,2026-10-04T13:26:46.881215+00:00,162,18,3451960955,1,20,40,372965142,50050050,255,255,255,255,402883919349.84827
1791120406897105,2026-10-04T13:26:46.897105+00:00,162,18,3451976891,1,20,40,372965142,50050050,255,255,255,255,402883935239.8377
1791120406911124,2026-10-04T13:26:46.911124+00:00,162,18,3451990943,1,20,40,372965142,50050050,255,255,255,255,402883949258.82837
1791120406926070,2026-10-04T13:26:46.926070+00:00,162,18,3452005902,1,20,40,372965142,50050050,255,255,255,255,402883964204.8184
1791120406941245,2026-10-04T13:26:46.941245+00:00,162,18,3452021069,1,20,40,372965142,50050050,255,255,255,255,402883979379.8083
1791120406956159,2026-10-04T13:26:46.956159+00:00,162,18,3452035951,1,20,40,372965142,50050050,255,255,255,255,402883994293.79834
1791120406971205,2026-10-04T13:26:46.971205+00:00,162,18,3452050957,1,20,40,372965142,50050050,255,255,255,255,402884009339.7883
1791120406986185,2026-10-04T13:26:46.986185+00:00,162,18,3452065924,1,20,40,372965142,50050050,255,255,255,255,402884024319.7784
1791120406986895,2026-10-04T13:26:46.986895+00:00,162,83,3452066729,1,20,40,372965142,50050050,255,255,255,255,402884025029.7779
1791120406994729,2026-10-04T13:26:46.994729+00:00,162,18,3452074556,1,20,40,372965142,50050050,255,255,255,255,402884032863.7727
1791120407008597,2026-10-04T13:26:47.008597+00:00,162,18,3452088427,1,20,40,372965142,50050050,255,255,255,255,402884046731.7634
1791120407023679,2026-10-04T13:26:47.023679+00:00,162,18,3452103494,1,20,40,372965142,50050050,255,255,255,255,402884061813.7534
1791120407038643,2026-10-04T13:26:47.038643+00:00,162,18,3452118455,1,20,40,372965142,50050050,255,255,255,255,402884076777.7434
1791120407053649,2026-10-04T13:26:47.053649+00:00,162,18,3452133465,1,20,40,372965142,50050050,255,255,255,255,402884091783.73346
1791120407068682,2026-10-04T13:26:47.068682+00:00,162,18,3452148499,1,20,40,372965142,50050050,255,255,255,255,402884106816.72345
1791120407083602,2026-10-04T13:26:47.083602+00:00,162,18,3452163423,1,20,40,372965142,50050050,255,255,255,255,402884121736.7135
1791120407098619,2026-10-04T13:26:47.098619+00:00,162,18,3452178433,1,20,40,372965142,50050050,255,255,255,255,402884136753.7035
1791120407113609,2026-10-04T13:26:47.113609+00:00,162,18,3452193440,1,20,40,372965142,50050050,255,255,255,255,402884151743.6935
1791120407128584,2026-10-04T13:26:47.128584+00:00,162,18,3452208410,1,20,40,372965142,50050050,255,255,255,255,402884166718.68353
1791120407130132,2026-10-04T13:26:47.130132+00:00,162,83,3452209923,1,20,40,372965142,50050050,255,255,255,255,402884168266.6825
1791120407143600,2026-10-04T13:26:47.143600+00:00,162,18,3452223419,1,20,40,372965142,50050050,255,255,255,255,402884181734.6735
1791120407158555,2026-10-04T13:26:47.158555+00:00,162,18,3452238382,1,20,40,372965142,50050050,255,255,255,255,402884196689.6636
1791120407173808,2026-10-04T13:26:47.173808+00:00,162,18,3452253606,1,20,40,372965142,50050050,255,255,255,255,402884211942.6534
1791120407188654,2026-10-04T13:26:47.188654+00:00,162,18,3452268463,1,20,40,372965142,50050050,255,255,255,255,402884226788.6435
1791120407203599,2026-10-04T13:26:47.203599+00:00,162,18,3452283427,1,20,40,372965142,50050050,255,255,255,255,402884241733.63354
1791120407218623,2026-10-04T13:26:47.218623+00:00,162,18,3452298449,1,20,40,372965142,50050050,255,255,255,255,402884256757.62354
1791120407233754,2026-10-04T13:26:47.233754+00:00,162,18,3452313569,1,20,40,372965142,50050050,255,255,255,255,402884271888.61346
1791120407248654,2026-10-04T13:26:47.248654+00:00,162,18,3452328465,1,20,40,372965142,50050050,255,255,255,255,402884286788.6036
1791120407263645,2026-10-04T13:26:47.263645+00:00,162,18,3452343423,1,20,40,372965142,50050050,255,255,255,255,402884301779.59357
1791120407271935,2026-10-04T13:26:47.271935+00:00,162,83,3452351751,1,20,40,372965142,50050050,255,255,255,255,402884310069.5881
1791120407278585,2026-10-04T13:26:47.278585+00:00,162,18,3452358416,1,20,40,372965142,50050050,255,255,255,255,402884316719.5836
1791120407286196,2026-10-04T13:26:47.286196+00:00,162,18,3452366007,1,21,40,375968034,50050050,255,255,255,255,402884324330.57855
1791120407293726,2026-10-04T13:26:47.293726+00:00,162,18,3452373558,1,21,40,375968034,50050050,255,255,255,255,402884331860.57355
1791120407308579,2026-10-04T13:26:47.308579+00:00,162,18,3452388395,1,21,40,375968034,50050050,255,255,255,255,402884346713.56366
1791120407323555,2026-10-04T13:26:47.323555+00:00,162,18,3452403384,1,21,40,375968034,50050050,255,255,255,255,402884361689.55365
1791120407338626,2026-10-04T13:26:47.338626+00:00,162,18,3452418435,1,21,40,375968034,50050050,255,255,255,255,402884376760.54364
1791120407353605,2026-10-04T13:26:47.353605+00:00,162,18,3452433427,1,21,40,375968034,50050050,255,255,255,255,402884391739.5337
1791120407368634,2026-10-04T13:26:47.368634+00:00,162,18,3452448465,1,21,40,375968034,50050050,255,255,255,255,402884406768.5237
1791120407383631,2026-10-04T13:26:47.383631+00:00,162,18,3452463441,1,21,40,375968034,50050050,255,255,255,255,402884421765.5137
1791120407398641,2026-10-04T13:26:47.398641+00:00,162,18,3452478419,1,21,40,375968034,50050050,255,255,255,255,402884436775.50366
1791120407413654,2026-10-04T13:26:47.413654+00:00,162,18,3452493489,1,21,40,375968034,50050050,255,255,255,255,402884451788.49365
1791120407418878,2026-10-04T13:26:47.418878+00:00,162,83,3452498663,1,21,40,375968034,50050050,255,255,255,255,402884457012.4902
1791120407428677,2026-10-04T13:26:47.428677+00:00,162,18,3452508496,1,21,40,375968034,50050050,255,255,255,255,402884466811.48364
1791120407444032,2026-10-04T13:26:47.444032+00:00,162,18,3452523625,1,21,40,375968034,50050050,255,255,255,255,402884482166.47345
1791120407458739,2026-10-04T13:26:47.458739+00:00,162,18,3452538552,1,21,40,375968034,50050050,255,255,255,255,402884496873.4636
1791120407467447,2026-10-04T13:26:47.467447+00:00,162,18,3452547247,1,21,40,375968034,50050050,255,255,255,255,402884505581.4578
1791120407481397,2026-10-04T13:26:47.481397+00:00,162,18,3452561024,1,21,40,375968034,50050050,255,255,255,255,402884519531.44855
1791120407496243,2026-10-04T13:26:47.496243+00:00,162,18,3452575984,1,21,40,375968034,50050050,255,255,255,255,402884534377.43866
1791120407511358,2026-10-04T13:26:47.511358+00:00,162,18,3452591012,1,21,40,375968034,50050050,255,255,255,255,402884549492.4286
1791120407526195,2026-10-04T13:26:47.526195+00:00,162,18,3452605929,1,21,40,375968034,50050050,255,255,255,255,402884564329.4187
1791120407541164,2026-10-04T13:26:47.541164+00:00,162,18,3452620981,1,21,40,375968034,50050050,255,255,255,255,402884579298.40875
1791120407548565,2026-10-04T13:26:47.548565+00:00,162,83,3452628393,1,21,40,375968034,50050050,255,255,255,255,402884586699.4038
1791120407556168,2026-10-04T13:26:47.556168+00:00,162,18,3452635982,1,21,40,375968034,50050050,255,255,255,255,402884594302.39874
1791120407571086,2026-10-04T13:26:47.571086+00:00,162,18,3452650910,1,21,40,375968034,50050050,255,255,255,255,402884609220.3888
1791120407586162,2026-10-04T13:26:47.586162+00:00,162,18,3452665987,1,21,40,375968034,50050050,255,255,255,255,402884624296.3788
1791120407601373,2026-10-04T13:26:47.601373+00:00,162,18,3452681096,1,21,40,375968034,50050050,255,255,255,255,402884639507.36865
1791120407616262,2026-10-04T13:26:47.616262+00:00,162,18,3452695940,1,21,40,375968034,50050050,255,255,255,255,402884654396.3587
1791120407631798,2026-10-04T13:26:47.631798+00:00,162,18,3452710936,1,21,40,375968034,50050050,255,255,255,255,402884669932.3484
1791120407646253,2026-10-04T13:26:47.646253+00:00,162,18,3452725926,1,21,40,375968034,50050050,255,255,255,255,402884684387.33875
1791120407661069,2026-10-04T13:26:47.661069+00:00,162,18,3452740886,1,21,40,375968034,50050050,255,255,255,255,402884699203.32886
1791120407676185,2026-10-04T13:26:47.676185+00:00,162,18,3452755932,1,21,40,375968034,50050050,255,255,255,255,402884714319.3188
1791120407687671,2026-10-04T13:26:47.687671+00:00,162,83,3452767469,1,21,40,375968034,50050050,255,255,255,255,402884725805.31116
1791120407691159,2026-10-04T13:26:47.691159+00:00,162,18,3452770976,1,21,40,375968034,50050050,255,255,255,255,402884729293.30884
1791120407706077,2026-10-04T13:26:47.706077+00:00,162,18,3452785907,1,21,40,375968034,50050050,255,255,255,255,402884744211.2989
1791120407721193,2026-10-04T13:26:47.721193+00:00,162,18,3452800932,1,21,40,375968034,50050050,255,255,255,255,402884759327.2888
1791120407736093,2026-10-04T13:26:47.736093+00:00,162,18,3452815904,1,21,40,375968034,50050050,255,255,255,255,402884774227.27893
1791120407751090,2026-10-04T13:26:47.751090+00:00,162,18,3452830897,1,21,40,375968034,50050050,255,255,255,255,402884789224.2689
1791120407766191,2026-10-04T13:26:47.766191+00:00,162,18,3452845927,1,21,40,375968034,50050050,255,255,255,255,402884804325.25885
1791120407781149,2026-10-04T13:26:47.781149+00:00,162,18,3452860929,1,21,40,375968034,50050050,255,255,255,255,402884819283.2489
1791120407796203,2026-10-04T13:26:47.796203+00:00,162,18,3452875920,1,21,40,375968034,50050050,255,255,255,255,402884834337.2389
1791120407811235,2026-10-04T13:26:47.811235+00:00,162,18,3452891055,1,21,40,375968034,50050050,255,255,255,255,402884849369.2289
1791120407816107,2026-10-04T13:26:47.816107+00:00,162,83,3452895917,1,21,40,375968034,50050050,255,255,255,255,402884854241.22565
1791120407826471,2026-10-04T13:26:47.826471+00:00,162,18,3452906292,1,21,40,375968034,50050050,255,255,255,255,402884864605.21875
1791120407841081,2026-10-04T13:26:47.841081+00:00,162,18,3452920908,1,21,40,375968034,50050050,255,255,255,255,402884879215.209
1791120407856232,2026-10-04T13:26:47.856232+00:00,162,18,3452935989,1,21,40,375968034,50050050,255,255,255,255,402884894366.1989
1791120407871312,2026-10-04T13:26:47.871312+00:00,162,18,3452950907,1,21,40,375968034,50050050,255,255,255,255,402884909446.18884
1791120407886228,2026-10-04T13:26:47.886228+00:00,162,18,3452965945,1,21,40,375968034,50050050,255,255,255,255,402884924362.1789
1791120407901433,2026-10-04T13:26:47.901433+00:00,162,18,3452981088,1,21,40,375968034,50050050,255,255,255,255,402884939567.1688
1791120407916186,2026-10-04T13:26:47.916186+00:00,162,18,3452995921,1,21,40,375968034,50050050,255,255,255,255,402884954320.159
1791120407931170,2026-10-04T13:26:47.931170+00:00,162,18,3453010980,1,21,40,375968034,50050050,255,255,255,255,402884969304.149
1791120407940447,2026-10-04T13:26:47.940447+00:00,162,83,3453020263,1,21,40,375968034,50050050,255,255,255,255,402884978581.1428
1791120407946160,2026-10-04T13:26:47.946160+00:00,162,18,3453025988,1,21,40,375968034,50050050,255,255,255,255,402884984294.139
1791120407961038,2026-10-04T13:26:47.961038+00:00,162,18,3453040862,1,21,40,375968034,50050050,255,255,255,255,402884999172.1291
1791120407976179,2026-10-04T13:26:47.976179+00:00,162,18,3453055946,1,21,40,375968034,50050050,255,255,255,255,402885014313.119
1791120407991129,2026-10-04T13:26:47.991129+00:00,162,18,3453070951,1,21,40,375968034,50050050,255,255,255,255,402885029263.1091
1791120408006172,2026-10-04T13:26:48.006172+00:00,162,18,3453085936,1,21,40,375968034,50050050,255,255,255,255,402885044306.09906
1791120408021088,2026-10-04T13:26:48.021088+00:00,162,18,3453100913,1,21,40,375968034,50050050,255,255,255,255,402885059222.0891
1791120408036087,2026-10-04T13:26:48.036087+00:00,162,18,3453115915,1,21,40,375968034,50050050,255,255,255,255,402885074221.0791
1791120408051075,2026-10-04T13:26:48.051075+00:00,162,18,3453130898,1,21,40,375968034,50050050,255,255,255,255,402885089209.06915
1791120408066135,2026-10-04T13:26:48.066135+00:00,162,18,3453145963,1,21,40,375968034,50050050,255,255,255,255,402885104269.0591
1791120408081195,2026-10-04T13:26:48.081195+00:00,162,18,3453160997,1,21,40,375968034,50050050,255,255,255,255,402885119329.0491
1791120408092087,2026-10-04T13:26:48.092087+00:00,162,83,3453171897,1,21,40,375968034,50050050,255,255,255,255,402885130221.0418
1791120408096151,2026-10-04T13:26:48.096151+00:00,162,18,3453175980,1,21,40,375968034,50050050,255,255,255,255,402885134285.0391
1791120408111098,2026-10-04T13:26:48.111098+00:00,162,18,3453190926,1,21,40,375968034,50050050,255,255,255,255,402885149232.0292
1791120408126401,2026-10-04T13:26:48.126401+00:00,162,18,3453206013,1,21,40,375968034,50050050,255,255,255,255,402885164535.019
1791120408141451,2026-10-04T13:26:48.141451+00:00,162,18,3453221253,1,21,40,375968034,50050050,255,255,255,255,402885179585.0089
1791120408156208,2026-10-04T13:26:48.156208+00:00,162,18,3453235951,1,21,40,375968034,50050050,255,255,255,255,402885194341.9991
1791120408171217,2026-10-04T13:26:48.171217+00:00,162,18,3453250955,1,21,40,375968034,50050050,255,255,255,255,402885209350.98914
1791120408186084,2026-10-04T13:26:48.186084+00:00,162,18,3453265911,1,21,40,375968034,50050050,255,255,255,255,402885224217.9792
1791120408201374,2026-10-04T13:26:48.201374+00:00,162,18,3453281188,1,21,40,375968034,50050050,255,255,255,255,402885239507.96906
1791120408216203,2026-10-04T13:26:48.216203+00:00,162,18,3453295997,1,21,40,375968034,50050050,255,255,255,255,402885254336.95917
1791120408230898,2026-10-04T13:26:48.230898+00:00,162,83,3453310721,1,21,40,375968034,50050050,255,255,255,255,402885269031.94934
1791120408231514,2026-10-04T13:26:48.231514+00:00,162,18,3453311356,1,21,40,375968034,50050050,255,255,255,255,402885269647.949
1791120408246173,2026-10-04T13:26:48.246173+00:00,162,18,3453326005,1,21,40,375968034,50050050,255,255,255,255,402885284306.9392
1791120408261267,2026-10-04T13:26:48.261267+00:00,162,18,3453341092,1,21,40,375968034,50050050,255,255,255,255,402885299400.92914
1791120408276219,2026-10-04T13:26:48.276219+00:00,162,18,3453355974,1,21,40,375968034,50050050,255,255,255,255,402885314352.9192
1791120408291209,2026-10-04T13:26:48.291209+00:00,162,18,3453371036,1,22,40,378970872,50050050,255,255,255,255,402885329342.9092
1791120408291918,2026-10-04T13:26:48.291918+00:00,162,18,3453371749,1,22,40,378970872,50050050,255,255,255,255,402885330051.90875
1791120408306295,2026-10-04T13:26:48.306295+00:00,162,18,3453386103,1,22,40,378970872,50050050,255,255,255,255,402885344428.8992
1791120408321064,2026-10-04T13:26:48.321064+00:00,162,18,3453400895,1,22,40,378970872,50050050,255,255,255,255,402885359197.8893
1791120408336243,2026-10-04T13:26:48.336243+00:00,162,18,3453416062,1,22,40,378970872,50050050,255,255,255,255,402885374376.8792
1791120408351431,2026-10-04T13:26:48.351431+00:00,162,18,3453431058,1,22,40,378970872,50050050,255,255,255,255,402885389564.8691
1791120408364813,2026-10-04T13:26:48.364813+00:00,162,83,3453444626,1,22,40,378970872,50050050,255,255,255,255,402885402946.86017
1791120408366059,2026-10-04T13:26:48.366059+00:00,162,18,3453445896,1,22,40,378970872,50050050,255,255,255,255,402885404192.8593
1791120408381173,2026-10-04T13:26:48.381173+00:00,162,18,3453461008,1,22,40,378970872,50050050,255,255,255,255,402885419306.8493
1791120408396110,2026-10-04T13:26:48.396110+00:00,162,18,3453475927,1,22,40,378970872,50050050,255,255,255,255,402885434243.83936
1791120408411072,2026-10-04T13:26:48.411072+00:00,162,18,3453490895,1,22,40,378970872,50050050,255,255,255,255,402885449205.82935
1791120408426294,2026-10-04T13:26:48.426294+00:00,162,18,3453506118,1,22,40,378970872,50050050,255,255,255,255,402885464427.8192
1791120408441363,2026-10-04T13:26:48.441363+00:00,162,18,3453521134,1,22,40,378970872,50050050,255,255,255,255,402885479496.8092
1791120408456442,2026-10-04T13:26:48.456442+00:00,162,18,3453536266,1,22,40,378970872,50050050,255,255,255,255,402885494575.79913
1791120408471116,2026-10-04T13:26:48.471116+00:00,162,18,3453550941,1,22,40,378970872,50050050,255,255,255,255,402885509249.78937
1791120408486138,2026-10-04T13:26:48.486138+00:00,162,18,3453565948,1,22,40,378970872,50050050,255,255,255,255,402885524271.77936
1791120408501294,2026-10-04T13:26:48.501294+00:00,162,18,3453581111,1,22,40,378970872,50050050,255,255,255,255,402885539427.7693
1791120408502437,2026-10-04T13:26:48.502437+00:00,162,83,3453582267,1,22,40,378970872,50050050,255,255,255,255,402885540570.7685
1791120408516146,2026-10-04T13:26:48.516146+00:00,162,18,3453595970,1,22,40,378970872,50050050,255,255,255,255,402885554279.7594
1791120408531049,2026-10-04T13:26:48.531049+00:00,162,18,3453610875,1,22,40,378970872,50050050,255,255,255,255,402885569182.74945
1791120408546101,2026-10-04T13:26:48.546101+00:00,162,18,3453625922,1,22,40,378970872,50050050,255,255,255,255,402885584234.73944
1791120408561101,2026-10-04T13:26:48.561101+00:00,162,18,3453640914,1,22,40,378970872,50050050,255,255,255,255,402885599234.72943
1791120408576131,2026-10-04T13:26:48.576131+00:00,162,18,3453655963,1,22,40,378970872,50050050,255,255,255,255,402885614264.7194
1791120408591045,2026-10-04T13:26:48.591045+00:00,162,18,3453670877,1,22,40,378970872,50050050,255,255,255,255,402885629178.7095
1791120408606121,2026-10-04T13:26:48.606121+00:00,162,18,3453685954,1,22,40,378970872,50050050,255,255,255,255,402885644254.69946
1791120408621199,2026-10-04T13:26:48.621199+00:00,162,18,3453700918,1,22,40,378970872,50050050,255,255,255,255,402885659332.6894
1791120408636053,2026-10-04T13:26:48.636053+00:00,162,18,3453715872,1,22,40,378970872,50050050,255,255,255,255,402885674186.6795
1791120408651178,2026-10-04T13:26:48.651178+00:00,162,18,3453730976,1,22,40,378970872,50050050,255,255,255,255,402885689311.66943
1791120408658180,2026-10-04T13:26:48.658180+00:00,162,83,3453737986,1,22,40,378970872,50050050,255,255,255,255,402885696313.6648
1791120408667325,2026-10-04T13:26:48.667325+00:00,162,18,3453747151,1,22,40,378970872,50050050,255,255,255,255,402885705458.6587
1791120408681075,2026-10-04T13:26:48.681075+00:00,162,18,3453760904,1,22,40,378970872,50050050,255,255,255,255,402885719208.64954
1791120408697376,2026-10-04T13:26:48.697376+00:00,162,18,3453777046,1,22,40,378970872,50050050,255,255,255,255,402885735509.6387
1791120408711108,2026-10-04T13:26:48.711108+00:00,162,18,3453790877,1,22,40,378970872,50050050,255,255,255,255,402885749241.6295
1791120408726374,2026-10-04T13:26:48.726374+00:00,162,18,3453806176,1,22,40,378970872,50050050,255,255,255,255,402885764507.6194
1791120408741087,2026-10-04T13:26:48.741087+00:00,162,18,3453820923,1,22,40,378970872,50050050,255,255,255,255,402885779220.60956
1791120408756161,2026-10-04T13:26:48.756161+00:00,162,18,3453835913,1,22,40,378970872,50050050,255,255,255,255,402885794294.59955
1791120408771136,2026-10-04T13:26:48.771136+00:00,162,18,3453850958,1,22,40,378970872,50050050,255,255,255,255,402885809269.58954
1791120408786188,2026-10-04T13:26:48.786188+00:00,162,18,3453866011,1,22,40,378970872,50050050,255,255,255,255,402885824321.5795
1791120408801223,2026-10-04T13:26:48.801223+00:00,162,18,3453881044,1,22,40,378970872,50050050,255,255,255,255,402885839356.5695
1791120408812576,2026-10-04T13:26:48.812576+00:00,162,83,3453892390,1,22,40,378970872,50050050,255,255,255,255,402885850709.56195
1791120408816133,2026-10-04T13:26:48.816133+00:00,162,18,3453895969,1,22,40,378970872,50050050,255,255,255,255,402885854266.5596
1791120408831164,2026-10-04T13:26:48.831164+00:00,162,18,3453910986,1,22,40,378970872,50050050,255,255,255,255,402885869297.54956
1791120408846170,2026-10-04T13:26:48.846170+00:00,162,18,3453925990,1,22,40,378970872,50050050,255,255,255,255,402885884303.53955
1791120408861220,2026-10-04T13:26:48.861220+00:00,162,18,3453940959,1,22,40,378970872,50050050,255,255,255,255,402885899353.52954
1791120408876159,2026-10-04T13:26:48.876159+00:00,162,18,3453955958,1,22,40,378970872,50050050,255,255,255,255,402885914292.5196
1791120408891194,2026-10-04T13:26:48.891194+00:00,162,18,3453970934,1,22,40,378970872,50050050,255,255,255,255,402885929327.5096
1791120408906036,2026-10-04T13:26:48.906036+00:00,162,18,3453985864,1,22,40,378970872,50050050,255,255,255,255,402885944169.4997
1791120408921056,2026-10-04T13:26:48.921056+00:00,162,18,3454000885,1,22,40,378970872,50050050,255,255,255,255,402885959189.4897
1791120408936294,2026-10-04T13:26:48.936294+00:00,162,18,3454015982,1,22,40,378970872,50050050,255,255,255,255,402885974427.47955
1791120408951153,2026-10-04T13:26:48.951153+00:00,162,18,3454030953,1,22,40,378970872,50050050,255,255,255,255,402885989286.46967
1791120408966264,2026-10-04T13:26:48.966264+00:00,162,18,3454045987,1,22,40,378970872,50050050,255,255,255,255,402886004397.4596
1791120408973511,2026-10-04T13:26:48.973511+00:00,162,83,3454053345,1,22,40,378970872,50050050,255,255,255,255,402886011644.4548
1791120408981330,2026-10-04T13:26:48.981330+00:00,162,18,3454060871,1,22,40,378970872,50050050,255,255,255,255,402886019463.4496
1791120408996082,2026-10-04T13:26:48.996082+00:00,162,18,3454075911,1,22,40,378970872,50050050,255,255,255,255,402886034215.43976
1791120409011415,2026-10-04T13:26:49.011415+00:00,162,18,3454091237,1,22,40,378970872,50050050,255,255,255,255,402886049548.4295
1791120409026852,2026-10-04T13:26:49.026852+00:00,162,18,3454105965,1,22,40,378970872,50050050,255,255,255,255,402886064985.41925
1791120409041230,2026-10-04T13:26:49.041230+00:00,162,18,3454120992,1,22,40,378970872,50050050,255,255,255,255,402886079363.40967
1791120409056030,2026-10-04T13:26:49.056030+00:00,162,18,3454135854,1,22,40,378970872,50050050,255,255,255,255,402886094163.3998
1791120409071048,2026-10-04T13:26:49.071048+00:00,162,18,3454150869,1,22,40,378970872,50050050,255,255,255,255,402886109181.38983
1791120409086025,2026-10-04T13:26:49.086025+00:00,162,18,3454165850,1,22,40,378970872,50050050,255,255,255,255,402886124158.3798
1791120409101059,2026-10-04T13:26:49.101059+00:00,162,18,3454180860,1,22,40,378970872,50050050,255,255,255,255,402886139192.3698
1791120409117229,2026-10-04T13:26:49.117229+00:00,162,18,3454197038,1,22,40,378970872,50050050,255,255,255,255,402886155362.3591
1791120409131061,2026-10-04T13:26:49.131061+00:00,162,18,3454210872,1,22,40,378970872,50050050,255,255,255,255,402886169194.34985
1791120409135952,2026-10-04T13:26:49.135952+00:00,162,83,3454215767,1,22,40,378970872,50050050,255,255,255,255,402886174085.34656
1791120409146202,2026-10-04T13:26:49.146202+00:00,162,18,3454226032,1,22,40,378970872,50050050,255,255,255,255,402886184335.3397
1791120409161058,2026-10-04T13:26:49.161058+00:00,162,18,3454240890,1,22,40,378970872,50050050,255,255,255,255,402886199191.32983
1791120409176072,2026-10-04T13:26:49.176072+00:00,162,18,3454255884,1,22,40,378970872,50050050,255,255,255,255,402886214205.3199
1791120409191075,2026-10-04T13:26:49.191075+00:00,162,18,3454270902,1,22,40,378970872,50050050,255,255,255,255,402886229208.3099
1791120409206130,2026-10-04T13:26:49.206130+00:00,162,18,3454285956,1,22,40,378970872,50050050,255,255,255,255,402886244263.29987
1791120409221081,2026-10-04T13:26:49.221081+00:00,162,18,3454300904,1,22,40,378970872,50050050,255,255,255,255,402886259214.28986
1791120409236053,2026-10-04T13:26:49.236053+00:00,162,18,3454315876,1,22,40,378970872,50050050,255,255,255,255,402886274186.2799
1791120409251108,2026-10-04T13:26:49.251108+00:00,162,18,3454330925,1,22,40,378970872,50050050,255,255,255,255,402886289241.2699
1791120409266248,2026-10-04T13:26:49.266248+00:00,162,18,3454345939,1,22,40,378970872,50050050,255,255,255,255,402886304381.2598
1791120409281040,2026-10-04T13:26:49.281040+00:00,162,18,3454360868,1,22,40,378970872,50050050,255,255,255,255,402886319173.24994
1791120409296247,2026-10-04T13:26:49.296247+00:00,162,18,3454375993,1,23,40,382023681,50050050,255,255,255,255,402886334380.2398
1791120409296871,2026-10-04T13:26:49.296871+00:00,162,18,3454376712,1,23,40,382023681,50050050,255,255,255,255,402886335004.2394
1791120409298221,2026-10-04T13:26:49.298221+00:00,162,83,3454378055,1,23,40,382023681,50050050,255,255,255,255,402886336354.2385
1791120409311360,2026-10-04T13:26:49.311360+00:00,162,18,3454391058,1,23,40,382023681,50050050,255,255,255,255,402886349493.22974
1791120409326064,2026-10-04T13:26:49.326064+00:00,162,18,3454405889,1,23,40,382023681,50050050,255,255,255,255,402886364197.22
1791120409341113,2026-10-04T13:26:49.341113+00:00,162,18,3454420932,1,23,40,382023681,50050050,255,255,255,255,402886379246.20996
1791120409356320,2026-10-04T13:26:49.356320+00:00,162,18,3454435971,1,23,40,382023681,50050050,255,255,255,255,402886394453.1998
1791120409372255,2026-10-04T13:26:49.372255+00:00,162,18,3454452077,1,23,40,382023681,50050050,255,255,255,255,402886410388.1892
1791120409386062,2026-10-04T13:26:49.386062+00:00,162,18,3454465889,1,23,40,382023681,50050050,255,255,255,255,402886424195.18
1791120409401231,2026-10-04T13:26:49.401231+00:00,162,18,3454480965,1,23,40,382023681,50050050,255,255,255,255,402886439364.1699
1791120409416208,2026-10-04T13:26:49.416208+00:00,162,18,3454495916,1,23,40,382023681,50050050,255,255,255,255,402886454341.1599
1791120409431050,2026-10-04T13:26:49.431050+00:00,162,18,3454510866,1,23,40,382023681,50050050,255,255,255,255,402886469183.15
1791120409446333,2026-10-04T13:26:49.446333+00:00,162,18,3454525929,1,23,40,382023681,50050050,255,255,255,255,402886484466.13983
1791120409461451,2026-10-04T13:26:49.461451+00:00,162,18,3454541274,1,23,40,382023681,50050050,255,255,255,255,402886499584.12976
1791120409465610,2026-10-04T13:26:49.465610+00:00,162,83,3454545427,1,23,40,382023681,50050050,255,255,255,255,402886503743.127
1791120409476122,2026-10-04T13:26:49.476122+00:00,162,18,3454555920,1,23,40,382023681,50050050,255,255,255,255,402886514255.12
1791120409484969,2026-10-04T13:26:49.484969+00:00,162,18,3454564750,1,23,40,382023681,50050050,255,255,255,255,402886523102.11414
1791120409498528,2026-10-04T13:26:49.498528+00:00,162,18,3454578353,1,23,40,382023681,50050050,255,255,255,255,402886536661.1051
1791120409513821,2026-10-04T13:26:49.513821+00:00,162,18,3454593636,1,23,40,382023681,50050050,255,255,255,255,402886551954.0949
1791120409528611,2026-10-04T13:26:49.528611+00:00,162,18,3454608435,1,23,40,382023681,50050050,255,255,255,255,402886566744.0851
1791120409544104,2026-10-04T13:26:49.544104+00:00,162,18,3454623886,1,23,40,382023681,50050050,255,255,255,255,402886582237.07477
1791120409558768,2026-10-04T13:26:49.558768+00:00,162,18,3454638588,1,23,40,382023681,50050050,255,255,255,255,402886596901.065
1791120409573602,2026-10-04T13:26:49.573602+00:00,162,18,3454653420,1,23,40,382023681,50050050,255,255,255,255,402886611735.0551
1791120409582227,2026-10-04T13:26:49.582227+00:00,162,18,3454662062,1,23,40,382023681,50050050,255,255,255,255,402886620360.0494
1791120409596117,2026-10-04T13:26:49.596117+00:00,162,18,3454675931,1,23,40,382023681,50050050,255,255,255,255,402886634250.0401
1791120409612219,2026-10-04T13:26:49.612219+00:00,162,18,3454692042,1,23,40,382023681,50050050,255,255,255,255,402886650352.02936
1791120409626292,2026-10-04T13:26:49.626292+00:00,162,18,3454706103,1,23,40,382023681,50050050,255,255,255,255,402886664425.02
1791120409631987,2026-10-04T13:26:49.631987+00:00,162,83,3454711790,1,23,40,382023681,50050050,255,255,255,255,402886670120.01624
1791120409641060,2026-10-04T13:26:49.641060+00:00,162,18,3454720882,1,23,40,382023681,50050050,255,255,255,255,402886679193.0102
1791120409656058,2026-10-04T13:26:49.656058+00:00,162,18,3454735879,1,23,40,382023681,50050050,255,255,255,255,402886694191.0002
1791120409672869,2026-10-04T13:26:49.672869+00:00,162,18,3454752674,1,23,40,382023681,50050050,255,255,255,255,402886711001.98895
1791120409686219,2026-10-04T13:26:49.686219+00:00,162,18,3454766030,1,23,40,382023681,50050050,255,255,255,255,402886724351.9801
1791120409701183,2026-10-04T13:26:49.701183+00:00,162,18,3454780916,1,23,40,382023681,50050050,255,255,255,255,402886739315.9701
1791120409716132,2026-10-04T13:26:49.716132+00:00,162,18,3454795955,1,23,40,382023681,50050050,255,255,255,255,402886754264.96014
1791120409731057,2026-10-04T13:26:49.731057+00:00,162,18,3454810880,1,23,40,382023681,50050050,255,255,255,255,402886769189.95026
1791120409746051,2026-10-04T13:26:49.746051+00:00,162,18,3454825877,1,23,40,382023681,50050050,255,255,255,255,402886784183.94025
1791120409761276,2026-10-04T13:26:49.761276+00:00,162,18,3454841078,1,23,40,382023681,50050050,255,255,255,255,402886799408.9301
1791120409776138,2026-10-04T13:26:49.776138+00:00,162,18,3454855941,1,23,40,382023681,50050050,255,255,255,255,402886814270.9202
1791120409791086,2026-10-04T13:26:49.791086+00:00,162,18,3454870895,1,23,40,382023681,50050050,255,255,255,255,402886829218.9102
1791120409798462,2026-10-04T13:26:49.798462+00:00,162,83,3454878274,1,23,40,382023681,50050050,255,255,255,255,402886836594.90533
1791120409806053,2026-10-04T13:26:49.806053+00:00,162,18,3454885881,1,23,40,382023681,50050050,255,255,255,255,402886844185.90027
1791120409821201,2026-10-04T13:26:49.821201+00:00,162,18,3454900960,1,23,40,382023681,50050050,255,255,255,255,402886859333.8902
1791120409836439,2026-10-04T13:26:49.836439+00:00,162,18,3454916252,1,23,40,382023681,50050050,255,255,255,255,402886874571.88007
1791120409851066,2026-10-04T13:26:49.851066+00:00,162,18,3454930877,1,23,40,382023681,50050050,255,255,255,255,402886889198.8703
1791120409866332,2026-10-04T13:26:49.866332+00:00,162,18,3454946159,1,23,40,382023681,50050050,255,255,255,255,402886904464.8601
1791120409881030,2026-10-04T13:26:49.881030+00:00,162,18,3454960852,1,23,40,382023681,50050050,255,255,255,255,402886919162.85034
1791120409895987,2026-10-04T13:26:49.895987+00:00,162,18,3454975817,1,23,40,382023681,50050050,255,255,255,255,402886934119.8404
1791120409910992,2026-10-04T13:26:49.910992+00:00,162,18,3454990832,1,23,40,382023681,50050050,255,255,255,255,402886949124.8304
1791120409926024,2026-10-04T13:26:49.926024+00:00,162,18,3455005858,1,23,40,382023681,50050050,255,255,255,255,402886964156.8204
1791120409941009,2026-10-04T13:26:49.941009+00:00,162,18,3455020840,1,23,40,382023681,50050050,255,255,255,255,402886979141.81036
1791120409949624,2026-10-04T13:26:49.949624+00:00,162,18,3455029467,1,23,40,382023681,50050050,255,255,255,255,402886987756.8046
1791120409956434,2026-10-04T13:26:49.956434+00:00,162,83,3455036272,1,23,40,382023681,50050050,255,255,255,255,402886994566.8001
1791120409963685,2026-10-04T13:26:49.963685+00:00,162,18,3455043495,1,23,40,382023681,50050050,255,255,255,255,402887001817.7953
1791120409978977,2026-10-04T13:26:49.978977+00:00,162,18,3455058806,1,23,40,382023681,50050050,255,255,255,255,402887017109.7851
1791120409993482,2026-10-04T13:26:49.993482+00:00,162,18,3455073309,1,23,40,382023681,50050050,255,255,255,255,402887031614.77545
1791120410009564,2026-10-04T13:26:50.009564+00:00,162,18,3455089388,1,23,40,382023681,50050050,255,255,255,255,402887047696.7647
1791120410023434,2026-10-04T13:26:50.023434+00:00,162,18,3455103271,1,23,40,382023681,50050050,255,255,255,255,402887061566.7555
1791120410038434,2026-10-04T13:26:50.038434+00:00,162,18,3455118272,1,23,40,382023681,50050050,255,255,255,255,402887076566.7455
1791120410053634,2026-10-04T13:26:50.053634+00:00,162,18,3455133426,1,23,40,382023681,50050050,255,255,255,255,402887091766.7354
1791120410068421,2026-10-04T13:26:50.068421+00:00,162,18,3455148258,1,23,40,382023681,50050050,255,255,255,255,402887106553.7255
1791120410083580,2026-10-04T13:26:50.083580+00:00,162,18,3455163412,1,23,40,382023681,50050050,255,255,255,255,402887121712.71545
1791120410098393,2026-10-04T13:26:50.098393+00:00,162,18,3455178237,1,23,40,382023681,50050050,255,255,255,255,402887136525.70557
1791120410113435,2026-10-04T13:26:50.113435+00:00,162,18,3455193271,1,23,40,382023681,50050050,255,255,255,255,402887151567.69556
1791120410128410,2026-10-04T13:26:50.128410+00:00,162,18,3455208252,1,23,40,382023681,50050050,255,255,255,255,402887166542.6856
1791120410142393,2026-10-04T13:26:50.142393+00:00,162,83,3455222212,1,23,40,382023681,50050050,255,255,255,255,402887180525.6763
1791120410143421,2026-10-04T13:26:50.143421+00:00,162,18,3455223276,1,23,40,382023681,50050050,255,255,255,255,402887181553.6756
1791120410158423,2026-10-04T13:26:50.158423+00:00,162,18,3455238265,1,23,40,382023681,50050050,255,255,255,255,402887196555.6656
1791120410173420,2026-10-04T13:26:50.173420+00:00,162,18,3455253254,1,23,40,382023681,50050050,255,255,255,255,402887211552.6556
1791120410188540,2026-10-04T13:26:50.188540+00:00,162,18,3455268386,1,23,40,382023681,50050050,255,255,255,255,402887226672.6455
1791120410203404,2026-10-04T13:26:50.203404+00:00,162,18,3455283236,1,23,40,382023681,50050050,255,255,255,255,402887241536.6356
1791120410218428,2026-10-04T13:26:50.218428+00:00,162,18,3455298272,1,23,40,382023681,50050050,255,255,255,255,402887256560.6256
1791120410233442,2026-10-04T13:26:50.233442+00:00,162,18,3455313281,1,23,40,382023681,50050050,255,255,255,255,402887271574.6156
1791120410248434,2026-10-04T13:26:50.248434+00:00,162,18,3455328270,1,23,40,382023681,50050050,255,255,255,255,402887286566.60565
1791120410263425,2026-10-04T13:26:50.263425+00:00,162,18,3455343268,1,23,40,382023681,50050050,255,255,255,255,402887301557.59564
1791120410263940,2026-10-04T13:26:50.263940+00:00,162,83,3455343796,1,23,40,382023681,50050050,255,255,255,255,402887302072.59534
1791120410278378,2026-10-04T13:26:50.278378+00:00,162,18,3455358229,1,23,40,382023681,50050050,255,255,255,255,402887316510.5857
1791120410293392,2026-10-04T13:26:50.293392+00:00,162,18,3455373236,1,23,40,382023681,50050050,255,255,255,255,402887331524.5757
1791120410300946,2026-10-04T13:26:50.300946+00:00,162,18,3455380793,1,24,40,385026543,50050050,255,255,255,255,402887339078.5707
1791120410308476,2026-10-04T13:26:50.308476+00:00,162,18,3455388325,1,24,40,385026543,50050050,255,255,255,255,402887346608.5657
1791120410323409,2026-10-04T13:26:50.323409+00:00,162,18,3455403239,1,24,40,385026543,50050050,255,255,255,255,402887361541.5557
1791120410338451,2026-10-04T13:26:50.338451+00:00,162,18,3455418306,1,24,40,385026543,50050050,255,255,255,255,402887376583.5457
1791120410353362,2026-10-04T13:26:50.353362+00:00,162,18,3455433213,1,24,40,385026543,50050050,255,255,255,255,402887391494.53577
1791120410368436,2026-10-04T13:26:50.368436+00:00,162,18,3455448288,1,24,40,385026543,50050050,255,255,255,255,402887406568.5257
1791120410383539,2026-10-04T13:26:50.383539+00:00,162,18,3455463384,1,24,40,385026543,50050050,255,255,255,255,402887421671.5157
1791120410392405,2026-10-04T13:26:50.392405+00:00,162,83,3455472250,1,24,40,385026543,50050050,255,255,255,255,402887430537.50977
1791120410398337,2026-10-04T13:26:50.398337+00:00,162,18,3455478195,1,24,40,385026543,50050050,255,255,255,255,402887436469.5058
1791120410414595,2026-10-04T13:26:50.414595+00:00,162,18,3455494447,1,24,40,385026543,50050050,255,255,255,255,402887452727.495
1791120410428466,2026-10-04T13:26:50.428466+00:00,162,18,3455508326,1,24,40,385026543,50050050,255,255,255,255,402887466598.4857
1791120410443519,2026-10-04T13:26:50.443519+00:00,162,18,3455523363,1,24,40,385026543,50050050,255,255,255,255,402887481651.4757
1791120410458321,2026-10-04T13:26:50.458321+00:00,162,18,3455538170,1,24,40,385026543,50050050,255,255,255,255,402887496453.4659
1791120410473478,2026-10-04T13:26:50.473478+00:00,162,18,3455553335,1,24,40,385026543,50050050,255,255,255,255,402887511610.45575
1791120410488329,2026-10-04T13:26:50.488329+00:00,162,18,3455568180,1,24,40,385026543,50050050,255,255,255,255,402887526461.44586
1791120410503434,2026-10-04T13:26:50.503434+00:00,162,18,3455583249,1,24,40,385026543,50050050,255,255,255,255,402887541566.4358
1791120410504062,2026-10-04T13:26:50.504062+00:00,162,83,3455583930,1,24,40,385026543,50050050,255,255,255,255,402887542194.43536
1791120410518355,2026-10-04T13:26:50.518355+00:00,162,18,3455598209,1,24,40,385026543,50050050,255,255,255,255,402887556487.42584
1791120410533340,2026-10-04T13:26:50.533340+00:00,162,18,3455613193,1,24,40,385026543,50050050,255,255,255,255,402887571472.4159
1791120410548368,2026-10-04T13:26:50.548368+00:00,162,18,3455628222,1,24,40,385026543,50050050,255,255,255,255,402887586500.4059
1791120410563344,2026-10-04T13:26:50.563344+00:00,162,18,3455643207,1,24,40,385026543,50050050,255,255,255,255,402887601476.39594
1791120410578345,2026-10-04T13:26:50.578345+00:00,162,18,3455658194,1,24,40,385026543,50050050,255,255,255,255,402887616477.3859
1791120410593317,2026-10-04T13:26:50.593317+00:00,162,18,3455673171,1,24,40,385026543,50050050,255,255,255,255,402887631449.3759
1791120410608312,2026-10-04T13:26:50.608312+00:00,162,18,3455688171,1,24,40,385026543,50050050,255,255,255,255,402887646444.36597
1791120410623311,2026-10-04T13:26:50.623311+00:00,162,18,3455703172,1,24,40,385026543,50050050,255,255,255,255,402887661443.35596
1791120410638304,2026-10-04T13:26:50.638304+00:00,162,18,3455718163,1,24,40,385026543,50050050,255,255,255,255,402887676436.346
1791120410650004,2026-10-04T13:26:50.650004+00:00,162,83,3455729855,1,24,40,385026543,50050050,255,255,255,255,402887688136.3382
1791120410653313,2026-10-04T13:26:50.653313+00:00,162,18,3455733170,1,24,40,385026543,50050050,255,255,255,255,402887691445.336
1791120410668379,2026-10-04T13:26:50.668379+00:00,162,18,3455748240,1,24,40,385026543,50050050,255,255,255,255,402887706511.3259
1791120410683326,2026-10-04T13:26:50.683326+00:00,162,18,3455763185,1,24,40,385026543,50050050,255,255,255,255,402887721458.316
1791120410698322,2026-10-04T13:26:50.698322+00:00,162,18,3455778181,1,24,40,385026543,50050050,255,255,255,255,402887736454.306
1791120410713393,2026-10-04T13:26:50.713393+00:00,162,18,3455793254,1,24,40,385026543,50050050,255,255,255,255,402887751525.29596
1791120410728373,2026-10-04T13:26:50.728373+00:00,162,18,3455808235,1,24,40,385026543,50050050,255,255,255,255,402887766505.286
1791120410743327,2026-10-04T13:26:50.743327+00:00,162,18,3455823193,1,24,40,385026543,50050050,255,255,255,255,402887781459.27606
1791120410758324,2026-10-04T13:26:50.758324+00:00,162,18,3455838188,1,24,40,385026543,50050050,255,255,255,255,402887796456.26605
1791120410773296,2026-10-04T13:26:50.773296+00:00,162,18,3455853159,1,24,40,385026543,50050050,255,255,255,255,402887811428.25604
1791120410779682,2026-10-04T13:26:50.779682+00:00,162,83,3455859539,1,24,40,385026543,50050050,255,255,255,255,402887817814.25183
1791120410788256,2026-10-04T13:26:50.788256+00:00,162,18,3455868122,1,24,40,385026543,50050050,255,255,255,255,402887826388.2461
1791120410803296,2026-10-04T13:26:50.803296+00:00,162,18,3455883155,1,24,40,385026543,50050050,255,255,255,255,402887841428.2361
1791120410818347,2026-10-04T13:26:50.818347+00:00,162,18,3455898216,1,24,40,385026543,50050050,255,255,255,255,402887856479.2261
1791120410833261,2026-10-04T13:26:50.833261+00:00,162,18,3455913131,1,24,40,385026543,50050050,255,255,255,255,402887871393.2161
1791120410848245,2026-10-04T13:26:50.848245+00:00,162,18,3455928111,1,24,40,385026543,50050050,255,255,255,255,402887886377.2062
1791120410863269,2026-10-04T13:26:50.863269+00:00,162,18,3455943138,1,24,40,385026543,50050050,255,255,255,255,402887901401.19617
1791120410878272,2026-10-04T13:26:50.878272+00:00,162,18,3455958140,1,24,40,385026543,50050050,255,255,255,255,402887916404.18616
1791120410893314,2026-10-04T13:26:50.893314+00:00,162,18,3455973167,1,24,40,385026543,50050050,255,255,255,255,402887931446.17615
1791120410897904,2026-10-04T13:26:50.897904+00:00,162,83,3455977765,1,24,40,385026543,50050050,255,255,255,255,402887936036.1731
1791120410908345,2026-10-04T13:26:50.908345+00:00,162,18,3455988214,1,24,40,385026543,50050050,255,255,255,255,402887946477.16614
1791120410923383,2026-10-04T13:26:50.923383+00:00,162,18,3456003238,1,24,40,385026543,50050050,255,255,255,255,402887961515.1561
1791120410938406,2026-10-04T13:26:50.938406+00:00,162,18,3456018254,1,24,40,385026543,50050050,255,255,255,255,402887976538.1461
1791120410953238,2026-10-04T13:26:50.953238+00:00,162,18,3456033108,1,24,40,385026543,50050050,255,255,255,255,402887991370.1362
1791120410968285,2026-10-04T13:26:50.968285+00:00,162,18,3456048148,1,24,40,385026543,50050050,255,255,255,255,402888006417.1262
1791120410983281,2026-10-04T13:26:50.983281+00:00,162,18,3456063147,1,24,40,385026543,50050050,255,255,255,255,402888021413.1162
1791120410998396,2026-10-04T13:26:50.998396+00:00,162,18,3456078246,1,24,40,385026543,50050050,255,255,255,255,402888036528.10614
1791120411013365,2026-10-04T13:26:51.013365+00:00,162,18,3456093229,1,24,40,385026543,50050050,255,255,255,255,402888051497.0962
1791120411025899,2026-10-04T13:26:51.025899+00:00,162,83,3456105754,1,24,40,385026543,50050050,255,255,255,255,402888064031.0878
1791120411028249,2026-10-04T13:26:51.028249+00:00,162,18,3456108119,1,24,40,385026543,50050050,255,255,255,255,402888066381.08624
1791120411043287,2026-10-04T13:26:51.043287+00:00,162,18,3456123153,1,24,40,385026543,50050050,255,255,255,255,402888081419.07623
1791120411058280,2026-10-04T13:26:51.058280+00:00,162,18,3456138144,1,24,40,385026543,50050050,255,255,255,255,402888096412.0663
1791120411074416,2026-10-04T13:26:51.074416+00:00,162,18,3456154281,1,24,40,385026543,50050050,255,255,255,255,402888112548.05554
1791120411088262,2026-10-04T13:26:51.088262+00:00,162,18,3456168129,1,24,40,385026543,50050050,255,255,255,255,402888126394.0463
1791120411103344,2026-10-04T13:26:51.103344+00:00,162,18,3456183202,1,24,40,385026543,50050050,255,255,255,255,402888141476.03625
1791120411118315,2026-10-04T13:26:51.118315+00:00,162,18,3456198182,1,24,40,385026543,50050050,255,255,255,255,402888156447.0263
1791120411133261,2026-10-04T13:26:51.133261+00:00,162,18,3456213127,1,24,40,385026543,50050050,255,255,255,255,402888171393.01636
1791120411148375,2026-10-04T13:26:51.148375+00:00,162,18,3456228237,1,24,40,385026543,50050050,255,255,255,255,402888186507.0063
1791120411154580,2026-10-04T13:26:51.154580+00:00,162,83,3456234440,1,24,40,385026543,50050050,255,255,255,255,402888192712.00214
1791120411163279,2026-10-04T13:26:51.163279+00:00,162,18,3456243144,1,24,40,385026543,50050050,255,255,255,255,402888201410.99634
1791120411178316,2026-10-04T13:26:51.178316+00:00,162,18,3456258177,1,24,40,385026543,50050050,255,255,255,255,402888216447.9863
1791120411194573,2026-10-04T13:26:51.194573+00:00,162,18,3456274433,1,24,40,385026543,50050050,255,255,255,255,402888232704.97546
1791120411208295,2026-10-04T13:26:51.208295+00:00,162,18,3456288162,1,24,40,385026543,50050050,255,255,255,255,402888246426.9664
1791120411223286,2026-10-04T13:26:51.223286+00:00,162,18,3456303155,1,24,40,385026543,50050050,255,255,255,255,402888261417.95636
1791120411238319,2026-10-04T13:26:51.238319+00:00,162,18,3456318186,1,24,40,385026543,50050050,255,255,255,255,402888276450.94635
1791120411253256,2026-10-04T13:26:51.253256+00:00,162,18,3456333121,1,24,40,385026543,50050050,255,255,255,255,402888291387.9364
1791120411267771,2026-10-04T13:26:51.267771+00:00,162,83,3456347614,1,24,40,385026543,50050050,255,255,255,255,402888305902.92676
1791120411268419,2026-10-04T13:26:51.268419+00:00,162,18,3456348301,1,24,40,385026543,50050050,255,255,255,255,402888306550.92633
1791120411283284,2026-10-04T13:26:51.283284+00:00,162,18,3456363154,1,24,40,385026543,50050050,255,255,255,255,402888321415.9164
1791120411298438,2026-10-04T13:26:51.298438+00:00,162,18,3456378251,1,24,40,385026543,50050050,255,255,255,255,402888336569.9063
1791120411305863,2026-10-04T13:26:51.305863+00:00,162,18,3456385733,1,25,40,388030350,50050050,255,255,255,255,402888343994.90137
1791120411313233,2026-10-04T13:26:51.313233+00:00,162,18,3456393102,1,25,40,388030350,50050050,255,255,255,255,402888351364.8965
1791120411328373,2026-10-04T13:26:51.328373+00:00,162,18,3456408236,1,25,40,388030350,50050050,255,255,255,255,402888366504.88635
1791120411344757,2026-10-04T13:26:51.344757+00:00,162,18,3456424622,1,25,40,388030350,50050050,255,255,255,255,402888382888.8755
1791120411358438,2026-10-04T13:26:51.358438+00:00,162,18,3456438307,1,25,40,388030350,50050050,255,255,255,255,402888396569.86633
1791120411373299,2026-10-04T13:26:51.373299+00:00,162,18,3456453154,1,25,40,388030350,50050050,255,255,255,255,402888411430.85645
1791120411379157,2026-10-04T13:26:51.379157+00:00,162,83,3456458956,1,25,40,388030350,50050050,255,255,255,255,402888417288.85254
1791120411389458,2026-10-04T13:26:51.389458+00:00,162,18,3456469327,1,25,40,388030350,50050050,255,255,255,255,402888427589.8457
1791120411403325,2026-10-04T13:26:51.403325+00:00,162,18,3456483190,1,25,40,388030350,50050050,255,255,255,255,402888441456.8365
1791120411418275,2026-10-04T13:26:51.418275+00:00,162,18,3456498137,1,25,40,388030350,50050050,255,255,255,255,402888456406.8265
1791120411433360,2026-10-04T13:26:51.433360+00:00,162,18,3456513223,1,25,40,388030350,50050050,255,255,255,255,402888471491.81647
1791120411448363,2026-10-04T13:26:51.448363+00:00,162,18,3456528219,1,25,40,388030350,50050050,255,255,255,255,402888486494.80646
1791120411463313,2026-10-04T13:26:51.463313+00:00,162,18,3456543176,1,25,40,388030350,50050050,255,255,255,255,402888501444.7965
1791120411478416,2026-10-04T13:26:51.478416+00:00,162,18,3456558281,1,25,40,388030350,50050050,255,255,255,255,402888516547.78644
1791120411493367,2026-10-04T13:26:51.493367+00:00,162,18,3456573220,1,25,40,388030350,50050050,255,255,255,255,402888531498.7765
1791120411501772,2026-10-04T13:26:51.501772+00:00,162,83,3456581621,1,25,40,388030350,50050050,255,255,255,255,402888539903.7709
1791120411508507,2026-10-04T13:26:51.508507+00:00,162,18,3456588371,1,25,40,388030350,50050050,255,255,255,255,402888546638.7664
1791120411523368,2026-10-04T13:26:51.523368+00:00,162,18,3456603224,1,25,40,388030350,50050050,255,255,255,255,402888561499.75653
1791120411538293,2026-10-04T13:26:51.538293+00:00,162,18,3456618156,1,25,40,388030350,50050050,255,255,255,255,402888576424.7466
1791120411553316,2026-10-04T13:26:51.553316+00:00,162,18,3456633172,1,25,40,388030350,50050050,255,255,255,255,402888591447.7366
1791120411568317,2026-10-04T13:26:51.568317+00:00,162,18,3456648171,1,25,40,388030350,50050050,255,255,255,255,402888606448.72656
1791120411583312,2026-10-04T13:26:51.583312+00:00,162,18,3456663171,1,25,40,388030350,50050050,255,255,255,255,402888621443.7166
1791120411598341,2026-10-04T13:26:51.598341+00:00,162,18,3456678197,1,25,40,388030350,50050050,255,255,255,255,402888636472.7066
1791120411613297,2026-10-04T13:26:51.613297+00:00,162,18,3456693144,1,25,40,388030350,50050050,255,255,255,255,402888651428.6966
1791120411619488,2026-10-04T13:26:51.619488+00:00,162,83,3456699333,1,25,40,388030350,50050050,255,255,255,255,402888657619.6925
1791120411628432,2026-10-04T13:26:51.628432+00:00,162,18,3456708288,1,25,40,388030350,50050050,255,255,255,255,402888666563.6865
1791120411643346,2026-10-04T13:26:51.643346+00:00,162,18,3456723204,1,25,40,388030350,50050050,255,255,255,255,402888681477.6766
1791120411658417,2026-10-04T13:26:51.658417+00:00,162,18,3456738266,1,25,40,388030350,50050050,255,255,255,255,402888696548.66656
1791120411673319,2026-10-04T13:26:51.673319+00:00,162,18,3456753184,1,25,40,388030350,50050050,255,255,255,255,402888711450.6566
1791120411688715,2026-10-04T13:26:51.688715+00:00,162,18,3456768535,1,25,40,388030350,50050050,255,255,255,255,402888726846.64636
1791120411703390,2026-10-04T13:26:51.703390+00:00,162,18,3456783243,1,25,40,388030350,50050050,255,255,255,255,402888741521.6366
1791120411718329,2026-10-04T13:26:51.718329+00:00,162,18,3456798187,1,25,40,388030350,50050050,255,255,255,255,402888756460.62665
1791120411733340,2026-10-04T13:26:51.733340+00:00,162,18,3456813201,1,25,40,388030350,50050050,255,255,255,255,402888771471.61664
1791120411748397,2026-10-04T13:26:51.748397+00:00,162,18,3456828254,1,25,40,388030350,50050050,255,255,255,255,402888786528.6066
1791120411756120,2026-10-04T13:26:51.756120+00:00,162,83,3456835962,1,25,40,388030350,50050050,255,255,255,255,402888794251.6015
1791120411763632,2026-10-04T13:26:51.763632+00:00,162,18,3456843219,1,25,40,388030350,50050050,255,255,255,255,402888801763.5965
1791120411778395,2026-10-04T13:26:51.778395+00:00,162,18,3456858256,1,25,40,388030350,50050050,255,255,255,255,402888816526.5867
1791120411793347,2026-10-04T13:26:51.793347+00:00,162,18,3456873199,1,25,40,388030350,50050050,255,255,255,255,402888831478.5767
1791120411808399,2026-10-04T13:26:51.808399+00:00,162,18,3456888262,1,25,40,388030350,50050050,255,255,255,255,402888846530.56665
1791120411823281,2026-10-04T13:26:51.823281+00:00,162,18,3456903141,1,25,40,388030350,50050050,255,255,255,255,402888861412.55676
1791120411838295,2026-10-04T13:26:51.838295+00:00,162,18,3456918151,1,25,40,388030350,50050050,255,255,255,255,402888876426.54675
1791120411853306,2026-10-04T13:26:51.853306+00:00,162,18,3456933156,1,25,40,388030350,50050050,255,255,255,255,402888891437.53674
1791120411868345,2026-10-04T13:26:51.868345+00:00,162,18,3456948203,1,25,40,388030350,50050050,255,255,255,255,402888906476.52673
1791120411883430,2026-10-04T13:26:51.883430+00:00,162,18,3456963274,1,25,40,388030350,50050050,255,255,255,255,402888921561.5167
1791120411890855,2026-10-04T13:26:51.890855+00:00,162,83,3456970722,1,25,40,388030350,50050050,255,255,255,255,402888928986.5118
1791120411898374,2026-10-04T13:26:51.898374+00:00,162,18,3456978236,1,25,40,388030350,50050050,255,255,255,255,402888936505.5068
1791120411913323,2026-10-04T13:26:51.913323+00:00,162,18,3456993183,1,25,40,388030350,50050050,255,255,255,255,402888951454.49677
1791120411928298,2026-10-04T13:26:51.928298+00:00,162,18,3457008162,1,25,40,388030350,50050050,255,255,255,255,402888966429.4868
1791120411943250,2026-10-04T13:26:51.943250+00:00,162,18,3457023114,1,25,40,388030350,50050050,255,255,255,255,402888981381.47687
1791120411958374,2026-10-04T13:26:51.958374+00:00,162,18,3457038237,1,25,40,388030350,50050050,255,255,255,255,402888996505.4668
1791120411973489,2026-10-04T13:26:51.973489+00:00,162,18,3457053326,1,25,40,388030350,50050050,255,255,255,255,402889011620.4567
1791120411988395,2026-10-04T13:26:51.988395+00:00,162,18,3457068251,1,25,40,388030350,50050050,255,255,255,255,402889026526.4468
1791120412003401,2026-10-04T13:26:52.003401+00:00,162,18,3457083254,1,25,40,388030350,50050050,255,255,255,255,402889041532.43677
1791120412018356,2026-10-04T13:26:52.018356+00:00,162,18,3457098206,1,25,40,388030350,50050050,255,255,255,255,402889056487.4268
1791120412026276,2026-10-04T13:26:52.026276+00:00,162,83,3457106138,1,25,40,388030350,50050050,255,255,255,255,402889064407.4216
1791120412033289,2026-10-04T13:26:52.033289+00:00,162,18,3457113153,1,25,40,388030350,50050050,255,255,255,255,402889071420.4169
1791120412048332,2026-10-04T13:26:52.048332+00:00,162,18,3457128190,1,25,40,388030350,50050050,255,255,255,255,402889086463.40686
1791120412063613,2026-10-04T13:26:52.063613+00:00,162,18,3457143424,1,25,40,388030350,50050050,255,255,255,255,402889101744.39667
1791120412078286,2026-10-04T13:26:52.078286+00:00,162,18,3457158142,1,25,40,388030350,50050050,255,255,255,255,402889116417.3869
1791120412093302,2026-10-04T13:26:52.093302+00:00,162,18,3457173161,1,25,40,388030350,50050050,255,255,255,255,402889131433.3769
1791120412108403,2026-10-04T13:26:52.108403+00:00,162,18,3457188255,1,25,40,388030350,50050050,255,255,255,255,402889146534.3669
1791120412123510,2026-10-04T13:26:52.123510+00:00,162,18,3457203349,1,25,40,388030350,50050050,255,255,255,255,402889161641.3568
1791120412126192,2026-10-04T13:26:52.126192+00:00,162,83,3457206038,1,25,40,388030350,50050050,255,255,255,255,402889164323.35504
1791120412138294,2026-10-04T13:26:52.138294+00:00,162,18,3457218152,1,25,40,388030350,50050050,255,255,255,255,402889176425.3469
1791120412153344,2026-10-04T13:26:52.153344+00:00,162,18,3457233196,1,25,40,388030350,50050050,255,255,255,255,402889191475.3369
1791120412168276,2026-10-04T13:26:52.168276+00:00,162,18,3457248130,1,25,40,388030350,50050050,255,255,255,255,402889206407.32697
1791120412183385,2026-10-04T13:26:52.183385+00:00,162,18,3457263223,1,25,40,388030350,50050050,255,255,255,255,402889221516.3169
1791120412198427,2026-10-04T13:26:52.198427+00:00,162,18,3457278287,1,25,40,388030350,50050050,255,255,255,255,402889236558.3069
1791120412213398,2026-10-04T13:26:52.213398+00:00,162,18,3457293257,1,25,40,388030350,50050050,255,255,255,255,402889251529.29694
1791120412228506,2026-10-04T13:26:52.228506+00:00,162,18,3457308335,1,25,40,388030350,50050050,255,255,255,255,402889266637.28687
1791120412244780,2026-10-04T13:26:52.244780+00:00,162,18,3457324566,1,25,40,388030350,50050050,255,255,255,255,402889282911.276
1791120412258394,2026-10-04T13:26:52.258394+00:00,162,18,3457338242,1,25,40,388030350,50050050,255,255,255,255,402889296525.26697
1791120412265757,2026-10-04T13:26:52.265757+00:00,162,83,3457345619,1,25,40,388030350,50050050,255,255,255,255,402889303888.2621
1791120412273406,2026-10-04T13:26:52.273406+00:00,162,18,3457353268,1,25,40,388030350,50050050,255,255,255,255,402889311537.25696
1791120412288301,2026-10-04T13:26:52.288301+00:00,162,18,3457368159,1,25,40,388030350,50050050,255,255,255,255,402889326432.2471
1791120412303317,2026-10-04T13:26:52.303317+00:00,162,18,3457383165,1,25,40,388030350,50050050,255,255,255,255,402889341448.23706
1791120412310787,2026-10-04T13:26:52.310787+00:00,162,18,3457390654,1,26,40,388931565,50050050,255,255,255,255,402889348918.23206
1791120412318305,2026-10-04T13:26:52.318305+00:00,162,18,3457398164,1,26,40,388931565,50050050,255,255,255,255,402889356436.22705
1791120412333333,2026-10-04T13:26:52.333333+00:00,162,18,3457413189,1,26,40,388931565,50050050,255,255,255,255,402889371464.21704
1791120412348576,2026-10-04T13:26:52.348576+00:00,162,18,3457428379,1,26,40,388931565,50050050,255,255,255,255,402889386707.2069
1791120412364438,2026-10-04T13:26:52.364438+00:00,162,18,3457444294,1,26,40,388931565,50050050,255,255,255,255,402889402569.19635
1791120412378396,2026-10-04T13:26:52.378396+00:00,162,18,3457458264,1,26,40,388931565,50050050,255,255,255,255,402889416527.187
1791120412390208,2026-10-04T13:26:52.390208+00:00,162,83,3457470070,1,26,40,388931565,50050050,255,255,255,255,402889428339.1792
1791120412393246,2026-10-04T13:26:52.393246+00:00,162,18,3457473119,1,26,40,388931565,50050050,255,255,255,255,402889431377.1771
1791120412408309,2026-10-04T13:26:52.408309+00:00,162,18,3457488164,1,26,40,388931565,50050050,255,255,255,255,402889446440.1671
1791120412423250,2026-10-04T13:26:52.423250+00:00,162,18,3457503103,1,26,40,388931565,50050050,255,255,255,255,402889461381.15717
1791120412438258,2026-10-04T13:26:52.438258+00:00,162,18,3457518119,1,26,40,388931565,50050050,255,255,255,255,402889476389.14716
1791120412453306,2026-10-04T13:26:52.453306+00:00,162,18,3457533159,1,26,40,388931565,50050050,255,255,255,255,402889491437.13715
1791120412468286,2026-10-04T13:26:52.468286+00:00,162,18,3457548146,1,26,40,388931565,50050050,255,255,255,255,402889506417.1272
1791120412483516,2026-10-04T13:26:52.483516+00:00,162,18,3457563361,1,26,40,388931565,50050050,255,255,255,255,402889521647.117
1791120412498256,2026-10-04T13:26:52.498256+00:00,162,18,3457578115,1,26,40,388931565,50050050,255,255,255,255,402889536387.10724
1791120412498688,2026-10-04T13:26:52.498688+00:00,162,83,3457578564,1,26,40,388931565,50050050,255,255,255,255,402889536819.10693
1791120412513286,2026-10-04T13:26:52.513286+00:00,162,18,3457593155,1,26,40,388931565,50050050,255,255,255,255,402889551417.0972
1791120412528259,2026-10-04T13:26:52.528259+00:00,162,18,3457608122,1,26,40,388931565,50050050,255,255,255,255,402889566390.0872
1791120412543337,2026-10-04T13:26:52.543337+00:00,162,18,3457623197,1,26,40,388931565,50050050,255,255,255,255,402889581468.0772
1791120412558314,2026-10-04T13:26:52.558314+00:00,162,18,3457638173,1,26,40,388931565,50050050,255,255,255,255,402889596445.0672
1791120412573298,2026-10-04T13:26:52.573298+00:00,162,18,3457653163,1,26,40,388931565,50050050,255,255,255,255,402889611429.05725
1791120412588240,2026-10-04T13:26:52.588240+00:00,162,18,3457668107,1,26,40,388931565,50050050,255,255,255,255,402889626371.0473
1791120412603347,2026-10-04T13:26:52.603347+00:00,162,18,3457683204,1,26,40,388931565,50050050,255,255,255,255,402889641478.03723
1791120412604665,2026-10-04T13:26:52.604665+00:00,162,83,3457684530,1,26,40,388931565,50050050,255,255,255,255,402889642796.0363
1791120412618234,2026-10-04T13:26:52.618234+00:00,162,18,3457698104,1,26,40,388931565,50050050,255,255,255,255,402889656365.0273
1791120412633270,2026-10-04T13:26:52.633270+00:00,162,18,3457713127,1,26,40,388931565,50050050,255,255,255,255,402889671401.0173
1791120412648742,2026-10-04T13:26:52.648742+00:00,162,18,3457728576,1,26,40,388931565,50050050,255,255,255,255,402889686873.00696
1791120412663224,2026-10-04T13:26:52.663224+00:00,162,18,3457743090,1,26,40,388931565,50050050,255,255,255,255,402889701354.9973
1791120412678240,2026-10-04T13:26:52.678240+00:00,162,18,3457758107,1,26,40,388931565,50050050,255,255,255,255,402889716370.98737
1791120412693316,2026-10-04T13:26:52.693316+00:00,162,18,3457773183,1,26,40,388931565,50050050,255,255,255,255,402889731446.9773
1791120412708310,2026-10-04T13:26:52.708310+00:00,162,18,3457788180,1,26,40,388931565,50050050,255,255,255,255,402889746440.9673
1791120412723342,2026-10-04T13:26:52.723342+00:00,162,18,3457803195,1,26,40,388931565,50050050,255,255,255,255,402889761472.9573
1791120412737553,2026-10-04T13:26:52.737553+00:00,162,83,3457817415,1,26,40,388931565,50050050,255,255,255,255,402889775683.9478
1791120412738319,2026-10-04T13:26:52.738319+00:00,162,18,3457818190,1,26,40,388931565,50050050,255,255,255,255,402889776449.9473
1791120412753241,2026-10-04T13:26:52.753241+00:00,162,18,3457833116,1,26,40,388931565,50050050,255,255,255,255,402889791371.9374
1791120412768281,2026-10-04T13:26:52.768281+00:00,162,18,3457848141,1,26,40,388931565,50050050,255,255,255,255,402889806411.92737
1791120412783306,2026-10-04T13:26:52.783306+00:00,162,18,3457863170,1,26,40,388931565,50050050,255,255,255,255,402889821436.91736
1791120412798310,2026-10-04T13:26:52.798310+00:00,162,18,3457878169,1,26,40,388931565,50050050,255,255,255,255,402889836440.90735
1791120412813303,2026-10-04T13:26:52.813303+00:00,162,18,3457893166,1,26,40,388931565,50050050,255,255,255,255,402889851433.8974
1791120412828293,2026-10-04T13:26:52.828293+00:00,162,18,3457908150,1,26,40,388931565,50050050,255,255,255,255,402889866423.8874
1791120412839308,2026-10-04T13:26:52.839308+00:00,162,83,3457919169,1,26,40,388931565,50050050,255,255,255,255,402889877438.88007
1791120412843283,2026-10-04T13:26:52.843283+00:00,162,18,3457923143,1,26,40,388931565,50050050,255,255,255,255,402889881413.87744
1791120412858325,2026-10-04T13:26:52.858325+00:00,162,18,3457938180,1,26,40,388931565,50050050,255,255,255,255,402889896455.8674
1791120412873288,2026-10-04T13:26:52.873288+00:00,162,18,3457953149,1,26,40,388931565,50050050,255,255,255,255,402889911418.8574
1791120412889443,2026-10-04T13:26:52.889443+00:00,162,18,3457969319,1,26,40,388931565,50050050,255,255,255,255,402889927573.8467
1791120412903305,2026-10-04T13:26:52.903305+00:00,162,18,3457983155,1,26,40,388931565,50050050,255,255,255,255,402889941435.83746
1791120412918212,2026-10-04T13:26:52.918212+00:00,162,18,3457998079,1,26,40,388931565,50050050,255,255,255,255,402889956342.8275
1791120412933272,2026-10-04T13:26:52.933272+00:00,162,18,3458013134,1,26,40,388931565,50050050,255,255,255,255,402889971402.8175
1791120412941950,2026-10-04T13:26:52.941950+00:00,162,18,3458021831,1,26,40,388931565,50050050,255,255,255,255,402889980080.8117
1791120412956585,2026-10-04T13:26:52.956585+00:00,162,18,3458036294,1,26,40,388931565,50050050,255,255,255,255,402889994715.80194
1791120412970820,2026-10-04T13:26:52.970820+00:00,162,18,3458050672,1,26,40,388931565,50050050,255,255,255,255,402890008950.7925
1791120412973832,2026-10-04T13:26:52.973832+00:00,162,83,3458053680,1,26,40,388931565,50050050,255,255,255,255,402890011962.79047
1791120412985722,2026-10-04T13:26:52.985722+00:00,162,18,3458065587,1,26,40,388931565,50050050,255,255,255,255,402890023852.78253
1791120413000737,2026-10-04T13:26:53.000737+00:00,162,18,3458080600,1,26,40,388931565,50050050,255,255,255,255,402890038867.7725
1791120413009400,2026-10-04T13:26:53.009400+00:00,162,18,3458089265,1,26,40,388931565,50050050,255,255,255,255,402890047530.7668
1791120413023173,2026-10-04T13:26:53.023173+00:00,162,18,3458103036,1,26,40,388931565,50050050,255,255,255,255,402890061303.7576
1791120413038226,2026-10-04T13:26:53.038226+00:00,162,18,3458118082,1,26,40,388931565,50050050,255,255,255,255,402890076356.74756
1791120413053323,2026-10-04T13:26:53.053323+00:00,162,18,3458133189,1,26,40,388931565,50050050,255,255,255,255,402890091453.73755
1791120413068193,2026-10-04T13:26:53.068193+00:00,162,18,3458148060,1,26,40,388931565,50050050,255,255,255,255,402890106323.7276
1791120413083271,2026-10-04T13:26:53.083271+00:00,162,18,3458163136,1,26,40,388931565,50050050,255,255,255,255,402890121401.7176
1791120413087401,2026-10-04T13:26:53.087401+00:00,162,83,3458167243,1,26,40,388931565,50050050,255,255,255,255,402890125531.71484
1791120413098264,2026-10-04T13:26:53.098264+00:00,162,18,3458178131,1,26,40,388931565,50050050,255,255,255,255,402890136394.7076
1791120413113260,2026-10-04T13:26:53.113260+00:00,162,18,3458193127,1,26,40,388931565,50050050,255,255,255,255,402890151390.69763
1791120413128216,2026-10-04T13:26:53.128216+00:00,162,18,3458208074,1,26,40,388931565,50050050,255,255,255,255,402890166346.6876
1791120413143224,2026-10-04T13:26:53.143224+00:00,162,18,3458223092,1,26,40,388931565,50050050,255,255,255,255,402890181354.6777
1791120413158259,2026-10-04T13:26:53.158259+00:00,162,18,3458238116,1,26,40,388931565,50050050,255,255,255,255,402890196389.66766
1791120413173205,2026-10-04T13:26:53.173205+00:00,162,18,3458253070,1,26,40,388931565,50050050,255,255,255,255,402890211335.65765
1791120413188292,2026-10-04T13:26:53.188292+00:00,162,18,3458268156,1,26,40,388931565,50050050,255,255,255,255,402890226422.64764
1791120413203370,2026-10-04T13:26:53.203370+00:00,162,18,3458283224,1,26,40,388931565,50050050,255,255,255,255,402890241500.6376
1791120413217807,2026-10-04T13:26:53.217807+00:00,162,83,3458297624,1,26,40,388931565,50050050,255,255,255,255,402890255937.628
1791120413218273,2026-10-04T13:26:53.218273+00:00,162,18,3458298150,1,26,40,388931565,50050050,255,255,255,255,402890256403.6277
1791120413233301,2026-10-04T13:26:53.233301+00:00,162,18,3458313165,1,26,40,388931565,50050050,255,255,255,255,402890271431.6177
1791120413248272,2026-10-04T13:26:53.248272+00:00,162,18,3458328131,1,26,40,388931565,50050050,255,255,255,255,402890286402.60767
1791120413263259,2026-10-04T13:26:53.263259+00:00,162,18,3458343125,1,26,40,388931565,50050050,255,255,255,255,402890301389.5977
1791120413278258,2026-10-04T13:26:53.278258+00:00,162,18,3458358130,1,26,40,388931565,50050050,255,255,255,255,402890316388.5877
1791120413293256,2026-10-04T13:26:53.293256+00:00,162,18,3458373121,1,26,40,388931565,50050050,255,255,255,255,402890331386.5777
1791120413308219,2026-10-04T13:26:53.308219+00:00,162,18,3458388084,1,26,40,388931565,50050050,255,255,255,255,402890346349.56775
1791120413315743,2026-10-04T13:26:53.315743+00:00,162,18,3458395607,1,27,40,394086987,50050050,255,255,255,255,402890353873.56274
1791120413323319,2026-10-04T13:26:53.323319+00:00,162,18,3458403179,1,27,40,394086987,50050050,255,255,255,255,402890361449.5577
1791120413338319,2026-10-04T13:26:53.338319+00:00,162,18,3458418177,1,27,40,394086987,50050050,255,255,255,255,402890376449.5477
1791120413350951,2026-10-04T13:26:53.350951+00:00,162,83,3458430802,1,27,40,394086987,50050050,255,255,255,255,402890389081.5393
1791120413353371,2026-10-04T13:26:53.353371+00:00,162,18,3458433238,1,27,40,394086987,50050050,255,255,255,255,402890391501.53766
1791120413368267,2026-10-04T13:26:53.368267+00:00,162,18,3458448134,1,27,40,394086987,50050050,255,255,255,255,402890406397.5278
1791120413383296,2026-10-04T13:26:53.383296+00:00,162,18,3458463152,1,27,40,394086987,50050050,255,255,255,255,402890421426.51776
1791120413392107,2026-10-04T13:26:53.392107+00:00,162,18,3458471965,1,27,40,394086987,50050050,255,255,255,255,402890430237.5119
1791120413405691,2026-10-04T13:26:53.405691+00:00,162,18,3458485559,1,27,40,394086987,50050050,255,255,255,255,402890443821.50287
1791120413420805,2026-10-04T13:26:53.420805+00:00,162,18,3458500660,1,27,40,394086987,50050050,255,255,255,255,402890458935.4928
1791120413435734,2026-10-04T13:26:53.435734+00:00,162,18,3458515595,1,27,40,394086987,50050050,255,255,255,255,402890473864.48285
1791120413450697,2026-10-04T13:26:53.450697+00:00,162,18,3458530561,1,27,40,394086987,50050050,255,255,255,255,402890488827.47284
1791120413465764,2026-10-04T13:26:53.465764+00:00,162,18,3458545623,1,27,40,394086987,50050050,255,255,255,255,402890503894.4628
1791120413480969,2026-10-04T13:26:53.480969+00:00,162,18,3458560823,1,27,40,394086987,50050050,255,255,255,255,402890519099.4527
1791120413490979,2026-10-04T13:26:53.490979+00:00,162,83,3458570831,1,27,40,394086987,50050050,255,255,255,255,402890529109.44604
1791120413495697,2026-10-04T13:26:53.495697+00:00,162,18,3458575561,1,27,40,394086987,50050050,255,255,255,255,402890533827.4429
1791120413510783,2026-10-04T13:26:53.510783+00:00,162,18,3458590641,1,27,40,394086987,50050050,255,255,255,255,402890548913.43286
1791120413525720,2026-10-04T13:26:53.525720+00:00,162,18,3458605584,1,27,40,394086987,50050050,255,255,255,255,402890563850.4229
1791120413540731,2026-10-04T13:26:53.540731+00:00,162,18,3458620595,1,27,40,394086987,50050050,255,255,255,255,402890578861.4129
1791120413555703,2026-10-04T13:26:53.555703+00:00,162,18,3458635567,1,27,40,394086987,50050050,255,255,255,255,402890593833.40295
1791120413570766,2026-10-04T13:26:53.570766+00:00,162,18,3458650625,1,27,40,394086987,50050050,255,255,255,255,402890608896.3929
1791120413585835,2026-10-04T13:26:53.585835+00:00,162,18,3458665684,1,27,40,394086987,50050050,255,255,255,255,402890623965.3829
1791120413600925,2026-10-04T13:26:53.600925+00:00,162,18,3458680781,1,27,40,394086987,50050050,255,255,255,255,402890639055.3728
1791120413606236,2026-10-04T13:26:53.606236+00:00,162,83,3458686089,1,27,40,394086987,50050050,255,255,255,255,402890644366.36926
1791120413615764,2026-10-04T13:26:53.615764+00:00,162,18,3458695595,1,27,40,394086987,50050050,255,255,255,255,402890653894.3629
1791120413630827,2026-10-04T13:26:53.630827+00:00,162,18,3458710685,1,27,40,394086987,50050050,255,255,255,255,402890668957.3529
1791120413645819,2026-10-04T13:26:53.645819+00:00,162,18,3458725663,1,27,40,394086987,50050050,255,255,255,255,402890683949.3429
1791120413660741,2026-10-04T13:26:53.660741+00:00,162,18,3458740606,1,27,40,394086987,50050050,255,255,255,255,402890698871.33295
1791120413675733,2026-10-04T13:26:53.675733+00:00,162,18,3458755589,1,27,40,394086987,50050050,255,255,255,255,402890713863.323
1791120413690828,2026-10-04T13:26:53.690828+00:00,162,18,3458770693,1,27,40,394086987,50050050,255,255,255,255,402890728958.3129
1791120413705799,2026-10-04T13:26:53.705799+00:00,162,18,3458785656,1,27,40,394086987,50050050,255,255,255,255,402890743929.303
1791120413720290,2026-10-04T13:26:53.720290+00:00,162,83,3458800112,1,27,40,394086987,50050050,255,255,255,255,402890758420.29333
1791120413720835,2026-10-04T13:26:53.720835+00:00,162,18,3458800701,1,27,40,394086987,50050050,255,255,255,255,402890758965.29297
1791120413735720,2026-10-04T13:26:53.735720+00:00,162,18,3458815588,1,27,40,394086987,50050050,255,255,255,255,402890773850.283
1791120413750756,2026-10-04T13:26:53.750756+00:00,162,18,3458830612,1,27,40,394086987,50050050,255,255,255,255,402890788886.273
1791120413765737,2026-10-04T13:26:53.765737+00:00,162,18,3458845601,1,27,40,394086987,50050050,255,255,255,255,402890803867.26306
1791120413780763,2026-10-04T13:26:53.780763+00:00,162,18,3458860620,1,27,40,394086987,50050050,255,255,255,255,402890818893.25305
1791120413795738,2026-10-04T13:26:53.795738+00:00,162,18,3458875598,1,27,40,394086987,50050050,255,255,255,255,402890833868.24304
1791120413810740,2026-10-04T13:26:53.810740+00:00,162,18,3458890602,1,27,40,394086987,50050050,255,255,255,255,402890848870.2331
1791120413825736,2026-10-04T13:26:53.825736+00:00,162,18,3458905595,1,27,40,394086987,50050050,255,255,255,255,402890863866.2231
1791120413840760,2026-10-04T13:26:53.840760+00:00,162,18,3458920618,1,27,40,394086987,50050050,255,255,255,255,402890878890.2131
1791120413847900,2026-10-04T13:26:53.847900+00:00,162,83,3458927752,1,27,40,394086987,50050050,255,255,255,255,402890886030.2083
1791120413855873,2026-10-04T13:26:53.855873+00:00,162,18,3458935736,1,27,40,394086987,50050050,255,255,255,255,402890894003.203
1791120413870744,2026-10-04T13:26:53.870744+00:00,162,18,3458950605,1,27,40,394086987,50050050,255,255,255,255,402890908874.1931
1791120413885866,2026-10-04T13:26:53.885866+00:00,162,18,3458965715,1,27,40,394086987,50050050,255,255,255,255,402890923996.18304
1791120413900801,2026-10-04T13:26:53.900801+00:00,162,18,3458980666,1,27,40,394086987,50050050,255,255,255,255,402890938931.1731
1791120413915773,2026-10-04T13:26:53.915773+00:00,162,18,3458995628,1,27,40,394086987,50050050,255,255,255,255,402890953903.1631
1791120413930736,2026-10-04T13:26:53.930736+00:00,162,18,3459010598,1,27,40,394086987,50050050,255,255,255,255,402890968866.15314
1791120413945755,2026-10-04T13:26:53.945755+00:00,162,18,3459025594,1,27,40,394086987,50050050,255,255,255,255,402890983885.1431
1791120413953034,2026-10-04T13:26:53.953034+00:00,162,83,3459032888,1,27,40,394086987,50050050,255,255,255,255,402890991164.1383
1791120413960966,2026-10-04T13:26:53.960966+00:00,162,18,3459040821,1,27,40,394086987,50050050,255,255,255,255,402890999096.133
1791120413976013,2026-10-04T13:26:53.976013+00:00,162,18,3459055875,1,27,40,394086987,50050050,255,255,255,255,402891014143.123
1791120413990803,2026-10-04T13:26:53.990803+00:00,162,18,3459070657,1,27,40,394086987,50050050,255,255,255,255,402891028933.11316
1791120414005770,2026-10-04T13:26:54.005770+00:00,162,18,3459085623,1,27,40,394086987,50050050,255,255,255,255,402891043900.10315
1791120414020768,2026-10-04T13:26:54.020768+00:00,162,18,3459100626,1,27,40,394086987,50050050,255,255,255,255,402891058898.0932
1791120414035836,2026-10-04T13:26:54.035836+00:00,162,18,3459115694,1,27,40,394086987,50050050,255,255,255,255,402891073966.0831
1791120414050798,2026-10-04T13:26:54.050798+00:00,162,18,3459130661,1,27,40,394086987,50050050,255,255,255,255,402891088928.0732
1791120414065879,2026-10-04T13:26:54.065879+00:00,162,18,3459145611,1,27,40,394086987,50050050,255,255,255,255,402891104009.0631
1791120414080754,2026-10-04T13:26:54.080754+00:00,162,18,3459160608,1,27,40,394086987,50050050,255,255,255,255,402891118884.0532
1791120414081536,2026-10-04T13:26:54.081536+00:00,162,83,3459161233,1,27,40,394086987,50050050,255,255,255,255,402891119666.05273
1791120414095812,2026-10-04T13:26:54.095812+00:00,162,18,3459175669,1,27,40,394086987,50050050,255,255,255,255,402891133942.0432
1791120414110821,2026-10-04T13:26:54.110821+00:00,162,18,3459190677,1,27,40,394086987,50050050,255,255,255,255,402891148951.0332
1791120414125721,2026-10-04T13:26:54.125721+00:00,162,18,3459205579,1,27,40,394086987,50050050,255,255,255,255,402891163851.02325
1791120414140741,2026-10-04T13:26:54.140741+00:00,162,18,3459220599,1,27,40,394086987,50050050,255,255,255,255,402891178871.0133
1791120414155775,2026-10-04T13:26:54.155775+00:00,162,18,3459235629,1,27,40,394086987,50050050,255,255,255,255,402891193905.0033
1791120414170736,2026-10-04T13:26:54.170736+00:00,162,18,3459250595,1,27,40,394086987,50050050,255,255,255,255,402891208865.9933
1791120414185752,2026-10-04T13:26:54.185752+00:00,162,18,3459265606,1,27,40,394086987,50050050,255,255,255,255,402891223881.9833
1791120414200755,2026-10-04T13:26:54.200755+00:00,162,18,3459280606,1,27,40,394086987,50050050,255,255,255,255,402891238884.9733
1791120414203112,2026-10-04T13:26:54.203112+00:00,162,83,3459282963,1,27,40,394086987,50050050,255,255,255,255,402891241241.97174
1791120414215771,2026-10-04T13:26:54.215771+00:00,162,18,3459295631,1,27,40,394086987,50050050,255,255,255,255,402891253900.9633
1791120414230811,2026-10-04T13:26:54.230811+00:00,162,18,3459310655,1,27,40,394086987,50050050,255,255,255,255,402891268940.9533
1791120414245718,2026-10-04T13:26:54.245718+00:00,162,18,3459325577,1,27,40,394086987,50050050,255,255,255,255,402891283847.94336
1791120414254513,2026-10-04T13:26:54.254513+00:00,162,18,3459334374,1,27,40,394086987,50050050,255,255,255,255,402891292642.9375
1791120414268218,2026-10-04T13:26:54.268218+00:00,162,18,3459348079,1,27,40,394086987,50050050,255,255,255,255,402891306347.9284
1791120414283359,2026-10-04T13:26:54.283359+00:00,162,18,3459363217,1,27,40,394086987,50050050,255,255,255,255,402891321488.9183
1791120414298296,2026-10-04T13:26:54.298296+00:00,162,18,3459378158,1,27,40,394086987,50050050,255,255,255,255,402891336425.9083
1791120414313384,2026-10-04T13:26:54.313384+00:00,162,18,3459393220,1,27,40,394086987,50050050,255,255,255,255,402891351513.8983
1791120414320823,2026-10-04T13:26:54.320823+00:00,162,18,3459400671,1,28,40,397089576,50050050,255,255,255,255,402891358952.8934
1791120414326472,2026-10-04T13:26:54.326472+00:00,162,83,3459406318,1,28,40,397089576,50050050,255,255,255,255,402891364601.8896
1791120414328285,2026-10-04T13:26:54.328285+00:00,162,18,3459408146,1,28,40,397089576,50050050,255,255,255,255,402891366414.88837
1791120414343302,2026-10-04T13:26:54.343302+00:00,162,18,3459423160,1,28,40,397089576,50050050,255,255,255,255,402891381431.87836
1791120414358316,2026-10-04T13:26:54.358316+00:00,162,18,3459438153,1,28,40,397089576,50050050,255,255,255,255,402891396445.86835
1791120414373256,2026-10-04T13:26:54.373256+00:00,162,18,3459453116,1,28,40,397089576,50050050,255,255,255,255,402891411385.8584
1791120414388223,2026-10-04T13:26:54.388223+00:00,162,18,3459468082,1,28,40,397089576,50050050,255,255,255,255,402891426352.84845
1791120414403232,2026-10-04T13:26:54.403232+00:00,162,18,3459483092,1,28,40,397089576,50050050,255,255,255,255,402891441361.83844
1791120414418216,2026-10-04T13:26:54.418216+00:00,162,18,3459498075,1,28,40,397089576,50050050,255,255,255,255,402891456345.8285
1791120414433262,2026-10-04T13:26:54.433262+00:00,162,18,3459513120,1,28,40,397089576,50050050,255,255,255,255,402891471391.8185
1791120414448309,2026-10-04T13:26:54.448309+00:00,162,18,3459528163,1,28,40,397089576,50050050,255,255,255,255,402891486438.8084
1791120414453509,2026-10-04T13:26:54.453509+00:00,162,83,3459533348,1,28,40,397089576,50050050,255,255,255,255,402891491638.805
1791120414463277,2026-10-04T13:26:54.463277+00:00,162,18,3459543138,1,28,40,397089576,50050050,255,255,255,255,402891501406.79846
1791120414478300,2026-10-04T13:26:54.478300+00:00,162,18,3459558159,1,28,40,397089576,50050050,255,255,255,255,402891516429.78845
1791120414493446,2026-10-04T13:26:54.493446+00:00,162,18,3459573297,1,28,40,397089576,50050050,255,255,255,255,402891531575.7784
1791120414508274,2026-10-04T13:26:54.508274+00:00,162,18,3459588138,1,28,40,397089576,50050050,255,255,255,255,402891546403.7685
1791120414523241,2026-10-04T13:26:54.523241+00:00,162,18,3459603097,1,28,40,397089576,50050050,255,255,255,255,402891561370.75854
1791120414538323,2026-10-04T13:26:54.538323+00:00,162,18,3459618187,1,28,40,397089576,50050050,255,255,255,255,402891576452.7485
1791120414553220,2026-10-04T13:26:54.553220+00:00,162,18,3459633081,1,28,40,397089576,50050050,255,255,255,255,402891591349.7386
1791120414568219,2026-10-04T13:26:54.568219+00:00,162,18,3459648078,1,28,40,397089576,50050050,255,255,255,255,402891606348.7286
1791120414579644,2026-10-04T13:26:54.579644+00:00,162,83,3459659488,1,28,40,397089576,50050050,255,255,255,255,402891617773.72095
1791120414583553,2026-10-04T13:26:54.583553+00:00,162,18,3459663394,1,28,40,397089576,50050050,255,255,255,255,402891621682.7184
1791120414598252,2026-10-04T13:26:54.598252+00:00,162,18,3459678109,1,28,40,397089576,50050050,255,255,255,255,402891636381.70856
1791120414613196,2026-10-04T13:26:54.613196+00:00,162,18,3459693055,1,28,40,397089576,50050050,255,255,255,255,402891651325.6986
1791120414628221,2026-10-04T13:26:54.628221+00:00,162,18,3459708080,1,28,40,397089576,50050050,255,255,255,255,402891666350.6886
1791120414643262,2026-10-04T13:26:54.643262+00:00,162,18,3459723112,1,28,40,397089576,50050050,255,255,255,255,402891681391.6786
1791120414658230,2026-10-04T13:26:54.658230+00:00,162,18,3459738078,1,28,40,397089576,50050050,255,255,255,255,402891696359.66864
1791120414673247,2026-10-04T13:26:54.673247+00:00,162,18,3459753100,1,28,40,397089576,50050050,255,255,255,255,402891711376.6586
1791120414682022,2026-10-04T13:26:54.682022+00:00,162,18,3459761884,1,28,40,397089576,50050050,255,255,255,255,402891720151.6528
1791120414694779,2026-10-04T13:26:54.694779+00:00,162,83,3459774605,1,28,40,397089576,50050050,255,255,255,255,402891732908.6443
1791120414695715,2026-10-04T13:26:54.695715+00:00,162,18,3459775583,1,28,40,397089576,50050050,255,255,255,255,402891733844.6437
1791120414710733,2026-10-04T13:26:54.710733+00:00,162,18,3459790591,1,28,40,397089576,50050050,255,255,255,255,402891748862.63367
1791120414725867,2026-10-04T13:26:54.725867+00:00,162,18,3459805721,1,28,40,397089576,50050050,255,255,255,255,402891763996.6236
1791120414740715,2026-10-04T13:26:54.740715+00:00,162,18,3459820570,1,28,40,397089576,50050050,255,255,255,255,402891778844.6137
1791120414755723,2026-10-04T13:26:54.755723+00:00,162,18,3459835584,1,28,40,397089576,50050050,255,255,255,255,402891793852.6037
1791120414770775,2026-10-04T13:26:54.770775+00:00,162,18,3459850620,1,28,40,397089576,50050050,255,255,255,255,402891808904.5937
1791120414785735,2026-10-04T13:26:54.785735+00:00,162,18,3459865591,1,28,40,397089576,50050050,255,255,255,255,402891823864.5837
1791120414800799,2026-10-04T13:26:54.800799+00:00,162,18,3459880653,1,28,40,397089576,50050050,255,255,255,255,402891838928.57367
1791120414815747,2026-10-04T13:26:54.815747+00:00,162,18,3459895597,1,28,40,397089576,50050050,255,255,255,255,402891853876.5637
1791120414826059,2026-10-04T13:26:54.826059+00:00,162,83,3459905886,1,28,40,397089576,50050050,255,255,255,255,402891864188.5568
1791120414830833,2026-10-04T13:26:54.830833+00:00,162,18,3459910686,1,28,40,397089576,50050050,255,255,255,255,402891868962.55365
1791120414845718,2026-10-04T13:26:54.845718+00:00,162,18,3459925573,1,28,40,397089576,50050050,255,255,255,255,402891883847.54376
1791120414860769,2026-10-04T13:26:54.860769+00:00,162,18,3459940610,1,28,40,397089576,50050050,255,255,255,255,402891898898.53375
1791120414875733,2026-10-04T13:26:54.875733+00:00,162,18,3459955587,1,28,40,397089576,50050050,255,255,255,255,402891913862.52374
1791120414890707,2026-10-04T13:26:54.890707+00:00,162,18,3459970566,1,28,40,397089576,50050050,255,255,255,255,402891928836.5138
1791120414905732,2026-10-04T13:26:54.905732+00:00,162,18,3459985591,1,28,40,397089576,50050050,255,255,255,255,402891943861.5038
1791120414920707,2026-10-04T13:26:54.920707+00:00,162,18,3460000567,1,28,40,397089576,50050050,255,255,255,255,402891958836.49384
1791120414935708,2026-10-04T13:26:54.935708+00:00,162,18,3460015566,1,28,40,397089576,50050050,255,255,255,255,402891973837.4838
1791120414950768,2026-10-04T13:26:54.950768+00:00,162,18,3460030609,1,28,40,397089576,50050050,255,255,255,255,402891988897.47375
1791120414957223,2026-10-04T13:26:54.957223+00:00,162,83,3460037075,1,28,40,397089576,50050050,255,255,255,255,402891995352.4695
1791120414965705,2026-10-04T13:26:54.965705+00:00,162,18,3460045567,1,28,40,397089576,50050050,255,255,255,255,402892003834.4638
1791120414980742,2026-10-04T13:26:54.980742+00:00,162,18,3460060606,1,28,40,397089576,50050050,255,255,255,255,402892018871.4538
1791120414995703,2026-10-04T13:26:54.995703+00:00,162,18,3460075564,1,28,40,397089576,50050050,255,255,255,255,402892033832.44385
1791120415004574,2026-10-04T13:26:55.004574+00:00,162,18,3460084438,1,28,40,397089576,50050050,255,255,255,255,402892042703.4379
1791120415018247,2026-10-04T13:26:55.018247+00:00,162,18,3460098110,1,28,40,397089576,50050050,255,255,255,255,402892056376.42883
1791120415033515,2026-10-04T13:26:55.033515+00:00,162,18,3460113336,1,28,40,397089576,50050050,255,255,255,255,402892071644.4187
1791120415048266,2026-10-04T13:26:55.048266+00:00,162,18,3460128099,1,28,40,397089576,50050050,255,255,255,255,402892086395.4089
1791120415063349,2026-10-04T13:26:55.063349+00:00,162,18,3460143206,1,28,40,397089576,50050050,255,255,255,255,402892101478.3988
1791120415078236,2026-10-04T13:26:55.078236+00:00,162,18,3460158095,1,28,40,397089576,50050050,255,255,255,255,402892116365.3889
1791120415086867,2026-10-04T13:26:55.086867+00:00,162,83,3460166715,1,28,40,397089576,50050050,255,255,255,255,402892124996.3831
1791120415093296,2026-10-04T13:26:55.093296+00:00,162,18,3460173162,1,28,40,397089576,50050050,255,255,255,255,402892131425.37885
1791120415108256,2026-10-04T13:26:55.108256+00:00,162,18,3460188114,1,28,40,397089576,50050050,255,255,255,255,402892146385.3689
1791120415123272,2026-10-04T13:26:55.123272+00:00,162,18,3460203127,1,28,40,397089576,50050050,255,255,255,255,402892161401.3589
1791120415138264,2026-10-04T13:26:55.138264+00:00,162,18,3460218116,1,28,40,397089576,50050050,255,255,255,255,402892176393.34894
1791120415153424,2026-10-04T13:26:55.153424+00:00,162,18,3460233275,1,28,40,397089576,50050050,255,255,255,255,402892191553.3388
1791120415168313,2026-10-04T13:26:55.168313+00:00,162,18,3460248171,1,28,40,397089576,50050050,255,255,255,255,402892206442.3289
1791120415183250,2026-10-04T13:26:55.183250+00:00,162,18,3460263111,1,28,40,397089576,50050050,255,255,255,255,402892221379.319
1791120415198251,2026-10-04T13:26:55.198251+00:00,162,18,3460278119,1,28,40,397089576,50050050,255,255,255,255,402892236380.30896
1791120415211763,2026-10-04T13:26:55.211763+00:00,162,83,3460291611,1,28,40,397089576,50050050,255,255,255,255,402892249892.2999
1791120415213204,2026-10-04T13:26:55.213204+00:00,162,18,3460293067,1,28,40,397089576,50050050,255,255,255,255,402892251333.299
1791120415229351,2026-10-04T13:26:55.229351+00:00,162,18,3460309214,1,28,40,397089576,50050050,255,255,255,255,402892267480.28827
1791120415243338,2026-10-04T13:26:55.243338+00:00,162,18,3460323197,1,28,40,397089576,50050050,255,255,255,255,402892281467.27893
1791120415258225,2026-10-04T13:26:55.258225+00:00,162,18,3460338085,1,28,40,397089576,50050050,255,255,255,255,402892296354.269
1791120415273322,2026-10-04T13:26:55.273322+00:00,162,18,3460353175,1,28,40,397089576,50050050,255,255,255,255,402892311451.259
1791120415288271,2026-10-04T13:26:55.288271+00:00,162,18,3460368104,1,28,40,397089576,50050050,255,255,255,255,402892326400.249
1791120415303237,2026-10-04T13:26:55.303237+00:00,162,18,3460383099,1,28,40,397089576,50050050,255,255,255,255,402892341366.239
1791120415318278,2026-10-04T13:26:55.318278+00:00,162,18,3460398131,1,28,40,397089576,50050050,255,255,255,255,402892356407.229
1791120415324020,2026-10-04T13:26:55.324020+00:00,162,83,3460403869,1,29,40,400092507,50050050,255,255,255,255,402892362149.2252
1791120415325715,2026-10-04T13:26:55.325715+00:00,162,18,3460405581,1,29,40,400092507,50050050,255,255,255,255,402892363844.22406
1791120415333309,2026-10-04T13:26:55.333309+00:00,162,18,3460413170,1,29,40,400092507,50050050,255,255,255,255,402892371438.219
1791120415348353,2026-10-04T13:26:55.348353+00:00,162,18,3460428215,1,29,40,400092507,50050050,255,255,255,255,402892386482.209
1791120415363284,2026-10-04T13:26:55.363284+00:00,162,18,3460443099,1,29,40,400092507,50050050,255,255,255,255,402892401413.19904
1791120415378293,2026-10-04T13:26:55.378293+00:00,162,18,3460458158,1,29,40,400092507,50050050,255,255,255,255,402892416422.189
1791120415393294,2026-10-04T13:26:55.393294+00:00,162,18,3460473148,1,29,40,400092507,50050050,255,255,255,255,402892431423.1791
1791120415408242,2026-10-04T13:26:55.408242+00:00,162,18,3460488098,1,29,40,400092507,50050050,255,255,255,255,402892446371.16907
1791120415423237,2026-10-04T13:26:55.423237+00:00,162,18,3460503097,1,29,40,400092507,50050050,255,255,255,255,402892461366.1591
1791120415438275,2026-10-04T13:26:55.438275+00:00,162,18,3460518127,1,29,40,400092507,50050050,255,255,255,255,402892476404.1491
1791120415449292,2026-10-04T13:26:55.449292+00:00,162,83,3460529141,1,29,40,400092507,50050050,255,255,255,255,402892487421.1418
1791120415453229,2026-10-04T13:26:55.453229+00:00,162,18,3460533095,1,29,40,400092507,50050050,255,255,255,255,402892491358.13916
1791120415468298,2026-10-04T13:26:55.468298+00:00,162,18,3460548155,1,29,40,400092507,50050050,255,255,255,255,402892506427.1291
1791120415483270,2026-10-04T13:26:55.483270+00:00,162,18,3460563124,1,29,40,400092507,50050050,255,255,255,255,402892521399.11914
1791120415499750,2026-10-04T13:26:55.499750+00:00,162,18,3460579576,1,29,40,400092507,50050050,255,255,255,255,402892537879.10815
1791120415513260,2026-10-04T13:26:55.513260+00:00,162,18,3460593118,1,29,40,400092507,50050050,255,255,255,255,402892551389.0992
1791120415528356,2026-10-04T13:26:55.528356+00:00,162,18,3460608207,1,29,40,400092507,50050050,255,255,255,255,402892566485.0891
1791120415543255,2026-10-04T13:26:55.543255+00:00,162,18,3460623111,1,29,40,400092507,50050050,255,255,255,255,402892581384.07916
1791120415558298,2026-10-04T13:26:55.558298+00:00,162,18,3460638160,1,29,40,400092507,50050050,255,255,255,255,402892596427.06915
1791120415573273,2026-10-04T13:26:55.573273+00:00,162,18,3460653121,1,29,40,400092507,50050050,255,255,255,255,402892611402.0592
1791120415574723,2026-10-04T13:26:55.574723+00:00,162,83,3460654589,1,29,40,400092507,50050050,255,255,255,255,402892612852.0582
1791120415588262,2026-10-04T13:26:55.588262+00:00,162,18,3460668125,1,29,40,400092507,50050050,255,255,255,255,402892626391.0492
1791120415603266,2026-10-04T13:26:55.603266+00:00,162,18,3460683125,1,29,40,400092507,50050050,255,255,255,255,402892641395.0392
1791120415618248,2026-10-04T13:26:55.618248+00:00,162,18,3460698108,1,29,40,400092507,50050050,255,255,255,255,402892656377.02924
1791120415633260,2026-10-04T13:26:55.633260+00:00,162,18,3460713105,1,29,40,400092507,50050050,255,255,255,255,402892671389.0192
1791120415648449,2026-10-04T13:26:55.648449+00:00,162,18,3460728203,1,29,40,400092507,50050050,255,255,255,255,402892686578.0091
1791120415663185,2026-10-04T13:26:55.663185+00:00,162,18,3460743047,1,29,40,400092507,50050050,255,255,255,255,402892701313.9993
1791120415678255,2026-10-04T13:26:55.678255+00:00,162,18,3460758111,1,29,40,400092507,50050050,255,255,255,255,402892716383.98926
1791120415694413,2026-10-04T13:26:55.694413+00:00,162,18,3460774264,1,29,40,400092507,50050050,255,255,255,255,402892732541.9785
1791120415703600,2026-10-04T13:26:55.703600+00:00,162,83,3460783421,1,29,40,400092507,50050050,255,255,255,255,402892741728.9724
1791120415708364,2026-10-04T13:26:55.708364+00:00,162,18,3460788227,1,29,40,400092507,50050050,255,255,255,255,402892746492.96924
1791120415723272,2026-10-04T13:26:55.723272+00:00,162,18,3460803126,1,29,40,400092507,50050050,255,255,255,255,402892761400.9593
1791120415738232,2026-10-04T13:26:55.738232+00:00,162,18,3460818088,1,29,40,400092507,50050050,255,255,255,255,402892776360.94934
1791120415753331,2026-10-04T13:26:55.753331+00:00,162,18,3460833185,1,29,40,400092507,50050050,255,255,255,255,402892791459.9393
1791120415768312,2026-10-04T13:26:55.768312+00:00,162,18,3460848165,1,29,40,400092507,50050050,255,255,255,255,402892806440.92926
1791120415784463,2026-10-04T13:26:55.784463+00:00,162,18,3460864327,1,29,40,400092507,50050050,255,255,255,255,402892822591.9185
1791120415798326,2026-10-04T13:26:55.798326+00:00,162,18,3460878158,1,29,40,400092507,50050050,255,255,255,255,402892836454.9093
1791120415813285,2026-10-04T13:26:55.813285+00:00,162,18,3460893139,1,29,40,400092507,50050050,255,255,255,255,402892851413.89935
1791120415828240,2026-10-04T13:26:55.828240+00:00,162,18,3460908088,1,29,40,400092507,50050050,255,255,255,255,402892866368.88934
1791120415836763,2026-10-04T13:26:55.836763+00:00,162,83,3460916599,1,29,40,400092507,50050050,255,255,255,255,402892874891.88367
1791120415843323,2026-10-04T13:26:55.843323+00:00,162,18,3460923174,1,29,40,400092507,50050050,255,255,255,255,402892881451.87933
1791120415858239,2026-10-04T13:26:55.858239+00:00,162,18,3460938087,1,29,40,400092507,50050050,255,255,255,255,402892896367.8694
1791120415873286,2026-10-04T13:26:55.873286+00:00,162,18,3460953135,1,29,40,400092507,50050050,255,255,255,255,402892911414.8594
1791120415888205,2026-10-04T13:26:55.888205+00:00,162,18,3460968056,1,29,40,400092507,50050050,255,255,255,255,402892926333.8494
1791120415903253,2026-10-04T13:26:55.903253+00:00,162,18,3460983109,1,29,40,400092507,50050050,255,255,255,255,402892941381.8394
1791120415918337,2026-10-04T13:26:55.918337+00:00,162,18,3460998191,1,29,40,400092507,50050050,255,255,255,255,402892956465.82935
1791120415933257,2026-10-04T13:26:55.933257+00:00,162,18,3461013117,1,29,40,400092507,50050050,255,255,255,255,402892971385.8194
1791120415948180,2026-10-04T13:26:55.948180+00:00,162,18,3461028040,1,29,40,400092507,50050050,255,255,255,255,402892986308.8095
1791120415963366,2026-10-04T13:26:55.963366+00:00,162,18,3461043224,1,29,40,400092507,50050050,255,255,255,255,402893001494.7994
1791120415970676,2026-10-04T13:26:55.970676+00:00,162,83,3461050533,1,29,40,400092507,50050050,255,255,255,255,402893008804.7945
1791120415978247,2026-10-04T13:26:55.978247+00:00,162,18,3461058104,1,29,40,400092507,50050050,255,255,255,255,402893016375.7895
1791120415993547,2026-10-04T13:26:55.993547+00:00,162,18,3461073408,1,29,40,400092507,50050050,255,255,255,255,402893031675.7793
1791120416008209,2026-10-04T13:26:56.008209+00:00,162,18,3461088069,1,29,40,400092507,50050050,255,255,255,255,402893046337.76953
1791120416023200,2026-10-04T13:26:56.023200+00:00,162,18,3461103055,1,29,40,400092507,50050050,255,255,255,255,402893061328.7595
1791120416038339,2026-10-04T13:26:56.038339+00:00,162,18,3461118041,1,29,40,400092507,50050050,255,255,255,255,402893076467.74945
1791120416053292,2026-10-04T13:26:56.053292+00:00,162,18,3461133150,1,29,40,400092507,50050050,255,255,255,255,402893091420.7395
1791120416068194,2026-10-04T13:26:56.068194+00:00,162,18,3461148050,1,29,40,400092507,50050050,255,255,255,255,402893106322.72955
1791120416083193,2026-10-04T13:26:56.083193+00:00,162,18,3461163048,1,29,40,400092507,50050050,255,255,255,255,402893121321.71954
1791120416098365,2026-10-04T13:26:56.098365+00:00,162,18,3461178194,1,29,40,400092507,50050050,255,255,255,255,402893136493.7095
1791120416099518,2026-10-04T13:26:56.099518+00:00,162,83,3461179364,1,29,40,400092507,50050050,255,255,255,255,402893137646.7087
1791120416113241,2026-10-04T13:26:56.113241+00:00,162,18,3461193109,1,29,40,400092507,50050050,255,255,255,255,402893151369.6995
1791120416128231,2026-10-04T13:26:56.128231+00:00,162,18,3461208089,1,29,40,400092507,50050050,255,255,255,255,402893166359.6896
1791120416144332,2026-10-04T13:26:56.144332+00:00,162,18,3461224194,1,29,40,400092507,50050050,255,255,255,255,402893182460.67883
1791120416158229,2026-10-04T13:26:56.158229+00:00,162,18,3461238088,1,29,40,400092507,50050050,255,255,255,255,402893196357.6696
1791120416173300,2026-10-04T13:26:56.173300+00:00,162,18,3461253160,1,29,40,400092507,50050050,255,255,255,255,402893211428.65955
1791120416188314,2026-10-04T13:26:56.188314+00:00,162,18,3461268172,1,29,40,400092507,50050050,255,255,255,255,402893226442.64954
1791120416203209,2026-10-04T13:26:56.203209+00:00,162,18,3461283066,1,29,40,400092507,50050050,255,255,255,255,402893241337.63965
1791120416218238,2026-10-04T13:26:56.218238+00:00,162,18,3461298091,1,29,40,400092507,50050050,255,255,255,255,402893256366.62964
1791120416228040,2026-10-04T13:26:56.228040+00:00,162,83,3461307881,1,29,40,400092507,50050050,255,255,255,255,402893266168.6231
1791120416233604,2026-10-04T13:26:56.233604+00:00,162,18,3461313144,1,29,40,400092507,50050050,255,255,255,255,402893271732.6194
1791120416249347,2026-10-04T13:26:56.249347+00:00,162,18,3461329205,1,29,40,400092507,50050050,255,255,255,255,402893287475.6089
1791120416263207,2026-10-04T13:26:56.263207+00:00,162,18,3461343058,1,29,40,400092507,50050050,255,255,255,255,402893301335.5997
1791120416278250,2026-10-04T13:26:56.278250+00:00,162,18,3461358108,1,29,40,400092507,50050050,255,255,255,255,402893316378.58966
1791120416293280,2026-10-04T13:26:56.293280+00:00,162,18,3461373141,1,29,40,400092507,50050050,255,255,255,255,402893331408.57965
1791120416308347,2026-10-04T13:26:56.308347+00:00,162,18,3461388193,1,29,40,400092507,50050050,255,255,255,255,402893346475.5696
1791120416323193,2026-10-04T13:26:56.323193+00:00,162,18,3461403051,1,29,40,400092507,50050050,255,255,255,255,402893361321.5597
1791120416330713,2026-10-04T13:26:56.330713+00:00,162,18,3461410575,1,30,40,403095849,50050050,255,255,255,255,402893368841.5547
1791120416338199,2026-10-04T13:26:56.338199+00:00,162,18,3461418058,1,30,40,403095849,50050050,255,255,255,255,402893376327.54974
1791120416344563,2026-10-04T13:26:56.344563+00:00,162,83,3461424411,1,30,40,403095849,50050050,255,255,255,255,402893382691.5455
1791120416353469,2026-10-04T13:26:56.353469+00:00,162,18,3461433324,1,30,40,403095849,50050050,255,255,255,255,402893391597.53955
1791120416368318,2026-10-04T13:26:56.368318+00:00,162,18,3461448178,1,30,40,403095849,50050050,255,255,255,255,402893406446.52966
1791120416383179,2026-10-04T13:26:56.383179+00:00,162,18,3461463040,1,30,40,403095849,50050050,255,255,255,255,402893421307.5198
1791120416398289,2026-10-04T13:26:56.398289+00:00,162,18,3461478107,1,30,40,403095849,50050050,255,255,255,255,402893436417.5097
1791120416413344,2026-10-04T13:26:56.413344+00:00,162,18,3461493200,1,30,40,403095849,50050050,255,255,255,255,402893451472.4997
1791120416428238,2026-10-04T13:26:56.428238+00:00,162,18,3461508098,1,30,40,403095849,50050050,255,255,255,255,402893466366.48975
1791120416443272,2026-10-04T13:26:56.443272+00:00,162,18,3461523130,1,30,40,403095849,50050050,255,255,255,255,402893481400.47974
1791120416458242,2026-10-04T13:26:56.458242+00:00,162,18,3461538098,1,30,40,403095849,50050050,255,255,255,255,402893496370.4698
1791120416464192,2026-10-04T13:26:56.464192+00:00,162,83,3461544045,1,30,40,403095849,50050050,255,255,255,255,402893502320.4658
1791120416473223,2026-10-04T13:26:56.473223+00:00,162,18,3461553088,1,30,40,403095849,50050050,255,255,255,255,402893511351.4598
1791120416488173,2026-10-04T13:26:56.488173+00:00,162,18,3461568038,1,30,40,403095849,50050050,255,255,255,255,402893526301.4498
1791120416503398,2026-10-04T13:26:56.503398+00:00,162,18,3461583254,1,30,40,403095849,50050050,255,255,255,255,402893541526.4397
1791120416518190,2026-10-04T13:26:56.518190+00:00,162,18,3461598050,1,30,40,403095849,50050050,255,255,255,255,402893556318.4299
1791120416533261,2026-10-04T13:26:56.533261+00:00,162,18,3461613120,1,30,40,403095849,50050050,255,255,255,255,402893571389.4198
1791120416548521,2026-10-04T13:26:56.548521+00:00,162,18,3461628365,1,30,40,403095849,50050050,255,255,255,255,402893586649.40967
1791120416563180,2026-10-04T13:26:56.563180+00:00,162,18,3461643041,1,30,40,403095849,50050050,255,255,255,255,402893601308.3999
1791120416578218,2026-10-04T13:26:56.578218+00:00,162,18,3461658077,1,30,40,403095849,50050050,255,255,255,255,402893616346.3899
1791120416592328,2026-10-04T13:26:56.592328+00:00,162,83,3461672176,1,30,40,403095849,50050050,255,255,255,255,402893630456.3805
1791120416593204,2026-10-04T13:26:56.593204+00:00,162,18,3461673072,1,30,40,403095849,50050050,255,255,255,255,402893631332.3799
1791120416608221,2026-10-04T13:26:56.608221+00:00,162,18,3461688083,1,30,40,403095849,50050050,255,255,255,255,402893646349.3699
1791120416623313,2026-10-04T13:26:56.623313+00:00,162,18,3461703171,1,30,40,403095849,50050050,255,255,255,255,402893661441.3598
1791120416638219,2026-10-04T13:26:56.638219+00:00,162,18,3461718081,1,30,40,403095849,50050050,255,255,255,255,402893676347.3499
1791120416653339,2026-10-04T13:26:56.653339+00:00,162,18,3461733191,1,30,40,403095849,50050050,255,255,255,255,402893691467.33984
1791120416669442,2026-10-04T13:26:56.669442+00:00,162,18,3461749300,1,30,40,403095849,50050050,255,255,255,255,402893707570.3291
1791120416683283,2026-10-04T13:26:56.683283+00:00,162,18,3461763143,1,30,40,403095849,50050050,255,255,255,255,402893721411.3199
1791120416698267,2026-10-04T13:26:56.698267+00:00,162,18,3461778126,1,30,40,403095849,50050050,255,255,255,255,402893736395.30994
1791120416713257,2026-10-04T13:26:56.713257+00:00,162,18,3461793111,1,30,40,403095849,50050050,255,255,255,255,402893751385.2999
1791120416718728,2026-10-04T13:26:56.718728+00:00,162,83,3461798583,1,30,40,403095849,50050050,255,255,255,255,402893756856.29626
1791120416728297,2026-10-04T13:26:56.728297+00:00,162,18,3461808156,1,30,40,403095849,50050050,255,255,255,255,402893766425.2899
1791120416743231,2026-10-04T13:26:56.743231+00:00,162,18,3461823090,1,30,40,403095849,50050050,255,255,255,255,402893781359.27997
1791120416758291,2026-10-04T13:26:56.758291+00:00,162,18,3461838137,1,30,40,403095849,50050050,255,255,255,255,402893796419.26996
1791120416773225,2026-10-04T13:26:56.773225+00:00,162,18,3461853083,1,30,40,403095849,50050050,255,255,255,255,402893811353.26
1791120416788226,2026-10-04T13:26:56.788226+00:00,162,18,3461868082,1,30,40,403095849,50050050,255,255,255,255,402893826354.25
1791120416803208,2026-10-04T13:26:56.803208+00:00,162,18,3461883068,1,30,40,403095849,50050050,255,255,255,255,402893841336.24
1791120416818202,2026-10-04T13:26:56.818202+00:00,162,18,3461898060,1,30,40,403095849,50050050,255,255,255,255,402893856330.23004
1791120416833588,2026-10-04T13:26:56.833588+00:00,162,18,3461913438,1,30,40,403095849,50050050,255,255,255,255,402893871716.2198
1791120416848200,2026-10-04T13:26:56.848200+00:00,162,18,3461928054,1,30,40,403095849,50050050,255,255,255,255,402893886328.2101
1791120416856446,2026-10-04T13:26:56.856446+00:00,162,83,3461936303,1,30,40,403095849,50050050,255,255,255,255,402893894574.2046
1791120416863899,2026-10-04T13:26:56.863899+00:00,162,18,3461943634,1,30,40,403095849,50050050,255,255,255,255,402893902027.1996
1791120416878279,2026-10-04T13:26:56.878279+00:00,162,18,3461958136,1,30,40,403095849,50050050,255,255,255,255,402893916407.19
1791120416893210,2026-10-04T13:26:56.893210+00:00,162,18,3461973065,1,30,40,403095849,50050050,255,255,255,255,402893931338.18005
1791120416908179,2026-10-04T13:26:56.908179+00:00,162,18,3461988039,1,30,40,403095849,50050050,255,255,255,255,402893946307.1701
1791120416923268,2026-10-04T13:26:56.923268+00:00,162,18,3462003125,1,30,40,403095849,50050050,255,255,255,255,402893961396.16003
1791120416938231,2026-10-04T13:26:56.938231+00:00,162,18,3462018092,1,30,40,403095849,50050050,255,255,255,255,402893976359.1501
1791120416953239,2026-10-04T13:26:56.953239+00:00,162,18,3462033102,1,30,40,403095849,50050050,255,255,255,255,402893991367.1401
1791120416968168,2026-10-04T13:26:56.968168+00:00,162,18,3462048029,1,30,40,403095849,50050050,255,255,255,255,402894006296.1301
1791120416983157,2026-10-04T13:26:56.983157+00:00,162,83,3462063001,1,30,40,403095849,50050050,255,255,255,255,402894021285.1202
1791120416984484,2026-10-04T13:26:56.984484+00:00,162,18,3462064350,1,30,40,403095849,50050050,255,255,255,255,402894022612.11926
1791120416998260,2026-10-04T13:26:56.998260+00:00,162,18,3462078114,1,30,40,403095849,50050050,255,255,255,255,402894036388.1101
1791120417013162,2026-10-04T13:26:57.013162+00:00,162,18,3462093020,1,30,40,403095849,50050050,255,255,255,255,402894051290.10016
1791120417028218,2026-10-04T13:26:57.028218+00:00,162,18,3462108037,1,30,40,403095849,50050050,255,255,255,255,402894066346.09015
1791120417043241,2026-10-04T13:26:57.043241+00:00,162,18,3462123096,1,30,40,403095849,50050050,255,255,255,255,402894081369.08014
1791120417058240,2026-10-04T13:26:57.058240+00:00,162,18,3462138095,1,30,40,403095849,50050050,255,255,255,255,402894096368.0702
1791120417073205,2026-10-04T13:26:57.073205+00:00,162,18,3462153059,1,30,40,403095849,50050050,255,255,255,255,402894111333.0602
1791120417088257,2026-10-04T13:26:57.088257+00:00,162,18,3462168112,1,30,40,403095849,50050050,255,255,255,255,402894126385.0502
1791120417103204,2026-10-04T13:26:57.103204+00:00,162,18,3462183058,1,30,40,403095849,50050050,255,255,255,255,402894141332.0402
1791120417110069,2026-10-04T13:26:57.110069+00:00,162,83,3462189915,1,30,40,403095849,50050050,255,255,255,255,402894148197.03564
1791120417118326,2026-10-04T13:26:57.118326+00:00,162,18,3462198187,1,30,40,403095849,50050050,255,255,255,255,402894156454.03015
1791120417133532,2026-10-04T13:26:57.133532+00:00,162,18,3462213361,1,30,40,403095849,50050050,255,255,255,255,402894171660.02
1791120417148325,2026-10-04T13:26:57.148325+00:00,162,18,3462228164,1,30,40,403095849,50050050,255,255,255,255,402894186453.0102
1791120417163221,2026-10-04T13:26:57.163221+00:00,162,18,3462243081,1,30,40,403095849,50050050,255,255,255,255,402894201349.00024
1791120417178313,2026-10-04T13:26:57.178313+00:00,162,18,3462258153,1,30,40,403095849,50050050,255,255,255,255,402894216440.9902
1791120417193294,2026-10-04T13:26:57.193294+00:00,162,18,3462273112,1,30,40,403095849,50050050,255,255,255,255,402894231421.9802
1791120417208272,2026-10-04T13:26:57.208272+00:00,162,18,3462288120,1,30,40,403095849,50050050,255,255,255,255,402894246399.9702
1791120417216962,2026-10-04T13:26:57.216962+00:00,162,18,3462296830,1,30,40,403095849,50050050,255,255,255,255,402894255089.9645
1791120417230689,2026-10-04T13:26:57.230689+00:00,162,18,3462310550,1,30,40,403095849,50050050,255,255,255,255,402894268816.9553
1791120417239947,2026-10-04T13:26:57.239947+00:00,162,83,3462319795,1,30,40,403095849,50050050,255,255,255,255,402894278074.94916
1791120417245737,2026-10-04T13:26:57.245737+00:00,162,18,3462325601,1,30,40,403095849,50050050,255,255,255,255,402894283864.9453
1791120417260722,2026-10-04T13:26:57.260722+00:00,162,18,3462340588,1,30,40,403095849,50050050,255,255,255,255,402894298849.9353
1791120417275785,2026-10-04T13:26:57.275785+00:00,162,18,3462355555,1,30,40,403095849,50050050,255,255,255,255,402894313912.9253
1791120417290682,2026-10-04T13:26:57.290682+00:00,162,18,3462370546,1,30,40,403095849,50050050,255,255,255,255,402894328809.91534
1791120417305662,2026-10-04T13:26:57.305662+00:00,162,18,3462385522,1,30,40,403095849,50050050,255,255,255,255,402894343789.9054
1791120417320651,2026-10-04T13:26:57.320651+00:00,162,18,3462400498,1,30,40,403095849,50050050,255,255,255,255,402894358778.8954
1791120417335693,2026-10-04T13:26:57.335693+00:00,162,18,3462415546,1,31,40,406149012,50050050,255,255,255,255,402894373820.8854
1791120417336205,2026-10-04T13:26:57.336205+00:00,162,18,3462416058,1,31,40,406149012,50050050,255,255,255,255,402894374332.885
1791120417350826,2026-10-04T13:26:57.350826+00:00,162,18,3462430668,1,31,40,406149012,50050050,255,255,255,255,402894388953.8753
1791120417367053,2026-10-04T13:26:57.367053+00:00,162,18,3462446894,1,31,40,406149012,50050050,255,255,255,255,402894405180.8645
1791120417378168,2026-10-04T13:26:57.378168+00:00,162,83,3462458013,1,31,40,406149012,50050050,255,255,255,255,402894416295.85706
1791120417380679,2026-10-04T13:26:57.380679+00:00,162,18,3462460548,1,31,40,406149012,50050050,255,255,255,255,402894418806.8554
1791120417395645,2026-10-04T13:26:57.395645+00:00,162,18,3462475506,1,31,40,406149012,50050050,255,255,255,255,402894433772.84546
1791120417410671,2026-10-04T13:26:57.410671+00:00,162,18,3462490520,1,31,40,406149012,50050050,255,255,255,255,402894448798.83545
1791120417425661,2026-10-04T13:26:57.425661+00:00,162,18,3462505521,1,31,40,406149012,50050050,255,255,255,255,402894463788.82544
1791120417440699,2026-10-04T13:26:57.440699+00:00,162,18,3462520553,1,31,40,406149012,50050050,255,255,255,255,402894478826.8154
1791120417455720,2026-10-04T13:26:57.455720+00:00,162,18,3462535568,1,31,40,406149012,50050050,255,255,255,255,402894493847.8054
1791120417470647,2026-10-04T13:26:57.470647+00:00,162,18,3462550503,1,31,40,406149012,50050050,255,255,255,255,402894508774.7955
1791120417485620,2026-10-04T13:26:57.485620+00:00,162,18,3462565482,1,31,40,406149012,50050050,255,255,255,255,402894523747.7855
1791120417500897,2026-10-04T13:26:57.500897+00:00,162,18,3462580621,1,31,40,406149012,50050050,255,255,255,255,402894539024.7753
1791120417506219,2026-10-04T13:26:57.506219+00:00,162,83,3462586070,1,31,40,406149012,50050050,255,255,255,255,402894544346.7718
1791120417515654,2026-10-04T13:26:57.515654+00:00,162,18,3462595507,1,31,40,406149012,50050050,255,255,255,255,402894553781.7655
1791120417530769,2026-10-04T13:26:57.530769+00:00,162,18,3462610631,1,31,40,406149012,50050050,255,255,255,255,402894568896.75543
1791120417545690,2026-10-04T13:26:57.545690+00:00,162,18,3462625539,1,31,40,406149012,50050050,255,255,255,255,402894583817.7455
1791120417560658,2026-10-04T13:26:57.560658+00:00,162,18,3462640512,1,31,40,406149012,50050050,255,255,255,255,402894598785.73553
1791120417575674,2026-10-04T13:26:57.575674+00:00,162,18,3462655533,1,31,40,406149012,50050050,255,255,255,255,402894613801.7255
1791120417590701,2026-10-04T13:26:57.590701+00:00,162,18,3462670552,1,31,40,406149012,50050050,255,255,255,255,402894628828.7155
1791120417605648,2026-10-04T13:26:57.605648+00:00,162,18,3462685510,1,31,40,406149012,50050050,255,255,255,255,402894643775.70557
1791120417620660,2026-10-04T13:26:57.620660+00:00,162,18,3462700518,1,31,40,406149012,50050050,255,255,255,255,402894658787.69556
1791120417634616,2026-10-04T13:26:57.634616+00:00,162,83,3462714461,1,31,40,406149012,50050050,255,255,255,255,402894672743.6863
1791120417635723,2026-10-04T13:26:57.635723+00:00,162,18,3462715594,1,31,40,406149012,50050050,255,255,255,255,402894673850.68555
1791120417643977,2026-10-04T13:26:57.643977+00:00,162,18,3462723836,1,31,40,406149012,50050050,255,255,255,255,402894682104.68005
1791120417658217,2026-10-04T13:26:57.658217+00:00,162,18,3462738075,1,31,40,406149012,50050050,255,255,255,255,402894696344.6706
1791120417673232,2026-10-04T13:26:57.673232+00:00,162,18,3462753073,1,31,40,406149012,50050050,255,255,255,255,402894711359.6606
1791120417688215,2026-10-04T13:26:57.688215+00:00,162,18,3462768074,1,31,40,406149012,50050050,255,255,255,255,402894726342.6506
1791120417703241,2026-10-04T13:26:57.703241+00:00,162,18,3462783099,1,31,40,406149012,50050050,255,255,255,255,402894741368.64056
1791120417718288,2026-10-04T13:26:57.718288+00:00,162,18,3462798150,1,31,40,406149012,50050050,255,255,255,255,402894756415.63055
1791120417733222,2026-10-04T13:26:57.733222+00:00,162,18,3462813082,1,31,40,406149012,50050050,255,255,255,255,402894771349.6206
1791120417748302,2026-10-04T13:26:57.748302+00:00,162,18,3462828164,1,31,40,406149012,50050050,255,255,255,255,402894786429.6106
1791120417760514,2026-10-04T13:26:57.760514+00:00,162,83,3462840363,1,31,40,406149012,50050050,255,255,255,255,402894798641.6024
1791120417763224,2026-10-04T13:26:57.763224+00:00,162,18,3462843088,1,31,40,406149012,50050050,255,255,255,255,402894801351.60065
1791120417778266,2026-10-04T13:26:57.778266+00:00,162,18,3462858122,1,31,40,406149012,50050050,255,255,255,255,402894816393.59064
1791120417793196,2026-10-04T13:26:57.793196+00:00,162,18,3462873040,1,31,40,406149012,50050050,255,255,255,255,402894831323.5807
1791120417808213,2026-10-04T13:26:57.808213+00:00,162,18,3462888070,1,31,40,406149012,50050050,255,255,255,255,402894846340.5707
1791120417816986,2026-10-04T13:26:57.816986+00:00,162,18,3462896826,1,31,40,406149012,50050050,255,255,255,255,402894855113.5648
1791120417830665,2026-10-04T13:26:57.830665+00:00,162,18,3462910521,1,31,40,406149012,50050050,255,255,255,255,402894868792.5557
1791120417845650,2026-10-04T13:26:57.845650+00:00,162,18,3462925511,1,31,40,406149012,50050050,255,255,255,255,402894883777.5457
1791120417860651,2026-10-04T13:26:57.860651+00:00,162,18,3462940514,1,31,40,406149012,50050050,255,255,255,255,402894898778.53577
1791120417875694,2026-10-04T13:26:57.875694+00:00,162,18,3462955546,1,31,40,406149012,50050050,255,255,255,255,402894913821.5257
1791120417885044,2026-10-04T13:26:57.885044+00:00,162,83,3462964894,1,31,40,406149012,50050050,255,255,255,255,402894923171.5195
1791120417890828,2026-10-04T13:26:57.890828+00:00,162,18,3462970651,1,31,40,406149012,50050050,255,255,255,255,402894928955.5156
1791120417905691,2026-10-04T13:26:57.905691+00:00,162,18,3462985550,1,31,40,406149012,50050050,255,255,255,255,402894943818.50574
1791120417920705,2026-10-04T13:26:57.920705+00:00,162,18,3463000555,1,31,40,406149012,50050050,255,255,255,255,402894958832.4957
1791120417935675,2026-10-04T13:26:57.935675+00:00,162,18,3463015537,1,31,40,406149012,50050050,255,255,255,255,402894973802.4858
1791120417950705,2026-10-04T13:26:57.950705+00:00,162,18,3463030563,1,31,40,406149012,50050050,255,255,255,255,402894988832.47577
1791120417965670,2026-10-04T13:26:57.965670+00:00,162,18,3463045529,1,31,40,406149012,50050050,255,255,255,255,402895003797.4658
1791120417980641,2026-10-04T13:26:57.980641+00:00,162,18,3463060502,1,31,40,406149012,50050050,255,255,255,255,402895018768.4558
1791120417995722,2026-10-04T13:26:57.995722+00:00,162,18,3463075576,1,31,40,406149012,50050050,255,255,255,255,402895033849.4458
1791120418010694,2026-10-04T13:26:58.010694+00:00,162,18,3463090550,1,31,40,406149012,50050050,255,255,255,255,402895048821.4358
1791120418011265,2026-10-04T13:26:58.011265+00:00,162,83,3463091121,1,31,40,406149012,50050050,255,255,255,255,402895049392.4354
1791120418026933,2026-10-04T13:26:58.026933+00:00,162,18,3463106787,1,31,40,406149012,50050050,255,255,255,255,402895065060.425
1791120418040728,2026-10-04T13:26:58.040728+00:00,162,18,3463120574,1,31,40,406149012,50050050,255,255,255,255,402895078855.41583
1791120418055683,2026-10-04T13:26:58.055683+00:00,162,18,3463135539,1,31,40,406149012,50050050,255,255,255,255,402895093810.4058
1791120418064352,2026-10-04T13:26:58.064352+00:00,162,18,3463144186,1,31,40,406149012,50050050,255,255,255,255,402895102479.4001
1791120418078262,2026-10-04T13:26:58.078262+00:00,162,18,3463158095,1,31,40,406149012,50050050,255,255,255,255,402895116389.3908
1791120418093242,2026-10-04T13:26:58.093242+00:00,162,18,3463173094,1,31,40,406149012,50050050,255,255,255,255,402895131369.3808
1791120418108234,2026-10-04T13:26:58.108234+00:00,162,18,3463188091,1,31,40,406149012,50050050,255,255,255,255,402895146361.37085
1791120418123246,2026-10-04T13:26:58.123246+00:00,162,18,3463203091,1,31,40,406149012,50050050,255,255,255,255,402895161373.36084
1791120418138099,2026-10-04T13:26:58.138099+00:00,162,83,3463217946,1,31,40,406149012,50050050,255,255,255,255,402895176226.35095
1791120418139307,2026-10-04T13:26:58.139307+00:00,162,18,3463219163,1,31,40,406149012,50050050,255,255,255,255,402895177434.35016
1791120418153338,2026-10-04T13:26:58.153338+00:00,162,18,3463233169,1,31,40,406149012,50050050,255,255,255,255,402895191465.3408
1791120418168892,2026-10-04T13:26:58.168892+00:00,162,18,3463248721,1,31,40,406149012,50050050,255,255,255,255,402895207019.33044
1791120418183349,2026-10-04T13:26:58.183349+00:00,162,18,3463263202,1,31,40,406149012,50050050,255,255,255,255,402895221476.3208
1791120418198212,2026-10-04T13:26:58.198212+00:00,162,18,3463278052,1,31,40,406149012,50050050,255,255,255,255,402895236339.3109
1791120418213242,2026-10-04T13:26:58.213242+00:00,162,18,3463293096,1,31,40,406149012,50050050,255,255,255,255,402895251369.3009
1791120418228295,2026-10-04T13:26:58.228295+00:00,162,18,3463308158,1,31,40,406149012,50050050,255,255,255,255,402895266422.2909
1791120418243222,2026-10-04T13:26:58.243222+00:00,162,18,3463323077,1,31,40,406149012,50050050,255,255,255,255,402895281349.28094
1791120418258268,2026-10-04T13:26:58.258268+00:00,162,18,3463338116,1,31,40,406149012,50050050,255,255,255,255,402895296395.27094
1791120418270845,2026-10-04T13:26:58.270845+00:00,162,83,3463350677,1,31,40,406149012,50050050,255,255,255,255,402895308972.2625
1791120418273330,2026-10-04T13:26:58.273330+00:00,162,18,3463353195,1,31,40,406149012,50050050,255,255,255,255,402895311457.26086
1791120418288258,2026-10-04T13:26:58.288258+00:00,162,18,3463368113,1,31,40,406149012,50050050,255,255,255,255,402895326385.2509
1791120418303258,2026-10-04T13:26:58.303258+00:00,162,18,3463383105,1,31,40,406149012,50050050,255,255,255,255,402895341385.24097
1791120418318217,2026-10-04T13:26:58.318217+00:00,162,18,3463398076,1,31,40,406149012,50050050,255,255,255,255,402895356344.231
1791120418333300,2026-10-04T13:26:58.333300+00:00,162,18,3463413153,1,31,40,406149012,50050050,255,255,255,255,402895371427.22095
1791120418340728,2026-10-04T13:26:58.340728+00:00,162,18,3463420580,1,32,40,409151598,50050050,255,255,255,255,402895378855.216
1791120418348626,2026-10-04T13:26:58.348626+00:00,162,18,3463428466,1,32,40,409151598,50050050,255,255,255,255,402895386753.21075
1791120418363293,2026-10-04T13:26:58.363293+00:00,162,18,3463443114,1,32,40,409151598,50050050,255,255,255,255,402895401420.201
1791120418378267,2026-10-04T13:26:58.378267+00:00,162,18,3463458116,1,32,40,409151598,50050050,255,255,255,255,402895416394.191
1791120418393233,2026-10-04T13:26:58.393233+00:00,162,18,3463473092,1,32,40,409151598,50050050,255,255,255,255,402895431360.181
1791120418405883,2026-10-04T13:26:58.405883+00:00,162,83,3463485711,1,32,40,409151598,50050050,255,255,255,255,402895444010.1726
1791120418408242,2026-10-04T13:26:58.408242+00:00,162,18,3463488106,1,32,40,409151598,50050050,255,255,255,255,402895446369.171
1791120418423241,2026-10-04T13:26:58.423241+00:00,162,18,3463503100,1,32,40,409151598,50050050,255,255,255,255,402895461368.1611
1791120418438345,2026-10-04T13:26:58.438345+00:00,162,18,3463518198,1,32,40,409151598,50050050,255,255,255,255,402895476472.151
1791120418454387,2026-10-04T13:26:58.454387+00:00,162,18,3463534242,1,32,40,409151598,50050050,255,255,255,255,402895492514.1403
1791120418468348,2026-10-04T13:26:58.468348+00:00,162,18,3463548203,1,32,40,409151598,50050050,255,255,255,255,402895506475.131
1791120418483286,2026-10-04T13:26:58.483286+00:00,162,18,3463563134,1,32,40,409151598,50050050,255,255,255,255,402895521413.12103
1791120418498184,2026-10-04T13:26:58.498184+00:00,162,18,3463578045,1,32,40,409151598,50050050,255,255,255,255,402895536311.11115
1791120418513339,2026-10-04T13:26:58.513339+00:00,162,18,3463593198,1,32,40,409151598,50050050,255,255,255,255,402895551466.101
1791120418528214,2026-10-04T13:26:58.528214+00:00,162,18,3463608068,1,32,40,409151598,50050050,255,255,255,255,402895566341.0911
1791120418541020,2026-10-04T13:26:58.541020+00:00,162,83,3463620856,1,32,40,409151598,50050050,255,255,255,255,402895579147.0826
1791120418543262,2026-10-04T13:26:58.543262+00:00,162,18,3463623115,1,32,40,409151598,50050050,255,255,255,255,402895581389.0811
1791120418558202,2026-10-04T13:26:58.558202+00:00,162,18,3463638061,1,32,40,409151598,50050050,255,255,255,255,402895596329.07117
1791120418573213,2026-10-04T13:26:58.573213+00:00,162,18,3463653062,1,32,40,409151598,50050050,255,255,255,255,402895611340.06116
1791120418588292,2026-10-04T13:26:58.588292+00:00,162,18,3463668149,1,32,40,409151598,50050050,255,255,255,255,402895626419.0511
1791120418603260,2026-10-04T13:26:58.603260+00:00,162,18,3463683111,1,32,40,409151598,50050050,255,255,255,255,402895641387.04114
1791120418618272,2026-10-04T13:26:58.618272+00:00,162,18,3463698119,1,32,40,409151598,50050050,255,255,255,255,402895656399.0311
1791120418633306,2026-10-04T13:26:58.633306+00:00,162,18,3463713156,1,32,40,409151598,50050050,255,255,255,255,402895671433.0211
1791120418648210,2026-10-04T13:26:58.648210+00:00,162,18,3463728071,1,32,40,409151598,50050050,255,255,255,255,402895686337.0112
1791120418663361,2026-10-04T13:26:58.663361+00:00,162,18,3463743165,1,32,40,409151598,50050050,255,255,255,255,402895701488.0011
1791120418675580,2026-10-04T13:26:58.675580+00:00,162,83,3463755429,1,32,40,409151598,50050050,255,255,255,255,402895713706.993
1791120418678322,2026-10-04T13:26:58.678322+00:00,162,18,3463758181,1,32,40,409151598,50050050,255,255,255,255,402895716448.99115
1791120418693267,2026-10-04T13:26:58.693267+00:00,162,18,3463773121,1,32,40,409151598,50050050,255,255,255,255,402895731393.9812
1791120418708276,2026-10-04T13:26:58.708276+00:00,162,18,3463788112,1,32,40,409151598,50050050,255,255,255,255,402895746402.9712
1791120418723364,2026-10-04T13:26:58.723364+00:00,162,18,3463803214,1,32,40,409151598,50050050,255,255,255,255,402895761490.9612
1791120418738255,2026-10-04T13:26:58.738255+00:00,162,18,3463818111,1,32,40,409151598,50050050,255,255,255,255,402895776381.95123
1791120418753298,2026-10-04T13:26:58.753298+00:00,162,18,3463833152,1,32,40,409151598,50050050,255,255,255,255,402895791424.9412
1791120418768267,2026-10-04T13:26:58.768267+00:00,162,18,3463848115,1,32,40,409151598,50050050,255,255,255,255,402895806393.9313
1791120418777718,2026-10-04T13:26:58.777718+00:00,162,83,3463857571,1,32,40,409151598,50050050,255,255,255,255,402895815844.9249
1791120418783217,2026-10-04T13:26:58.783217+00:00,162,18,3463863081,1,32,40,409151598,50050050,255,255,255,255,402895821343.92126
1791120418798207,2026-10-04T13:26:58.798207+00:00,162,18,3463878070,1,32,40,409151598,50050050,255,255,255,255,402895836333.9113
1791120418813267,2026-10-04T13:26:58.813267+00:00,162,18,3463893126,1,32,40,409151598,50050050,255,255,255,255,402895851393.90125
1791120418828289,2026-10-04T13:26:58.828289+00:00,162,18,3463908148,1,32,40,409151598,50050050,255,255,255,255,402895866415.8913
1791120418843249,2026-10-04T13:26:58.843249+00:00,162,18,3463923107,1,32,40,409151598,50050050,255,255,255,255,402895881375.8813
1791120418858201,2026-10-04T13:26:58.858201+00:00,162,18,3463938054,1,32,40,409151598,50050050,255,255,255,255,402895896327.87134
1791120418873268,2026-10-04T13:26:58.873268+00:00,162,18,3463953131,1,32,40,409151598,50050050,255,255,255,255,402895911394.8613
1791120418888215,2026-10-04T13:26:58.888215+00:00,162,18,3463968076,1,32,40,409151598,50050050,255,255,255,255,402895926341.8514
1791120418903330,2026-10-04T13:26:58.903330+00:00,162,18,3463983190,1,32,40,409151598,50050050,255,255,255,255,402895941456.8413
1791120418918577,2026-10-04T13:26:58.918577+00:00,162,18,3463998304,1,32,40,409151598,50050050,255,255,255,255,402895956703.8311
1791120418927841,2026-10-04T13:26:58.927841+00:00,162,83,3464007684,1,32,40,409151598,50050050,255,255,255,255,402895965967.82495
1791120418933402,2026-10-04T13:26:58.933402+00:00,162,18,3464013262,1,32,40,409151598,50050050,255,255,255,255,402895971528.8213
1791120418948221,2026-10-04T13:26:58.948221+00:00,162,18,3464028076,1,32,40,409151598,50050050,255,255,255,255,402895986347.8114
1791120418963176,2026-10-04T13:26:58.963176+00:00,162,18,3464043033,1,32,40,409151598,50050050,255,255,255,255,402896001302.80145
1791120418978264,2026-10-04T13:26:58.978264+00:00,162,18,3464058114,1,32,40,409151598,50050050,255,255,255,255,402896016390.7914
1791120418993306,2026-10-04T13:26:58.993306+00:00,162,18,3464073114,1,32,40,409151598,50050050,255,255,255,255,402896031432.7814
1791120419008265,2026-10-04T13:26:59.008265+00:00,162,18,3464088121,1,32,40,409151598,50050050,255,255,255,255,402896046391.7714
1791120419023313,2026-10-04T13:26:59.023313+00:00,162,18,3464103173,1,32,40,409151598,50050050,255,255,255,255,402896061439.76135
1791120419032865,2026-10-04T13:26:59.032865+00:00,162,83,3464112704,1,32,40,409151598,50050050,255,255,255,255,402896070991.755
1791120419038205,2026-10-04T13:26:59.038205+00:00,162,18,3464118071,1,32,40,409151598,50050050,255,255,255,255,402896076331.75146
1791120419053196,2026-10-04T13:26:59.053196+00:00,162,18,3464133052,1,32,40,409151598,50050050,255,255,255,255,402896091322.74146
1791120419069418,2026-10-04T13:26:59.069418+00:00,162,18,3464149267,1,32,40,409151598,50050050,255,255,255,255,402896107544.73065
1791120419083196,2026-10-04T13:26:59.083196+00:00,162,18,3464163053,1,32,40,409151598,50050050,255,255,255,255,402896121322.7215
1791120419098232,2026-10-04T13:26:59.098232+00:00,162,18,3464178089,1,32,40,409151598,50050050,255,255,255,255,402896136358.7115
1791120419113232,2026-10-04T13:26:59.113232+00:00,162,18,3464193089,1,32,40,409151598,50050050,255,255,255,255,402896151358.7015
1791120419128216,2026-10-04T13:26:59.128216+00:00,162,18,3464208073,1,32,40,409151598,50050050,255,255,255,255,402896166342.6915
1791120419143186,2026-10-04T13:26:59.143186+00:00,162,18,3464223044,1,32,40,409151598,50050050,255,255,255,255,402896181312.6815
1791120419158250,2026-10-04T13:26:59.158250+00:00,162,18,3464238107,1,32,40,409151598,50050050,255,255,255,255,402896196376.6715
1791120419174304,2026-10-04T13:26:59.174304+00:00,162,18,3464254152,1,32,40,409151598,50050050,255,255,255,255,402896212430.6608
1791120419178403,2026-10-04T13:26:59.178403+00:00,162,83,3464258227,1,32,40,409151598,50050050,255,255,255,255,402896216529.6581
1791120419188241,2026-10-04T13:26:59.188241+00:00,162,18,3464268099,1,32,40,409151598,50050050,255,255,255,255,402896226367.65155
1791120419203415,2026-10-04T13:26:59.203415+00:00,162,18,3464283268,1,32,40,409151598,50050050,255,255,255,255,402896241541.6414
1791120419218341,2026-10-04T13:26:59.218341+00:00,162,18,3464298173,1,32,40,409151598,50050050,255,255,255,255,402896256467.6315
1791120419233270,2026-10-04T13:26:59.233270+00:00,162,18,3464313086,1,32,40,409151598,50050050,255,255,255,255,402896271396.6215
1791120419248195,2026-10-04T13:26:59.248195+00:00,162,18,3464328051,1,32,40,409151598,50050050,255,255,255,255,402896286321.61163
1791120419263265,2026-10-04T13:26:59.263265+00:00,162,18,3464343120,1,32,40,409151598,50050050,255,255,255,255,402896301391.60156
1791120419278238,2026-10-04T13:26:59.278238+00:00,162,18,3464358082,1,32,40,409151598,50050050,255,255,255,255,402896316364.5916
1791120419280781,2026-10-04T13:26:59.280781+00:00,162,83,3464360632,1,32,40,409151598,50050050,255,255,255,255,402896318907.5899
1791120419293292,2026-10-04T13:26:59.293292+00:00,162,18,3464373156,1,32,40,409151598,50050050,255,255,255,255,402896331418.58154
1791120419308417,2026-10-04T13:26:59.308417+00:00,162,18,3464388273,1,32,40,409151598,50050050,255,255,255,255,402896346543.5715
1791120419324402,2026-10-04T13:26:59.324402+00:00,162,18,3464404254,1,32,40,409151598,50050050,255,255,255,255,402896362528.56085
1791120419338334,2026-10-04T13:26:59.338334+00:00,162,18,3464418194,1,32,40,409151598,50050050,255,255,255,255,402896376460.5516
1791120419345638,2026-10-04T13:26:59.345638+00:00,162,18,3464425502,1,33,40,412154781,50050050,255,255,255,255,402896383764.5467
1791120419354395,2026-10-04T13:26:59.354395+00:00,162,18,3464434258,1,33,40,412154781,50050050,255,255,255,255,402896392521.5409
1791120419368238,2026-10-04T13:26:59.368238+00:00,162,18,3464448101,1,33,40,412154781,50050050,255,255,255,255,402896406364.5317
1791120419383280,2026-10-04T13:26:59.383280+00:00,162,18,3464463131,1,33,40,412154781,50050050,255,255,255,255,402896421406.5216
1791120419394187,2026-10-04T13:26:59.394187+00:00,162,83,3464474029,1,33,40,412154781,50050050,255,255,255,255,402896432313.51434
1791120419398245,2026-10-04T13:26:59.398245+00:00,162,18,3464478098,1,33,40,412154781,50050050,255,255,255,255,402896436371.51166
1791120419413294,2026-10-04T13:26:59.413294+00:00,162,18,3464493149,1,33,40,412154781,50050050,255,255,255,255,402896451420.50165
1791120419422014,2026-10-04T13:26:59.422014+00:00,162,18,3464501868,1,33,40,412154781,50050050,255,255,255,255,402896460140.49585
1791120419435679,2026-10-04T13:26:59.435679+00:00,162,18,3464515527,1,33,40,412154781,50050050,255,255,255,255,402896473805.48676
1791120419450653,2026-10-04T13:26:59.450653+00:00,162,18,3464530491,1,33,40,412154781,50050050,255,255,255,255,402896488779.47675
1791120419465647,2026-10-04T13:26:59.465647+00:00,162,18,3464545506,1,33,40,412154781,50050050,255,255,255,255,402896503773.4668
1791120419480711,2026-10-04T13:26:59.480711+00:00,162,18,3464560565,1,33,40,412154781,50050050,255,255,255,255,402896518837.4567
1791120419495615,2026-10-04T13:26:59.495615+00:00,162,18,3464575471,1,33,40,412154781,50050050,255,255,255,255,402896533741.44684
1791120419510638,2026-10-04T13:26:59.510638+00:00,162,18,3464590495,1,33,40,412154781,50050050,255,255,255,255,402896548764.4368
1791120419525810,2026-10-04T13:26:59.525810+00:00,162,18,3464605670,1,33,40,412154781,50050050,255,255,255,255,402896563936.4267
1791120419540714,2026-10-04T13:26:59.540714+00:00,162,18,3464620570,1,33,40,412154781,50050050,255,255,255,255,402896578840.4168
1791120419548531,2026-10-04T13:26:59.548531+00:00,162,83,3464628398,1,33,40,412154781,50050050,255,255,255,255,402896586657.41156
1791120419555665,2026-10-04T13:26:59.555665+00:00,162,18,3464635486,1,33,40,412154781,50050050,255,255,255,255,402896593791.4068
1791120419570629,2026-10-04T13:26:59.570629+00:00,162,18,3464650479,1,33,40,412154781,50050050,255,255,255,255,402896608755.39685
1791120419585675,2026-10-04T13:26:59.585675+00:00,162,18,3464665510,1,33,40,412154781,50050050,255,255,255,255,402896623801.38684
1791120419600884,2026-10-04T13:26:59.600884+00:00,162,18,3464680675,1,33,40,412154781,50050050,255,255,255,255,402896639010.3767
1791120419615719,2026-10-04T13:26:59.615719+00:00,162,18,3464695580,1,33,40,412154781,50050050,255,255,255,255,402896653845.3668
1791120419630652,2026-10-04T13:26:59.630652+00:00,162,18,3464710511,1,33,40,412154781,50050050,255,255,255,255,402896668778.3569
1791120419645695,2026-10-04T13:26:59.645695+00:00,162,18,3464725487,1,33,40,412154781,50050050,255,255,255,255,402896683821.34686
1791120419649231,2026-10-04T13:26:59.649231+00:00,162,83,3464729088,1,33,40,412154781,50050050,255,255,255,255,402896687357.3445
1791120419660612,2026-10-04T13:26:59.660612+00:00,162,18,3464740477,1,33,40,412154781,50050050,255,255,255,255,402896698738.3369
1791120419675654,2026-10-04T13:26:59.675654+00:00,162,18,3464755507,1,33,40,412154781,50050050,255,255,255,255,402896713780.3269
1791120419690633,2026-10-04T13:26:59.690633+00:00,162,18,3464770497,1,33,40,412154781,50050050,255,255,255,255,402896728759.31696
1791120419705654,2026-10-04T13:26:59.705654+00:00,162,18,3464785514,1,33,40,412154781,50050050,255,255,255,255,402896743780.30695
1791120419720607,2026-10-04T13:26:59.720607+00:00,162,18,3464800465,1,33,40,412154781,50050050,255,255,255,255,402896758733.297
1791120419735748,2026-10-04T13:26:59.735748+00:00,162,18,3464815585,1,33,40,412154781,50050050,255,255,255,255,402896773874.28687
1791120419744341,2026-10-04T13:26:59.744341+00:00,162,18,3464824200,1,33,40,412154781,50050050,255,255,255,255,402896782467.2812
1791120419749839,2026-10-04T13:26:59.749839+00:00,162,83,3464829694,1,33,40,412154781,50050050,255,255,255,255,402896787965.2775
1791120419758213,2026-10-04T13:26:59.758213+00:00,162,18,3464838078,1,33,40,412154781,50050050,255,255,255,255,402896796339.2719
1791120419773270,2026-10-04T13:26:59.773270+00:00,162,18,3464853132,1,33,40,412154781,50050050,255,255,255,255,402896811396.2619
1791120419788196,2026-10-04T13:26:59.788196+00:00,162,18,3464868058,1,33,40,412154781,50050050,255,255,255,255,402896826322.25195
1791120419803412,2026-10-04T13:26:59.803412+00:00,162,18,3464883271,1,33,40,412154781,50050050,255,255,255,255,402896841538.2418
1791120419818594,2026-10-04T13:26:59.818594+00:00,162,18,3464898447,1,33,40,412154781,50050050,255,255,255,255,402896856720.2317
1791120419833338,2026-10-04T13:26:59.833338+00:00,162,18,3464913179,1,33,40,412154781,50050050,255,255,255,255,402896871464.22186
1791120419848216,2026-10-04T13:26:59.848216+00:00,162,18,3464928071,1,33,40,412154781,50050050,255,255,255,255,402896886342.212
1791120419856007,2026-10-04T13:26:59.856007+00:00,162,83,3464935854,1,33,40,412154781,50050050,255,255,255,255,402896894133.2068
1791120419863265,2026-10-04T13:26:59.863265+00:00,162,18,3464943127,1,33,40,412154781,50050050,255,255,255,255,402896901391.20197
1791120419878267,2026-10-04T13:26:59.878267+00:00,162,18,3464958120,1,33,40,412154781,50050050,255,255,255,255,402896916393.19196
1791120419893315,2026-10-04T13:26:59.893315+00:00,162,18,3464973175,1,33,40,412154781,50050050,255,255,255,255,402896931441.18195
1791120419908201,2026-10-04T13:26:59.908201+00:00,162,18,3464988050,1,33,40,412154781,50050050,255,255,255,255,402896946327.172
1791120419923266,2026-10-04T13:26:59.923266+00:00,162,18,3465003122,1,33,40,412154781,50050050,255,255,255,255,402896961392.162
1791120419938325,2026-10-04T13:26:59.938325+00:00,162,18,3465018167,1,33,40,412154781,50050050,255,255,255,255,402896976451.152
1791120419954327,2026-10-04T13:26:59.954327+00:00,162,18,3465034175,1,33,40,412154781,50050050,255,255,255,255,402896992453.1413
1791120419967417,2026-10-04T13:26:59.967417+00:00,162,83,3465047247,1,33,40,412154781,50050050,255,255,255,255,402897005543.13257
1791120419968551,2026-10-04T13:26:59.968551+00:00,162,18,3465048392,1,33,40,412154781,50050050,255,255,255,255,402897006677.13184
1791120419983223,2026-10-04T13:26:59.983223+00:00,162,18,3465063079,1,33,40,412154781,50050050,255,255,255,255,402897021349.1221
1791120419998210,2026-10-04T13:26:59.998210+00:00,162,18,3465078067,1,33,40,412154781,50050050,255,255,255,255,402897036336.11206
1791120420013285,2026-10-04T13:27:00.013285+00:00,162,18,3465093140,1,33,40,412154781,50050050,255,255,255,255,402897051411.10205
1791120420028204,2026-10-04T13:27:00.028204+00:00,162,18,3465108061,1,33,40,412154781,50050050,255,255,255,255,402897066330.0921
1791120420043171,2026-10-04T13:27:00.043171+00:00,162,18,3465123029,1,33,40,412154781,50050050,255,255,255,255,402897081297.08215
1791120420058403,2026-10-04T13:27:00.058403+00:00,162,18,3465138227,1,33,40,412154781,50050050,255,255,255,255,402897096529.07196
1791120420073235,2026-10-04T13:27:00.073235+00:00,162,18,3465153083,1,33,40,412154781,50050050,255,255,255,255,402897111361.06213
1791120420074968,2026-10-04T13:27:00.074968+00:00,162,83,3465154817,1,33,40,412154781,50050050,255,255,255,255,402897113094.061
1791120420088183,2026-10-04T13:27:00.088183+00:00,162,18,3465168042,1,33,40,412154781,50050050,255,255,255,255,402897126309.0521
1791120420103195,2026-10-04T13:27:00.103195+00:00,162,18,3465183054,1,33,40,412154781,50050050,255,255,255,255,402897141321.0422
1791120420118216,2026-10-04T13:27:00.118216+00:00,162,18,3465198073,1,33,40,412154781,50050050,255,255,255,255,402897156342.03217
1791120420133243,2026-10-04T13:27:00.133243+00:00,162,18,3465213100,1,33,40,412154781,50050050,255,255,255,255,402897171369.02216
1791120420148168,2026-10-04T13:27:00.148168+00:00,162,18,3465228030,1,33,40,412154781,50050050,255,255,255,255,402897186294.0122
1791120420163572,2026-10-04T13:27:00.163572+00:00,162,18,3465243392,1,33,40,412154781,50050050,255,255,255,255,402897201698.00195
1791120420178407,2026-10-04T13:27:00.178407+00:00,162,18,3465258220,1,33,40,412154781,50050050,255,255,255,255,402897216532.99207
1791120420182666,2026-10-04T13:27:00.182666+00:00,162,83,3465262499,1,33,40,412154781,50050050,255,255,255,255,402897220791.9892
1791120420193305,2026-10-04T13:27:00.193305+00:00,162,18,3465273139,1,33,40,412154781,50050050,255,255,255,255,402897231430.9821
1791120420209430,2026-10-04T13:27:00.209430+00:00,162,18,3465289277,1,33,40,412154781,50050050,255,255,255,255,402897247555.9714
1791120420223194,2026-10-04T13:27:00.223194+00:00,162,18,3465303049,1,33,40,412154781,50050050,255,255,255,255,402897261319.9622
1791120420238257,2026-10-04T13:27:00.238257+00:00,162,18,3465318112,1,33,40,412154781,50050050,255,255,255,255,402897276382.9522
1791120420253219,2026-10-04T13:27:00.253219+00:00,162,18,3465333079,1,33,40,412154781,50050050,255,255,255,255,402897291344.94226
1791120420268294,2026-10-04T13:27:00.268294+00:00,162,18,3465348135,1,33,40,412154781,50050050,255,255,255,255,402897306419.9322
1791120420283292,2026-10-04T13:27:00.283292+00:00,162,18,3465363141,1,33,40,412154781,50050050,255,255,255,255,402897321417.9222
1791120420292085,2026-10-04T13:27:00.292085+00:00,162,18,3465371910,1,33,40,412154781,50050050,255,255,255,255,402897330210.9163
1791120420299904,2026-10-04T13:27:00.299904+00:00,162,83,3465379752,1,33,40,412154781,50050050,255,255,255,255,402897338029.91113
1791120420305678,2026-10-04T13:27:00.305678+00:00,162,18,3465385518,1,33,40,412154781,50050050,255,255,255,255,402897343803.9073
1791120420320696,2026-10-04T13:27:00.320696+00:00,162,18,3465400535,1,33,40,412154781,50050050,255,255,255,255,402897358821.8973
1791120420335853,2026-10-04T13:27:00.335853+00:00,162,18,3465415706,1,33,40,412154781,50050050,255,255,255,255,402897373978.8872
1791120420350634,2026-10-04T13:27:00.350634+00:00,162,18,3465430493,1,34,40,415157694,50050050,255,255,255,255,402897388759.8774
1791120420351210,2026-10-04T13:27:00.351210+00:00,162,18,3465431084,1,34,40,415157694,50050050,255,255,255,255,402897389335.87695
1791120420365642,2026-10-04T13:27:00.365642+00:00,162,18,3465445508,1,34,40,415157694,50050050,255,255,255,255,402897403767.8674
1791120420380614,2026-10-04T13:27:00.380614+00:00,162,18,3465460469,1,34,40,415157694,50050050,255,255,255,255,402897418739.85736
1791120420395601,2026-10-04T13:27:00.395601+00:00,162,18,3465475461,1,34,40,415157694,50050050,255,255,255,255,402897433726.8474
1791120420404233,2026-10-04T13:27:00.404233+00:00,162,83,3465484068,1,34,40,415157694,50050050,255,255,255,255,402897442358.8417
1791120420410678,2026-10-04T13:27:00.410678+00:00,162,18,3465490541,1,34,40,415157694,50050050,255,255,255,255,402897448803.83734
1791120420425624,2026-10-04T13:27:00.425624+00:00,162,18,3465505480,1,34,40,415157694,50050050,255,255,255,255,402897463749.8274
1791120420440620,2026-10-04T13:27:00.440620+00:00,162,18,3465520468,1,34,40,415157694,50050050,255,255,255,255,402897478745.81744
1791120420455696,2026-10-04T13:27:00.455696+00:00,162,18,3465535553,1,34,40,415157694,50050050,255,255,255,255,402897493821.8074
1791120420470611,2026-10-04T13:27:00.470611+00:00,162,18,3465550471,1,34,40,415157694,50050050,255,255,255,255,402897508736.7974
1791120420485588,2026-10-04T13:27:00.485588+00:00,162,18,3465565445,1,34,40,415157694,50050050,255,255,255,255,402897523713.7875
1791120420500615,2026-10-04T13:27:00.500615+00:00,162,18,3465580475,1,34,40,415157694,50050050,255,255,255,255,402897538740.77747
1791120420505941,2026-10-04T13:27:00.505941+00:00,162,83,3465585781,1,34,40,415157694,50050050,255,255,255,255,402897544066.7739
1791120420515881,2026-10-04T13:27:00.515881+00:00,162,18,3465595675,1,34,40,415157694,50050050,255,255,255,255,402897554006.7673
1791120420530757,2026-10-04T13:27:00.530757+00:00,162,18,3465610619,1,34,40,415157694,50050050,255,255,255,255,402897568882.7574
1791120420545625,2026-10-04T13:27:00.545625+00:00,162,18,3465625485,1,34,40,415157694,50050050,255,255,255,255,402897583750.7475
1791120420560738,2026-10-04T13:27:00.560738+00:00,162,18,3465640593,1,34,40,415157694,50050050,255,255,255,255,402897598863.7374
1791120420575610,2026-10-04T13:27:00.575610+00:00,162,18,3465655471,1,34,40,415157694,50050050,255,255,255,255,402897613735.72754
1791120420590646,2026-10-04T13:27:00.590646+00:00,162,18,3465670484,1,34,40,415157694,50050050,255,255,255,255,402897628771.7175
1791120420605608,2026-10-04T13:27:00.605608+00:00,162,18,3465685462,1,34,40,415157694,50050050,255,255,255,255,402897643733.7075
1791120420608638,2026-10-04T13:27:00.608638+00:00,162,83,3465688473,1,34,40,415157694,50050050,255,255,255,255,402897646763.7055
1791120420620728,2026-10-04T13:27:00.620728+00:00,162,18,3465700588,1,34,40,415157694,50050050,255,255,255,255,402897658853.69745
1791120420635630,2026-10-04T13:27:00.635630+00:00,162,18,3465715482,1,34,40,415157694,50050050,255,255,255,255,402897673755.68756
1791120420650607,2026-10-04T13:27:00.650607+00:00,162,18,3465730454,1,34,40,415157694,50050050,255,255,255,255,402897688732.67755
1791120420665677,2026-10-04T13:27:00.665677+00:00,162,18,3465745536,1,34,40,415157694,50050050,255,255,255,255,402897703802.66754
1791120420680627,2026-10-04T13:27:00.680627+00:00,162,18,3465760483,1,34,40,415157694,50050050,255,255,255,255,402897718752.6576
1791120420695747,2026-10-04T13:27:00.695747+00:00,162,18,3465775600,1,34,40,415157694,50050050,255,255,255,255,402897733872.6475
1791120420710600,2026-10-04T13:27:00.710600+00:00,162,18,3465790460,1,34,40,415157694,50050050,255,255,255,255,402897748725.63763
1791120420725610,2026-10-04T13:27:00.725610+00:00,162,18,3465805466,1,34,40,415157694,50050050,255,255,255,255,402897763735.6276
1791120420740608,2026-10-04T13:27:00.740608+00:00,162,18,3465820460,1,34,40,415157694,50050050,255,255,255,255,402897778733.6176
1791120420755617,2026-10-04T13:27:00.755617+00:00,162,18,3465835470,1,34,40,415157694,50050050,255,255,255,255,402897793742.6076
1791120420759626,2026-10-04T13:27:00.759626+00:00,162,83,3465839478,1,34,40,415157694,50050050,255,255,255,255,402897797751.605
1791120420770606,2026-10-04T13:27:00.770606+00:00,162,18,3465850465,1,34,40,415157694,50050050,255,255,255,255,402897808731.59766
1791120420785606,2026-10-04T13:27:00.785606+00:00,162,18,3465865462,1,34,40,415157694,50050050,255,255,255,255,402897823731.58765
1791120420800610,2026-10-04T13:27:00.800610+00:00,162,18,3465880469,1,34,40,415157694,50050050,255,255,255,255,402897838735.57764
1791120420815629,2026-10-04T13:27:00.815629+00:00,162,18,3465895493,1,34,40,415157694,50050050,255,255,255,255,402897853754.5677
1791120420830792,2026-10-04T13:27:00.830792+00:00,162,18,3465910626,1,34,40,415157694,50050050,255,255,255,255,402897868917.55756
1791120420845614,2026-10-04T13:27:00.845614+00:00,162,18,3465925466,1,34,40,415157694,50050050,255,255,255,255,402897883739.54767
1791120420860735,2026-10-04T13:27:00.860735+00:00,162,18,3465940573,1,34,40,415157694,50050050,255,255,255,255,402897898860.5376
1791120420863505,2026-10-04T13:27:00.863505+00:00,162,83,3465943353,1,34,40,415157694,50050050,255,255,255,255,402897901630.53577
1791120420875598,2026-10-04T13:27:00.875598+00:00,162,18,3465955448,1,34,40,415157694,50050050,255,255,255,255,402897913723.5277
1791120420891852,2026-10-04T13:27:00.891852+00:00,162,18,3465971709,1,34,40,415157694,50050050,255,255,255,255,402897929977.5169
1791120420905645,2026-10-04T13:27:00.905645+00:00,162,18,3465985504,1,34,40,415157694,50050050,255,255,255,255,402897943770.5077
1791120420914314,2026-10-04T13:27:00.914314+00:00,162,18,3465994124,1,34,40,415157694,50050050,255,255,255,255,402897952439.50195
1791120420928321,2026-10-04T13:27:00.928321+00:00,162,18,3466008116,1,34,40,415157694,50050050,255,255,255,255,402897966446.4926
1791120420944511,2026-10-04T13:27:00.944511+00:00,162,18,3466024372,1,34,40,415157694,50050050,255,255,255,255,402897982636.4818
1791120420958274,2026-10-04T13:27:00.958274+00:00,162,18,3466038127,1,34,40,415157694,50050050,255,255,255,255,402897996399.47266
1791120420971043,2026-10-04T13:27:00.971043+00:00,162,83,3466050861,1,34,40,415157694,50050050,255,255,255,255,402898009168.4642
1791120420973425,2026-10-04T13:27:00.973425+00:00,162,18,3466053242,1,34,40,415157694,50050050,255,255,255,255,402898011550.4626
1791120420988332,2026-10-04T13:27:00.988332+00:00,162,18,3466068115,1,34,40,415157694,50050050,255,255,255,255,402898026457.45264
1791120421003401,2026-10-04T13:27:01.003401+00:00,162,18,3466083229,1,34,40,415157694,50050050,255,255,255,255,402898041526.4426
1791120421018222,2026-10-04T13:27:01.018222+00:00,162,18,3466098072,1,34,40,415157694,50050050,255,255,255,255,402898056347.43274
1791120421026864,2026-10-04T13:27:01.026864+00:00,162,18,3466106719,1,34,40,415157694,50050050,255,255,255,255,402898064989.42694
1791120421040647,2026-10-04T13:27:01.040647+00:00,162,18,3466120502,1,34,40,415157694,50050050,255,255,255,255,402898078772.4178
1791120421055571,2026-10-04T13:27:01.055571+00:00,162,18,3466135435,1,34,40,415157694,50050050,255,255,255,255,402898093696.40784
1791120421070719,2026-10-04T13:27:01.070719+00:00,162,18,3466150522,1,34,40,415157694,50050050,255,255,255,255,402898108844.39777
1791120421080891,2026-10-04T13:27:01.080891+00:00,162,83,3466160740,1,34,40,415157694,50050050,255,255,255,255,402898119016.391
1791120421085801,2026-10-04T13:27:01.085801+00:00,162,18,3466165632,1,34,40,415157694,50050050,255,255,255,255,402898123926.3877
1791120421100609,2026-10-04T13:27:01.100609+00:00,162,18,3466180437,1,34,40,415157694,50050050,255,255,255,255,402898138734.37787
1791120421115624,2026-10-04T13:27:01.115624+00:00,162,18,3466195475,1,34,40,415157694,50050050,255,255,255,255,402898153749.36786
1791120421130646,2026-10-04T13:27:01.130646+00:00,162,18,3466210497,1,34,40,415157694,50050050,255,255,255,255,402898168771.35785
1791120421145685,2026-10-04T13:27:01.145685+00:00,162,18,3466225527,1,34,40,415157694,50050050,255,255,255,255,402898183810.34784
1791120421161975,2026-10-04T13:27:01.161975+00:00,162,18,3466241815,1,34,40,415157694,50050050,255,255,255,255,402898200100.337
1791120421176761,2026-10-04T13:27:01.176761+00:00,162,18,3466256605,1,34,40,415157694,50050050,255,255,255,255,402898214886.32715
1791120421191794,2026-10-04T13:27:01.191794+00:00,162,18,3466271628,1,34,40,415157694,50050050,255,255,255,255,402898229919.31714
1791120421195295,2026-10-04T13:27:01.195295+00:00,162,83,3466275150,1,34,40,415157694,50050050,255,255,255,255,402898233420.3148
1791120421205630,2026-10-04T13:27:01.205630+00:00,162,18,3466285489,1,34,40,415157694,50050050,255,255,255,255,402898243755.3079
1791120421220647,2026-10-04T13:27:01.220647+00:00,162,18,3466300494,1,34,40,415157694,50050050,255,255,255,255,402898258772.2979
1791120421235688,2026-10-04T13:27:01.235688+00:00,162,18,3466315499,1,34,40,415157694,50050050,255,255,255,255,402898273813.2879
1791120421250643,2026-10-04T13:27:01.250643+00:00,162,18,3466330496,1,34,40,415157694,50050050,255,255,255,255,402898288768.27795
1791120421265638,2026-10-04T13:27:01.265638+00:00,162,18,3466345489,1,34,40,415157694,50050050,255,255,255,255,402898303763.26794
1791120421280652,2026-10-04T13:27:01.280652+00:00,162,18,3466360503,1,34,40,415157694,50050050,255,255,255,255,402898318777.25793
1791120421295675,2026-10-04T13:27:01.295675+00:00,162,18,3466375514,1,34,40,415157694,50050050,255,255,255,255,402898333800.2479
1791120421310654,2026-10-04T13:27:01.310654+00:00,162,18,3466390518,1,34,40,415157694,50050050,255,255,255,255,402898348779.238
1791120421319173,2026-10-04T13:27:01.319173+00:00,162,83,3466399019,1,34,40,415157694,50050050,255,255,255,255,402898357298.2323
1791120421325708,2026-10-04T13:27:01.325708+00:00,162,18,3466405562,1,34,40,415157694,50050050,255,255,255,255,402898363833.2279
1791120421340651,2026-10-04T13:27:01.340651+00:00,162,18,3466420502,1,34,40,415157694,50050050,255,255,255,255,402898378776.21796
1791120421355685,2026-10-04T13:27:01.355685+00:00,162,18,3466435515,1,35,40,418160337,50050050,255,255,255,255,402898393810.20795
1791120421356148,2026-10-04T13:27:01.356148+00:00,162,18,3466436015,1,35,40,418160337,50050050,255,255,255,255,402898394273.20764
1791120421370781,2026-10-04T13:27:01.370781+00:00,162,18,3466450636,1,35,40,418160337,50050050,255,255,255,255,402898408906.19794
1791120421385664,2026-10-04T13:27:01.385664+00:00,162,18,3466465519,1,35,40,418160337,50050050,255,255,255,255,402898423789.188
1791120421400585,2026-10-04T13:27:01.400585+00:00,162,18,3466480441,1,35,40,418160337,50050050,255,255,255,255,402898438710.17804
1791120421415639,2026-10-04T13:27:01.415639+00:00,162,18,3466495490,1,35,40,418160337,50050050,255,255,255,255,402898453764.168
1791120421425779,2026-10-04T13:27:01.425779+00:00,162,83,3466505624,1,35,40,418160337,50050050,255,255,255,255,402898463904.16125
1791120421430660,2026-10-04T13:27:01.430660+00:00,162,18,3466510516,1,35,40,418160337,50050050,255,255,255,255,402898468785.158
1791120421445602,2026-10-04T13:27:01.445602+00:00,162,18,3466525460,1,35,40,418160337,50050050,255,255,255,255,402898483727.1481
1791120421460763,2026-10-04T13:27:01.460763+00:00,162,18,3466540617,1,35,40,418160337,50050050,255,255,255,255,402898498888.138
1791120421475642,2026-10-04T13:27:01.475642+00:00,162,18,3466555495,1,35,40,418160337,50050050,255,255,255,255,402898513767.12805
1791120421490600,2026-10-04T13:27:01.490600+00:00,162,18,3466570461,1,35,40,418160337,50050050,255,255,255,255,402898528725.1181
1791120421505708,2026-10-04T13:27:01.505708+00:00,162,18,3466585522,1,35,40,418160337,50050050,255,255,255,255,402898543833.10803
1791120421520618,2026-10-04T13:27:01.520618+00:00,162,18,3466600473,1,35,40,418160337,50050050,255,255,255,255,402898558743.09814
1791120421527587,2026-10-04T13:27:01.527587+00:00,162,83,3466607439,1,35,40,418160337,50050050,255,255,255,255,402898565712.0935
1791120421536944,2026-10-04T13:27:01.536944+00:00,162,18,3466616807,1,35,40,418160337,50050050,255,255,255,255,402898575069.0872
1791120421550594,2026-10-04T13:27:01.550594+00:00,162,18,3466630452,1,35,40,418160337,50050050,255,255,255,255,402898588719.0782
1791120421565719,2026-10-04T13:27:01.565719+00:00,162,18,3466645569,1,35,40,418160337,50050050,255,255,255,255,402898603844.06805
1791120421574352,2026-10-04T13:27:01.574352+00:00,162,18,3466654118,1,35,40,418160337,50050050,255,255,255,255,402898612477.0623
1791120421589402,2026-10-04T13:27:01.589402+00:00,162,18,3466669145,1,35,40,418160337,50050050,255,255,255,255,402898627527.0523
1791120421603207,2026-10-04T13:27:01.603207+00:00,162,18,3466683061,1,35,40,418160337,50050050,255,255,255,255,402898641332.0431
1791120421618290,2026-10-04T13:27:01.618290+00:00,162,18,3466698150,1,35,40,418160337,50050050,255,255,255,255,402898656415.0331
1791120421628922,2026-10-04T13:27:01.628922+00:00,162,83,3466708769,1,35,40,418160337,50050050,255,255,255,255,402898667047.026
1791120421634388,2026-10-04T13:27:01.634388+00:00,162,18,3466714238,1,35,40,418160337,50050050,255,255,255,255,402898672513.02234
1791120421648180,2026-10-04T13:27:01.648180+00:00,162,18,3466728039,1,35,40,418160337,50050050,255,255,255,255,402898686305.0132
1791120421663292,2026-10-04T13:27:01.663292+00:00,162,18,3466743152,1,35,40,418160337,50050050,255,255,255,255,402898701417.0031
1791120421678175,2026-10-04T13:27:01.678175+00:00,162,18,3466758030,1,35,40,418160337,50050050,255,255,255,255,402898716299.99316
1791120421693127,2026-10-04T13:27:01.693127+00:00,162,18,3466772981,1,35,40,418160337,50050050,255,255,255,255,402898731251.9832
1791120421708118,2026-10-04T13:27:01.708118+00:00,162,18,3466787975,1,35,40,418160337,50050050,255,255,255,255,402898746242.97327
1791120421723164,2026-10-04T13:27:01.723164+00:00,162,18,3466803025,1,35,40,418160337,50050050,255,255,255,255,402898761288.9632
1791120421733286,2026-10-04T13:27:01.733286+00:00,162,83,3466813134,1,35,40,418160337,50050050,255,255,255,255,402898771410.9565
1791120421738221,2026-10-04T13:27:01.738221+00:00,162,18,3466818086,1,35,40,418160337,50050050,255,255,255,255,402898776345.9532
1791120421746844,2026-10-04T13:27:01.746844+00:00,162,18,3466826628,1,35,40,418160337,50050050,255,255,255,255,402898784968.94745
1791120421760700,2026-10-04T13:27:01.760700+00:00,162,18,3466840551,1,35,40,418160337,50050050,255,255,255,255,402898798824.93823
1791120421769594,2026-10-04T13:27:01.769594+00:00,162,18,3466849445,1,35,40,418160337,50050050,255,255,255,255,402898807718.9323
1791120421783162,2026-10-04T13:27:01.783162+00:00,162,18,3466863014,1,35,40,418160337,50050050,255,255,255,255,402898821286.9233
1791120421798148,2026-10-04T13:27:01.798148+00:00,162,18,3466878003,1,35,40,418160337,50050050,255,255,255,255,402898836272.91327
1791120421813349,2026-10-04T13:27:01.813349+00:00,162,18,3466893199,1,35,40,418160337,50050050,255,255,255,255,402898851473.90314
1791120421828222,2026-10-04T13:27:01.828222+00:00,162,18,3466908075,1,35,40,418160337,50050050,255,255,255,255,402898866346.89325
1791120421841145,2026-10-04T13:27:01.841145+00:00,162,83,3466920991,1,35,40,418160337,50050050,255,255,255,255,402898879269.88464
1791120421843170,2026-10-04T13:27:01.843170+00:00,162,18,3466923016,1,35,40,418160337,50050050,255,255,255,255,402898881294.8833
1791120421858164,2026-10-04T13:27:01.858164+00:00,162,18,3466938021,1,35,40,418160337,50050050,255,255,255,255,402898896288.8733
1791120421873125,2026-10-04T13:27:01.873125+00:00,162,18,3466952992,1,35,40,418160337,50050050,255,255,255,255,402898911249.86334
1791120421888218,2026-10-04T13:27:01.888218+00:00,162,18,3466968074,1,35,40,418160337,50050050,255,255,255,255,402898926342.8533
1791120421903301,2026-10-04T13:27:01.903301+00:00,162,18,3466983100,1,35,40,418160337,50050050,255,255,255,255,402898941425.84326
1791120421918168,2026-10-04T13:27:01.918168+00:00,162,18,3466998028,1,35,40,418160337,50050050,255,255,255,255,402898956292.8333
1791120421933251,2026-10-04T13:27:01.933251+00:00,162,18,3467013090,1,35,40,418160337,50050050,255,255,255,255,402898971375.8233
1791120421948199,2026-10-04T13:27:01.948199+00:00,162,18,3467028041,1,35,40,418160337,50050050,255,255,255,255,402898986323.81335
1791120421956438,2026-10-04T13:27:01.956438+00:00,162,83,3467036289,1,35,40,418160337,50050050,255,255,255,255,402898994562.80786
1791120421964329,2026-10-04T13:27:01.964329+00:00,162,18,3467044139,1,35,40,418160337,50050050,255,255,255,255,402899002453.8026
1791120421978174,2026-10-04T13:27:01.978174+00:00,162,18,3467058028,1,35,40,418160337,50050050,255,255,255,255,402899016298.7934
1791120421993195,2026-10-04T13:27:01.993195+00:00,162,18,3467073039,1,35,40,418160337,50050050,255,255,255,255,402899031319.7834
1791120422008164,2026-10-04T13:27:02.008164+00:00,162,18,3467087975,1,35,40,418160337,50050050,255,255,255,255,402899046288.7734
1791120422023176,2026-10-04T13:27:02.023176+00:00,162,18,3467103026,1,35,40,418160337,50050050,255,255,255,255,402899061300.7634
1791120422038322,2026-10-04T13:27:02.038322+00:00,162,18,3467118086,1,35,40,418160337,50050050,255,255,255,255,402899076446.7533
1791120422053106,2026-10-04T13:27:02.053106+00:00,162,18,3467132969,1,35,40,418160337,50050050,255,255,255,255,402899091230.74347
1791120422068186,2026-10-04T13:27:02.068186+00:00,162,18,3467148012,1,35,40,418160337,50050050,255,255,255,255,402899106310.7334
1791120422083123,2026-10-04T13:27:02.083123+00:00,162,18,3467162983,1,35,40,418160337,50050050,255,255,255,255,402899121247.72345
1791120422088477,2026-10-04T13:27:02.088477+00:00,162,83,3467168330,1,35,40,418160337,50050050,255,255,255,255,402899126601.7199
1791120422098258,2026-10-04T13:27:02.098258+00:00,162,18,3467178112,1,35,40,418160337,50050050,255,255,255,255,402899136382.7134
1791120422113649,2026-10-04T13:27:02.113649+00:00,162,18,3467193489,1,35,40,418160337,50050050,255,255,255,255,402899151773.7031
1791120422128134,2026-10-04T13:27:02.128134+00:00,162,18,3467207992,1,35,40,418160337,50050050,255,255,255,255,402899166258.6935
1791120422143289,2026-10-04T13:27:02.143289+00:00,162,18,3467223143,1,35,40,418160337,50050050,255,255,255,255,402899181413.6834
1791120422158137,2026-10-04T13:27:02.158137+00:00,162,18,3467238000,1,35,40,418160337,50050050,255,255,255,255,402899196261.6735
1791120422173190,2026-10-04T13:27:02.173190+00:00,162,18,3467253046,1,35,40,418160337,50050050,255,255,255,255,402899211314.6635
1791120422188285,2026-10-04T13:27:02.188285+00:00,162,18,3467268139,1,35,40,418160337,50050050,255,255,255,255,402899226409.65344
1791120422204415,2026-10-04T13:27:02.204415+00:00,162,18,3467284263,1,35,40,418160337,50050050,255,255,255,255,402899242539.6427
1791120422215048,2026-10-04T13:27:02.215048+00:00,162,83,3467294892,1,35,40,418160337,50050050,255,255,255,255,402899253172.6356
1791120422218109,2026-10-04T13:27:02.218109+00:00,162,18,3467297973,1,35,40,418160337,50050050,255,255,255,255,402899256233.6336
1791120422233217,2026-10-04T13:27:02.233217+00:00,162,18,3467313072,1,35,40,418160337,50050050,255,255,255,255,402899271341.62354
1791120422248261,2026-10-04T13:27:02.248261+00:00,162,18,3467328113,1,35,40,418160337,50050050,255,255,255,255,402899286385.61346
1791120422263138,2026-10-04T13:27:02.263138+00:00,162,18,3467342997,1,35,40,418160337,50050050,255,255,255,255,402899301262.6036
1791120422278130,2026-10-04T13:27:02.278130+00:00,162,18,3467357991,1,35,40,418160337,50050050,255,255,255,255,402899316254.5936
1791120422293155,2026-10-04T13:27:02.293155+00:00,162,18,3467373018,1,35,40,418160337,50050050,255,255,255,255,402899331279.5836
1791120422308149,2026-10-04T13:27:02.308149+00:00,162,18,3467388005,1,35,40,418160337,50050050,255,255,255,255,402899346273.5736
1791120422323115,2026-10-04T13:27:02.323115+00:00,162,18,3467402970,1,35,40,418160337,50050050,255,255,255,255,402899361239.56366
1791120422334064,2026-10-04T13:27:02.334064+00:00,162,83,3467413913,1,35,40,418160337,50050050,255,255,255,255,402899372188.55634
1791120422338315,2026-10-04T13:27:02.338315+00:00,162,18,3467418130,1,35,40,418160337,50050050,255,255,255,255,402899376439.5535
1791120422353160,2026-10-04T13:27:02.353160+00:00,162,18,3467433027,1,35,40,418160337,50050050,255,255,255,255,402899391284.54364
1791120422360630,2026-10-04T13:27:02.360630+00:00,162,18,3467440488,1,36,40,421213332,50050050,255,255,255,255,402899398754.53864
1791120422368175,2026-10-04T13:27:02.368175+00:00,162,18,3467448037,1,36,40,421213332,50050050,255,255,255,255,402899406299.5336
1791120422383153,2026-10-04T13:27:02.383153+00:00,162,18,3467463011,1,36,40,421213332,50050050,255,255,255,255,402899421277.5237
1791120422398224,2026-10-04T13:27:02.398224+00:00,162,18,3467478083,1,36,40,421213332,50050050,255,255,255,255,402899436348.5136
1791120422413114,2026-10-04T13:27:02.413114+00:00,162,18,3467492976,1,36,40,421213332,50050050,255,255,255,255,402899451238.5037
1791120422428257,2026-10-04T13:27:02.428257+00:00,162,18,3467508112,1,36,40,421213332,50050050,255,255,255,255,402899466381.4936
1791120422443261,2026-10-04T13:27:02.443261+00:00,162,18,3467523120,1,36,40,421213332,50050050,255,255,255,255,402899481385.48364
1791120422458248,2026-10-04T13:27:02.458248+00:00,162,18,3467538095,1,36,40,421213332,50050050,255,255,255,255,402899496372.47363
1791120422464435,2026-10-04T13:27:02.464435+00:00,162,83,3467544285,1,36,40,421213332,50050050,255,255,255,255,402899502559.46954
1791120422473195,2026-10-04T13:27:02.473195+00:00,162,18,3467552977,1,36,40,421213332,50050050,255,255,255,255,402899511319.4637
1791120422488136,2026-10-04T13:27:02.488136+00:00,162,18,3467567996,1,36,40,421213332,50050050,255,255,255,255,402899526260.45374
1791120422503134,2026-10-04T13:27:02.503134+00:00,162,18,3467582994,1,36,40,421213332,50050050,255,255,255,255,402899541258.4437
1791120422518278,2026-10-04T13:27:02.518278+00:00,162,18,3467598140,1,36,40,421213332,50050050,255,255,255,255,402899556402.43365
1791120422533143,2026-10-04T13:27:02.533143+00:00,162,18,3467612995,1,36,40,421213332,50050050,255,255,255,255,402899571267.42377
1791120422548279,2026-10-04T13:27:02.548279+00:00,162,18,3467628143,1,36,40,421213332,50050050,255,255,255,255,402899586403.4137
1791120422563109,2026-10-04T13:27:02.563109+00:00,162,18,3467642969,1,36,40,421213332,50050050,255,255,255,255,402899601233.4038
1791120422579333,2026-10-04T13:27:02.579333+00:00,162,18,3467659193,1,36,40,421213332,50050050,255,255,255,255,402899617457.393
1791120422584321,2026-10-04T13:27:02.584321+00:00,162,83,3467664169,1,36,40,421213332,50050050,255,255,255,255,402899622445.38965
1791120422593178,2026-10-04T13:27:02.593178+00:00,162,18,3467673042,1,36,40,421213332,50050050,255,255,255,255,402899631302.3838
1791120422608259,2026-10-04T13:27:02.608259+00:00,162,18,3467688121,1,36,40,421213332,50050050,255,255,255,255,402899646383.3737
1791120422623109,2026-10-04T13:27:02.623109+00:00,162,18,3467702971,1,36,40,421213332,50050050,255,255,255,255,402899661233.36383
1791120422638174,2026-10-04T13:27:02.638174+00:00,162,18,3467718039,1,36,40,421213332,50050050,255,255,255,255,402899676298.3538
1791120422654362,2026-10-04T13:27:02.654362+00:00,162,18,3467734215,1,36,40,421213332,50050050,255,255,255,255,402899692486.343
1791120422668155,2026-10-04T13:27:02.668155+00:00,162,18,3467747993,1,36,40,421213332,50050050,255,255,255,255,402899706279.33386
1791120422683156,2026-10-04T13:27:02.683156+00:00,162,18,3467763022,1,36,40,421213332,50050050,255,255,255,255,402899721280.32385
1791120422698133,2026-10-04T13:27:02.698133+00:00,162,18,3467777990,1,36,40,421213332,50050050,255,255,255,255,402899736257.31384
1791120422713497,2026-10-04T13:27:02.713497+00:00,162,18,3467793289,1,36,40,421213332,50050050,255,255,255,255,402899751621.30365
1791120422717348,2026-10-04T13:27:02.717348+00:00,162,83,3467797198,1,36,40,421213332,50050050,255,255,255,255,402899755472.3011
1791120422728146,2026-10-04T13:27:02.728146+00:00,162,18,3467808005,1,36,40,421213332,50050050,255,255,255,255,402899766270.2939
1791120422743121,2026-10-04T13:27:02.743121+00:00,162,18,3467822980,1,36,40,421213332,50050050,255,255,255,255,402899781245.28394
1791120422758292,2026-10-04T13:27:02.758292+00:00,162,18,3467838109,1,36,40,421213332,50050050,255,255,255,255,402899796416.2738
1791120422773130,2026-10-04T13:27:02.773130+00:00,162,18,3467852985,1,36,40,421213332,50050050,255,255,255,255,402899811254.2639
1791120422788373,2026-10-04T13:27:02.788373+00:00,162,18,3467868221,1,36,40,421213332,50050050,255,255,255,255,402899826497.2538
1791120422804445,2026-10-04T13:27:02.804445+00:00,162,18,3467884298,1,36,40,421213332,50050050,255,255,255,255,402899842569.24304
1791120422818131,2026-10-04T13:27:02.818131+00:00,162,18,3467897987,1,36,40,421213332,50050050,255,255,255,255,402899856255.23395
1791120422833172,2026-10-04T13:27:02.833172+00:00,162,18,3467912988,1,36,40,421213332,50050050,255,255,255,255,402899871296.22394
1791120422851427,2026-10-04T13:27:02.851427+00:00,162,83,3467931272,1,36,40,421213332,50050050,255,255,255,255,402899889551.2118
1791120422855656,2026-10-04T13:27:02.855656+00:00,162,18,3467935519,1,36,40,421213332,50050050,255,255,255,255,402899893780.209
1791120422870601,2026-10-04T13:27:02.870601+00:00,162,18,3467950449,1,36,40,421213332,50050050,255,255,255,255,402899908725.199
1791120422885559,2026-10-04T13:27:02.885559+00:00,162,18,3467965413,1,36,40,421213332,50050050,255,255,255,255,402899923683.189
1791120422900554,2026-10-04T13:27:02.900554+00:00,162,18,3467980412,1,36,40,421213332,50050050,255,255,255,255,402899938678.1791
1791120422915574,2026-10-04T13:27:02.915574+00:00,162,18,3467995434,1,36,40,421213332,50050050,255,255,255,255,402899953698.16907
1791120422931736,2026-10-04T13:27:02.931736+00:00,162,18,3468011589,1,36,40,421213332,50050050,255,255,255,255,402899969860.15826
1791120422945557,2026-10-04T13:27:02.945557+00:00,162,18,3468025418,1,36,40,421213332,50050050,255,255,255,255,402899983681.1491
1791120422960560,2026-10-04T13:27:02.960560+00:00,162,18,3468040419,1,36,40,421213332,50050050,255,255,255,255,402899998684.1391
1791120422975577,2026-10-04T13:27:02.975577+00:00,162,18,3468055445,1,36,40,421213332,50050050,255,255,255,255,402900013701.1291
1791120422984226,2026-10-04T13:27:02.984226+00:00,162,18,3468064076,1,36,40,421213332,50050050,255,255,255,255,402900022350.12335
1791120422988501,2026-10-04T13:27:02.988501+00:00,162,83,3468068307,1,36,40,421213332,50050050,255,255,255,255,402900026625.1205
1791120422998175,2026-10-04T13:27:02.998175+00:00,162,18,3468078031,1,36,40,421213332,50050050,255,255,255,255,402900036299.114
1791120423013165,2026-10-04T13:27:03.013165+00:00,162,18,3468093020,1,36,40,421213332,50050050,255,255,255,255,402900051289.10406
1791120423028250,2026-10-04T13:27:03.028250+00:00,162,18,3468108090,1,36,40,421213332,50050050,255,255,255,255,402900066374.094
1791120423043289,2026-10-04T13:27:03.043289+00:00,162,18,3468123148,1,36,40,421213332,50050050,255,255,255,255,402900081413.084
1791120423058091,2026-10-04T13:27:03.058091+00:00,162,18,3468137953,1,36,40,421213332,50050050,255,255,255,255,402900096215.07416
1791120423073135,2026-10-04T13:27:03.073135+00:00,162,18,3468152983,1,36,40,421213332,50050050,255,255,255,255,402900111259.0641
1791120423088418,2026-10-04T13:27:03.088418+00:00,162,18,3468168281,1,36,40,421213332,50050050,255,255,255,255,402900126542.05396
1791120423103139,2026-10-04T13:27:03.103139+00:00,162,18,3468182999,1,36,40,421213332,50050050,255,255,255,255,402900141263.0441
1791120423118173,2026-10-04T13:27:03.118173+00:00,162,18,3468198033,1,36,40,421213332,50050050,255,255,255,255,402900156297.0341
1791120423128399,2026-10-04T13:27:03.128399+00:00,162,83,3468208237,1,36,40,421213332,50050050,255,255,255,255,402900166523.0273
1791120423133140,2026-10-04T13:27:03.133140+00:00,162,18,3468212999,1,36,40,421213332,50050050,255,255,255,255,402900171264.0242
1791120423148219,2026-10-04T13:27:03.148219+00:00,162,18,3468228079,1,36,40,421213332,50050050,255,255,255,255,402900186343.0141
1791120423163369,2026-10-04T13:27:03.163369+00:00,162,18,3468243221,1,36,40,421213332,50050050,255,255,255,255,402900201493.004
1791120423178150,2026-10-04T13:27:03.178150+00:00,162,18,3468258003,1,36,40,421213332,50050050,255,255,255,255,402900216273.99414
1791120423193168,2026-10-04T13:27:03.193168+00:00,162,18,3468273030,1,36,40,421213332,50050050,255,255,255,255,402900231291.9842
1791120423208114,2026-10-04T13:27:03.208114+00:00,162,18,3468287967,1,36,40,421213332,50050050,255,255,255,255,402900246237.9742
1791120423223167,2026-10-04T13:27:03.223167+00:00,162,18,3468303032,1,36,40,421213332,50050050,255,255,255,255,402900261290.9642
1791120423238115,2026-10-04T13:27:03.238115+00:00,162,18,3468317972,1,36,40,421213332,50050050,255,255,255,255,402900276238.9542
1791120423253214,2026-10-04T13:27:03.253214+00:00,162,18,3468333072,1,36,40,421213332,50050050,255,255,255,255,402900291337.94415
1791120423261295,2026-10-04T13:27:03.261295+00:00,162,83,3468341142,1,36,40,421213332,50050050,255,255,255,255,402900299418.9388
1791120423268259,2026-10-04T13:27:03.268259+00:00,162,18,3468348117,1,36,40,421213332,50050050,255,255,255,255,402900306382.93414
1791120423283157,2026-10-04T13:27:03.283157+00:00,162,18,3468363011,1,36,40,421213332,50050050,255,255,255,255,402900321280.92426
1791120423298136,2026-10-04T13:27:03.298136+00:00,162,18,3468377991,1,36,40,421213332,50050050,255,255,255,255,402900336259.91425
1791120423313129,2026-10-04T13:27:03.313129+00:00,162,18,3468392986,1,36,40,421213332,50050050,255,255,255,255,402900351252.9043
1791120423328119,2026-10-04T13:27:03.328119+00:00,162,18,3468407980,1,36,40,421213332,50050050,255,255,255,255,402900366242.8943
1791120423343137,2026-10-04T13:27:03.343137+00:00,162,18,3468422989,1,36,40,421213332,50050050,255,255,255,255,402900381260.8843
1791120423358228,2026-10-04T13:27:03.358228+00:00,162,18,3468438068,1,36,40,421213332,50050050,255,255,255,255,402900396351.8742
1791120423365585,2026-10-04T13:27:03.365585+00:00,162,18,3468445447,1,37,40,423415740,50050050,255,255,255,255,402900403708.8693
1791120423373215,2026-10-04T13:27:03.373215+00:00,162,18,3468453055,1,37,40,423415740,50050050,255,255,255,255,402900411338.86426
1791120423388260,2026-10-04T13:27:03.388260+00:00,162,18,3468468099,1,37,40,423415740,50050050,255,255,255,255,402900426383.85425
1791120423393861,2026-10-04T13:27:03.393861+00:00,162,83,3468473714,1,37,40,423415740,50050050,255,255,255,255,402900431984.8505
1791120423403102,2026-10-04T13:27:03.403102+00:00,162,18,3468482966,1,37,40,423415740,50050050,255,255,255,255,402900441225.84436
1791120423418134,2026-10-04T13:27:03.418134+00:00,162,18,3468497993,1,37,40,423415740,50050050,255,255,255,255,402900456257.83435
1791120423433133,2026-10-04T13:27:03.433133+00:00,162,18,3468512979,1,37,40,423415740,50050050,255,255,255,255,402900471256.82434
1791120423448122,2026-10-04T13:27:03.448122+00:00,162,18,3468527975,1,37,40,423415740,50050050,255,255,255,255,402900486245.81433
1791120423463219,2026-10-04T13:27:03.463219+00:00,162,18,3468543073,1,37,40,423415740,50050050,255,255,255,255,402900501342.8043
1791120423478156,2026-10-04T13:27:03.478156+00:00,162,18,3468558007,1,37,40,423415740,50050050,255,255,255,255,402900516279.7944
1791120423493092,2026-10-04T13:27:03.493092+00:00,162,18,3468572952,1,37,40,423415740,50050050,255,255,255,255,402900531215.7844
1791120423508152,2026-10-04T13:27:03.508152+00:00,162,18,3468588010,1,37,40,423415740,50050050,255,255,255,255,402900546275.77435
1791120423523123,2026-10-04T13:27:03.523123+00:00,162,18,3468602976,1,37,40,423415740,50050050,255,255,255,255,402900561246.7644
1791120423531887,2026-10-04T13:27:03.531887+00:00,162,83,3468611736,1,37,40,423415740,50050050,255,255,255,255,402900570010.75854
1791120423538220,2026-10-04T13:27:03.538220+00:00,162,18,3468618081,1,37,40,423415740,50050050,255,255,255,255,402900576343.75433
1791120423553391,2026-10-04T13:27:03.553391+00:00,162,18,3468633243,1,37,40,423415740,50050050,255,255,255,255,402900591514.74426
1791120423568129,2026-10-04T13:27:03.568129+00:00,162,18,3468647985,1,37,40,423415740,50050050,255,255,255,255,402900606252.73444
1791120423584768,2026-10-04T13:27:03.584768+00:00,162,18,3468664539,1,37,40,423415740,50050050,255,255,255,255,402900622891.7233
1791120423598227,2026-10-04T13:27:03.598227+00:00,162,18,3468678064,1,37,40,423415740,50050050,255,255,255,255,402900636350.7144
1791120423613226,2026-10-04T13:27:03.613226+00:00,162,18,3468693084,1,37,40,423415740,50050050,255,255,255,255,402900651349.7044
1791120423628286,2026-10-04T13:27:03.628286+00:00,162,18,3468708124,1,37,40,423415740,50050050,255,255,255,255,402900666409.6944
1791120423643372,2026-10-04T13:27:03.643372+00:00,162,18,3468723234,1,37,40,423415740,50050050,255,255,255,255,402900681495.6843
1791120423658193,2026-10-04T13:27:03.658193+00:00,162,18,3468738038,1,37,40,423415740,50050050,255,255,255,255,402900696316.67444
1791120423674211,2026-10-04T13:27:03.674211+00:00,162,18,3468754064,1,37,40,423415740,50050050,255,255,255,255,402900712334.66376
1791120423677688,2026-10-04T13:27:03.677688+00:00,162,83,3468757517,1,37,40,423415740,50050050,255,255,255,255,402900715811.66144
1791120423689263,2026-10-04T13:27:03.689263+00:00,162,18,3468769127,1,37,40,423415740,50050050,255,255,255,255,402900727386.65375
1791120423703123,2026-10-04T13:27:03.703123+00:00,162,18,3468782986,1,37,40,423415740,50050050,255,255,255,255,402900741246.64453
1791120423718492,2026-10-04T13:27:03.718492+00:00,162,18,3468798317,1,37,40,423415740,50050050,255,255,255,255,402900756615.6343
1791120423733224,2026-10-04T13:27:03.733224+00:00,162,18,3468813082,1,37,40,423415740,50050050,255,255,255,255,402900771347.62445
1791120423748152,2026-10-04T13:27:03.748152+00:00,162,18,3468828020,1,37,40,423415740,50050050,255,255,255,255,402900786275.61456
1791120423763113,2026-10-04T13:27:03.763113+00:00,162,18,3468842966,1,37,40,423415740,50050050,255,255,255,255,402900801236.60455
1791120423778387,2026-10-04T13:27:03.778387+00:00,162,18,3468858238,1,37,40,423415740,50050050,255,255,255,255,402900816510.5944
1791120423793200,2026-10-04T13:27:03.793200+00:00,162,18,3468873040,1,37,40,423415740,50050050,255,255,255,255,402900831323.58453
1791120423808091,2026-10-04T13:27:03.808091+00:00,162,18,3468887954,1,37,40,423415740,50050050,255,255,255,255,402900846214.5746
1791120423810542,2026-10-04T13:27:03.810542+00:00,162,83,3468890350,1,37,40,423415740,50050050,255,255,255,255,402900848665.573
1791120423824211,2026-10-04T13:27:03.824211+00:00,162,18,3468904066,1,37,40,423415740,50050050,255,255,255,255,402900862334.5639
1791120423838854,2026-10-04T13:27:03.838854+00:00,162,18,3468918602,1,37,40,423415740,50050050,255,255,255,255,402900876977.55414
1791120423853221,2026-10-04T13:27:03.853221+00:00,162,18,3468933043,1,37,40,423415740,50050050,255,255,255,255,402900891344.54456
1791120423868201,2026-10-04T13:27:03.868201+00:00,162,18,3468948061,1,37,40,423415740,50050050,255,255,255,255,402900906324.5346
1791120423883104,2026-10-04T13:27:03.883104+00:00,162,18,3468962956,1,37,40,423415740,50050050,255,255,255,255,402900921227.52466
1791120423898114,2026-10-04T13:27:03.898114+00:00,162,18,3468977973,1,37,40,423415740,50050050,255,255,255,255,402900936237.51465
1791120423913150,2026-10-04T13:27:03.913150+00:00,162,18,3468993018,1,37,40,423415740,50050050,255,255,255,255,402900951273.50464
1791120423928317,2026-10-04T13:27:03.928317+00:00,162,18,3469007992,1,37,40,423415740,50050050,255,255,255,255,402900966440.49457
1791120423943317,2026-10-04T13:27:03.943317+00:00,162,18,3469023165,1,37,40,423415740,50050050,255,255,255,255,402900981440.48456
1791120423946999,2026-10-04T13:27:03.946999+00:00,162,83,3469026844,1,37,40,423415740,50050050,255,255,255,255,402900985122.4821
1791120423958104,2026-10-04T13:27:03.958104+00:00,162,18,3469037961,1,37,40,423415740,50050050,255,255,255,255,402900996227.47473
1791120423973161,2026-10-04T13:27:03.973161+00:00,162,18,3469053007,1,37,40,423415740,50050050,255,255,255,255,402901011284.46466
1791120423988276,2026-10-04T13:27:03.988276+00:00,162,18,3469068126,1,37,40,423415740,50050050,255,255,255,255,402901026399.4546
1791120424003101,2026-10-04T13:27:04.003101+00:00,162,18,3469082963,1,37,40,423415740,50050050,255,255,255,255,402901041224.4447
1791120424018150,2026-10-04T13:27:04.018150+00:00,162,18,3469097999,1,37,40,423415740,50050050,255,255,255,255,402901056273.4347
1791120424033105,2026-10-04T13:27:04.033105+00:00,162,18,3469112961,1,37,40,423415740,50050050,255,255,255,255,402901071228.42474
1791120424048262,2026-10-04T13:27:04.048262+00:00,162,18,3469128112,1,37,40,423415740,50050050,255,255,255,255,402901086385.4147
1791120424056683,2026-10-04T13:27:04.056683+00:00,162,18,3469136549,1,37,40,423415740,50050050,255,255,255,255,402901094806.40906
1791120424070758,2026-10-04T13:27:04.070758+00:00,162,18,3469150581,1,37,40,423415740,50050050,255,255,255,255,402901108881.39966
1791120424076795,2026-10-04T13:27:04.076795+00:00,162,83,3469156648,1,37,40,423415740,50050050,255,255,255,255,402901114918.3956
1791120424079472,2026-10-04T13:27:04.079472+00:00,162,18,3469159331,1,37,40,423415740,50050050,255,255,255,255,402901117595.39386
1791120424093122,2026-10-04T13:27:04.093122+00:00,162,18,3469172979,1,37,40,423415740,50050050,255,255,255,255,402901131245.38477
1791120424108143,2026-10-04T13:27:04.108143+00:00,162,18,3469187998,1,37,40,423415740,50050050,255,255,255,255,402901146266.37476
1791120424123162,2026-10-04T13:27:04.123162+00:00,162,18,3469203007,1,37,40,423415740,50050050,255,255,255,255,402901161285.36475
1791120424138148,2026-10-04T13:27:04.138148+00:00,162,18,3469217997,1,37,40,423415740,50050050,255,255,255,255,402901176271.3548
1791120424153253,2026-10-04T13:27:04.153253+00:00,162,18,3469233110,1,37,40,423415740,50050050,255,255,255,255,402901191376.3447
1791120424168159,2026-10-04T13:27:04.168159+00:00,162,18,3469248016,1,37,40,423415740,50050050,255,255,255,255,402901206282.3348
1791120424183133,2026-10-04T13:27:04.183133+00:00,162,18,3469262983,1,37,40,423415740,50050050,255,255,255,255,402901221256.3248
1791120424192691,2026-10-04T13:27:04.192691+00:00,162,83,3469272542,1,37,40,423415740,50050050,255,255,255,255,402901230814.3185
1791120424198325,2026-10-04T13:27:04.198325+00:00,162,18,3469278151,1,37,40,423415740,50050050,255,255,255,255,402901236448.3147
1791120424213138,2026-10-04T13:27:04.213138+00:00,162,18,3469292970,1,37,40,423415740,50050050,255,255,255,255,402901251261.3049
1791120424228150,2026-10-04T13:27:04.228150+00:00,162,18,3469307999,1,37,40,423415740,50050050,255,255,255,255,402901266273.29486
1791120424243186,2026-10-04T13:27:04.243186+00:00,162,18,3469323044,1,37,40,423415740,50050050,255,255,255,255,402901281309.28485
1791120424259204,2026-10-04T13:27:04.259204+00:00,162,18,3469339064,1,37,40,423415740,50050050,255,255,255,255,402901297327.2742
1791120424273644,2026-10-04T13:27:04.273644+00:00,162,18,3469353375,1,37,40,423415740,50050050,255,255,255,255,402901311767.2645
1791120424288131,2026-10-04T13:27:04.288131+00:00,162,18,3469367989,1,37,40,423415740,50050050,255,255,255,255,402901326254.2549
1791120424303177,2026-10-04T13:27:04.303177+00:00,162,18,3469383032,1,37,40,423415740,50050050,255,255,255,255,402901341300.2449
1791120424318316,2026-10-04T13:27:04.318316+00:00,162,18,3469398177,1,37,40,423415740,50050050,255,255,255,255,402901356439.2348
1791120424322051,2026-10-04T13:27:04.322051+00:00,162,83,3469401905,1,37,40,423415740,50050050,255,255,255,255,402901360174.2323
1791120424333219,2026-10-04T13:27:04.333219+00:00,162,18,3469413078,1,37,40,423415740,50050050,255,255,255,255,402901371342.22485
1791120424348129,2026-10-04T13:27:04.348129+00:00,162,18,3469427981,1,37,40,423415740,50050050,255,255,255,255,402901386252.21497
1791120424363179,2026-10-04T13:27:04.363179+00:00,162,18,3469443016,1,37,40,423415740,50050050,255,255,255,255,402901401302.2049
1791120424370528,2026-10-04T13:27:04.370528+00:00,162,18,3469450391,1,38,40,427219689,50050050,255,255,255,255,402901408651.2
1791120424378340,2026-10-04T13:27:04.378340+00:00,162,18,3469458200,1,38,40,427219689,50050050,255,255,255,255,402901416463.1948
1791120424393132,2026-10-04T13:27:04.393132+00:00,162,18,3469472991,1,38,40,427219689,50050050,255,255,255,255,402901431255.18494
1791120424408328,2026-10-04T13:27:04.408328+00:00,162,18,3469488184,1,38,40,427219689,50050050,255,255,255,255,402901446451.17487
1791120424423421,2026-10-04T13:27:04.423421+00:00,162,18,3469503216,1,38,40,427219689,50050050,255,255,255,255,402901461544.1648
1791120424438148,2026-10-04T13:27:04.438148+00:00,162,18,3469518008,1,38,40,427219689,50050050,255,255,255,255,402901476271.15497
1791120424453168,2026-10-04T13:27:04.453168+00:00,162,18,3469533028,1,38,40,427219689,50050050,255,255,255,255,402901491291.14496
1791120424454777,2026-10-04T13:27:04.454777+00:00,162,83,3469534629,1,38,40,427219689,50050050,255,255,255,255,402901492900.1439
1791120424468187,2026-10-04T13:27:04.468187+00:00,162,18,3469548049,1,38,40,427219689,50050050,255,255,255,255,402901506310.13495
1791120424483368,2026-10-04T13:27:04.483368+00:00,162,18,3469563226,1,38,40,427219689,50050050,255,255,255,255,402901521491.1249
1791120424498134,2026-10-04T13:27:04.498134+00:00,162,18,3469577989,1,38,40,427219689,50050050,255,255,255,255,402901536257.11505
1791120424513155,2026-10-04T13:27:04.513155+00:00,162,18,3469593006,1,38,40,427219689,50050050,255,255,255,255,402901551278.10504
1791120424528135,2026-10-04T13:27:04.528135+00:00,162,18,3469607989,1,38,40,427219689,50050050,255,255,255,255,402901566258.09503
1791120424543112,2026-10-04T13:27:04.543112+00:00,162,18,3469622965,1,38,40,427219689,50050050,255,255,255,255,402901581235.0851
1791120424558690,2026-10-04T13:27:04.558690+00:00,162,18,3469638503,1,38,40,427219689,50050050,255,255,255,255,402901596813.0747
1791120424559181,2026-10-04T13:27:04.559181+00:00,162,83,3469639039,1,38,40,427219689,50050050,255,255,255,255,402901597304.07434
1791120424573108,2026-10-04T13:27:04.573108+00:00,162,18,3469652969,1,38,40,427219689,50050050,255,255,255,255,402901611231.0651
1791120424588102,2026-10-04T13:27:04.588102+00:00,162,18,3469667947,1,38,40,427219689,50050050,255,255,255,255,402901626225.0551
1791120424603114,2026-10-04T13:27:04.603114+00:00,162,18,3469682956,1,38,40,427219689,50050050,255,255,255,255,402901641237.0451
1791120424618257,2026-10-04T13:27:04.618257+00:00,162,18,3469698114,1,38,40,427219689,50050050,255,255,255,255,402901656380.03503
1791120424633074,2026-10-04T13:27:04.633074+00:00,162,18,3469712930,1,38,40,427219689,50050050,255,255,255,255,402901671197.02515
1791120424648067,2026-10-04T13:27:04.648067+00:00,162,18,3469727924,1,38,40,427219689,50050050,255,255,255,255,402901686190.0152
1791120424663241,2026-10-04T13:27:04.663241+00:00,162,18,3469742923,1,38,40,427219689,50050050,255,255,255,255,402901701364.00507
1791120424678108,2026-10-04T13:27:04.678108+00:00,162,18,3469757902,1,38,40,427219689,50050050,255,255,255,255,402901716230.9952
1791120424678587,2026-10-04T13:27:04.678587+00:00,162,83,3469758444,1,38,40,427219689,50050050,255,255,255,255,402901716709.9949
1791120424693025,2026-10-04T13:27:04.693025+00:00,162,18,3469772888,1,38,40,427219689,50050050,255,255,255,255,402901731147.9852
1791120424708182,2026-10-04T13:27:04.708182+00:00,162,18,3469788031,1,38,40,427219689,50050050,255,255,255,255,402901746304.97516
1791120424723442,2026-10-04T13:27:04.723442+00:00,162,18,3469803295,1,38,40,427219689,50050050,255,255,255,255,402901761564.96497
1791120424738035,2026-10-04T13:27:04.738035+00:00,162,18,3469817888,1,38,40,427219689,50050050,255,255,255,255,402901776157.95526
1791120424753097,2026-10-04T13:27:04.753097+00:00,162,18,3469832894,1,38,40,427219689,50050050,255,255,255,255,402901791219.9452
1791120424768079,2026-10-04T13:27:04.768079+00:00,162,18,3469847919,1,38,40,427219689,50050050,255,255,255,255,402901806201.93524
1791120424783149,2026-10-04T13:27:04.783149+00:00,162,18,3469862995,1,38,40,427219689,50050050,255,255,255,255,402901821271.92523
1791120424798093,2026-10-04T13:27:04.798093+00:00,162,18,3469877949,1,38,40,427219689,50050050,255,255,255,255,402901836215.9152
1791120424813076,2026-10-04T13:27:04.813076+00:00,162,18,3469892925,1,38,40,427219689,50050050,255,255,255,255,402901851198.9053
1791120424822515,2026-10-04T13:27:04.822515+00:00,162,83,3469902354,1,38,40,427219689,50050050,255,255,255,255,402901860637.899
1791120424828040,2026-10-04T13:27:04.828040+00:00,162,18,3469907903,1,38,40,427219689,50050050,255,255,255,255,402901866162.8953
1791120424843149,2026-10-04T13:27:04.843149+00:00,162,18,3469923001,1,38,40,427219689,50050050,255,255,255,255,402901881271.88525
1791120424858066,2026-10-04T13:27:04.858066+00:00,162,18,3469937907,1,38,40,427219689,50050050,255,255,255,255,402901896188.8753
1791120424873424,2026-10-04T13:27:04.873424+00:00,162,18,3469953270,1,38,40,427219689,50050050,255,255,255,255,402901911546.86505
1791120424888084,2026-10-04T13:27:04.888084+00:00,162,18,3469967941,1,38,40,427219689,50050050,255,255,255,255,402901926206.8553
1791120424903084,2026-10-04T13:27:04.903084+00:00,162,18,3469982926,1,38,40,427219689,50050050,255,255,255,255,402901941206.84534
1791120424918170,2026-10-04T13:27:04.918170+00:00,162,18,3469997948,1,38,40,427219689,50050050,255,255,255,255,402901956292.83527
1791120424933173,2026-10-04T13:27:04.933173+00:00,162,18,3470013027,1,38,40,427219689,50050050,255,255,255,255,402901971295.82526
1791120424948237,2026-10-04T13:27:04.948237+00:00,162,18,3470028077,1,38,40,427219689,50050050,255,255,255,255,402901986359.81525
1791120424963028,2026-10-04T13:27:04.963028+00:00,162,18,3470042882,1,38,40,427219689,50050050,255,255,255,255,402902001150.8054
1791120424966278,2026-10-04T13:27:04.966278+00:00,162,83,3470046098,1,38,40,427219689,50050050,255,255,255,255,402902004400.8032
1791120424978225,2026-10-04T13:27:04.978225+00:00,162,18,3470058082,1,38,40,427219689,50050050,255,255,255,255,402902016347.7953
1791120424993109,2026-10-04T13:27:04.993109+00:00,162,18,3470072968,1,38,40,427219689,50050050,255,255,255,255,402902031231.78534
1791120425008092,2026-10-04T13:27:05.008092+00:00,162,18,3470087929,1,38,40,427219689,50050050,255,255,255,255,402902046214.7754
1791120425023079,2026-10-04T13:27:05.023079+00:00,162,18,3470102928,1,38,40,427219689,50050050,255,255,255,255,402902061201.7654
1791120425038038,2026-10-04T13:27:05.038038+00:00,162,18,3470117876,1,38,40,427219689,50050050,255,255,255,255,402902076160.75543
1791120425053406,2026-10-04T13:27:05.053406+00:00,162,18,3470133128,1,38,40,427219689,50050050,255,255,255,255,402902091528.7452
1791120425068038,2026-10-04T13:27:05.068038+00:00,162,18,3470147896,1,38,40,427219689,50050050,255,255,255,255,402902106160.7355
1791120425083040,2026-10-04T13:27:05.083040+00:00,162,18,3470162892,1,38,40,427219689,50050050,255,255,255,255,402902121162.72546
1791120425098019,2026-10-04T13:27:05.098019+00:00,162,18,3470177881,1,38,40,427219689,50050050,255,255,255,255,402902136141.7155
1791120425098451,2026-10-04T13:27:05.098451+00:00,162,83,3470178323,1,38,40,427219689,50050050,255,255,255,255,402902136573.7152
1791120425113011,2026-10-04T13:27:05.113011+00:00,162,18,3470192867,1,38,40,427219689,50050050,255,255,255,255,402902151133.7055
1791120425128010,2026-10-04T13:27:05.128010+00:00,162,18,3470207866,1,38,40,427219689,50050050,255,255,255,255,402902166132.6955
1791120425143033,2026-10-04T13:27:05.143033+00:00,162,18,3470222895,1,38,40,427219689,50050050,255,255,255,255,402902181155.6855
1791120425158068,2026-10-04T13:27:05.158068+00:00,162,18,3470237927,1,38,40,427219689,50050050,255,255,255,255,402902196190.6755
1791120425173027,2026-10-04T13:27:05.173027+00:00,162,18,3470252886,1,38,40,427219689,50050050,255,255,255,255,402902211149.6655
1791120425188029,2026-10-04T13:27:05.188029+00:00,162,18,3470267886,1,38,40,427219689,50050050,255,255,255,255,402902226151.6555
1791120425203004,2026-10-04T13:27:05.203004+00:00,162,18,3470282861,1,38,40,427219689,50050050,255,255,255,255,402902241126.64557
1791120425218046,2026-10-04T13:27:05.218046+00:00,162,18,3470297901,1,38,40,427219689,50050050,255,255,255,255,402902256168.63556
1791120425233096,2026-10-04T13:27:05.233096+00:00,162,18,3470312946,1,38,40,427219689,50050050,255,255,255,255,402902271218.62555
1791120425239173,2026-10-04T13:27:05.239173+00:00,162,83,3470319020,1,38,40,427219689,50050050,255,255,255,255,402902277295.62146
1791120425248512,2026-10-04T13:27:05.248512+00:00,162,18,3470328317,1,38,40,427219689,50050050,255,255,255,255,402902286634.61523
1791120425263036,2026-10-04T13:27:05.263036+00:00,162,18,3470342885,1,38,40,427219689,50050050,255,255,255,255,402902301158.6056
1791120425278026,2026-10-04T13:27:05.278026+00:00,162,18,3470357882,1,38,40,427219689,50050050,255,255,255,255,402902316148.5956
1791120425293089,2026-10-04T13:27:05.293089+00:00,162,18,3470372947,1,38,40,427219689,50050050,255,255,255,255,402902331211.5856
1791120425301825,2026-10-04T13:27:05.301825+00:00,162,18,3470381668,1,38,40,427219689,50050050,255,255,255,255,402902339947.5798
1791120425316010,2026-10-04T13:27:05.316010+00:00,162,18,3470395752,1,38,40,427219689,50050050,255,255,255,255,402902354132.5703
1791120425330716,2026-10-04T13:27:05.330716+00:00,162,18,3470410568,1,38,40,427219689,50050050,255,255,255,255,402902368838.5605
1791120425345565,2026-10-04T13:27:05.345565+00:00,162,18,3470425419,1,38,40,427219689,50050050,255,255,255,255,402902383687.5506
1791120425360515,2026-10-04T13:27:05.360515+00:00,162,18,3470440370,1,38,40,427219689,50050050,255,255,255,255,402902398637.54065
1791120425373464,2026-10-04T13:27:05.373464+00:00,162,83,3470453281,1,39,40,430222920,50050050,255,255,255,255,402902411586.53204
1791120425375725,2026-10-04T13:27:05.375725+00:00,162,18,3470455583,1,39,40,430222920,50050050,255,255,255,255,402902413847.5305
1791120425376164,2026-10-04T13:27:05.376164+00:00,162,18,3470456037,1,39,40,430222920,50050050,255,255,255,255,402902414286.5302
1791120425390538,2026-10-04T13:27:05.390538+00:00,162,18,3470470391,1,39,40,430222920,50050050,255,255,255,255,402902428660.5207
1791120425405534,2026-10-04T13:27:05.405534+00:00,162,18,3470485390,1,39,40,430222920,50050050,255,255,255,255,402902443656.5107
1791120425420751,2026-10-04T13:27:05.420751+00:00,162,18,3470500568,1,39,40,430222920,50050050,255,255,255,255,402902458873.50055
1791120425435683,2026-10-04T13:27:05.435683+00:00,162,18,3470515520,1,39,40,430222920,50050050,255,255,255,255,402902473805.4906
1791120425450552,2026-10-04T13:27:05.450552+00:00,162,18,3470530392,1,39,40,430222920,50050050,255,255,255,255,402902488674.4807
1791120425465546,2026-10-04T13:27:05.465546+00:00,162,18,3470545395,1,39,40,430222920,50050050,255,255,255,255,402902503668.4707
1791120425480539,2026-10-04T13:27:05.480539+00:00,162,18,3470560397,1,39,40,430222920,50050050,255,255,255,255,402902518661.46075
1791120425495365,2026-10-04T13:27:05.495365+00:00,162,83,3470575207,1,39,40,430222920,50050050,255,255,255,255,402902533487.45087
1791120425495814,2026-10-04T13:27:05.495814+00:00,162,18,3470575683,1,39,40,430222920,50050050,255,255,255,255,402902533936.45056
1791120425510532,2026-10-04T13:27:05.510532+00:00,162,18,3470590386,1,39,40,430222920,50050050,255,255,255,255,402902548654.44073
1791120425525772,2026-10-04T13:27:05.525772+00:00,162,18,3470605561,1,39,40,430222920,50050050,255,255,255,255,402902563894.4306
1791120425541846,2026-10-04T13:27:05.541846+00:00,162,18,3470621699,1,39,40,430222920,50050050,255,255,255,255,402902579968.4199
1791120425555553,2026-10-04T13:27:05.555553+00:00,162,18,3470635409,1,39,40,430222920,50050050,255,255,255,255,402902593675.41077
1791120425570848,2026-10-04T13:27:05.570848+00:00,162,18,3470650694,1,39,40,430222920,50050050,255,255,255,255,402902608970.4006
1791120425585669,2026-10-04T13:27:05.585669+00:00,162,18,3470665514,1,39,40,430222920,50050050,255,255,255,255,402902623791.3907
1791120425598249,2026-10-04T13:27:05.598249+00:00,162,83,3470677893,1,39,40,430222920,50050050,255,255,255,255,402902636371.3823
1791120425600672,2026-10-04T13:27:05.600672+00:00,162,18,3470680535,1,39,40,430222920,50050050,255,255,255,255,402902638794.38074
1791120425615753,2026-10-04T13:27:05.615753+00:00,162,18,3470695579,1,39,40,430222920,50050050,255,255,255,255,402902653875.37067
1791120425630571,2026-10-04T13:27:05.630571+00:00,162,18,3470710421,1,39,40,430222920,50050050,255,255,255,255,402902668693.3608
1791120425645550,2026-10-04T13:27:05.645550+00:00,162,18,3470725403,1,39,40,430222920,50050050,255,255,255,255,402902683672.3508
1791120425660646,2026-10-04T13:27:05.660646+00:00,162,18,3470740507,1,39,40,430222920,50050050,255,255,255,255,402902698768.34076
1791120425675600,2026-10-04T13:27:05.675600+00:00,162,18,3470755455,1,39,40,430222920,50050050,255,255,255,255,402902713722.3308
1791120425690966,2026-10-04T13:27:05.690966+00:00,162,18,3470770695,1,39,40,430222920,50050050,255,255,255,255,402902729088.32056
1791120425705544,2026-10-04T13:27:05.705544+00:00,162,18,3470785400,1,39,40,430222920,50050050,255,255,255,255,402902743666.31085
1791120425720514,2026-10-04T13:27:05.720514+00:00,162,18,3470800374,1,39,40,430222920,50050050,255,255,255,255,402902758636.3009
1791120425731240,2026-10-04T13:27:05.731240+00:00,162,83,3470811047,1,39,40,430222920,50050050,255,255,255,255,402902769362.29376
1791120425735560,2026-10-04T13:27:05.735560+00:00,162,18,3470815425,1,39,40,430222920,50050050,255,255,255,255,402902773682.2909
1791120425750571,2026-10-04T13:27:05.750571+00:00,162,18,3470830427,1,39,40,430222920,50050050,255,255,255,255,402902788693.2809
1791120425765615,2026-10-04T13:27:05.765615+00:00,162,18,3470845462,1,39,40,430222920,50050050,255,255,255,255,402902803737.2709
1791120425780633,2026-10-04T13:27:05.780633+00:00,162,18,3470860492,1,39,40,430222920,50050050,255,255,255,255,402902818755.26086
1791120425795516,2026-10-04T13:27:05.795516+00:00,162,18,3470875370,1,39,40,430222920,50050050,255,255,255,255,402902833638.2509
1791120425810620,2026-10-04T13:27:05.810620+00:00,162,18,3470890453,1,39,40,430222920,50050050,255,255,255,255,402902848742.2409
1791120425825536,2026-10-04T13:27:05.825536+00:00,162,18,3470905394,1,39,40,430222920,50050050,255,255,255,255,402902863658.23096
1791120425840533,2026-10-04T13:27:05.840533+00:00,162,18,3470920390,1,39,40,430222920,50050050,255,255,255,255,402902878655.22095
1791120425849537,2026-10-04T13:27:05.849537+00:00,162,83,3470929346,1,39,40,430222920,50050050,255,255,255,255,402902887659.21497
1791120425855511,2026-10-04T13:27:05.855511+00:00,162,18,3470935372,1,39,40,430222920,50050050,255,255,255,255,402902893633.211
1791120425870587,2026-10-04T13:27:05.870587+00:00,162,18,3470950443,1,39,40,430222920,50050050,255,255,255,255,402902908709.2009
1791120425885921,2026-10-04T13:27:05.885921+00:00,162,18,3470965715,1,39,40,430222920,50050050,255,255,255,255,402902924043.19073
1791120425900610,2026-10-04T13:27:05.900610+00:00,162,18,3470980465,1,39,40,430222920,50050050,255,255,255,255,402902938732.18097
1791120425915530,2026-10-04T13:27:05.915530+00:00,162,18,3470995382,1,39,40,430222920,50050050,255,255,255,255,402902953652.171
1791120425931703,2026-10-04T13:27:05.931703+00:00,162,18,3471011560,1,39,40,430222920,50050050,255,255,255,255,402902969825.1602
1791120425945479,2026-10-04T13:27:05.945479+00:00,162,18,3471025337,1,39,40,430222920,50050050,255,255,255,255,402902983601.15106
1791120425961754,2026-10-04T13:27:05.961754+00:00,162,18,3471041604,1,39,40,430222920,50050050,255,255,255,255,402902999876.1402
1791120425975560,2026-10-04T13:27:05.975560+00:00,162,18,3471055415,1,39,40,430222920,50050050,255,255,255,255,402903013682.13104
1791120425976359,2026-10-04T13:27:05.976359+00:00,162,83,3471056223,1,39,40,430222920,50050050,255,255,255,255,402903014481.1305
1791120425991037,2026-10-04T13:27:05.991037+00:00,162,18,3471070481,1,39,40,430222920,50050050,255,255,255,255,402903029159.1207
1791120426005572,2026-10-04T13:27:06.005572+00:00,162,18,3471085420,1,39,40,430222920,50050050,255,255,255,255,402903043694.111
1791120426021684,2026-10-04T13:27:06.021684+00:00,162,18,3471101535,1,39,40,430222920,50050050,255,255,255,255,402903059806.10034
1791120426035567,2026-10-04T13:27:06.035567+00:00,162,18,3471115420,1,39,40,430222920,50050050,255,255,255,255,402903073689.09106
1791120426050624,2026-10-04T13:27:06.050624+00:00,162,18,3471130466,1,39,40,430222920,50050050,255,255,255,255,402903088746.08105
1791120426065694,2026-10-04T13:27:06.065694+00:00,162,18,3471145513,1,39,40,430222920,50050050,255,255,255,255,402903103816.071
1791120426074561,2026-10-04T13:27:06.074561+00:00,162,18,3471154422,1,39,40,430222920,50050050,255,255,255,255,402903112683.0651
1791120426088009,2026-10-04T13:27:06.088009+00:00,162,18,3471167864,1,39,40,430222920,50050050,255,255,255,255,402903126131.05615
1791120426104317,2026-10-04T13:27:06.104317+00:00,162,18,3471184165,1,39,40,430222920,50050050,255,255,255,255,402903142439.0453
1791120426118169,2026-10-04T13:27:06.118169+00:00,162,18,3471198016,1,39,40,430222920,50050050,255,255,255,255,402903156291.0361
1791120426118628,2026-10-04T13:27:06.118628+00:00,162,83,3471198491,1,39,40,430222920,50050050,255,255,255,255,402903156750.03577
1791120426133002,2026-10-04T13:27:06.133002+00:00,162,18,3471212860,1,39,40,430222920,50050050,255,255,255,255,402903171124.0262
1791120426148041,2026-10-04T13:27:06.148041+00:00,162,18,3471227890,1,39,40,430222920,50050050,255,255,255,255,402903186163.0162
1791120426163219,2026-10-04T13:27:06.163219+00:00,162,18,3471243062,1,39,40,430222920,50050050,255,255,255,255,402903201341.00604
1791120426178021,2026-10-04T13:27:06.178021+00:00,162,18,3471257877,1,39,40,430222920,50050050,255,255,255,255,402903216142.9962
1791120426193217,2026-10-04T13:27:06.193217+00:00,162,18,3471273072,1,39,40,430222920,50050050,255,255,255,255,402903231338.9861
1791120426208010,2026-10-04T13:27:06.208010+00:00,162,18,3471287870,1,39,40,430222920,50050050,255,255,255,255,402903246131.9762
1791120426224193,2026-10-04T13:27:06.224193+00:00,162,18,3471304049,1,39,40,430222920,50050050,255,255,255,255,402903262314.96545
1791120426238040,2026-10-04T13:27:06.238040+00:00,162,18,3471317898,1,39,40,430222920,50050050,255,255,255,255,402903276161.95624
1791120426253061,2026-10-04T13:27:06.253061+00:00,162,18,3471332903,1,39,40,430222920,50050050,255,255,255,255,402903291182.9462
1791120426267897,2026-10-04T13:27:06.267897+00:00,162,83,3471347749,1,39,40,430222920,50050050,255,255,255,255,402903306018.93634
1791120426268387,2026-10-04T13:27:06.268387+00:00,162,18,3471348254,1,39,40,430222920,50050050,255,255,255,255,402903306508.936
1791120426283208,2026-10-04T13:27:06.283208+00:00,162,18,3471363065,1,39,40,430222920,50050050,255,255,255,255,402903321329.92615
1791120426299388,2026-10-04T13:27:06.299388+00:00,162,18,3471379211,1,39,40,430222920,50050050,255,255,255,255,402903337509.91534
1791120426312988,2026-10-04T13:27:06.312988+00:00,162,18,3471392847,1,39,40,430222920,50050050,255,255,255,255,402903351109.9063
1791120426327961,2026-10-04T13:27:06.327961+00:00,162,18,3471407828,1,39,40,430222920,50050050,255,255,255,255,402903366082.8963
1791120426343311,2026-10-04T13:27:06.343311+00:00,162,18,3471423131,1,39,40,430222920,50050050,255,255,255,255,402903381432.8861
1791120426357970,2026-10-04T13:27:06.357970+00:00,162,18,3471437830,1,39,40,430222920,50050050,255,255,255,255,402903396091.87634
1791120426374247,2026-10-04T13:27:06.374247+00:00,162,18,3471454106,1,40,40,433225452,50050050,255,255,255,255,402903412368.8655
1791120426380491,2026-10-04T13:27:06.380491+00:00,162,18,3471460350,1,40,40,433225452,50050050,255,255,255,255,402903418612.8613
1791120426387889,2026-10-04T13:27:06.387889+00:00,162,83,3471467711,1,40,40,433225452,50050050,255,255,255,255,402903426010.8564
1791120426389232,2026-10-04T13:27:06.389232+00:00,162,18,3471469091,1,40,40,433225452,50050050,255,255,255,255,402903427353.8555
1791120426403081,2026-10-04T13:27:06.403081+00:00,162,18,3471482940,1,40,40,433225452,50050050,255,255,255,255,402903441202.8463
1791120426417993,2026-10-04T13:27:06.417993+00:00,162,18,3471497846,1,40,40,433225452,50050050,255,255,255,255,402903456114.83636
1791120426426854,2026-10-04T13:27:06.426854+00:00,162,18,3471506611,1,40,40,433225452,50050050,255,255,255,255,402903464975.83044
1791120426440537,2026-10-04T13:27:06.440537+00:00,162,18,3471520395,1,40,40,433225452,50050050,255,255,255,255,402903478658.82135
1791120426455691,2026-10-04T13:27:06.455691+00:00,162,18,3471535517,1,40,40,433225452,50050050,255,255,255,255,402903493812.8113
1791120426470534,2026-10-04T13:27:06.470534+00:00,162,18,3471550379,1,40,40,433225452,50050050,255,255,255,255,402903508655.8014
1791120426486667,2026-10-04T13:27:06.486667+00:00,162,18,3471566525,1,40,40,433225452,50050050,255,255,255,255,402903524788.79065
1791120426500638,2026-10-04T13:27:06.500638+00:00,162,18,3471580480,1,40,40,433225452,50050050,255,255,255,255,402903538759.7813
1791120426515640,2026-10-04T13:27:06.515640+00:00,162,18,3471595467,1,40,40,433225452,50050050,255,255,255,255,402903553761.7713
1791120426530525,2026-10-04T13:27:06.530525+00:00,162,18,3471610384,1,40,40,433225452,50050050,255,255,255,255,402903568646.7614
1791120426531029,2026-10-04T13:27:06.531029+00:00,162,83,3471610892,1,40,40,433225452,50050050,255,255,255,255,402903569150.76105
1791120426545503,2026-10-04T13:27:06.545503+00:00,162,18,3471625364,1,40,40,433225452,50050050,255,255,255,255,402903583624.75146
1791120426560504,2026-10-04T13:27:06.560504+00:00,162,18,3471640355,1,40,40,433225452,50050050,255,255,255,255,402903598625.74146
1791120426569164,2026-10-04T13:27:06.569164+00:00,162,18,3471649019,1,40,40,433225452,50050050,255,255,255,255,402903607285.73566
1791120426584507,2026-10-04T13:27:06.584507+00:00,162,18,3471664357,1,40,40,433225452,50050050,255,255,255,255,402903622628.72546
1791120426598014,2026-10-04T13:27:06.598014+00:00,162,18,3471677867,1,40,40,433225452,50050050,255,255,255,255,402903636135.7165
1791120426613100,2026-10-04T13:27:06.613100+00:00,162,18,3471692946,1,40,40,433225452,50050050,255,255,255,255,402903651221.7064
1791120426621657,2026-10-04T13:27:06.621657+00:00,162,18,3471701516,1,40,40,433225452,50050050,255,255,255,255,402903659778.70074
1791120426642977,2026-10-04T13:27:06.642977+00:00,162,18,3471722835,1,40,40,433225452,50050050,255,255,255,255,402903681098.6865
1791120426665822,2026-10-04T13:27:06.665822+00:00,162,83,3471745662,1,40,40,433225452,50050050,255,255,255,255,402903703943.6713
1791120426666720,2026-10-04T13:27:06.666720+00:00,162,18,3471746585,1,40,40,433225452,50050050,255,255,255,255,402903704841.6707
1791120426681796,2026-10-04T13:27:06.681796+00:00,162,18,3471761617,1,40,40,433225452,50050050,255,255,255,255,402903719917.66064
1791120426695496,2026-10-04T13:27:06.695496+00:00,162,18,3471775349,1,40,40,433225452,50050050,255,255,255,255,402903733617.65155
1791120426710574,2026-10-04T13:27:06.710574+00:00,162,18,3471790423,1,40,40,433225452,50050050,255,255,255,255,402903748695.6415
1791120426725528,2026-10-04T13:27:06.725528+00:00,162,18,3471805356,1,40,40,433225452,50050050,255,255,255,255,402903763649.63153
1791120426740497,2026-10-04T13:27:06.740497+00:00,162,18,3471820353,1,40,40,433225452,50050050,255,255,255,255,402903778618.6216
1791120426749284,2026-10-04T13:27:06.749284+00:00,162,18,3471829126,1,40,40,433225452,50050050,255,255,255,255,402903787405.6157
1791120426763017,2026-10-04T13:27:06.763017+00:00,162,18,3471842871,1,40,40,433225452,50050050,255,255,255,255,402903801138.60657
1791120426777986,2026-10-04T13:27:06.777986+00:00,162,18,3471857842,1,40,40,433225452,50050050,255,255,255,255,402903816107.5966
1791120426786705,2026-10-04T13:27:06.786705+00:00,162,18,3471866569,1,40,40,433225452,50050050,255,255,255,255,402903824826.5908
1791120426800526,2026-10-04T13:27:06.800526+00:00,162,18,3471880374,1,40,40,433225452,50050050,255,255,255,255,402903838647.5816
1791120426806644,2026-10-04T13:27:06.806644+00:00,162,83,3471886490,1,40,40,433225452,50050050,255,255,255,255,402903844765.5775
1791120426815508,2026-10-04T13:27:06.815508+00:00,162,18,3471895367,1,40,40,433225452,50050050,255,255,255,255,402903853629.5716
1791120426830537,2026-10-04T13:27:06.830537+00:00,162,18,3471910379,1,40,40,433225452,50050050,255,255,255,255,402903868658.5616
1791120426846732,2026-10-04T13:27:06.846732+00:00,162,18,3471926587,1,40,40,433225452,50050050,255,255,255,255,402903884853.55084
1791120426860500,2026-10-04T13:27:06.860500+00:00,162,18,3471940360,1,40,40,433225452,50050050,255,255,255,255,402903898621.5416
1791120426869177,2026-10-04T13:27:06.869177+00:00,162,18,3471949033,1,40,40,433225452,50050050,255,255,255,255,402903907298.5359
1791120426883010,2026-10-04T13:27:06.883010+00:00,162,18,3471962864,1,40,40,433225452,50050050,255,255,255,255,402903921131.5267
1791120426899492,2026-10-04T13:27:06.899492+00:00,162,18,3471979351,1,40,40,433225452,50050050,255,255,255,255,402903937613.5157
1791120426913085,2026-10-04T13:27:06.913085+00:00,162,18,3471992936,1,40,40,433225452,50050050,255,255,255,255,402903951206.5066
1791120426928025,2026-10-04T13:27:06.928025+00:00,162,18,3472007886,1,40,40,433225452,50050050,255,255,255,255,402903966146.49664
1791120426943025,2026-10-04T13:27:06.943025+00:00,162,18,3472022881,1,40,40,433225452,50050050,255,255,255,255,402903981146.4867
1791120426954805,2026-10-04T13:27:06.954805+00:00,162,83,3472034640,1,40,40,433225452,50050050,255,255,255,255,402903992926.4788
1791120426958011,2026-10-04T13:27:06.958011+00:00,162,18,3472037866,1,40,40,433225452,50050050,255,255,255,255,402903996132.4767
1791120426973035,2026-10-04T13:27:06.973035+00:00,162,18,3472052893,1,40,40,433225452,50050050,255,255,255,255,402904011156.4667
1791120426989202,2026-10-04T13:27:06.989202+00:00,162,18,3472069048,1,40,40,433225452,50050050,255,255,255,255,402904027323.45593
1791120427003158,2026-10-04T13:27:07.003158+00:00,162,18,3472082901,1,40,40,433225452,50050050,255,255,255,255,402904041279.44666
1791120427011718,2026-10-04T13:27:07.011718+00:00,162,18,3472091582,1,40,40,433225452,50050050,255,255,255,255,402904049839.4409
1791120427026143,2026-10-04T13:27:07.026143+00:00,162,18,3472105959,1,40,40,433225452,50050050,255,255,255,255,402904064264.43134
1791120427034252,2026-10-04T13:27:07.034252+00:00,162,18,3472114107,1,40,40,433225452,50050050,255,255,255,255,402904072373.4259
1791120427047997,2026-10-04T13:27:07.047997+00:00,162,18,3472127851,1,40,40,433225452,50050050,255,255,255,255,402904086118.41675
1791120427063119,2026-10-04T13:27:07.063119+00:00,162,18,3472142979,1,40,40,433225452,50050050,255,255,255,255,402904101240.4067
1791120427078077,2026-10-04T13:27:07.078077+00:00,162,18,3472157924,1,40,40,433225452,50050050,255,255,255,255,402904116198.3967
1791120427084701,2026-10-04T13:27:07.084701+00:00,162,83,3472164554,1,40,40,433225452,50050050,255,255,255,255,402904122822.39233
1791120427093011,2026-10-04T13:27:07.093011+00:00,162,18,3472172872,1,40,40,433225452,50050050,255,255,255,255,402904131132.3868
1791120427108103,2026-10-04T13:27:07.108103+00:00,162,18,3472187958,1,40,40,433225452,50050050,255,255,255,255,402904146224.3767
1791120427122987,2026-10-04T13:27:07.122987+00:00,162,18,3472202838,1,40,40,433225452,50050050,255,255,255,255,402904161108.3668
1791120427137997,2026-10-04T13:27:07.137997+00:00,162,18,3472217855,1,40,40,433225452,50050050,255,255,255,255,402904176118.3568
1791120427152972,2026-10-04T13:27:07.152972+00:00,162,18,3472232832,1,40,40,433225452,50050050,255,255,255,255,402904191093.34686
1791120427169329,2026-10-04T13:27:07.169329+00:00,162,18,3472249184,1,40,40,433225452,50050050,255,255,255,255,402904207450.33594
1791120427183017,2026-10-04T13:27:07.183017+00:00,162,18,3472262874,1,40,40,433225452,50050050,255,255,255,255,402904221138.32684
1791120427197972,2026-10-04T13:27:07.197972+00:00,162,18,3472277833,1,40,40,433225452,50050050,255,255,255,255,402904236093.3169
1791120427212986,2026-10-04T13:27:07.212986+00:00,162,18,3472292848,1,40,40,433225452,50050050,255,255,255,255,402904251107.3069
1791120427221663,2026-10-04T13:27:07.221663+00:00,162,18,3472301524,1,40,40,433225452,50050050,255,255,255,255,402904259784.3011
1791120427223689,2026-10-04T13:27:07.223689+00:00,162,83,3472303550,1,40,40,433225452,50050050,255,255,255,255,402904261810.29974
1791120427235612,2026-10-04T13:27:07.235612+00:00,162,18,3472315469,1,40,40,433225452,50050050,255,255,255,255,402904273733.2918
1791120427250488,2026-10-04T13:27:07.250488+00:00,162,18,3472330349,1,40,40,433225452,50050050,255,255,255,255,402904288609.2819
1791120427265494,2026-10-04T13:27:07.265494+00:00,162,18,3472345346,1,40,40,433225452,50050050,255,255,255,255,402904303615.2719
1791120427274305,2026-10-04T13:27:07.274305+00:00,162,18,3472354167,1,40,40,433225452,50050050,255,255,255,255,402904312426.26605
1791120427287999,2026-10-04T13:27:07.287999+00:00,162,18,3472367861,1,40,40,433225452,50050050,255,255,255,255,402904326120.2569
1791120427302993,2026-10-04T13:27:07.302993+00:00,162,18,3472382842,1,40,40,433225452,50050050,255,255,255,255,402904341114.24695
1791120427318246,2026-10-04T13:27:07.318246+00:00,162,18,3472398105,1,40,40,433225452,50050050,255,255,255,255,402904356367.23676
1791120427333010,2026-10-04T13:27:07.333010+00:00,162,18,3472412867,1,40,40,433225452,50050050,255,255,255,255,402904371131.2269
1791120427347990,2026-10-04T13:27:07.347990+00:00,162,18,3472427840,1,40,40,433225452,50050050,255,255,255,255,402904386111.217
1791120427355437,2026-10-04T13:27:07.355437+00:00,162,83,3472435288,1,40,40,433225452,50050050,255,255,255,255,402904393558.212
1791120427356585,2026-10-04T13:27:07.356585+00:00,162,18,3472436450,1,40,40,433225452,50050050,255,255,255,255,402904394706.21124
1791120427370606,2026-10-04T13:27:07.370606+00:00,162,18,3472450423,1,40,40,433225452,50050050,255,255,255,255,402904408727.2019
1791120427385521,2026-10-04T13:27:07.385521+00:00,162,18,3472465372,1,41,40,436277880,50050050,255,255,255,255,402904423642.19196
1791120427386071,2026-10-04T13:27:07.386071+00:00,162,18,3472465936,1,41,40,436277880,50050050,255,255,255,255,402904424192.1916
1791120427400482,2026-10-04T13:27:07.400482+00:00,162,18,3472480338,1,41,40,436277880,50050050,255,255,255,255,402904438603.182
1791120427416840,2026-10-04T13:27:07.416840+00:00,162,18,3472496679,1,41,40,436277880,50050050,255,255,255,255,402904454961.1711
1791120427430456,2026-10-04T13:27:07.430456+00:00,162,18,3472510322,1,41,40,436277880,50050050,255,255,255,255,402904468577.16205
1791120427445508,2026-10-04T13:27:07.445508+00:00,162,18,3472525369,1,41,40,436277880,50050050,255,255,255,255,402904483629.15204
1791120427460492,2026-10-04T13:27:07.460492+00:00,162,18,3472540350,1,41,40,436277880,50050050,255,255,255,255,402904498613.142
1791120427470931,2026-10-04T13:27:07.470931+00:00,162,83,3472550774,1,41,40,436277880,50050050,255,255,255,255,402904509052.1351
1791120427476751,2026-10-04T13:27:07.476751+00:00,162,18,3472556616,1,41,40,436277880,50050050,255,255,255,255,402904514872.1312
1791120427490598,2026-10-04T13:27:07.490598+00:00,162,18,3472570449,1,41,40,436277880,50050050,255,255,255,255,402904528719.122
1791120427505529,2026-10-04T13:27:07.505529+00:00,162,18,3472585386,1,41,40,436277880,50050050,255,255,255,255,402904543650.11206
1791120427520493,2026-10-04T13:27:07.520493+00:00,162,18,3472600342,1,41,40,436277880,50050050,255,255,255,255,402904558614.10205
1791120427535489,2026-10-04T13:27:07.535489+00:00,162,18,3472615347,1,41,40,436277880,50050050,255,255,255,255,402904573610.0921
1791120427550556,2026-10-04T13:27:07.550556+00:00,162,18,3472630399,1,41,40,436277880,50050050,255,255,255,255,402904588677.08203
1791120427559474,2026-10-04T13:27:07.559474+00:00,162,18,3472639286,1,41,40,436277880,50050050,255,255,255,255,402904597595.0761
1791120427572968,2026-10-04T13:27:07.572968+00:00,162,18,3472652824,1,41,40,436277880,50050050,255,255,255,255,402904611089.06714
1791120427589358,2026-10-04T13:27:07.589358+00:00,162,18,3472669206,1,41,40,436277880,50050050,255,255,255,255,402904627479.0562
1791120427603043,2026-10-04T13:27:07.603043+00:00,162,18,3472682895,1,41,40,436277880,50050050,255,255,255,255,402904641164.0471
1791120427608694,2026-10-04T13:27:07.608694+00:00,162,83,3472688542,1,41,40,436277880,50050050,255,255,255,255,402904646815.04333
1791120427617984,2026-10-04T13:27:07.617984+00:00,162,18,3472697838,1,41,40,436277880,50050050,255,255,255,255,402904656105.0372
1791120427633037,2026-10-04T13:27:07.633037+00:00,162,18,3472712886,1,41,40,436277880,50050050,255,255,255,255,402904671158.0271
1791120427648519,2026-10-04T13:27:07.648519+00:00,162,18,3472728209,1,41,40,436277880,50050050,255,255,255,255,402904686640.0168
1791120427663069,2026-10-04T13:27:07.663069+00:00,162,18,3472742929,1,41,40,436277880,50050050,255,255,255,255,402904701190.00714
1791120427678109,2026-10-04T13:27:07.678109+00:00,162,18,3472757963,1,41,40,436277880,50050050,255,255,255,255,402904716229.9971
1791120427694264,2026-10-04T13:27:07.694264+00:00,162,18,3472774123,1,41,40,436277880,50050050,255,255,255,255,402904732384.9863
1791120427708200,2026-10-04T13:27:07.708200+00:00,162,18,3472788053,1,41,40,436277880,50050050,255,255,255,255,402904746320.97705
1791120427723017,2026-10-04T13:27:07.723017+00:00,162,18,3472802864,1,41,40,436277880,50050050,255,255,255,255,402904761137.96716
1791120427736439,2026-10-04T13:27:07.736439+00:00,162,83,3472816277,1,41,40,436277880,50050050,255,255,255,255,402904774559.95825
1791120427738022,2026-10-04T13:27:07.738022+00:00,162,18,3472817878,1,41,40,436277880,50050050,255,255,255,255,402904776142.9572
1791120427753028,2026-10-04T13:27:07.753028+00:00,162,18,3472832873,1,41,40,436277880,50050050,255,255,255,255,402904791148.9472
1791120427769184,2026-10-04T13:27:07.769184+00:00,162,18,3472849035,1,41,40,436277880,50050050,255,255,255,255,402904807304.93646
1791120427782972,2026-10-04T13:27:07.782972+00:00,162,18,3472862823,1,41,40,436277880,50050050,255,255,255,255,402904821092.92725
1791120427797955,2026-10-04T13:27:07.797955+00:00,162,18,3472877807,1,41,40,436277880,50050050,255,255,255,255,402904836075.9173
1791120427813106,2026-10-04T13:27:07.813106+00:00,162,18,3472892949,1,41,40,436277880,50050050,255,255,255,255,402904851226.90717
1791120427827956,2026-10-04T13:27:07.827956+00:00,162,18,3472907814,1,41,40,436277880,50050050,255,255,255,255,402904866076.8973
1791120427842989,2026-10-04T13:27:07.842989+00:00,162,18,3472922834,1,41,40,436277880,50050050,255,255,255,255,402904881109.88727
1791120427858172,2026-10-04T13:27:07.858172+00:00,162,18,3472937890,1,41,40,436277880,50050050,255,255,255,255,402904896292.8772
1791120427869109,2026-10-04T13:27:07.869109+00:00,162,83,3472948933,1,41,40,436277880,50050050,255,255,255,255,402904907229.8699
1791120427873174,2026-10-04T13:27:07.873174+00:00,162,18,3472953040,1,41,40,436277880,50050050,255,255,255,255,402904911294.8672
1791120427887982,2026-10-04T13:27:07.887982+00:00,162,18,3472967835,1,41,40,436277880,50050050,255,255,255,255,402904926102.8573
1791120427903028,2026-10-04T13:27:07.903028+00:00,162,18,3472982890,1,41,40,436277880,50050050,255,255,255,255,402904941148.8473
1791120427917938,2026-10-04T13:27:07.917938+00:00,162,18,3472997800,1,41,40,436277880,50050050,255,255,255,255,402904956058.83734
1791120427926976,2026-10-04T13:27:07.926976+00:00,162,18,3473006827,1,41,40,436277880,50050050,255,255,255,255,402904965096.83136
1791120427940712,2026-10-04T13:27:07.940712+00:00,162,18,3473020509,1,41,40,436277880,50050050,255,255,255,255,402904978832.8222
1791120427955471,2026-10-04T13:27:07.955471+00:00,162,18,3473035327,1,41,40,436277880,50050050,255,255,255,255,402904993591.8124
1791120427970458,2026-10-04T13:27:07.970458+00:00,162,18,3473050320,1,41,40,436277880,50050050,255,255,255,255,402905008578.80237
1791120427985506,2026-10-04T13:27:07.985506+00:00,162,18,3473065348,1,41,40,436277880,50050050,255,255,255,255,402905023626.79236
1791120427989513,2026-10-04T13:27:07.989513+00:00,162,83,3473069358,1,41,40,436277880,50050050,255,255,255,255,402905027633.7897
1791120428000450,2026-10-04T13:27:08.000450+00:00,162,18,3473080309,1,41,40,436277880,50050050,255,255,255,255,402905038570.7824
1791120428015496,2026-10-04T13:27:08.015496+00:00,162,18,3473095351,1,41,40,436277880,50050050,255,255,255,255,402905053616.7724
1791120428030469,2026-10-04T13:27:08.030469+00:00,162,18,3473110329,1,41,40,436277880,50050050,255,255,255,255,402905068589.7624
1791120428045589,2026-10-04T13:27:08.045589+00:00,162,18,3473125444,1,41,40,436277880,50050050,255,255,255,255,402905083709.7523
1791120428060490,2026-10-04T13:27:08.060490+00:00,162,18,3473140353,2,42,42,0,50050050,255,255,255,255,402905098610.74243
1791120428075472,2026-10-04T13:27:08.075472+00:00,162,18,3473155325,2,42,42,0,50050050,255,255,255,255,402905113592.7324
1791120428090512,2026-10-04T13:27:08.090512+00:00,162,18,3473170363,2,42,42,0,50050050,255,255,255,255,402905128632.7224
1791120428105472,2026-10-04T13:27:08.105472+00:00,162,18,3473185326,2,42,42,0,50050050,255,255,255,255,402905143592.71246
1791120428120442,2026-10-04T13:27:08.120442+00:00,162,18,3473200295,2,42,42,0,50050050,255,255,255,255,402905158562.7025
1791120428122266,2026-10-04T13:27:08.122266+00:00,162,83,3473202133,2,42,42,0,50050050,255,255,255,255,402905160386.7013
1791120428135450,2026-10-04T13:27:08.135450+00:00,162,18,3473215309,2,42,42,0,50050050,255,255,255,255,402905173570.6925
1791120428150586,2026-10-04T13:27:08.150586+00:00,162,18,3473230443,2,42,42,0,50050050,255,255,255,255,402905188706.68243
1791120428159154,2026-10-04T13:27:08.159154+00:00,162,18,3473239008,2,42,42,0,50050050,255,255,255,255,402905197274.6767
1791120428173298,2026-10-04T13:27:08.173298+00:00,162,18,3473253098,2,42,42,0,50050050,255,255,255,255,402905211418.6673
1791120428188005,2026-10-04T13:27:08.188005+00:00,162,18,3473267853,2,42,42,0,50050050,255,255,255,255,402905226125.6575
1791120428203020,2026-10-04T13:27:08.203020+00:00,162,18,3473282879,2,43,42,0,50050050,6,255,255,255,402905241140.6475
1791120428217964,2026-10-04T13:27:08.217964+00:00,162,18,3473297818,2,43,42,0,50050050,6,255,255,255,402905256084.6375
1791120428232948,2026-10-04T13:27:08.232948+00:00,162,18,3473312806,2,43,42,0,50050050,6,255,255,255,402905271068.62756
1791120428247954,2026-10-04T13:27:08.247954+00:00,162,18,3473327813,2,43,42,0,50050050,6,255,255,255,402905286074.61755
1791120428262956,2026-10-04T13:27:08.262956+00:00,162,18,3473342818,2,43,42,0,50050050,6,255,255,255,402905301076.6076
1791120428278042,2026-10-04T13:27:08.278042+00:00,162,18,3473357886,2,43,42,0,50050050,6,255,255,255,402905316162.59753
1791120428293006,2026-10-04T13:27:08.293006+00:00,162,18,3473372856,2,43,42,0,50050050,6,255,255,255,402905331126.5876
1791120428299203,2026-10-04T13:27:08.299203+00:00,162,83,3473379047,2,43,42,0,50050050,6,255,255,255,402905337323.58344
1791120428307963,2026-10-04T13:27:08.307963+00:00,162,18,3473387817,2,43,42,0,50050050,6,255,255,255,402905346083.5776
1791120428322991,2026-10-04T13:27:08.322991+00:00,162,18,3473402839,2,43,42,0,50050050,6,255,255,255,402905361111.56757
1791120428338008,2026-10-04T13:27:08.338008+00:00,162,18,3473417835,2,43,42,0,50050050,6,255,255,255,402905376128.5576
1791120428352961,2026-10-04T13:27:08.352961+00:00,162,18,3473432817,2,43,42,0,50050050,6,255,255,255,402905391081.5476
1791120428368356,2026-10-04T13:27:08.368356+00:00,162,18,3473448209,2,43,42,0,50050050,6,255,255,255,402905406476.53735
1791120428382963,2026-10-04T13:27:08.382963+00:00,162,18,3473462817,2,43,42,0,50050050,6,255,255,255,402905421083.52765
1791120428390511,2026-10-04T13:27:08.390511+00:00,162,18,3473470374,2,43,42,0,50050050,6,255,255,255,402905428631.52264
1791120428397981,2026-10-04T13:27:08.397981+00:00,162,18,3473477830,2,43,42,0,50050050,6,255,255,255,402905436101.51764
1791120428413035,2026-10-04T13:27:08.413035+00:00,162,18,3473492881,2,43,42,0,50050050,6,255,255,255,402905451155.5076
1791120428427578,2026-10-04T13:27:08.427578+00:00,162,83,3473507396,2,43,42,0,50050050,6,255,255,255,402905465698.4979
1791120428428107,2026-10-04T13:27:08.428107+00:00,162,18,3473507977,2,43,42,0,50050050,6,255,255,255,402905466227.49756
1791120428443407,2026-10-04T13:27:08.443407+00:00,162,18,3473522861,2,43,42,0,50050050,6,255,255,255,402905481527.48737
1791120428458020,2026-10-04T13:27:08.458020+00:00,162,18,3473537874,2,43,42,0,50050050,6,255,255,255,402905496140.47766
1791120428472994,2026-10-04T13:27:08.472994+00:00,162,18,3473552857,2,43,42,0,50050050,6,255,255,255,402905511114.4677
1791120428487982,2026-10-04T13:27:08.487982+00:00,162,18,3473567836,2,43,42,0,50050050,6,255,255,255,402905526102.4577
1791120428502996,2026-10-04T13:27:08.502996+00:00,162,18,3473582845,2,43,42,0,50050050,6,255,255,255,402905541116.4477
1791120428518049,2026-10-04T13:27:08.518049+00:00,162,18,3473597902,2,43,42,0,50050050,6,255,255,255,402905556169.4377
1791120428533018,2026-10-04T13:27:08.533018+00:00,162,18,3473612847,2,43,42,0,50050050,6,255,255,255,402905571138.42773
1791120428547996,2026-10-04T13:27:08.547996+00:00,162,18,3473627844,2,43,42,0,50050050,6,255,255,255,402905586116.4177
1791120428551294,2026-10-04T13:27:08.551294+00:00,162,83,3473631141,2,43,42,0,50050050,6,255,255,255,402905589414.4155
1791120428563509,2026-10-04T13:27:08.563509+00:00,162,18,3473643305,2,43,42,0,50050050,6,255,255,255,402905601629.4074
1791120428578260,2026-10-04T13:27:08.578260+00:00,162,18,3473658055,2,43,42,0,50050050,6,255,255,255,402905616380.3976
1791120428593118,2026-10-04T13:27:08.593118+00:00,162,18,3473672968,2,43,42,0,50050050,6,255,255,255,402905631238.3877
1791120428607945,2026-10-04T13:27:08.607945+00:00,162,18,3473687806,2,43,42,0,50050050,6,255,255,255,402905646065.3778
1791120428623012,2026-10-04T13:27:08.623012+00:00,162,18,3473702867,2,43,42,0,50050050,6,255,255,255,402905661132.3678
1791120428637998,2026-10-04T13:27:08.637998+00:00,162,18,3473717854,2,43,42,0,50050050,6,255,255,255,402905676118.3578
1791120428652985,2026-10-04T13:27:08.652985+00:00,162,18,3473732843,2,43,42,0,50050050,6,255,255,255,402905691105.3478
1791120428667975,2026-10-04T13:27:08.667975+00:00,162,18,3473747831,2,43,42,0,50050050,6,255,255,255,402905706095.3378
1791120428675906,2026-10-04T13:27:08.675906+00:00,162,83,3473755760,2,43,42,0,50050050,6,255,255,255,402905714026.3325
1791120428682968,2026-10-04T13:27:08.682968+00:00,162,18,3473762826,2,43,42,0,50050050,6,255,255,255,402905721088.3278
1791120428698029,2026-10-04T13:27:08.698029+00:00,162,18,3473777885,2,43,42,0,50050050,6,255,255,255,402905736149.3178
1791120428712973,2026-10-04T13:27:08.712973+00:00,162,18,3473792836,2,43,42,0,50050050,6,255,255,255,402905751093.30786
1791120428728012,2026-10-04T13:27:08.728012+00:00,162,18,3473807865,2,43,42,0,50050050,6,255,255,255,402905766132.29785
1791120428742988,2026-10-04T13:27:08.742988+00:00,162,18,3473822841,2,43,42,0,50050050,6,255,255,255,402905781108.28784
1791120428757965,2026-10-04T13:27:08.757965+00:00,162,18,3473837828,2,43,42,0,50050050,6,255,255,255,402905796085.2779
1791120428772995,2026-10-04T13:27:08.772995+00:00,162,18,3473852850,2,43,42,0,50050050,6,255,255,255,402905811115.2679
1791120428787964,2026-10-04T13:27:08.787964+00:00,162,18,3473867820,2,43,42,0,50050050,6,255,255,255,402905826084.25793
1791120428802972,2026-10-04T13:27:08.802972+00:00,162,18,3473882832,2,43,42,0,50050050,6,255,255,255,402905841092.2479
1791120428817227,2026-10-04T13:27:08.817227+00:00,162,83,3473897073,2,43,42,0,50050050,6,255,255,255,402905855347.2384
1791120428817968,2026-10-04T13:27:08.817968+00:00,162,18,3473897838,2,43,42,0,50050050,6,255,255,255,402905856088.2379
1791120428833120,2026-10-04T13:27:08.833120+00:00,162,18,3473912956,2,43,42,0,50050050,6,255,255,255,402905871240.22784
1791120428847935,2026-10-04T13:27:08.847935+00:00,162,18,3473927785,2,43,42,0,50050050,6,255,255,255,402905886055.21796
1791120428863126,2026-10-04T13:27:08.863126+00:00,162,18,3473942980,2,43,42,0,50050050,6,255,255,255,402905901246.2078
1791120428878019,2026-10-04T13:27:08.878019+00:00,162,18,3473957867,2,43,42,0,50050050,6,255,255,255,402905916139.19794
1791120428894230,2026-10-04T13:27:08.894230+00:00,162,18,3473974080,2,43,42,0,50050050,6,255,255,255,402905932350.18713
1791120428907995,2026-10-04T13:27:08.907995+00:00,162,18,3473987845,2,43,42,0,50050050,6,255,255,255,402905946115.178
1791120428922932,2026-10-04T13:27:08.922932+00:00,162,18,3474002794,2,43,42,0,50050050,6,255,255,255,402905961052.168
1791120428938052,2026-10-04T13:27:08.938052+00:00,162,18,3474017904,2,43,42,0,50050050,6,255,255,255,402905976172.15796
1791120428952964,2026-10-04T13:27:08.952964+00:00,162,18,3474032816,2,43,42,0,50050050,6,255,255,255,402905991084.148
1791120428954100,2026-10-04T13:27:08.954100+00:00,162,83,3474033969,2,43,42,0,50050050,6,255,255,255,402905992220.1473
1791120428967934,2026-10-04T13:27:08.967934+00:00,162,18,3474047800,2,43,42,0,50050050,6,255,255,255,402906006054.13806
1791120428984242,2026-10-04T13:27:08.984242+00:00,162,18,3474064092,2,43,42,0,50050050,6,255,255,255,402906022362.1272
1791120429005437,2026-10-04T13:27:09.005437+00:00,162,18,3474085294,2,43,42,0,50050050,6,255,255,255,402906043557.11304
1791120429020722,2026-10-04T13:27:09.020722+00:00,162,18,3474100546,2,43,42,0,50050050,6,255,255,255,402906058842.1029
1791120429042963,2026-10-04T13:27:09.042963+00:00,162,18,3474122819,2,43,42,0,50050050,6,255,255,255,402906081083.0881
1791120429051616,2026-10-04T13:27:09.051616+00:00,162,18,3474131481,2,43,42,0,50050050,6,255,255,255,402906089736.08234
1791120429066749,2026-10-04T13:27:09.066749+00:00,162,18,3474146596,2,44,42,0,50050050,14,255,255,255,402906104869.0722
1791120429074221,2026-10-04T13:27:09.074221+00:00,162,18,3474154079,2,44,42,0,50050050,14,255,255,255,402906112341.06726
1791120429088102,2026-10-04T13:27:09.088102+00:00,162,18,3474167958,2,44,42,0,50050050,14,255,255,255,402906126222.058
1791120429091864,2026-10-04T13:27:09.091864+00:00,162,83,3474171718,2,44,42,0,50050050,14,255,255,255,402906129984.0555
1791120429102937,2026-10-04T13:27:09.102937+00:00,162,18,3474182799,2,44,42,0,50050050,14,255,255,255,402906141057.04816
1791120429119245,2026-10-04T13:27:09.119245+00:00,162,18,3474199098,2,44,42,0,50050050,14,255,255,255,402906157365.0373
1791120429132953,2026-10-04T13:27:09.132953+00:00,162,18,3474212812,2,44,42,0,50050050,14,255,255,255,402906171073.02814
1791120429147919,2026-10-04T13:27:09.147919+00:00,162,18,3474227778,2,44,42,0,50050050,14,255,255,255,402906186039.0182
1791120429162935,2026-10-04T13:27:09.162935+00:00,162,18,3474242797,2,44,42,0,50050050,14,255,255,255,402906201055.0082
1791120429186557,2026-10-04T13:27:09.186557+00:00,162,18,3474266416,2,44,42,0,50050050,14,255,255,255,402906224676.99243
1791120429215462,2026-10-04T13:27:09.215462+00:00,162,18,3474295324,2,44,42,0,50050050,14,255,255,255,402906253581.9732
1791120429230479,2026-10-04T13:27:09.230479+00:00,162,18,3474310334,2,44,42,0,50050050,14,255,255,255,402906268598.9632
1791120429230906,2026-10-04T13:27:09.230906+00:00,162,83,3474310772,2,44,42,0,50050050,14,255,255,255,402906269025.9629
1791120429245645,2026-10-04T13:27:09.245645+00:00,162,18,3474325488,2,44,42,0,50050050,14,255,255,255,402906283764.95306
1791120429260588,2026-10-04T13:27:09.260588+00:00,162,18,3474340439,2,44,42,0,50050050,14,255,255,255,402906298707.9431
1791120429269194,2026-10-04T13:27:09.269194+00:00,162,18,3474349050,2,44,42,0,50050050,14,255,255,255,402906307313.9374
1791120429282916,2026-10-04T13:27:09.282916+00:00,162,18,3474362779,2,44,42,0,50050050,14,255,255,255,402906321035.9283
1791120429291582,2026-10-04T13:27:09.291582+00:00,162,18,3474371443,2,44,42,0,50050050,14,255,255,255,402906329701.9225
1791120429306595,2026-10-04T13:27:09.306595+00:00,162,18,3474386448,2,44,42,0,50050050,14,255,255,255,402906344714.9125
1791120429321738,2026-10-04T13:27:09.321738+00:00,162,18,3474401553,2,44,42,0,50050050,14,255,255,255,402906359857.9024
1791120429335439,2026-10-04T13:27:09.335439+00:00,162,18,3474415300,2,44,42,0,50050050,14,255,255,255,402906373558.89325
1791120429350516,2026-10-04T13:27:09.350516+00:00,162,18,3474430366,2,44,42,0,50050050,14,255,255,255,402906388635.88324
1791120429365578,2026-10-04T13:27:09.365578+00:00,162,18,3474445436,2,44,42,0,50050050,14,255,255,255,402906403697.8732
1791120429369166,2026-10-04T13:27:09.369166+00:00,162,83,3474449017,2,44,42,0,50050050,14,255,255,255,402906407285.8708
1791120429380636,2026-10-04T13:27:09.380636+00:00,162,18,3474460495,2,44,42,0,50050050,14,255,255,255,402906418755.86316
1791120429395477,2026-10-04T13:27:09.395477+00:00,162,18,3474475339,2,44,42,0,50050050,14,255,255,255,402906433596.8533
1791120429395908,2026-10-04T13:27:09.395908+00:00,162,18,3474475772,2,44,42,0,50050050,14,255,255,255,402906434027.853
1791120429410493,2026-10-04T13:27:09.410493+00:00,162,18,3474490347,2,44,42,0,50050050,14,255,255,255,402906448612.84326
1791120429425419,2026-10-04T13:27:09.425419+00:00,162,18,3474505276,2,44,42,0,50050050,14,255,255,255,402906463538.8334
1791120429434464,2026-10-04T13:27:09.434464+00:00,162,18,3474514319,2,44,42,0,50050050,14,255,255,255,402906472583.82733
1791120429447995,2026-10-04T13:27:09.447995+00:00,162,18,3474527852,2,44,42,0,50050050,14,255,255,255,402906486114.8183
1791120429462900,2026-10-04T13:27:09.462900+00:00,162,18,3474542759,2,44,42,0,50050050,14,255,255,255,402906501019.8084
1791120429477979,2026-10-04T13:27:09.477979+00:00,162,18,3474557830,2,44,42,0,50050050,14,255,255,255,402906516098.79834
1791120429486680,2026-10-04T13:27:09.486680+00:00,162,18,3474566542,2,44,42,0,50050050,14,255,255,255,402906524799.79254
1791120429500485,2026-10-04T13:27:09.500485+00:00,162,18,3474580341,2,44,42,0,50050050,14,255,255,255,402906538604.7833
1791120429505523,2026-10-04T13:27:09.505523+00:00,162,83,3474585377,2,44,42,0,50050050,14,255,255,255,402906543642.78
1791120429515400,2026-10-04T13:27:09.515400+00:00,162,18,3474595262,2,44,42,0,50050050,14,255,255,255,402906553519.77344
1791120429530651,2026-10-04T13:27:09.530651+00:00,162,18,3474610470,2,44,42,0,50050050,14,255,255,255,402906568770.76324
1791120429545679,2026-10-04T13:27:09.545679+00:00,162,18,3474625537,2,44,42,0,50050050,14,255,255,255,402906583798.75323
1791120429560474,2026-10-04T13:27:09.560474+00:00,162,18,3474640323,2,44,42,0,50050050,14,255,255,255,402906598593.7434
1791120429569202,2026-10-04T13:27:09.569202+00:00,162,18,3474649066,2,44,42,0,50050050,14,255,255,255,402906607321.7376
1791120429582977,2026-10-04T13:27:09.582977+00:00,162,18,3474662832,2,44,42,0,50050050,14,255,255,255,402906621096.7284
1791120429598113,2026-10-04T13:27:09.598113+00:00,162,18,3474677904,2,44,42,0,50050050,14,255,255,255,402906636232.7183
1791120429613106,2026-10-04T13:27:09.613106+00:00,162,18,3474692965,2,44,42,0,50050050,14,255,255,255,402906651225.7084
1791120429628100,2026-10-04T13:27:09.628100+00:00,162,18,3474707961,2,44,42,0,50050050,14,255,255,255,402906666219.69836
1791120429636571,2026-10-04T13:27:09.636571+00:00,162,18,3474716429,2,44,42,0,50050050,14,255,255,255,402906674690.6927
1791120429643621,2026-10-04T13:27:09.643621+00:00,162,83,3474723383,2,44,42,0,50050050,14,255,255,255,402906681740.68805
1791120429650461,2026-10-04T13:27:09.650461+00:00,162,18,3474730323,2,44,42,0,50050050,14,255,255,255,402906688580.6835
1791120429666993,2026-10-04T13:27:09.666993+00:00,162,18,3474746765,2,44,42,0,50050050,14,255,255,255,402906705112.6725
1791120429689185,2026-10-04T13:27:09.689185+00:00,162,18,3474769040,2,44,42,0,50050050,14,255,255,255,402906727304.65765
1791120429704153,2026-10-04T13:27:09.704153+00:00,162,18,3474784015,2,44,42,0,50050050,14,255,255,255,402906742272.6477
1791120429717907,2026-10-04T13:27:09.717907+00:00,162,18,3474797763,2,44,42,0,50050050,14,255,255,255,402906756026.63855
1791120429734223,2026-10-04T13:27:09.734223+00:00,162,18,3474814073,2,44,42,0,50050050,14,255,255,255,402906772342.6277
1791120429747893,2026-10-04T13:27:09.747893+00:00,162,18,3474827758,2,44,42,0,50050050,14,255,255,255,402906786012.6186
1791120429756564,2026-10-04T13:27:09.756564+00:00,162,18,3474836427,2,44,42,0,50050050,14,255,255,255,402906794683.6128
1791120429770494,2026-10-04T13:27:09.770494+00:00,162,18,3474850350,2,44,42,0,50050050,14,255,255,255,402906808613.6035
1791120429780116,2026-10-04T13:27:09.780116+00:00,162,83,3474859954,2,44,42,0,50050050,14,255,255,255,402906818235.5971
1791120429785449,2026-10-04T13:27:09.785449+00:00,162,18,3474865312,2,44,42,0,50050050,14,255,255,255,402906823568.59357
1791120429800456,2026-10-04T13:27:09.800456+00:00,162,18,3474880311,2,44,42,0,50050050,14,255,255,255,402906838575.58356
1791120429815424,2026-10-04T13:27:09.815424+00:00,162,18,3474895282,2,44,42,0,50050050,14,255,255,255,402906853543.5736
1791120429830470,2026-10-04T13:27:09.830470+00:00,162,18,3474910330,2,44,42,0,50050050,14,255,255,255,402906868589.5636
1791120429845521,2026-10-04T13:27:09.845521+00:00,162,18,3474925376,2,44,42,0,50050050,14,255,255,255,402906883640.5535
1791120429860593,2026-10-04T13:27:09.860593+00:00,162,18,3474940444,2,44,42,0,50050050,14,255,255,255,402906898712.5435
1791120429875589,2026-10-04T13:27:09.875589+00:00,162,18,3474955386,2,44,42,0,50050050,14,255,255,255,402906913708.5335
1791120429890397,2026-10-04T13:27:09.890397+00:00,162,18,3474970260,2,44,42,0,50050050,14,255,255,255,402906928516.5237
1791120429905477,2026-10-04T13:27:09.905477+00:00,162,18,3474985335,2,44,42,0,50050050,14,255,255,255,402906943596.5136
1791120429920606,2026-10-04T13:27:09.920606+00:00,162,18,3475000468,2,44,42,0,50050050,14,255,255,255,402906958725.50354
1791120429923909,2026-10-04T13:27:09.923909+00:00,162,83,3475003759,2,44,42,0,50050050,14,255,255,255,402906962028.50134
1791120429935603,2026-10-04T13:27:09.935603+00:00,162,18,3475015455,2,44,42,0,50050050,14,255,255,255,402906973722.4935
1791120429950469,2026-10-04T13:27:09.950469+00:00,162,18,3475030324,2,44,42,0,50050050,14,255,255,255,402906988588.48364
1791120429965507,2026-10-04T13:27:09.965507+00:00,162,18,3475045372,2,44,42,0,50050050,14,255,255,255,402907003626.47363
1791120429980561,2026-10-04T13:27:09.980561+00:00,162,18,3475060419,2,44,42,0,50050050,14,255,255,255,402907018680.4636
1791120429995455,2026-10-04T13:27:09.995455+00:00,162,18,3475075315,2,44,42,0,50050050,14,255,255,255,402907033574.4537
1791120430010622,2026-10-04T13:27:10.010622+00:00,162,18,3475090467,2,44,42,0,50050050,14,255,255,255,402907048741.4436
1791120430025440,2026-10-04T13:27:10.025440+00:00,162,18,3475105300,2,44,42,0,50050050,14,255,255,255,402907063559.4337
1791120430040454,2026-10-04T13:27:10.040454+00:00,162,18,3475120312,2,44,42,0,50050050,14,255,255,255,402907078573.4237
1791120430055448,2026-10-04T13:27:10.055448+00:00,162,18,3475135310,2,44,42,0,50050050,14,255,255,255,402907093567.41376
1791120430059455,2026-10-04T13:27:10.059455+00:00,162,83,3475139288,2,44,42,0,50050050,14,255,255,255,402907097574.4111
1791120430070442,2026-10-04T13:27:10.070442+00:00,162,18,3475150304,2,45,42,0,50050050,12,255,255,255,402907108561.40375
1791120430085422,2026-10-04T13:27:10.085422+00:00,162,18,3475165274,2,45,42,0,50050050,12,255,255,255,402907123541.3938
1791120430100525,2026-10-04T13:27:10.100525+00:00,162,18,3475180378,2,45,42,0,50050050,12,255,255,255,402907138644.3837
1791120430115461,2026-10-04T13:27:10.115461+00:00,162,18,3475195322,2,45,42,0,50050050,12,255,255,255,402907153580.3738
1791120430130504,2026-10-04T13:27:10.130504+00:00,162,18,3475210363,2,45,42,0,50050050,12,255,255,255,402907168623.3638
1791120430145550,2026-10-04T13:27:10.145550+00:00,162,18,3475225366,2,45,42,0,50050050,12,255,255,255,402907183669.3537
1791120430160476,2026-10-04T13:27:10.160476+00:00,162,18,3475240333,2,45,42,0,50050050,12,255,255,255,402907198595.3438
1791120430175418,2026-10-04T13:27:10.175418+00:00,162,18,3475255276,2,45,42,0,50050050,12,255,255,255,402907213537.33386
1791120430190460,2026-10-04T13:27:10.190460+00:00,162,18,3475270319,2,45,42,0,50050050,12,255,255,255,402907228579.3238
1791120430194230,2026-10-04T13:27:10.194230+00:00,162,83,3475274088,2,45,42,0,50050050,12,255,255,255,402907232349.3213
1791120430205444,2026-10-04T13:27:10.205444+00:00,162,18,3475285304,2,45,42,0,50050050,12,255,255,255,402907243563.31384
1791120430221549,2026-10-04T13:27:10.221549+00:00,162,18,3475301409,2,45,42,0,50050050,12,255,255,255,402907259668.3031
1791120430235579,2026-10-04T13:27:10.235579+00:00,162,18,3475315436,2,45,42,0,50050050,12,255,255,255,402907273698.29376
1791120430250421,2026-10-04T13:27:10.250421+00:00,162,18,3475330279,2,45,42,0,50050050,12,255,255,255,402907288540.2839
1791120430265466,2026-10-04T13:27:10.265466+00:00,162,18,3475345325,2,45,42,0,50050050,12,255,255,255,402907303585.27386
1791120430280806,2026-10-04T13:27:10.280806+00:00,162,18,3475360655,2,45,42,0,50050050,12,255,255,255,402907318925.2637
1791120430295452,2026-10-04T13:27:10.295452+00:00,162,18,3475375307,2,45,42,0,50050050,12,255,255,255,402907333571.2539
1791120430310438,2026-10-04T13:27:10.310438+00:00,162,18,3475390299,2,45,42,0,50050050,12,255,255,255,402907348557.2439
1791120430332075,2026-10-04T13:27:10.332075+00:00,162,83,3475411921,2,45,42,0,50050050,12,255,255,255,402907370194.2295
1791120430333125,2026-10-04T13:27:10.333125+00:00,162,18,3475412965,2,45,42,0,50050050,12,255,255,255,402907371244.2288
1791120430347928,2026-10-04T13:27:10.347928+00:00,162,18,3475427786,2,45,42,0,50050050,12,255,255,255,402907386047.21893
1791120430377968,2026-10-04T13:27:10.377968+00:00,162,18,3475457812,2,45,42,0,50050050,12,255,255,255,402907416087.1989
1791120430415453,2026-10-04T13:27:10.415453+00:00,162,18,3475495314,2,45,42,0,50050050,12,255,255,255,402907453572.17395
1791120430415840,2026-10-04T13:27:10.415840+00:00,162,18,3475495719,2,45,42,0,50050050,12,255,255,255,402907453959.1737
1791120430439127,2026-10-04T13:27:10.439127+00:00,162,18,3475518986,2,45,42,0,50050050,12,255,255,255,402907477246.1582
1791120430469189,2026-10-04T13:27:10.469189+00:00,162,18,3475549041,2,45,42,0,50050050,12,255,255,255,402907507308.1382
1791120430470309,2026-10-04T13:27:10.470309+00:00,162,83,3475550154,2,45,42,0,50050050,12,255,255,255,402907508428.13745
1791120430490402,2026-10-04T13:27:10.490402+00:00,162,18,3475570261,2,45,42,0,50050050,12,255,255,255,402907528521.124
1791120430506688,2026-10-04T13:27:10.506688+00:00,162,18,3475586549,2,45,42,0,50050050,12,255,255,255,402907544807.1132
1791120430520424,2026-10-04T13:27:10.520424+00:00,162,18,3475600291,2,45,42,0,50050050,12,255,255,255,402907558543.10406
1791120430604476,2026-10-04T13:27:10.604476+00:00,162,83,3475684317,2,45,42,0,50050050,12,255,255,255,402907642595.0481
1791120430626535,2026-10-04T13:27:10.626535+00:00,162,18,3475706389,2,45,42,0,50050050,12,255,255,255,402907664654.0334
1791120430641595,2026-10-04T13:27:10.641595+00:00,162,18,3475721448,2,45,42,0,50050050,12,255,255,255,402907679714.0234
1791120430670432,2026-10-04T13:27:10.670432+00:00,162,18,3475750299,2,45,42,0,50050050,12,255,255,255,402907708551.00415
1791120430679157,2026-10-04T13:27:10.679157+00:00,162,18,3475759016,2,45,42,0,50050050,12,255,255,255,402907717275.99835
1791120430693198,2026-10-04T13:27:10.693198+00:00,162,18,3475772997,2,45,42,0,50050050,12,255,255,255,402907731316.98895
1791120430708030,2026-10-04T13:27:10.708030+00:00,162,18,3475787888,2,45,42,0,50050050,12,255,255,255,402907746148.9791
1791120430722932,2026-10-04T13:27:10.722932+00:00,162,18,3475802783,2,45,42,0,50050050,12,255,255,255,402907761050.9692
1791120430737884,2026-10-04T13:27:10.737884+00:00,162,18,3475817735,2,45,42,0,50050050,12,255,255,255,402907776002.9592
1791120430741888,2026-10-04T13:27:10.741888+00:00,162,83,3475821744,2,45,42,0,50050050,12,255,255,255,402907780006.95654
1791120430753241,2026-10-04T13:27:10.753241+00:00,162,18,3475833036,2,45,42,0,50050050,12,255,255,255,402907791359.949
1791120430767907,2026-10-04T13:27:10.767907+00:00,162,18,3475847760,2,45,42,0,50050050,12,255,255,255,402907806025.9392
1791120430782902,2026-10-04T13:27:10.782902+00:00,162,18,3475862755,2,45,42,0,50050050,12,255,255,255,402907821020.92926
1791120430798087,2026-10-04T13:27:10.798087+00:00,162,18,3475877946,2,45,42,0,50050050,12,255,255,255,402907836205.9191
1791120430812964,2026-10-04T13:27:10.812964+00:00,162,18,3475892820,2,45,42,0,50050050,12,255,255,255,402907851082.90924
1791120430828217,2026-10-04T13:27:10.828217+00:00,162,18,3475908061,2,45,42,0,50050050,12,255,255,255,402907866335.89905
1791120430842887,2026-10-04T13:27:10.842887+00:00,162,18,3475922753,2,45,42,0,50050050,12,255,255,255,402907881005.8893
1791120430857890,2026-10-04T13:27:10.857890+00:00,162,18,3475937749,2,45,42,0,50050050,12,255,255,255,402907896008.8793
1791120430872917,2026-10-04T13:27:10.872917+00:00,162,18,3475952771,2,45,42,0,50050050,12,255,255,255,402907911035.86926
1791120430874014,2026-10-04T13:27:10.874014+00:00,162,83,3475953885,2,45,42,0,50050050,12,255,255,255,402907912132.8685
1791120430887983,2026-10-04T13:27:10.887983+00:00,162,18,3475967841,2,45,42,0,50050050,12,255,255,255,402907926101.85925
1791120430902932,2026-10-04T13:27:10.902932+00:00,162,18,3475982781,2,45,42,0,50050050,12,255,255,255,402907941050.8493
1791120430918172,2026-10-04T13:27:10.918172+00:00,162,18,3475997990,2,45,42,0,50050050,12,255,255,255,402907956290.8392
1791120430932907,2026-10-04T13:27:10.932907+00:00,162,18,3476012768,2,45,42,0,50050050,12,255,255,255,402907971025.82935
1791120430941638,2026-10-04T13:27:10.941638+00:00,162,18,3476021496,2,45,42,0,50050050,12,255,255,255,402907979756.8235
1791120430955482,2026-10-04T13:27:10.955482+00:00,162,18,3476035332,2,45,42,0,50050050,12,255,255,255,402907993600.8143
1791120430970379,2026-10-04T13:27:10.970379+00:00,162,18,3476050238,2,45,42,0,50050050,12,255,255,255,402908008497.8044
1791120430985442,2026-10-04T13:27:10.985442+00:00,162,18,3476065298,2,45,42,0,50050050,12,255,255,255,402908023560.7943
1791120431000591,2026-10-04T13:27:11.000591+00:00,162,18,3476080445,2,45,42,0,50050050,12,255,255,255,402908038709.78424
1791120431008689,2026-10-04T13:27:11.008689+00:00,162,83,3476088544,2,45,42,0,50050050,12,255,255,255,402908046807.7789
1791120431015444,2026-10-04T13:27:11.015444+00:00,162,18,3476095308,2,45,42,0,50050050,12,255,255,255,402908053562.77435
1791120431030428,2026-10-04T13:27:11.030428+00:00,162,18,3476110282,2,45,42,0,50050050,12,255,255,255,402908068546.7644
1791120431045418,2026-10-04T13:27:11.045418+00:00,162,18,3476125277,2,45,42,0,50050050,12,255,255,255,402908083536.7544
1791120431060427,2026-10-04T13:27:11.060427+00:00,162,18,3476140286,2,45,42,0,50050050,12,255,255,255,402908098545.7444
1791120431083002,2026-10-04T13:27:11.083002+00:00,162,18,3476162863,2,46,42,0,50050050,4,255,255,255,402908121120.7294
1791120431091527,2026-10-04T13:27:11.091527+00:00,162,18,3476171391,2,46,42,0,50050050,4,255,255,255,402908129645.7237
1791120431106520,2026-10-04T13:27:11.106520+00:00,162,18,3476186381,2,46,42,0,50050050,4,255,255,255,402908144638.7137
1791120431121529,2026-10-04T13:27:11.121529+00:00,162,18,3476201392,2,46,42,0,50050050,4,255,255,255,402908159647.7037
1791120431135454,2026-10-04T13:27:11.135454+00:00,162,18,3476215305,2,46,42,0,50050050,4,255,255,255,402908173572.69446
1791120431145542,2026-10-04T13:27:11.145542+00:00,162,83,3476225381,2,46,42,0,50050050,4,255,255,255,402908183660.6877
1791120431150418,2026-10-04T13:27:11.150418+00:00,162,18,3476230281,2,46,42,0,50050050,4,255,255,255,402908188536.68445
1791120431165391,2026-10-04T13:27:11.165391+00:00,162,18,3476245245,2,46,42,0,50050050,4,255,255,255,402908203509.6745
1791120431181662,2026-10-04T13:27:11.181662+00:00,162,18,3476261454,2,46,42,0,50050050,4,255,255,255,402908219780.66364
1791120431210471,2026-10-04T13:27:11.210471+00:00,162,18,3476290327,2,46,42,0,50050050,4,255,255,255,402908248589.6445
1791120431220545,2026-10-04T13:27:11.220545+00:00,162,18,3476300400,2,46,42,0,50050050,4,255,255,255,402908258663.63776
1791120431232908,2026-10-04T13:27:11.232908+00:00,162,18,3476312769,2,46,42,0,50050050,4,255,255,255,402908271026.6295
1791120431255417,2026-10-04T13:27:11.255417+00:00,162,18,3476335278,2,46,42,0,50050050,4,255,255,255,402908293535.6145
1791120431263913,2026-10-04T13:27:11.263913+00:00,162,18,3476343693,2,46,42,0,50050050,4,255,255,255,402908302031.6089
1791120431288597,2026-10-04T13:27:11.288597+00:00,162,83,3476368427,2,46,42,0,50050050,4,255,255,255,402908326715.5924
1791120431399239,2026-10-04T13:27:11.399239+00:00,162,18,3476479093,2,46,42,0,50050050,4,255,255,255,402908437357.51874
1791120431420881,2026-10-04T13:27:11.420881+00:00,162,18,3476500657,2,46,42,0,50050050,4,255,255,255,402908458999.50433
1791120431421487,2026-10-04T13:27:11.421487+00:00,162,18,3476501313,2,46,42,0,50050050,4,255,255,255,402908459605.5039
1791120431422787,2026-10-04T13:27:11.422787+00:00,162,83,3476502643,2,46,42,0,50050050,4,255,255,255,402908460905.50305
1791120431429222,2026-10-04T13:27:11.429222+00:00,162,18,3476509090,2,46,42,0,50050050,4,255,255,255,402908467340.4988
1791120431443017,2026-10-04T13:27:11.443017+00:00,162,18,3476522875,2,46,42,0,50050050,4,255,255,255,402908481135.48956
1791120431451702,2026-10-04T13:27:11.451702+00:00,162,18,3476531429,2,46,42,0,50050050,4,255,255,255,402908489820.4838
1791120431465411,2026-10-04T13:27:11.465411+00:00,162,18,3476545270,2,46,42,0,50050050,4,255,255,255,402908503529.4747
1791120431480480,2026-10-04T13:27:11.480480+00:00,162,18,3476560317,2,46,42,0,50050050,4,255,255,255,402908518598.46466
1791120431495478,2026-10-04T13:27:11.495478+00:00,162,18,3476575336,2,46,42,0,50050050,4,255,255,255,402908533596.45465
1791120431510412,2026-10-04T13:27:11.510412+00:00,162,18,3476590271,2,46,42,0,50050050,4,255,255,255,402908548530.4447
1791120431525467,2026-10-04T13:27:11.525467+00:00,162,18,3476605327,2,46,42,0,50050050,4,255,255,255,402908563585.4347
1791120431540397,2026-10-04T13:27:11.540397+00:00,162,18,3476620259,2,46,42,0,50050050,4,255,255,255,402908578515.42474
1791120431549537,2026-10-04T13:27:11.549537+00:00,162,18,3476629400,2,46,42,0,50050050,4,255,255,255,402908587655.41864
1791120431558930,2026-10-04T13:27:11.558930+00:00,162,83,3476638768,2,46,42,0,50050050,4,255,255,255,402908597048.4124
1791120431563007,2026-10-04T13:27:11.563007+00:00,162,18,3476642871,2,46,42,0,50050050,4,255,255,255,402908601125.40967
1791120431577938,2026-10-04T13:27:11.577938+00:00,162,18,3476657795,2,46,42,0,50050050,4,255,255,255,402908616056.3997
1791120431594099,2026-10-04T13:27:11.594099+00:00,162,18,3476673965,2,46,42,0,50050050,4,255,255,255,402908632217.389
1791120431616819,2026-10-04T13:27:11.616819+00:00,162,18,3476696677,2,46,42,0,50050050,4,255,255,255,402908654937.37384
1791120431631619,2026-10-04T13:27:11.631619+00:00,162,18,3476711471,2,46,42,0,50050050,4,255,255,255,402908669737.36395
1791120431645863,2026-10-04T13:27:11.645863+00:00,162,18,3476725687,2,46,42,0,50050050,4,255,255,255,402908683981.3545
1791120431661592,2026-10-04T13:27:11.661592+00:00,162,18,3476741451,2,46,42,0,50050050,4,255,255,255,402908699710.344
1791120431675382,2026-10-04T13:27:11.675382+00:00,162,18,3476755247,2,46,42,0,50050050,4,255,255,255,402908713500.33484
1791120431684136,2026-10-04T13:27:11.684136+00:00,162,18,3476764000,2,46,42,0,50050050,4,255,255,255,402908722254.329
1791120431695391,2026-10-04T13:27:11.695391+00:00,162,83,3476775239,2,46,42,0,50050050,4,255,255,255,402908733509.3215
1791120431698035,2026-10-04T13:27:11.698035+00:00,162,18,3476777898,2,46,42,0,50050050,4,255,255,255,402908736153.31976
1791120431713174,2026-10-04T13:27:11.713174+00:00,162,18,3476792972,2,46,42,0,50050050,4,255,255,255,402908751292.30963
1791120431729133,2026-10-04T13:27:11.729133+00:00,162,18,3476808981,2,46,42,0,50050050,4,255,255,255,402908767251.299
1791120431742909,2026-10-04T13:27:11.742909+00:00,162,18,3476822770,2,46,42,0,50050050,4,255,255,255,402908781027.28986
1791120431758137,2026-10-04T13:27:11.758137+00:00,162,18,3476837910,2,46,42,0,50050050,4,255,255,255,402908796255.2797
1791120431772887,2026-10-04T13:27:11.772887+00:00,162,18,3476852746,2,46,42,0,50050050,4,255,255,255,402908811005.2699
1791120431787987,2026-10-04T13:27:11.787987+00:00,162,18,3476867842,2,46,42,0,50050050,4,255,255,255,402908826105.2598
1791120431802921,2026-10-04T13:27:11.802921+00:00,162,18,3476882783,2,46,42,0,50050050,4,255,255,255,402908841039.2499
1791120431817925,2026-10-04T13:27:11.817925+00:00,162,18,3476897782,2,46,42,0,50050050,4,255,255,255,402908856043.23987
1791120431833707,2026-10-04T13:27:11.833707+00:00,162,18,3476913533,2,46,42,0,50050050,4,255,255,255,402908871825.2294
1791120431837184,2026-10-04T13:27:11.837184+00:00,162,83,3476917021,2,46,42,0,50050050,4,255,255,255,402908875302.22705
1791120431849141,2026-10-04T13:27:11.849141+00:00,162,18,3476928999,2,46,42,0,50050050,4,255,255,255,402908887259.2191
1791120431862956,2026-10-04T13:27:11.862956+00:00,162,18,3476942815,2,46,42,0,50050050,4,255,255,255,402908901074.2099
1791120431877932,2026-10-04T13:27:11.877932+00:00,162,18,3476957791,2,46,42,0,50050050,4,255,255,255,402908916050.19995
1791120431892914,2026-10-04T13:27:11.892914+00:00,162,18,3476972769,2,46,42,0,50050050,4,255,255,255,402908931032.18994
1791120431908087,2026-10-04T13:27:11.908087+00:00,162,18,3476987903,2,46,42,0,50050050,4,255,255,255,402908946205.1798
1791120431922917,2026-10-04T13:27:11.922917+00:00,162,18,3477002775,2,46,42,0,50050050,4,255,255,255,402908961035.17
1791120431938144,2026-10-04T13:27:11.938144+00:00,162,18,3477018005,2,46,42,0,50050050,4,255,255,255,402908976262.1598
1791120431952892,2026-10-04T13:27:11.952892+00:00,162,18,3477032755,2,46,42,0,50050050,4,255,255,255,402908991010.15
1791120431967939,2026-10-04T13:27:11.967939+00:00,162,18,3477047792,2,46,42,0,50050050,4,255,255,255,402909006057.13995
1791120431979636,2026-10-04T13:27:11.979636+00:00,162,83,3477059468,2,46,42,0,50050050,4,255,255,255,402909017754.1322
1791120431982927,2026-10-04T13:27:11.982927+00:00,162,18,3477062787,2,46,42,0,50050050,4,255,255,255,402909021045.13
1791120431999266,2026-10-04T13:27:11.999266+00:00,162,18,3477079133,2,46,42,0,50050050,4,255,255,255,402909037384.11914
1791120432012918,2026-10-04T13:27:12.012918+00:00,162,18,3477092781,2,46,42,0,50050050,4,255,255,255,402909051036.11005
1791120432027867,2026-10-04T13:27:12.027867+00:00,162,18,3477107716,2,46,42,0,50050050,4,255,255,255,402909065985.10004
1791120432042861,2026-10-04T13:27:12.042861+00:00,162,18,3477122723,2,46,42,0,50050050,4,255,255,255,402909080979.0901
1791120432057868,2026-10-04T13:27:12.057868+00:00,162,18,3477137726,2,46,42,0,50050050,4,255,255,255,402909095986.0801
1791120432072966,2026-10-04T13:27:12.072966+00:00,162,18,3477152826,2,47,42,0,50050050,14,255,255,255,402909111084.07
1791120432087988,2026-10-04T13:27:12.087988+00:00,162,18,3477167841,2,47,42,0,50050050,14,255,255,255,402909126106.06
1791120432104228,2026-10-04T13:27:12.104228+00:00,162,18,3477184080,2,47,42,0,50050050,14,255,255,255,402909142346.0492
1791120432117877,2026-10-04T13:27:12.117877+00:00,162,18,3477197740,2,47,42,0,50050050,14,255,255,255,402909155995.0401
1791120432120912,2026-10-04T13:27:12.120912+00:00,162,83,3477200768,2,47,42,0,50050050,14,255,255,255,402909159030.0381
1791120432132996,2026-10-04T13:27:12.132996+00:00,162,18,3477212855,2,47,42,0,50050050,14,255,255,255,402909171114.03
1791120432149237,2026-10-04T13:27:12.149237+00:00,162,18,3477229099,2,47,42,0,50050050,14,255,255,255,402909187355.0192
1791120432162917,2026-10-04T13:27:12.162917+00:00,162,18,3477242784,2,47,42,0,50050050,14,255,255,255,402909201035.01013
1791120432177920,2026-10-04T13:27:12.177920+00:00,162,18,3477257781,2,47,42,0,50050050,14,255,255,255,402909216038.0001
1791120432192939,2026-10-04T13:27:12.192939+00:00,162,18,3477272794,2,47,42,0,50050050,14,255,255,255,402909231056.9901
1791120432207954,2026-10-04T13:27:12.207954+00:00,162,18,3477287783,2,47,42,0,50050050,14,255,255,255,402909246071.9801
1791120432222919,2026-10-04T13:27:12.222919+00:00,162,18,3477302779,2,47,42,0,50050050,14,255,255,255,402909261036.97015
1791120432237881,2026-10-04T13:27:12.237881+00:00,162,18,3477317740,2,47,42,0,50050050,14,255,255,255,402909275998.9602
1791120432247448,2026-10-04T13:27:12.247448+00:00,162,83,3477327294,2,47,42,0,50050050,14,255,255,255,402909285565.9538
1791120432252888,2026-10-04T13:27:12.252888+00:00,162,18,3477332748,2,47,42,0,50050050,14,255,255,255,402909291005.9502
1791120432268337,2026-10-04T13:27:12.268337+00:00,162,18,3477348128,2,47,42,0,50050050,14,255,255,255,402909306454.9399
1791120432283104,2026-10-04T13:27:12.283104+00:00,162,18,3477362959,2,47,42,0,50050050,14,255,255,255,402909321221.93005
1791120432297962,2026-10-04T13:27:12.297962+00:00,162,18,3477377804,2,47,42,0,50050050,14,255,255,255,402909336079.92017
1791120432314153,2026-10-04T13:27:12.314153+00:00,162,18,3477394003,2,47,42,0,50050050,14,255,255,255,402909352270.90936
1791120432329245,2026-10-04T13:27:12.329245+00:00,162,18,3477409084,2,47,42,0,50050050,14,255,255,255,402909367362.89935
1791120432342949,2026-10-04T13:27:12.342949+00:00,162,18,3477422795,2,47,42,0,50050050,14,255,255,255,402909381066.8902
1791120432386847,2026-10-04T13:27:12.386847+00:00,162,83,3477466686,2,47,42,0,50050050,14,255,255,255,402909424964.86096
1791120432447890,2026-10-04T13:27:12.447890+00:00,162,18,3477527740,2,47,42,0,50050050,14,255,255,255,402909486007.8203
1791120432448354,2026-10-04T13:27:12.448354+00:00,162,18,3477528215,2,47,42,0,50050050,14,255,255,255,402909486471.82
1791120432463055,2026-10-04T13:27:12.463055+00:00,162,18,3477542912,2,47,42,0,50050050,14,255,255,255,402909501172.81024
1791120432477886,2026-10-04T13:27:12.477886+00:00,162,18,3477557751,2,47,42,0,50050050,14,255,255,255,402909516003.80035
1791120432494089,2026-10-04T13:27:12.494089+00:00,162,18,3477573945,2,47,42,0,50050050,14,255,255,255,402909532206.78955
1791120432515397,2026-10-04T13:27:12.515397+00:00,162,18,3477595233,2,47,42,0,50050050,14,255,255,255,402909553514.7753
1791120432524853,2026-10-04T13:27:12.524853+00:00,162,83,3477604704,2,47,42,0,50050050,14,255,255,255,402909562970.76904
1791120432531776,2026-10-04T13:27:12.531776+00:00,162,18,3477611545,2,47,42,0,50050050,14,255,255,255,402909569893.76447
1791120432546651,2026-10-04T13:27:12.546651+00:00,162,18,3477626442,2,47,42,0,50050050,14,255,255,255,402909584768.7545
1791120432560550,2026-10-04T13:27:12.560550+00:00,162,18,3477640361,2,47,42,0,50050050,14,255,255,255,402909598667.7453
1791120432575352,2026-10-04T13:27:12.575352+00:00,162,18,3477655215,2,47,42,0,50050050,14,255,255,255,402909613469.7354
1791120432590370,2026-10-04T13:27:12.590370+00:00,162,18,3477670228,2,47,42,0,50050050,14,255,255,255,402909628487.7254
1791120432605404,2026-10-04T13:27:12.605404+00:00,162,18,3477685218,2,47,42,0,50050050,14,255,255,255,402909643521.7154
1791120432620501,2026-10-04T13:27:12.620501+00:00,162,18,3477700356,2,47,42,0,50050050,14,255,255,255,402909658618.7054
1791120432635349,2026-10-04T13:27:12.635349+00:00,162,18,3477715212,2,47,42,0,50050050,14,255,255,255,402909673466.6955
1791120432650360,2026-10-04T13:27:12.650360+00:00,162,18,3477730225,2,47,42,0,50050050,14,255,255,255,402909688477.6855
1791120432662695,2026-10-04T13:27:12.662695+00:00,162,83,3477742535,2,47,42,0,50050050,14,255,255,255,402909700812.67725
1791120432665508,2026-10-04T13:27:12.665508+00:00,162,18,3477745369,2,47,42,0,50050050,14,255,255,255,402909703625.67535
1791120432680379,2026-10-04T13:27:12.680379+00:00,162,18,3477760242,2,47,42,0,50050050,14,255,255,255,402909718496.66547
1791120432695373,2026-10-04T13:27:12.695373+00:00,162,18,3477775232,2,47,42,0,50050050,14,255,255,255,402909733490.6555
1791120432710392,2026-10-04T13:27:12.710392+00:00,162,18,3477790252,2,47,42,0,50050050,14,255,255,255,402909748509.6455
1791120432725613,2026-10-04T13:27:12.725613+00:00,162,18,3477805474,2,47,42,0,50050050,14,255,255,255,402909763730.6354
1791120432740371,2026-10-04T13:27:12.740371+00:00,162,18,3477820228,2,47,42,0,50050050,14,255,255,255,402909778488.62555
1791120432755355,2026-10-04T13:27:12.755355+00:00,162,18,3477835217,2,47,42,0,50050050,14,255,255,255,402909793472.61554
1791120432770408,2026-10-04T13:27:12.770408+00:00,162,18,3477850265,2,47,42,0,50050050,14,255,255,255,402909808525.6055
1791120432785442,2026-10-04T13:27:12.785442+00:00,162,18,3477865294,2,47,42,0,50050050,14,255,255,255,402909823559.5955
1791120432798925,2026-10-04T13:27:12.798925+00:00,162,83,3477878758,2,47,42,0,50050050,14,255,255,255,402909837042.58655
1791120432800395,2026-10-04T13:27:12.800395+00:00,162,18,3477880261,2,47,42,0,50050050,14,255,255,255,402909838512.5856
1791120432815380,2026-10-04T13:27:12.815380+00:00,162,18,3477895237,2,47,42,0,50050050,14,255,255,255,402909853497.57556
1791120432830430,2026-10-04T13:27:12.830430+00:00,162,18,3477910279,2,47,42,0,50050050,14,255,255,255,402909868547.56555
1791120432845469,2026-10-04T13:27:12.845469+00:00,162,18,3477925318,2,47,42,0,50050050,14,255,255,255,402909883586.55554
1791120432860692,2026-10-04T13:27:12.860692+00:00,162,18,3477940494,2,47,42,0,50050050,14,255,255,255,402909898809.5454
1791120432875403,2026-10-04T13:27:12.875403+00:00,162,18,3477955257,2,47,42,0,50050050,14,255,255,255,402909913520.5356
1791120432890435,2026-10-04T13:27:12.890435+00:00,162,18,3477970281,2,47,42,0,50050050,14,255,255,255,402909928552.5256
1791120432899260,2026-10-04T13:27:12.899260+00:00,162,18,3477979094,2,47,42,0,50050050,14,255,255,255,402909937377.5197
1791120432912964,2026-10-04T13:27:12.912964+00:00,162,18,3477992820,2,47,42,0,50050050,14,255,255,255,402909951081.51056
1791120432927927,2026-10-04T13:27:12.927927+00:00,162,18,3478007776,2,47,42,0,50050050,14,255,255,255,402909966044.5006
1791120432942940,2026-10-04T13:27:12.942940+00:00,162,18,3478022787,2,47,42,0,50050050,14,255,255,255,402909981057.4906
1791120432944678,2026-10-04T13:27:12.944678+00:00,162,83,3478024541,2,47,42,0,50050050,14,255,255,255,402909982795.48944
1791120432957866,2026-10-04T13:27:12.957866+00:00,162,18,3478037721,2,47,42,0,50050050,14,255,255,255,402909995983.48065
1791120432972891,2026-10-04T13:27:12.972891+00:00,162,18,3478052740,2,47,42,0,50050050,14,255,255,255,402910011008.47064
1791120432989084,2026-10-04T13:27:12.989084+00:00,162,18,3478068946,2,47,42,0,50050050,14,255,255,255,402910027201.4599
1791120433002879,2026-10-04T13:27:13.002879+00:00,162,18,3478082741,2,47,42,0,50050050,14,255,255,255,402910040996.4507
1791120433017972,2026-10-04T13:27:13.017972+00:00,162,18,3478097831,2,47,42,0,50050050,14,255,255,255,402910056089.4406
1791120433033316,2026-10-04T13:27:13.033316+00:00,162,18,3478113126,2,47,42,0,50050050,14,255,255,255,402910071433.4304
1791120433041481,2026-10-04T13:27:13.041481+00:00,162,18,3478121344,2,47,42,0,50050050,14,255,255,255,402910079598.425
1791120433071450,2026-10-04T13:27:13.071450+00:00,162,18,3478151302,2,48,42,0,50050050,6,255,255,255,402910109567.405
1791120433074072,2026-10-04T13:27:13.074072+00:00,162,83,3478153921,2,48,42,0,50050050,6,255,255,255,402910112189.40326
1791120433085684,2026-10-04T13:27:13.085684+00:00,162,18,3478165509,2,48,42,0,50050050,6,255,255,255,402910123801.3955
1791120433124115,2026-10-04T13:27:13.124115+00:00,162,18,3478203978,2,48,42,0,50050050,6,255,255,255,402910162232.36993
1791120433137848,2026-10-04T13:27:13.137848+00:00,162,18,3478217707,2,48,42,0,50050050,6,255,255,255,402910175965.3608
1791120433146499,2026-10-04T13:27:13.146499+00:00,162,18,3478226360,2,48,42,0,50050050,6,255,255,255,402910184616.35504
1791120433160385,2026-10-04T13:27:13.160385+00:00,162,18,3478240236,2,48,42,0,50050050,6,255,255,255,402910198502.34576
1791120433190375,2026-10-04T13:27:13.190375+00:00,162,18,3478270234,2,48,42,0,50050050,6,255,255,255,402910228492.3258
1791120433205398,2026-10-04T13:27:13.205398+00:00,162,18,3478285247,2,48,42,0,50050050,6,255,255,255,402910243515.3158
1791120433215916,2026-10-04T13:27:13.215916+00:00,162,18,3478295756,2,48,42,0,50050050,6,255,255,255,402910254033.3088
1791120433216359,2026-10-04T13:27:13.216359+00:00,162,83,3478296222,2,48,42,0,50050050,6,255,255,255,402910254476.3085
1791120433235390,2026-10-04T13:27:13.235390+00:00,162,18,3478315251,2,48,42,0,50050050,6,255,255,255,402910273507.29584
1791120433250570,2026-10-04T13:27:13.250570+00:00,162,18,3478330424,2,48,42,0,50050050,6,255,255,255,402910288687.2857
1791120433260824,2026-10-04T13:27:13.260824+00:00,162,18,3478340668,2,48,42,0,50050050,6,255,255,255,402910298941.2789
1791120433272861,2026-10-04T13:27:13.272861+00:00,162,18,3478352720,2,48,42,0,50050050,6,255,255,255,402910310978.2709
1791120433289137,2026-10-04T13:27:13.289137+00:00,162,18,3478368987,2,48,42,0,50050050,6,255,255,255,402910327254.26
1791120433302857,2026-10-04T13:27:13.302857+00:00,162,18,3478382720,2,48,42,0,50050050,6,255,255,255,402910340974.2509
1791120433317887,2026-10-04T13:27:13.317887+00:00,162,18,3478397738,2,48,42,0,50050050,6,255,255,255,402910356004.2409
1791120433332905,2026-10-04T13:27:13.332905+00:00,162,18,3478412754,2,48,42,0,50050050,6,255,255,255,402910371022.2309
1791120433341561,2026-10-04T13:27:13.341561+00:00,162,18,3478421380,2,48,42,0,50050050,6,255,255,255,402910379678.2251
1791120433350510,2026-10-04T13:27:13.350510+00:00,162,83,3478430353,2,48,42,0,50050050,6,255,255,255,402910388627.2192
1791120433355504,2026-10-04T13:27:13.355504+00:00,162,18,3478435367,2,48,42,0,50050050,6,255,255,255,402910393621.2158
1791120433370354,2026-10-04T13:27:13.370354+00:00,162,18,3478450211,2,48,42,0,50050050,6,255,255,255,402910408471.20593
1791120433379183,2026-10-04T13:27:13.379183+00:00,162,18,3478459041,2,48,42,0,50050050,6,255,255,255,402910417300.2001
1791120433392854,2026-10-04T13:27:13.392854+00:00,162,18,3478472713,2,48,42,0,50050050,6,255,255,255,402910430971.191
1791120433408008,2026-10-04T13:27:13.408008+00:00,162,18,3478487813,2,48,42,0,50050050,6,255,255,255,402910446125.18085
1791120433424107,2026-10-04T13:27:13.424107+00:00,162,18,3478503963,2,48,42,0,50050050,6,255,255,255,402910462224.17017
1791120433437899,2026-10-04T13:27:13.437899+00:00,162,18,3478517746,2,48,42,0,50050050,6,255,255,255,402910476016.16095
1791120433452873,2026-10-04T13:27:13.452873+00:00,162,18,3478532729,2,48,42,0,50050050,6,255,255,255,402910490990.151
1791120433453483,2026-10-04T13:27:13.453483+00:00,162,18,3478533351,2,48,42,0,50050050,6,255,255,255,402910491600.1506
1791120433467983,2026-10-04T13:27:13.467983+00:00,162,18,3478547833,2,48,42,0,50050050,6,255,255,255,402910506100.1409
1791120433482871,2026-10-04T13:27:13.482871+00:00,162,18,3478562723,2,48,42,0,50050050,6,255,255,255,402910520988.131
1791120433490672,2026-10-04T13:27:13.490672+00:00,162,83,3478570532,2,48,42,0,50050050,6,255,255,255,402910528789.1258
1791120433498304,2026-10-04T13:27:13.498304+00:00,162,18,3478577740,2,48,42,0,50050050,6,255,255,255,402910536421.1207
1791120433512870,2026-10-04T13:27:13.512870+00:00,162,18,3478592724,2,48,42,0,50050050,6,255,255,255,402910550987.111
1791120433527911,2026-10-04T13:27:13.527911+00:00,162,18,3478607765,2,48,42,0,50050050,6,255,255,255,402910566028.101
1791120433543144,2026-10-04T13:27:13.543144+00:00,162,18,3478622947,2,48,42,0,50050050,6,255,255,255,402910581261.0909
1791120433559012,2026-10-04T13:27:13.559012+00:00,162,18,3478638867,2,48,42,0,50050050,6,255,255,255,402910597129.08026
1791120433572885,2026-10-04T13:27:13.572885+00:00,162,18,3478652736,2,48,42,0,50050050,6,255,255,255,402910611002.07104
1791120433587881,2026-10-04T13:27:13.587881+00:00,162,18,3478667737,2,48,42,0,50050050,6,255,255,255,402910625998.06104
1791120433603155,2026-10-04T13:27:13.603155+00:00,162,18,3478682961,2,48,42,0,50050050,6,255,255,255,402910641272.0509
1791120433617844,2026-10-04T13:27:13.617844+00:00,162,18,3478697702,2,48,42,0,50050050,6,255,255,255,402910655961.0411
1791120433626670,2026-10-04T13:27:13.626670+00:00,162,18,3478706522,2,48,42,0,50050050,6,255,255,255,402910664787.0352
1791120433638079,2026-10-04T13:27:13.638079+00:00,162,83,3478717917,2,48,42,0,50050050,6,255,255,255,402910676196.02765
1791120433640448,2026-10-04T13:27:13.640448+00:00,162,18,3478720310,2,48,42,0,50050050,6,255,255,255,402910678565.02606
1791120433655447,2026-10-04T13:27:13.655447+00:00,162,18,3478735308,2,48,42,0,50050050,6,255,255,255,402910693564.01605
1791120433670489,2026-10-04T13:27:13.670489+00:00,162,18,3478750332,2,48,42,0,50050050,6,255,255,255,402910708606.00604
1791120433685378,2026-10-04T13:27:13.685378+00:00,162,18,3478765236,2,48,42,0,50050050,6,255,255,255,402910723494.9961
1791120433700582,2026-10-04T13:27:13.700582+00:00,162,18,3478780431,2,48,42,0,50050050,6,255,255,255,402910738698.986
1791120433715353,2026-10-04T13:27:13.715353+00:00,162,18,3478795204,2,48,42,0,50050050,6,255,255,255,402910753469.97614
1791120433730369,2026-10-04T13:27:13.730369+00:00,162,18,3478810221,2,48,42,0,50050050,6,255,255,255,402910768485.9662
1791120433745421,2026-10-04T13:27:13.745421+00:00,162,18,3478825260,2,48,42,0,50050050,6,255,255,255,402910783537.9561
1791120433760334,2026-10-04T13:27:13.760334+00:00,162,18,3478840200,2,48,42,0,50050050,6,255,255,255,402910798450.9462
1791120433775494,2026-10-04T13:27:13.775494+00:00,162,18,3478855352,2,48,42,0,50050050,6,255,255,255,402910813610.9361
1791120433780185,2026-10-04T13:27:13.780185+00:00,162,83,3478860028,2,48,42,0,50050050,6,255,255,255,402910818301.933
1791120433790367,2026-10-04T13:27:13.790367+00:00,162,18,3478870224,2,48,42,0,50050050,6,255,255,255,402910828483.9262
1791120433805390,2026-10-04T13:27:13.805390+00:00,162,18,3478885248,2,48,42,0,50050050,6,255,255,255,402910843506.9162
1791120433814102,2026-10-04T13:27:13.814102+00:00,162,18,3478893874,2,48,42,0,50050050,6,255,255,255,402910852218.9104
1791120433827880,2026-10-04T13:27:13.827880+00:00,162,18,3478907743,2,48,42,0,50050050,6,255,255,255,402910865996.90125
1791120433850395,2026-10-04T13:27:13.850395+00:00,162,18,3478930252,2,48,42,0,50050050,6,255,255,255,402910888511.8862
1791120433911505,2026-10-04T13:27:13.911505+00:00,162,18,3478991366,2,48,42,0,50050050,6,255,255,255,402910949621.8455
1791120433914571,2026-10-04T13:27:13.914571+00:00,162,83,3478994418,2,48,42,0,50050050,6,255,255,255,402910952687.8435
1791120433925836,2026-10-04T13:27:13.925836+00:00,162,18,3479005649,2,48,42,0,50050050,6,255,255,255,402910963952.836
1791120433934088,2026-10-04T13:27:13.934088+00:00,162,18,3479013942,2,48,42,0,50050050,6,255,255,255,402910972204.8305
1791120433947849,2026-10-04T13:27:13.947849+00:00,162,18,3479027709,2,48,42,0,50050050,6,255,255,255,402910985965.8213
1791120433964233,2026-10-04T13:27:13.964233+00:00,162,18,3479044093,2,48,42,0,50050050,6,255,255,255,402911002349.8104
1791120433978022,2026-10-04T13:27:13.978022+00:00,162,18,3479057881,2,48,42,0,50050050,6,255,255,255,402911016138.8012
1791120433994273,2026-10-04T13:27:13.994273+00:00,162,18,3479074122,2,48,42,0,50050050,6,255,255,255,402911032389.7904
1791120434007883,2026-10-04T13:27:14.007883+00:00,162,18,3479087716,2,48,42,0,50050050,6,255,255,255,402911045999.7813
1791120434022902,2026-10-04T13:27:14.022902+00:00,162,18,3479102700,2,48,42,0,50050050,6,255,255,255,402911061018.7713
1791120434045519,2026-10-04T13:27:14.045519+00:00,162,18,3479125368,2,48,42,0,50050050,6,255,255,255,402911083635.7563
1791120434052504,2026-10-04T13:27:14.052504+00:00,162,83,3479132347,2,48,42,0,50050050,6,255,255,255,402911090620.7516
1791120434060402,2026-10-04T13:27:14.060402+00:00,162,18,3479140258,2,48,42,0,50050050,6,255,255,255,402911098518.74634
1791120434076790,2026-10-04T13:27:14.076790+00:00,162,18,3479156616,2,49,42,0,50050050,10,255,255,255,402911114906.7354
1791120434106496,2026-10-04T13:27:14.106496+00:00,162,18,3479186354,2,49,42,0,50050050,10,255,255,255,402911144612.71564
1791120434120455,2026-10-04T13:27:14.120455+00:00,162,18,3479200308,2,49,42,0,50050050,10,255,255,255,402911158571.70636
1791120434166708,2026-10-04T13:27:14.166708+00:00,162,18,3479246554,2,49,42,0,50050050,10,255,255,255,402911204824.67554
1791120434181513,2026-10-04T13:27:14.181513+00:00,162,18,3479261365,2,49,42,0,50050050,10,255,255,255,402911219629.6657
1791120434195199,2026-10-04T13:27:14.195199+00:00,162,83,3479275027,2,49,42,0,50050050,10,255,255,255,402911233315.65656
1791120434202945,2026-10-04T13:27:14.202945+00:00,162,18,3479282809,2,49,42,0,50050050,10,255,255,255,402911241061.6514
1791120434217877,2026-10-04T13:27:14.217877+00:00,162,18,3479297728,2,49,42,0,50050050,10,255,255,255,402911255993.6415
1791120434279126,2026-10-04T13:27:14.279126+00:00,162,18,3479358978,2,49,42,0,50050050,10,255,255,255,402911317242.60065
1791120434294061,2026-10-04T13:27:14.294061+00:00,162,18,3479373915,2,49,42,0,50050050,10,255,255,255,402911332177.5907
1791120434330415,2026-10-04T13:27:14.330415+00:00,162,18,3479410269,2,49,42,0,50050050,10,255,255,255,402911368531.5665
1791120434344651,2026-10-04T13:27:14.344651+00:00,162,83,3479424437,2,49,42,0,50050050,10,255,255,255,402911382767.557
1791120434382887,2026-10-04T13:27:14.382887+00:00,162,18,3479462742,2,49,42,0,50050050,10,255,255,255,402911421003.53156
1791120434406657,2026-10-04T13:27:14.406657+00:00,162,18,3479486518,2,49,42,0,50050050,10,255,255,255,402911444773.51575
1791120434479638,2026-10-04T13:27:14.479638+00:00,162,83,3479559475,2,49,42,0,50050050,10,255,255,255,402911517754.4671
1791120434594073,2026-10-04T13:27:14.594073+00:00,162,18,3479673932,2,49,42,0,50050050,10,255,255,255,402911632189.3909
1791120434594562,2026-10-04T13:27:14.594562+00:00,162,18,3479674420,2,49,42,0,50050050,10,255,255,255,402911632678.39056
1791120434610191,2026-10-04T13:27:14.610191+00:00,162,83,3479690033,2,49,42,0,50050050,10,255,255,255,402911648307.3802
1791120434616521,2026-10-04T13:27:14.616521+00:00,162,18,3479696378,2,49,42,0,50050050,10,255,255,255,402911654637.376
1791120434638179,2026-10-04T13:27:14.638179+00:00,162,18,3479718033,2,49,42,0,50050050,10,255,255,255,402911676295.3615
1791120434653023,2026-10-04T13:27:14.653023+00:00,162,18,3479732871,2,49,42,0,50050050,10,255,255,255,402911691139.3516
1791120434675435,2026-10-04T13:27:14.675435+00:00,162,18,3479755291,2,49,42,0,50050050,10,255,255,255,402911713551.33673
1791120434684777,2026-10-04T13:27:14.684777+00:00,162,18,3479764530,2,49,42,0,50050050,10,255,255,255,402911722893.3305
1791120434713094,2026-10-04T13:27:14.713094+00:00,162,18,3479792947,2,49,42,0,50050050,10,255,255,255,402911751210.31165
1791120434723412,2026-10-04T13:27:14.723412+00:00,162,18,3479803230,2,49,42,0,50050050,10,255,255,255,402911761528.30475
1791120434742887,2026-10-04T13:27:14.742887+00:00,162,18,3479822742,2,49,42,0,50050050,10,255,255,255,402911781003.2918
1791120434754591,2026-10-04T13:27:14.754591+00:00,162,83,3479834425,2,49,42,0,50050050,10,255,255,255,402911792707.284
1791120434766842,2026-10-04T13:27:14.766842+00:00,162,18,3479846681,2,49,42,0,50050050,10,255,255,255,402911804958.2758
1791120434780636,2026-10-04T13:27:14.780636+00:00,162,18,3479860484,2,49,42,0,50050050,10,255,255,255,402911818752.26666
1791120434795387,2026-10-04T13:27:14.795387+00:00,162,18,3479875244,2,49,42,0,50050050,10,255,255,255,402911833503.25684
1791120434811756,2026-10-04T13:27:14.811756+00:00,162,18,3479891609,2,49,42,0,50050050,10,255,255,255,402911849872.2459
1791120434825377,2026-10-04T13:27:14.825377+00:00,162,18,3479905228,2,49,42,0,50050050,10,255,255,255,402911863493.2369
1791120434840456,2026-10-04T13:27:14.840456+00:00,162,18,3479920295,2,49,42,0,50050050,10,255,255,255,402911878572.2268
1791120434855486,2026-10-04T13:27:14.855486+00:00,162,18,3479935336,2,49,42,0,50050050,10,255,255,255,402911893602.2168
1791120434870387,2026-10-04T13:27:14.870387+00:00,162,18,3479950250,2,49,42,0,50050050,10,255,255,255,402911908503.2069
1791120434885447,2026-10-04T13:27:14.885447+00:00,162,18,3479965306,2,49,42,0,50050050,10,255,255,255,402911923563.19684
1791120434897411,2026-10-04T13:27:14.897411+00:00,162,83,3479977255,2,49,42,0,50050050,10,255,255,255,402911935527.1889
1791120434900409,2026-10-04T13:27:14.900409+00:00,162,18,3479980246,2,49,42,0,50050050,10,255,255,255,402911938525.1869
1791120434915380,2026-10-04T13:27:14.915380+00:00,162,18,3479995230,2,49,42,0,50050050,10,255,255,255,402911953496.17694
1791120434930352,2026-10-04T13:27:14.930352+00:00,162,18,3480010193,2,49,42,0,50050050,10,255,255,255,402911968468.16693
1791120434945341,2026-10-04T13:27:14.945341+00:00,162,18,3480025197,2,49,42,0,50050050,10,255,255,255,402911983457.157
1791120434960358,2026-10-04T13:27:14.960358+00:00,162,18,3480040204,2,49,42,0,50050050,10,255,255,255,402911998474.147
1791120434975345,2026-10-04T13:27:14.975345+00:00,162,18,3480055204,2,49,42,0,50050050,10,255,255,255,402912013461.13696
1791120434984126,2026-10-04T13:27:14.984126+00:00,162,18,3480063989,2,49,42,0,50050050,10,255,255,255,402912022242.1311
1791120434997826,2026-10-04T13:27:14.997826+00:00,162,18,3480077687,2,49,42,0,50050050,10,255,255,255,402912035942.122
1791120435012825,2026-10-04T13:27:15.012825+00:00,162,18,3480092680,2,49,42,0,50050050,10,255,255,255,402912050941.112
1791120435016649,2026-10-04T13:27:15.016649+00:00,162,83,3480096492,2,49,42,0,50050050,10,255,255,255,402912054765.1095
1791120435029046,2026-10-04T13:27:15.029046+00:00,162,18,3480108902,2,49,42,0,50050050,10,255,255,255,402912067162.1012
1791120435042829,2026-10-04T13:27:15.042829+00:00,162,18,3480122686,2,49,42,0,50050050,10,255,255,255,402912080945.09204
1791120435057845,2026-10-04T13:27:15.057845+00:00,162,18,3480137694,2,49,42,0,50050050,10,255,255,255,402912095961.08203
1791120435074079,2026-10-04T13:27:15.074079+00:00,162,18,3480153934,2,50,42,0,50050050,12,255,255,255,402912112195.0712
1791120435087923,2026-10-04T13:27:15.087923+00:00,162,18,3480167782,2,50,42,0,50050050,12,255,255,255,402912126039.062
1791120435102963,2026-10-04T13:27:15.102963+00:00,162,18,3480182816,2,50,42,0,50050050,12,255,255,255,402912141079.052
1791120435113787,2026-10-04T13:27:15.113787+00:00,162,18,3480193637,2,50,42,0,50050050,12,255,255,255,402912151903.0448
1791120435125333,2026-10-04T13:27:15.125333+00:00,162,18,3480205196,2,50,42,0,50050050,12,255,255,255,402912163449.0371
1791120435140708,2026-10-04T13:27:15.140708+00:00,162,18,3480220471,2,50,42,0,50050050,12,255,255,255,402912178824.02686
1791120435155324,2026-10-04T13:27:15.155324+00:00,162,18,3480235176,2,50,42,0,50050050,12,255,255,255,402912193440.0171
1791120435155763,2026-10-04T13:27:15.155763+00:00,162,83,3480235630,2,50,42,0,50050050,12,255,255,255,402912193879.01685
1791120435164127,2026-10-04T13:27:15.164127+00:00,162,18,3480243990,2,50,42,0,50050050,12,255,255,255,402912202243.0112
1791120435177817,2026-10-04T13:27:15.177817+00:00,162,18,3480257678,2,50,42,0,50050050,12,255,255,255,402912215933.00214
1791120435192861,2026-10-04T13:27:15.192861+00:00,162,18,3480272725,2,50,42,0,50050050,12,255,255,255,402912230976.9921
1791120435207819,2026-10-04T13:27:15.207819+00:00,162,18,3480287678,2,50,42,0,50050050,12,255,255,255,402912245934.9821
1791120435216476,2026-10-04T13:27:15.216476+00:00,162,18,3480296334,2,50,42,0,50050050,12,255,255,255,402912254591.9764
1791120435230329,2026-10-04T13:27:15.230329+00:00,162,18,3480310190,2,50,42,0,50050050,12,255,255,255,402912268444.96716
1791120435260311,2026-10-04T13:27:15.260311+00:00,162,18,3480340171,2,50,42,0,50050050,12,255,255,255,402912298426.9472
1791120435275384,2026-10-04T13:27:15.275384+00:00,162,18,3480355234,2,50,42,0,50050050,12,255,255,255,402912313499.93713
1791120435289509,2026-10-04T13:27:15.289509+00:00,162,83,3480369337,2,50,42,0,50050050,12,255,255,255,402912327624.92773
1791120435290362,2026-10-04T13:27:15.290362+00:00,162,18,3480370221,2,50,42,0,50050050,12,255,255,255,402912328477.9272
1791120435306535,2026-10-04T13:27:15.306535+00:00,162,18,3480386390,2,50,42,0,50050050,12,255,255,255,402912344650.9164
1791120435320393,2026-10-04T13:27:15.320393+00:00,162,18,3480400249,2,50,42,0,50050050,12,255,255,255,402912358508.90717
1791120435335401,2026-10-04T13:27:15.335401+00:00,162,18,3480415253,2,50,42,0,50050050,12,255,255,255,402912373516.89716
1791120435343972,2026-10-04T13:27:15.343972+00:00,162,18,3480423831,2,50,42,0,50050050,12,255,255,255,402912382087.8915
1791120435357878,2026-10-04T13:27:15.357878+00:00,162,18,3480437719,2,50,42,0,50050050,12,255,255,255,402912395993.8822
1791120435372885,2026-10-04T13:27:15.372885+00:00,162,18,3480452736,2,50,42,0,50050050,12,255,255,255,402912411000.8722
1791120435387914,2026-10-04T13:27:15.387914+00:00,162,18,3480467762,2,50,42,0,50050050,12,255,255,255,402912426029.8622
1791120435402843,2026-10-04T13:27:15.402843+00:00,162,18,3480482688,2,50,42,0,50050050,12,255,255,255,402912440958.85223
1791120435411571,2026-10-04T13:27:15.411571+00:00,162,18,3480491411,2,50,42,0,50050050,12,255,255,255,402912449686.84644
1791120435419732,2026-10-04T13:27:15.419732+00:00,162,83,3480499584,2,50,42,0,50050050,12,255,255,255,402912457847.841
1791120435425390,2026-10-04T13:27:15.425390+00:00,162,18,3480505191,2,50,42,0,50050050,12,255,255,255,402912463505.8372
1791120435441492,2026-10-04T13:27:15.441492+00:00,162,18,3480521344,2,50,42,0,50050050,12,255,255,255,402912479607.82654
1791120435477837,2026-10-04T13:27:15.477837+00:00,162,18,3480557697,2,50,42,0,50050050,12,255,255,255,402912515952.8023
1791120435486560,2026-10-04T13:27:15.486560+00:00,162,18,3480566411,2,50,42,0,50050050,12,255,255,255,402912524675.7965
1791120435501538,2026-10-04T13:27:15.501538+00:00,162,18,3480581371,2,50,42,0,50050050,12,255,255,255,402912539653.7865
1791120435515428,2026-10-04T13:27:15.515428+00:00,162,18,3480595277,2,50,42,0,50050050,12,255,255,255,402912553543.7773
1791120435530356,2026-10-04T13:27:15.530356+00:00,162,18,3480610216,2,50,42,0,50050050,12,255,255,255,402912568471.76733
1791120435539083,2026-10-04T13:27:15.539083+00:00,162,18,3480618940,2,50,42,0,50050050,12,255,255,255,402912577198.76154
1791120435552924,2026-10-04T13:27:15.552924+00:00,162,18,3480632778,2,50,42,0,50050050,12,255,255,255,402912591039.7523
1791120435559540,2026-10-04T13:27:15.559540+00:00,162,83,3480639385,2,50,42,0,50050050,12,255,255,255,402912597655.74786
1791120435561613,2026-10-04T13:27:15.561613+00:00,162,18,3480641477,2,50,42,0,50050050,12,255,255,255,402912599728.7465
1791120435576507,2026-10-04T13:27:15.576507+00:00,162,18,3480656367,2,50,42,0,50050050,12,255,255,255,402912614622.7366
1791120435696731,2026-10-04T13:27:15.696731+00:00,162,18,3480776583,2,50,42,0,50050050,12,255,255,255,402912734846.6565
1791120435697219,2026-10-04T13:27:15.697219+00:00,162,18,3480777071,2,50,42,0,50050050,12,255,255,255,402912735334.6562
1791120435703078,2026-10-04T13:27:15.703078+00:00,162,83,3480782939,2,50,42,0,50050050,12,255,255,255,402912741193.6523
1791120435711728,2026-10-04T13:27:15.711728+00:00,162,18,3480791564,2,50,42,0,50050050,12,255,255,255,402912749843.64655
1791120435725337,2026-10-04T13:27:15.725337+00:00,162,18,3480805190,2,50,42,0,50050050,12,255,255,255,402912763452.63745
1791120435740344,2026-10-04T13:27:15.740344+00:00,162,18,3480820199,2,50,42,0,50050050,12,255,255,255,402912778459.62744
1791120435749105,2026-10-04T13:27:15.749105+00:00,162,18,3480828954,2,50,42,0,50050050,12,255,255,255,402912787220.62164
1791120435762836,2026-10-04T13:27:15.762836+00:00,162,18,3480842684,2,50,42,0,50050050,12,255,255,255,402912800951.6125
1791120435777853,2026-10-04T13:27:15.777853+00:00,162,18,3480857712,2,50,42,0,50050050,12,255,255,255,402912815968.6025
1791120435792856,2026-10-04T13:27:15.792856+00:00,162,18,3480872682,2,50,42,0,50050050,12,255,255,255,402912830971.59247
1791120435807831,2026-10-04T13:27:15.807831+00:00,162,18,3480887686,2,50,42,0,50050050,12,255,255,255,402912845946.5825
1791120435822827,2026-10-04T13:27:15.822827+00:00,162,18,3480902684,2,50,42,0,50050050,12,255,255,255,402912860942.5725
1791120435837899,2026-10-04T13:27:15.837899+00:00,162,18,3480917750,2,50,42,0,50050050,12,255,255,255,402912876014.5625
1791120435845877,2026-10-04T13:27:15.845877+00:00,162,83,3480925723,2,50,42,0,50050050,12,255,255,255,402912883992.5572
1791120435846536,2026-10-04T13:27:15.846536+00:00,162,18,3480926396,2,50,42,0,50050050,12,255,255,255,402912884651.55676
1791120435861533,2026-10-04T13:27:15.861533+00:00,162,18,3480941392,2,50,42,0,50050050,12,255,255,255,402912899648.54675
1791120435875368,2026-10-04T13:27:15.875368+00:00,162,18,3480955189,2,50,42,0,50050050,12,255,255,255,402912913483.53754
1791120435890352,2026-10-04T13:27:15.890352+00:00,162,18,3480970212,2,50,42,0,50050050,12,255,255,255,402912928467.5276
1791120435905287,2026-10-04T13:27:15.905287+00:00,162,18,3480985148,2,50,42,0,50050050,12,255,255,255,402912943402.51764
1791120435920380,2026-10-04T13:27:15.920380+00:00,162,18,3481000238,2,50,42,0,50050050,12,255,255,255,402912958495.50757
1791120435935411,2026-10-04T13:27:15.935411+00:00,162,18,3481015269,2,50,42,0,50050050,12,255,255,255,402912973526.49756
1791120435950369,2026-10-04T13:27:15.950369+00:00,162,18,3481030176,2,50,42,0,50050050,12,255,255,255,402912988484.4876
1791120435965399,2026-10-04T13:27:15.965399+00:00,162,18,3481045256,2,50,42,0,50050050,12,255,255,255,402913003514.4776
1791120435980593,2026-10-04T13:27:15.980593+00:00,162,18,3481060387,2,50,42,0,50050050,12,255,255,255,402913018708.46747
1791120435982072,2026-10-04T13:27:15.982072+00:00,162,83,3481061916,2,50,42,0,50050050,12,255,255,255,402913020187.4665
1791120435995510,2026-10-04T13:27:15.995510+00:00,162,18,3481075367,2,50,42,0,50050050,12,255,255,255,402913033625.4575
1791120436010367,2026-10-04T13:27:16.010367+00:00,162,18,3481090177,2,50,42,0,50050050,12,255,255,255,402913048482.44763
1791120436025285,2026-10-04T13:27:16.025285+00:00,162,18,3481105143,2,50,42,0,50050050,12,255,255,255,402913063400.4377
1791120436040311,2026-10-04T13:27:16.040311+00:00,162,18,3481120175,2,50,42,0,50050050,12,255,255,255,402913078426.4277
1791120436055639,2026-10-04T13:27:16.055639+00:00,162,18,3481135497,2,50,42,0,50050050,12,255,255,255,402913093754.4175
1791120436070350,2026-10-04T13:27:16.070350+00:00,162,18,3481150168,2,50,42,0,50050050,12,255,255,255,402913108465.40765
1791120436078602,2026-10-04T13:27:16.078602+00:00,162,18,3481158457,2,51,42,0,50050050,14,255,255,255,402913116717.40216
1791120436093429,2026-10-04T13:27:16.093429+00:00,162,18,3481173282,2,51,42,0,50050050,14,255,255,255,402913131544.39233
1791120436107858,2026-10-04T13:27:16.107858+00:00,162,18,3481187699,2,51,42,0,50050050,14,255,255,255,402913145973.3827
1791120436117887,2026-10-04T13:27:16.117887+00:00,162,83,3481197730,2,51,42,0,50050050,14,255,255,255,402913156002.37604
1791120436122863,2026-10-04T13:27:16.122863+00:00,162,18,3481202728,2,51,42,0,50050050,14,255,255,255,402913160978.3727
1791120436139069,2026-10-04T13:27:16.139069+00:00,162,18,3481218928,2,51,42,0,50050050,14,255,255,255,402913177184.36194
1791120436153264,2026-10-04T13:27:16.153264+00:00,162,18,3481233111,2,51,42,0,50050050,14,255,255,255,402913191379.3525
1791120436168277,2026-10-04T13:27:16.168277+00:00,162,18,3481248026,2,51,42,0,50050050,14,255,255,255,402913206392.34247
1791120436176509,2026-10-04T13:27:16.176509+00:00,162,18,3481256367,2,51,42,0,50050050,14,255,255,255,402913214624.337
1791120436191534,2026-10-04T13:27:16.191534+00:00,162,18,3481271397,2,51,42,0,50050050,14,255,255,255,402913229649.32697
1791120436205354,2026-10-04T13:27:16.205354+00:00,162,18,3481285202,2,51,42,0,50050050,14,255,255,255,402913243469.31775
1791120436214037,2026-10-04T13:27:16.214037+00:00,162,18,3481293898,2,51,42,0,50050050,14,255,255,255,402913252152.312
1791120436229007,2026-10-04T13:27:16.229007+00:00,162,18,3481308864,2,51,42,0,50050050,14,255,255,255,402913267122.302
1791120436243975,2026-10-04T13:27:16.243975+00:00,162,18,3481323830,2,51,42,0,50050050,14,255,255,255,402913282090.29205
1791120436257841,2026-10-04T13:27:16.257841+00:00,162,18,3481337685,2,51,42,0,50050050,14,255,255,255,402913295956.28284
1791120436260671,2026-10-04T13:27:16.260671+00:00,162,83,3481340529,2,51,42,0,50050050,14,255,255,255,402913298786.28094
1791120436272909,2026-10-04T13:27:16.272909+00:00,162,18,3481352766,2,51,42,0,50050050,14,255,255,255,402913311024.27277
1791120436289069,2026-10-04T13:27:16.289069+00:00,162,18,3481368928,2,51,42,0,50050050,14,255,255,255,402913327184.262
1791120436303026,2026-10-04T13:27:16.303026+00:00,162,18,3481382781,2,51,42,0,50050050,14,255,255,255,402913341141.2527
1791120436311499,2026-10-04T13:27:16.311499+00:00,162,18,3481391347,2,51,42,0,50050050,14,255,255,255,402913349614.2471
1791120436325626,2026-10-04T13:27:16.325626+00:00,162,18,3481405448,2,51,42,0,50050050,14,255,255,255,402913363741.2377
1791120436362840,2026-10-04T13:27:16.362840+00:00,162,18,3481442687,2,51,42,0,50050050,14,255,255,255,402913400955.2129
1791120436371527,2026-10-04T13:27:16.371527+00:00,162,18,3481451366,2,51,42,0,50050050,14,255,255,255,402913409642.2071
1791120436376324,2026-10-04T13:27:16.376324+00:00,162,83,3481456147,2,51,42,0,50050050,14,255,255,255,402913414439.2039
1791120436407828,2026-10-04T13:27:16.407828+00:00,162,18,3481487662,2,51,42,0,50050050,14,255,255,255,402913445943.1829
1791120436422820,2026-10-04T13:27:16.422820+00:00,162,18,3481502667,2,51,42,0,50050050,14,255,255,255,402913460935.1729
1791120436438964,2026-10-04T13:27:16.438964+00:00,162,18,3481518824,2,51,42,0,50050050,14,255,255,255,402913477079.1622
1791120436453270,2026-10-04T13:27:16.453270+00:00,162,18,3481533119,2,51,42,0,50050050,14,255,255,255,402913491385.15265
1791120436469002,2026-10-04T13:27:16.469002+00:00,162,18,3481548839,2,51,42,0,50050050,14,255,255,255,402913507117.14215
1791120436482798,2026-10-04T13:27:16.482798+00:00,162,18,3481562658,2,51,42,0,50050050,14,255,255,255,402913520913.133
1791120436491444,2026-10-04T13:27:16.491444+00:00,162,18,3481571308,2,51,42,0,50050050,14,255,255,255,402913529559.1272
1791120436505405,2026-10-04T13:27:16.505405+00:00,162,18,3481585257,2,51,42,0,50050050,14,255,255,255,402913543520.1179
1791120436520286,2026-10-04T13:27:16.520286+00:00,162,18,3481600146,2,51,42,0,50050050,14,255,255,255,402913558401.10803
1791120436520747,2026-10-04T13:27:16.520747+00:00,162,83,3481600612,2,51,42,0,50050050,14,255,255,255,402913558862.1077
1791120436535317,2026-10-04T13:27:16.535317+00:00,162,18,3481615171,2,51,42,0,50050050,14,255,255,255,402913573432.098
1791120436550305,2026-10-04T13:27:16.550305+00:00,162,18,3481630161,2,51,42,0,50050050,14,255,255,255,402913588420.088
1791120436565695,2026-10-04T13:27:16.565695+00:00,162,18,3481645421,2,51,42,0,50050050,14,255,255,255,402913603810.07776
1791120436580337,2026-10-04T13:27:16.580337+00:00,162,18,3481660195,2,51,42,0,50050050,14,255,255,255,402913618452.068
1791120436595330,2026-10-04T13:27:16.595330+00:00,162,18,3481675184,2,51,42,0,50050050,14,255,255,255,402913633445.05804
1791120436610319,2026-10-04T13:27:16.610319+00:00,162,18,3481690157,2,51,42,0,50050050,14,255,255,255,402913648434.04803
1791120436625318,2026-10-04T13:27:16.625318+00:00,162,18,3481705173,2,51,42,0,50050050,14,255,255,255,402913663433.0381
1791120436634061,2026-10-04T13:27:16.634061+00:00,162,18,3481713915,2,51,42,0,50050050,14,255,255,255,402913672176.0322
1791120436647834,2026-10-04T13:27:16.647834+00:00,162,18,3481727684,2,51,42,0,50050050,14,255,255,255,402913685949.0231
1791120436660533,2026-10-04T13:27:16.660533+00:00,162,83,3481740350,2,51,42,0,50050050,14,255,255,255,402913698648.0146
1791120436663230,2026-10-04T13:27:16.663230+00:00,162,18,3481743054,2,51,42,0,50050050,14,255,255,255,402913701345.0128
1791120436677811,2026-10-04T13:27:16.677811+00:00,162,18,3481757666,2,51,42,0,50050050,14,255,255,255,402913715926.0031
1791120436692782,2026-10-04T13:27:16.692782+00:00,162,18,3481772636,2,51,42,0,50050050,14,255,255,255,402913730896.9931
1791120436700447,2026-10-04T13:27:16.700447+00:00,162,18,3481780307,2,51,42,0,50050050,14,255,255,255,402913738561.98804
1791120436707805,2026-10-04T13:27:16.707805+00:00,162,18,3481787641,2,51,42,0,50050050,14,255,255,255,402913745919.9831
1791120436722767,2026-10-04T13:27:16.722767+00:00,162,18,3481802630,2,51,42,0,50050050,14,255,255,255,402913760881.97314
1791120436737833,2026-10-04T13:27:16.737833+00:00,162,18,3481817693,2,51,42,0,50050050,14,255,255,255,402913775947.96313
1791120436752845,2026-10-04T13:27:16.752845+00:00,162,18,3481832705,2,51,42,0,50050050,14,255,255,255,402913790959.9531
1791120436768135,2026-10-04T13:27:16.768135+00:00,162,18,3481847671,2,51,42,0,50050050,14,255,255,255,402913806249.94293
1791120436776435,2026-10-04T13:27:16.776435+00:00,162,18,3481856290,2,51,42,0,50050050,14,255,255,255,402913814549.93744
1791120436790305,2026-10-04T13:27:16.790305+00:00,162,18,3481870142,2,51,42,0,50050050,14,255,255,255,402913828419.92816
1791120436791872,2026-10-04T13:27:16.791872+00:00,162,83,3481871731,2,51,42,0,50050050,14,255,255,255,402913829986.9271
1791120436805261,2026-10-04T13:27:16.805261+00:00,162,18,3481885121,2,51,42,0,50050050,14,255,255,255,402913843375.9182
1791120436820360,2026-10-04T13:27:16.820360+00:00,162,18,3481900220,2,51,42,0,50050050,14,255,255,255,402913858474.90814
1791120436835342,2026-10-04T13:27:16.835342+00:00,162,18,3481915173,2,51,42,0,50050050,14,255,255,255,402913873456.8982
1791120436850874,2026-10-04T13:27:16.850874+00:00,162,18,3481930627,2,51,42,0,50050050,14,255,255,255,402913888988.8878
1791120436865308,2026-10-04T13:27:16.865308+00:00,162,18,3481945166,2,51,42,0,50050050,14,255,255,255,402913903422.87823
1791120436874011,2026-10-04T13:27:16.874011+00:00,162,18,3481953863,2,51,42,0,50050050,14,255,255,255,402913912125.87244
1791120436887869,2026-10-04T13:27:16.887869+00:00,162,18,3481967673,2,51,42,0,50050050,14,255,255,255,402913925983.8632
1791120436902858,2026-10-04T13:27:16.902858+00:00,162,18,3481982714,2,51,42,0,50050050,14,255,255,255,402913940972.8532
1791120436917829,2026-10-04T13:27:16.917829+00:00,162,18,3481997638,2,51,42,0,50050050,14,255,255,255,402913955943.84326
1791120436928148,2026-10-04T13:27:16.928148+00:00,162,83,3482007995,2,51,42,0,50050050,14,255,255,255,402913966262.83636
1791120436932774,2026-10-04T13:27:16.932774+00:00,162,18,3482012637,2,51,42,0,50050050,14,255,255,255,402913970888.8333
1791120436947777,2026-10-04T13:27:16.947777+00:00,162,18,3482027641,2,51,42,0,50050050,14,255,255,255,402913985891.8233
1791120436963219,2026-10-04T13:27:16.963219+00:00,162,18,3482043073,2,51,42,0,50050050,14,255,255,255,402914001333.813
1791120436977784,2026-10-04T13:27:16.977784+00:00,162,18,3482057647,2,51,42,0,50050050,14,255,255,255,402914015898.8033
1791120436992810,2026-10-04T13:27:16.992810+00:00,162,18,3482072669,2,51,42,0,50050050,14,255,255,255,402914030924.7933
1791120437007906,2026-10-04T13:27:17.007906+00:00,162,18,3482087752,2,51,42,0,50050050,14,255,255,255,402914046020.78326
1791120437024031,2026-10-04T13:27:17.024031+00:00,162,18,3482103890,2,51,42,0,50050050,14,255,255,255,402914062145.7725
1791120437053961,2026-10-04T13:27:17.053961+00:00,162,18,3482133815,2,51,42,0,50050050,14,255,255,255,402914092075.75256
1791120437068683,2026-10-04T13:27:17.068683+00:00,162,83,3482148449,2,51,42,0,50050050,14,255,255,255,402914106797.7428
1791120437099143,2026-10-04T13:27:17.099143+00:00,162,18,3482178882,2,52,42,0,50050050,12,255,255,255,402914137257.7225
1791120437113933,2026-10-04T13:27:17.113933+00:00,162,18,3482193794,2,52,42,0,50050050,12,255,255,255,402914152047.71265
1791120437188144,2026-10-04T13:27:17.188144+00:00,162,18,3482267937,2,52,42,0,50050050,12,255,255,255,402914226258.6632
1791120437197764,2026-10-04T13:27:17.197764+00:00,162,83,3482277601,2,52,42,0,50050050,12,255,255,255,402914235878.6568
1791120437317136,2026-10-04T13:27:17.317136+00:00,162,83,3482396972,2,52,42,0,50050050,12,255,255,255,402914355250.5773
1791120437367795,2026-10-04T13:27:17.367795+00:00,162,18,3482447649,2,52,42,0,50050050,12,255,255,255,402914405909.5436
1791120437454224,2026-10-04T13:27:17.454224+00:00,162,83,3482534062,2,52,42,0,50050050,12,255,255,255,402914492338.48596
1791120437563946,2026-10-04T13:27:17.563946+00:00,162,18,3482643802,2,52,42,0,50050050,12,255,255,255,402914602060.4129
1791120437577917,2026-10-04T13:27:17.577917+00:00,162,18,3482657773,2,52,42,0,50050050,12,255,255,255,402914616031.4036
1791120437590336,2026-10-04T13:27:17.590336+00:00,162,83,3482670187,2,52,42,0,50050050,12,255,255,255,402914628450.3953
1791120437600534,2026-10-04T13:27:17.600534+00:00,162,18,3482680321,2,52,42,0,50050050,12,255,255,255,402914638648.38855
1791120437615325,2026-10-04T13:27:17.615325+00:00,162,18,3482695191,2,52,42,0,50050050,12,255,255,255,402914653439.3787
1791120437630527,2026-10-04T13:27:17.630527+00:00,162,18,3482710356,2,52,42,0,50050050,12,255,255,255,402914668641.3686
1791120437645578,2026-10-04T13:27:17.645578+00:00,162,18,3482725399,2,52,42,0,50050050,12,255,255,255,402914683692.3585
1791120437660414,2026-10-04T13:27:17.660414+00:00,162,18,3482740278,2,52,42,0,50050050,12,255,255,255,402914698528.34863
1791120437675350,2026-10-04T13:27:17.675350+00:00,162,18,3482755203,2,52,42,0,50050050,12,255,255,255,402914713464.33875
1791120437690443,2026-10-04T13:27:17.690443+00:00,162,18,3482770252,2,52,42,0,50050050,12,255,255,255,402914728557.3287
1791120437705415,2026-10-04T13:27:17.705415+00:00,162,18,3482785281,2,52,42,0,50050050,12,255,255,255,402914743529.31866
1791120437705837,2026-10-04T13:27:17.705837+00:00,162,18,3482785714,2,52,42,0,50050050,12,255,255,255,402914743951.3184
1791120437720657,2026-10-04T13:27:17.720657+00:00,162,18,3482800505,2,52,42,0,50050050,12,255,255,255,402914758771.30853
1791120437732877,2026-10-04T13:27:17.732877+00:00,162,83,3482812718,2,52,42,0,50050050,12,255,255,255,402914770991.3004
1791120437735248,2026-10-04T13:27:17.735248+00:00,162,18,3482815115,2,52,42,0,50050050,12,255,255,255,402914773362.2988
1791120437751428,2026-10-04T13:27:17.751428+00:00,162,18,3482831287,2,52,42,0,50050050,12,255,255,255,402914789542.288
1791120437765342,2026-10-04T13:27:17.765342+00:00,162,18,3482845195,2,52,42,0,50050050,12,255,255,255,402914803456.2788
1791120437780339,2026-10-04T13:27:17.780339+00:00,162,18,3482860198,2,52,42,0,50050050,12,255,255,255,402914818453.2688
1791120437795398,2026-10-04T13:27:17.795398+00:00,162,18,3482875252,2,52,42,0,50050050,12,255,255,255,402914833512.2588
1791120437810442,2026-10-04T13:27:17.810442+00:00,162,18,3482890293,2,52,42,0,50050050,12,255,255,255,402914848556.2487
1791120437825282,2026-10-04T13:27:17.825282+00:00,162,18,3482905138,2,52,42,0,50050050,12,255,255,255,402914863396.23883
1791120437840363,2026-10-04T13:27:17.840363+00:00,162,18,3482920223,2,52,42,0,50050050,12,255,255,255,402914878477.2288
1791120437855347,2026-10-04T13:27:17.855347+00:00,162,18,3482935168,2,52,42,0,50050050,12,255,255,255,402914893461.2188
1791120437870314,2026-10-04T13:27:17.870314+00:00,162,18,3482950163,2,52,42,0,50050050,12,255,255,255,402914908428.20886
1791120437877106,2026-10-04T13:27:17.877106+00:00,162,83,3482956887,2,52,42,0,50050050,12,255,255,255,402914915220.20435
1791120437885357,2026-10-04T13:27:17.885357+00:00,162,18,3482965210,2,52,42,0,50050050,12,255,255,255,402914923471.19885
1791120437900309,2026-10-04T13:27:17.900309+00:00,162,18,3482980162,2,52,42,0,50050050,12,255,255,255,402914938423.1889
1791120437915532,2026-10-04T13:27:17.915532+00:00,162,18,3482995382,2,52,42,0,50050050,12,255,255,255,402914953646.1788
1791120437930308,2026-10-04T13:27:17.930308+00:00,162,18,3483010164,2,52,42,0,50050050,12,255,255,255,402914968422.1689
1791120437946538,2026-10-04T13:27:17.946538+00:00,162,18,3483026389,2,52,42,0,50050050,12,255,255,255,402914984652.1581
1791120437960310,2026-10-04T13:27:17.960310+00:00,162,18,3483040169,2,52,42,0,50050050,12,255,255,255,402914998424.1489
1791120437968928,2026-10-04T13:27:17.968928+00:00,162,18,3483048781,2,52,42,0,50050050,12,255,255,255,402915007042.1432
1791120437982797,2026-10-04T13:27:17.982797+00:00,162,18,3483062626,2,52,42,0,50050050,12,255,255,255,402915020911.134
1791120437997763,2026-10-04T13:27:17.997763+00:00,162,18,3483077621,2,52,42,0,50050050,12,255,255,255,402915035877.12396
1791120438012894,2026-10-04T13:27:18.012894+00:00,162,18,3483092747,2,52,42,0,50050050,12,255,255,255,402915051008.1139
1791120438019949,2026-10-04T13:27:18.019949+00:00,162,83,3483099788,2,52,42,0,50050050,12,255,255,255,402915058063.1092
1791120438027806,2026-10-04T13:27:18.027806+00:00,162,18,3483107660,2,52,42,0,50050050,12,255,255,255,402915065920.10394
1791120438042772,2026-10-04T13:27:18.042772+00:00,162,18,3483122628,2,52,42,0,50050050,12,255,255,255,402915080886.094
1791120438061060,2026-10-04T13:27:18.061060+00:00,162,18,3483140803,1,53,40,468309177,50050050,255,255,255,255,402915099174.08185
1791120438072770,2026-10-04T13:27:18.072770+00:00,162,18,3483152624,1,53,40,468309177,50050050,255,255,255,255,402915110884.07404
1791120438087820,2026-10-04T13:27:18.087820+00:00,162,18,3483167676,1,53,40,468309177,50050050,255,255,255,255,402915125934.064
1791120438096408,2026-10-04T13:27:18.096408+00:00,162,18,3483176264,1,53,40,468309177,50050050,255,255,255,255,402915134522.0583
1791120438110305,2026-10-04T13:27:18.110305+00:00,162,18,3483190162,1,53,40,468309177,50050050,255,255,255,255,402915148419.049
1791120438125278,2026-10-04T13:27:18.125278+00:00,162,18,3483205136,1,53,40,468309177,50050050,255,255,255,255,402915163392.03906
1791120438140271,2026-10-04T13:27:18.140271+00:00,162,18,3483220111,1,53,40,468309177,50050050,255,255,255,255,402915178385.02905
1791120438155251,2026-10-04T13:27:18.155251+00:00,162,18,3483235104,1,53,40,468309177,50050050,255,255,255,255,402915193365.0191
1791120438164312,2026-10-04T13:27:18.164312+00:00,162,83,3483244172,1,53,40,468309177,50050050,255,255,255,255,402915202426.01306
1791120438170382,2026-10-04T13:27:18.170382+00:00,162,18,3483250244,1,53,40,468309177,50050050,255,255,255,255,402915208496.00903
1791120438185251,2026-10-04T13:27:18.185251+00:00,162,18,3483265110,1,53,40,468309177,50050050,255,255,255,255,402915223364.9991
1791120438200267,2026-10-04T13:27:18.200267+00:00,162,18,3483280120,1,53,40,468309177,50050050,255,255,255,255,402915238380.98914
1791120438215470,2026-10-04T13:27:18.215470+00:00,162,18,3483295324,1,53,40,468309177,50050050,255,255,255,255,402915253583.979
1791120438230265,2026-10-04T13:27:18.230265+00:00,162,18,3483310124,1,53,40,468309177,50050050,255,255,255,255,402915268378.9691
1791120438245258,2026-10-04T13:27:18.245258+00:00,162,18,3483325117,1,53,40,468309177,50050050,255,255,255,255,402915283371.95917
1791120438260330,2026-10-04T13:27:18.260330+00:00,162,18,3483340194,1,53,40,468309177,50050050,255,255,255,255,402915298443.9491
1791120438268883,2026-10-04T13:27:18.268883+00:00,162,18,3483348748,1,53,40,468309177,50050050,255,255,255,255,402915306996.9434
1791120438282829,2026-10-04T13:27:18.282829+00:00,162,18,3483362683,1,53,40,468309177,50050050,255,255,255,255,402915320942.93414
1791120438296433,2026-10-04T13:27:18.296433+00:00,162,83,3483376283,1,53,40,468309177,50050050,255,255,255,255,402915334546.92505
1791120438297754,2026-10-04T13:27:18.297754+00:00,162,18,3483377620,1,53,40,468309177,50050050,255,255,255,255,402915335867.9242
1791120438312801,2026-10-04T13:27:18.312801+00:00,162,18,3483392669,1,53,40,468309177,50050050,255,255,255,255,402915350914.9142
1791120438327783,2026-10-04T13:27:18.327783+00:00,162,18,3483407613,1,53,40,468309177,50050050,255,255,255,255,402915365896.9042
1791120438342866,2026-10-04T13:27:18.342866+00:00,162,18,3483422723,1,53,40,468309177,50050050,255,255,255,255,402915380979.89417
1791120438357760,2026-10-04T13:27:18.357760+00:00,162,18,3483437618,1,53,40,468309177,50050050,255,255,255,255,402915395873.8842
1791120438372918,2026-10-04T13:27:18.372918+00:00,162,18,3483452773,1,53,40,468309177,50050050,255,255,255,255,402915411031.87415
1791120438387998,2026-10-04T13:27:18.387998+00:00,162,18,3483467659,1,53,40,468309177,50050050,255,255,255,255,402915426111.8641
1791120438402779,2026-10-04T13:27:18.402779+00:00,162,18,3483482634,1,53,40,468309177,50050050,255,255,255,255,402915440892.85425
1791120438417810,2026-10-04T13:27:18.417810+00:00,162,18,3483497667,1,53,40,468309177,50050050,255,255,255,255,402915455923.84424
1791120438432354,2026-10-04T13:27:18.432354+00:00,162,83,3483512167,1,53,40,468309177,50050050,255,255,255,255,402915470467.83453
1791120438433141,2026-10-04T13:27:18.433141+00:00,162,18,3483513012,1,53,40,468309177,50050050,255,255,255,255,402915471254.834
1791120438447838,2026-10-04T13:27:18.447838+00:00,162,18,3483527686,1,53,40,468309177,50050050,255,255,255,255,402915485951.8242
1791120438462868,2026-10-04T13:27:18.462868+00:00,162,18,3483542720,1,53,40,468309177,50050050,255,255,255,255,402915500981.8142
1791120438477884,2026-10-04T13:27:18.477884+00:00,162,18,3483557730,1,53,40,468309177,50050050,255,255,255,255,402915515997.8042
1791120438492788,2026-10-04T13:27:18.492788+00:00,162,18,3483572645,1,53,40,468309177,50050050,255,255,255,255,402915530901.7943
1791120438507768,2026-10-04T13:27:18.507768+00:00,162,18,3483587624,1,53,40,468309177,50050050,255,255,255,255,402915545881.7843
1791120438523123,2026-10-04T13:27:18.523123+00:00,162,18,3483602980,1,53,40,468309177,50050050,255,255,255,255,402915561236.7741
1791120438538267,2026-10-04T13:27:18.538267+00:00,162,18,3483618053,1,53,40,468309177,50050050,255,255,255,255,402915576380.764
1791120438553153,2026-10-04T13:27:18.553153+00:00,162,18,3483632673,1,53,40,468309177,50050050,255,255,255,255,402915591266.7541
1791120438569133,2026-10-04T13:27:18.569133+00:00,162,18,3483648934,1,53,40,468309177,50050050,255,255,255,255,402915607246.7434
1791120438579486,2026-10-04T13:27:18.579486+00:00,162,83,3483659321,1,53,40,468309177,50050050,255,255,255,255,402915617599.7365
1791120438582794,2026-10-04T13:27:18.582794+00:00,162,18,3483662651,1,53,40,468309177,50050050,255,255,255,255,402915620907.7343
1791120438597885,2026-10-04T13:27:18.597885+00:00,162,18,3483677708,1,53,40,468309177,50050050,255,255,255,255,402915635998.7243
1791120438612898,2026-10-04T13:27:18.612898+00:00,162,18,3483692745,1,53,40,468309177,50050050,255,255,255,255,402915651011.7143
1791120438627880,2026-10-04T13:27:18.627880+00:00,162,18,3483707739,1,53,40,468309177,50050050,255,255,255,255,402915665993.7043
1791120438642799,2026-10-04T13:27:18.642799+00:00,162,18,3483722660,1,53,40,468309177,50050050,255,255,255,255,402915680912.6944
1791120438658978,2026-10-04T13:27:18.658978+00:00,162,18,3483738838,1,53,40,468309177,50050050,255,255,255,255,402915697091.6836
1791120438673517,2026-10-04T13:27:18.673517+00:00,162,18,3483753277,1,53,40,468309177,50050050,255,255,255,255,402915711630.6739
1791120438689116,2026-10-04T13:27:18.689116+00:00,162,18,3483768786,1,53,40,468309177,50050050,255,255,255,255,402915727229.6635
1791120438702808,2026-10-04T13:27:18.702808+00:00,162,18,3483782664,1,53,40,468309177,50050050,255,255,255,255,402915740921.6544
1791120438710626,2026-10-04T13:27:18.710626+00:00,162,18,3483790434,1,53,40,468309177,50050050,255,255,255,255,402915748739.6492
1791120438717755,2026-10-04T13:27:18.717755+00:00,162,18,3483797608,1,53,40,468309177,50050050,255,255,255,255,402915755868.6445
1791120438718768,2026-10-04T13:27:18.718768+00:00,162,83,3483798633,1,53,40,468309177,50050050,255,255,255,255,402915756881.6438
1791120438726418,2026-10-04T13:27:18.726418+00:00,162,18,3483806271,1,53,40,468309177,50050050,255,255,255,255,402915764531.6387
1791120438741400,2026-10-04T13:27:18.741400+00:00,162,18,3483821235,1,53,40,468309177,50050050,255,255,255,255,402915779513.6287
1791120438756382,2026-10-04T13:27:18.756382+00:00,162,18,3483836247,1,53,40,468309177,50050050,255,255,255,255,402915794495.6187
1791120438770241,2026-10-04T13:27:18.770241+00:00,162,18,3483850105,1,53,40,468309177,50050050,255,255,255,255,402915808354.6095
1791120438785802,2026-10-04T13:27:18.785802+00:00,162,18,3483865461,1,53,40,468309177,50050050,255,255,255,255,402915823915.5991
1791120438801414,2026-10-04T13:27:18.801414+00:00,162,18,3483881277,1,53,40,468309177,50050050,255,255,255,255,402915839527.58875
1791120438815256,2026-10-04T13:27:18.815256+00:00,162,18,3483895120,1,53,40,468309177,50050050,255,255,255,255,402915853369.5795
1791120438823913,2026-10-04T13:27:18.823913+00:00,162,18,3483903769,1,53,40,468309177,50050050,255,255,255,255,402915862026.5737
1791120438838916,2026-10-04T13:27:18.838916+00:00,162,18,3483918775,1,53,40,468309177,50050050,255,255,255,255,402915877029.5638
1791120438848722,2026-10-04T13:27:18.848722+00:00,162,83,3483928572,1,53,40,468309177,50050050,255,255,255,255,402915886835.55725
1791120438852798,2026-10-04T13:27:18.852798+00:00,162,18,3483932666,1,53,40,468309177,50050050,255,255,255,255,402915890911.5545
1791120438890348,2026-10-04T13:27:18.890348+00:00,162,18,3483970207,1,53,40,468309177,50050050,255,255,255,255,402915928461.5295
1791120438951396,2026-10-04T13:27:18.951396+00:00,162,18,3484031256,1,53,40,468309177,50050050,255,255,255,255,402915989509.48883
1791120438966408,2026-10-04T13:27:18.966408+00:00,162,18,3484046264,1,53,40,468309177,50050050,255,255,255,255,402916004521.4788
1791120438974860,2026-10-04T13:27:18.974860+00:00,162,83,3484054721,1,53,40,468309177,50050050,255,255,255,255,402916012973.4732
1791120438987740,2026-10-04T13:27:18.987740+00:00,162,18,3484067599,1,53,40,468309177,50050050,255,255,255,255,402916025853.46466
1791120439002769,2026-10-04T13:27:19.002769+00:00,162,18,3484082630,1,53,40,468309177,50050050,255,255,255,255,402916040882.45465
1791120439025298,2026-10-04T13:27:19.025298+00:00,162,18,3484105133,1,53,40,468309177,50050050,255,255,255,255,402916063411.43964
1791120439040252,2026-10-04T13:27:19.040252+00:00,162,18,3484120111,1,53,40,468309177,50050050,255,255,255,255,402916078365.4297
1791120439048978,2026-10-04T13:27:19.048978+00:00,162,18,3484128816,1,53,40,468309177,50050050,255,255,255,255,402916087091.4238
1791120439062803,2026-10-04T13:27:19.062803+00:00,162,18,3484142654,1,54,40,471312132,50050050,255,255,255,255,402916100916.4146
1791120439078004,2026-10-04T13:27:19.078004+00:00,162,18,3484157855,1,54,40,471312132,50050050,255,255,255,255,402916116117.40454
1791120439092809,2026-10-04T13:27:19.092809+00:00,162,18,3484172626,1,54,40,471312132,50050050,255,255,255,255,402916130922.39465
1791120439107787,2026-10-04T13:27:19.107787+00:00,162,18,3484187647,1,54,40,471312132,50050050,255,255,255,255,402916145900.3847
1791120439112232,2026-10-04T13:27:19.112232+00:00,162,83,3484192085,1,54,40,471312132,50050050,255,255,255,255,402916150345.3817
1791120439123273,2026-10-04T13:27:19.123273+00:00,162,18,3484202860,1,54,40,471312132,50050050,255,255,255,255,402916161386.3744
1791120439137811,2026-10-04T13:27:19.137811+00:00,162,18,3484217663,1,54,40,471312132,50050050,255,255,255,255,402916175924.3647
1791120439152784,2026-10-04T13:27:19.152784+00:00,162,18,3484232641,1,54,40,471312132,50050050,255,255,255,255,402916190897.35474
1791120439167762,2026-10-04T13:27:19.167762+00:00,162,18,3484247619,1,54,40,471312132,50050050,255,255,255,255,402916205875.3447
1791120439183012,2026-10-04T13:27:19.183012+00:00,162,18,3484262844,1,54,40,471312132,50050050,255,255,255,255,402916221125.3346
1791120439197817,2026-10-04T13:27:19.197817+00:00,162,18,3484277681,1,54,40,471312132,50050050,255,255,255,255,402916235930.3247
1791120439212761,2026-10-04T13:27:19.212761+00:00,162,18,3484292619,1,54,40,471312132,50050050,255,255,255,255,402916250874.31476
1791120439227745,2026-10-04T13:27:19.227745+00:00,162,18,3484307605,1,54,40,471312132,50050050,255,255,255,255,402916265858.3048
1791120439242741,2026-10-04T13:27:19.242741+00:00,162,18,3484322601,1,54,40,471312132,50050050,255,255,255,255,402916280854.2948
1791120439249173,2026-10-04T13:27:19.249173+00:00,162,83,3484329025,1,54,40,471312132,50050050,255,255,255,255,402916287286.2905
1791120439257736,2026-10-04T13:27:19.257736+00:00,162,18,3484337597,1,54,40,471312132,50050050,255,255,255,255,402916295849.2848
1791120439272766,2026-10-04T13:27:19.272766+00:00,162,18,3484352624,1,54,40,471312132,50050050,255,255,255,255,402916310879.2748
1791120439287743,2026-10-04T13:27:19.287743+00:00,162,18,3484367599,1,54,40,471312132,50050050,255,255,255,255,402916325856.26483
1791120439302849,2026-10-04T13:27:19.302849+00:00,162,18,3484382707,1,54,40,471312132,50050050,255,255,255,255,402916340962.25476
1791120439317732,2026-10-04T13:27:19.317732+00:00,162,18,3484397593,1,54,40,471312132,50050050,255,255,255,255,402916355845.2449
1791120439340315,2026-10-04T13:27:19.340315+00:00,162,18,3484420172,1,54,40,471312132,50050050,255,255,255,255,402916378428.2298
1791120439355757,2026-10-04T13:27:19.355757+00:00,162,18,3484435501,1,54,40,471312132,50050050,255,255,255,255,402916393870.21954
1791120439370254,2026-10-04T13:27:19.370254+00:00,162,18,3484450107,1,54,40,471312132,50050050,255,255,255,255,402916408367.2099
1791120439381535,2026-10-04T13:27:19.381535+00:00,162,83,3484461374,1,54,40,471312132,50050050,255,255,255,255,402916419648.20233
1791120439386380,2026-10-04T13:27:19.386380+00:00,162,18,3484466242,1,54,40,471312132,50050050,255,255,255,255,402916424493.19916
1791120439400239,2026-10-04T13:27:19.400239+00:00,162,18,3484480102,1,54,40,471312132,50050050,255,255,255,255,402916438352.1899
1791120439415392,2026-10-04T13:27:19.415392+00:00,162,18,3484495245,1,54,40,471312132,50050050,255,255,255,255,402916453505.1798
1791120439430247,2026-10-04T13:27:19.430247+00:00,162,18,3484510109,1,54,40,471312132,50050050,255,255,255,255,402916468360.1699
1791120439445291,2026-10-04T13:27:19.445291+00:00,162,18,3484525149,1,54,40,471312132,50050050,255,255,255,255,402916483404.1599
1791120439460245,2026-10-04T13:27:19.460245+00:00,162,18,3484540103,1,54,40,471312132,50050050,255,255,255,255,402916498358.14996
1791120439475256,2026-10-04T13:27:19.475256+00:00,162,18,3484555114,1,54,40,471312132,50050050,255,255,255,255,402916513369.13995
1791120439491405,2026-10-04T13:27:19.491405+00:00,162,18,3484571246,1,54,40,471312132,50050050,255,255,255,255,402916529518.1292
1791120439505271,2026-10-04T13:27:19.505271+00:00,162,18,3484585125,1,54,40,471312132,50050050,255,255,255,255,402916543384.11993
1791120439509232,2026-10-04T13:27:19.509232+00:00,162,83,3484588985,1,54,40,471312132,50050050,255,255,255,255,402916547345.1173
1791120439520290,2026-10-04T13:27:19.520290+00:00,162,18,3484600154,1,54,40,471312132,50050050,255,255,255,255,402916558403.1099
1791120439535315,2026-10-04T13:27:19.535315+00:00,162,18,3484615176,1,54,40,471312132,50050050,255,255,255,255,402916573428.0999
1791120439550228,2026-10-04T13:27:19.550228+00:00,162,18,3484630086,1,54,40,471312132,50050050,255,255,255,255,402916588341.09
1791120439565309,2026-10-04T13:27:19.565309+00:00,162,18,3484645169,1,54,40,471312132,50050050,255,255,255,255,402916603422.07996
1791120439580321,2026-10-04T13:27:19.580321+00:00,162,18,3484660182,1,54,40,471312132,50050050,255,255,255,255,402916618434.06995
1791120439595234,2026-10-04T13:27:19.595234+00:00,162,18,3484675095,1,54,40,471312132,50050050,255,255,255,255,402916633347.06006
1791120439610253,2026-10-04T13:27:19.610253+00:00,162,18,3484690113,1,54,40,471312132,50050050,255,255,255,255,402916648366.05005
1791120439625260,2026-10-04T13:27:19.625260+00:00,162,18,3484705107,1,54,40,471312132,50050050,255,255,255,255,402916663373.04004
1791120439639869,2026-10-04T13:27:19.639869+00:00,162,83,3484719717,1,54,40,471312132,50050050,255,255,255,255,402916677982.0303
1791120439640495,2026-10-04T13:27:19.640495+00:00,162,18,3484720369,1,54,40,471312132,50050050,255,255,255,255,402916678608.0299
1791120439656440,2026-10-04T13:27:19.656440+00:00,162,18,3484736309,1,54,40,471312132,50050050,255,255,255,255,402916694553.0193
1791120439670378,2026-10-04T13:27:19.670378+00:00,162,18,3484750216,1,54,40,471312132,50050050,255,255,255,255,402916708491.01
1791120439685323,2026-10-04T13:27:19.685323+00:00,162,18,3484765080,1,54,40,471312132,50050050,255,255,255,255,402916723436.0
1791120439700773,2026-10-04T13:27:19.700773+00:00,162,18,3484780567,1,54,40,471312132,50050050,255,255,255,255,402916738885.98975
1791120439715431,2026-10-04T13:27:19.715431+00:00,162,18,3484795287,1,54,40,471312132,50050050,255,255,255,255,402916753543.98
1791120439716063,2026-10-04T13:27:19.716063+00:00,162,18,3484795933,1,54,40,471312132,50050050,255,255,255,255,402916754175.97955
1791120439730236,2026-10-04T13:27:19.730236+00:00,162,18,3484810098,1,54,40,471312132,50050050,255,255,255,255,402916768348.9701
1791120439745256,2026-10-04T13:27:19.745256+00:00,162,18,3484825117,1,54,40,471312132,50050050,255,255,255,255,402916783368.9601
1791120439760231,2026-10-04T13:27:19.760231+00:00,162,18,3484840089,1,54,40,471312132,50050050,255,255,255,255,402916798343.95013
1791120439771221,2026-10-04T13:27:19.771221+00:00,162,83,3484851078,1,54,40,471312132,50050050,255,255,255,255,402916809333.9428
1791120439776392,2026-10-04T13:27:19.776392+00:00,162,18,3484856258,1,54,40,471312132,50050050,255,255,255,255,402916814504.9394
1791120439790481,2026-10-04T13:27:19.790481+00:00,162,18,3484870282,1,54,40,471312132,50050050,255,255,255,255,402916828593.93
1791120439798979,2026-10-04T13:27:19.798979+00:00,162,18,3484878829,1,54,40,471312132,50050050,255,255,255,255,402916837091.9243
1791120439872726,2026-10-04T13:27:19.872726+00:00,162,18,3484952585,1,54,40,471312132,50050050,255,255,255,255,402916910838.87524
1791120439888188,2026-10-04T13:27:19.888188+00:00,162,18,3484968017,1,54,40,471312132,50050050,255,255,255,255,402916926300.8649
1791120439902727,2026-10-04T13:27:19.902727+00:00,162,18,3484982584,1,54,40,471312132,50050050,255,255,255,255,402916940839.8552
1791120439903944,2026-10-04T13:27:19.903944+00:00,162,83,3484983811,1,54,40,471312132,50050050,255,255,255,255,402916942056.85443
1791120439917713,2026-10-04T13:27:19.917713+00:00,162,18,3484997575,1,54,40,471312132,50050050,255,255,255,255,402916955825.8453
1791120439926771,2026-10-04T13:27:19.926771+00:00,162,18,3485006549,1,54,40,471312132,50050050,255,255,255,255,402916964883.83923
1791120439942010,2026-10-04T13:27:19.942010+00:00,162,18,3485021843,1,54,40,471312132,50050050,255,255,255,255,402916980122.82904
1791120439955236,2026-10-04T13:27:19.955236+00:00,162,18,3485035094,1,54,40,471312132,50050050,255,255,255,255,402916993348.82025
1791120439963908,2026-10-04T13:27:19.963908+00:00,162,18,3485043771,1,54,40,471312132,50050050,255,255,255,255,402917002020.8145
1791120439977787,2026-10-04T13:27:19.977787+00:00,162,18,3485057649,1,54,40,471312132,50050050,255,255,255,255,402917015899.80524
1791120439986583,2026-10-04T13:27:19.986583+00:00,162,18,3485066456,1,54,40,471312132,50050050,255,255,255,255,402917024695.7994
1791120440000191,2026-10-04T13:27:20.000191+00:00,162,18,3485080051,1,54,40,471312132,50050050,255,255,255,255,402917038303.79034
1791120440031388,2026-10-04T13:27:20.031388+00:00,162,18,3485111236,1,54,40,471312132,50050050,255,255,255,255,402917069500.76953
1791120440044245,2026-10-04T13:27:20.044245+00:00,162,83,3485124056,1,54,40,471312132,50050050,255,255,255,255,402917082357.761
1791120440046406,2026-10-04T13:27:20.046406+00:00,162,18,3485126272,1,54,40,471312132,50050050,255,255,255,255,402917084518.7595
1791120440060240,2026-10-04T13:27:20.060240+00:00,162,18,3485140097,1,54,40,471312132,50050050,255,255,255,255,402917098352.7503
1791120440097774,2026-10-04T13:27:20.097774+00:00,162,18,3485177634,1,55,40,474415134,50050050,255,255,255,255,402917135886.72534
1791120440112798,2026-10-04T13:27:20.112798+00:00,162,18,3485192660,1,55,40,474415134,50050050,255,255,255,255,402917150910.71533
1791120440127856,2026-10-04T13:27:20.127856+00:00,162,18,3485207671,1,55,40,474415134,50050050,255,255,255,255,402917165968.7053
1791120440142851,2026-10-04T13:27:20.142851+00:00,162,18,3485222711,1,55,40,474415134,50050050,255,255,255,255,402917180963.6953
1791120440151472,2026-10-04T13:27:20.151472+00:00,162,18,3485231327,1,55,40,474415134,50050050,255,255,255,255,402917189584.6896
1791120440165284,2026-10-04T13:27:20.165284+00:00,162,18,3485245139,1,55,40,474415134,50050050,255,255,255,255,402917203396.68036
1791120440178591,2026-10-04T13:27:20.178591+00:00,162,83,3485258428,1,55,40,474415134,50050050,255,255,255,255,402917216703.6715
1791120440180214,2026-10-04T13:27:20.180214+00:00,162,18,3485260078,1,55,40,474415134,50050050,255,255,255,255,402917218326.6704
1791120440196436,2026-10-04T13:27:20.196436+00:00,162,18,3485276302,1,55,40,474415134,50050050,255,255,255,255,402917234548.6596
1791120440210233,2026-10-04T13:27:20.210233+00:00,162,18,3485290085,1,55,40,474415134,50050050,255,255,255,255,402917248345.65045
1791120440225386,2026-10-04T13:27:20.225386+00:00,162,18,3485305200,1,55,40,474415134,50050050,255,255,255,255,402917263498.6403
1791120440241369,2026-10-04T13:27:20.241369+00:00,162,18,3485321230,1,55,40,474415134,50050050,255,255,255,255,402917279481.6297
1791120440256379,2026-10-04T13:27:20.256379+00:00,162,18,3485336235,1,55,40,474415134,50050050,255,255,255,255,402917294491.6197
1791120440270257,2026-10-04T13:27:20.270257+00:00,162,18,3485350117,1,55,40,474415134,50050050,255,255,255,255,402917308369.6105
1791120440285242,2026-10-04T13:27:20.285242+00:00,162,18,3485365101,1,55,40,474415134,50050050,255,255,255,255,402917323354.60046
1791120440300213,2026-10-04T13:27:20.300213+00:00,162,18,3485380069,1,55,40,474415134,50050050,255,255,255,255,402917338325.5905
1791120440304465,2026-10-04T13:27:20.304465+00:00,162,83,3485384313,1,55,40,474415134,50050050,255,255,255,255,402917342577.58765
1791120440315205,2026-10-04T13:27:20.315205+00:00,162,18,3485395065,1,55,40,474415134,50050050,255,255,255,255,402917353317.5805
1791120440323917,2026-10-04T13:27:20.323917+00:00,162,18,3485403776,1,55,40,474415134,50050050,255,255,255,255,402917362029.5747
1791120440337716,2026-10-04T13:27:20.337716+00:00,162,18,3485417575,1,55,40,474415134,50050050,255,255,255,255,402917375828.56555
1791120440352768,2026-10-04T13:27:20.352768+00:00,162,18,3485432630,1,55,40,474415134,50050050,255,255,255,255,402917390880.5555
1791120440367775,2026-10-04T13:27:20.367775+00:00,162,18,3485447636,1,55,40,474415134,50050050,255,255,255,255,402917405887.5455
1791120440383041,2026-10-04T13:27:20.383041+00:00,162,18,3485462893,1,55,40,474415134,50050050,255,255,255,255,402917421153.53534
1791120440391380,2026-10-04T13:27:20.391380+00:00,162,18,3485471216,1,55,40,474415134,50050050,255,255,255,255,402917429492.5298
1791120440405214,2026-10-04T13:27:20.405214+00:00,162,18,3485485074,1,55,40,474415134,50050050,255,255,255,255,402917443326.52057
1791120440421685,2026-10-04T13:27:20.421685+00:00,162,18,3485501460,1,55,40,474415134,50050050,255,255,255,255,402917459797.5096
1791120440435255,2026-10-04T13:27:20.435255+00:00,162,18,3485515109,1,55,40,474415134,50050050,255,255,255,255,402917473367.50055
1791120440437237,2026-10-04T13:27:20.437237+00:00,162,83,3485517099,1,55,40,474415134,50050050,255,255,255,255,402917475349.49927
1791120440450194,2026-10-04T13:27:20.450194+00:00,162,18,3485530054,1,55,40,474415134,50050050,255,255,255,255,402917488306.4906
1791120440465222,2026-10-04T13:27:20.465222+00:00,162,18,3485545082,1,55,40,474415134,50050050,255,255,255,255,402917503334.4806
1791120440480253,2026-10-04T13:27:20.480253+00:00,162,18,3485560102,1,55,40,474415134,50050050,255,255,255,255,402917518365.4706
1791120440495458,2026-10-04T13:27:20.495458+00:00,162,18,3485575285,1,55,40,474415134,50050050,255,255,255,255,402917533570.46045
1791120440510273,2026-10-04T13:27:20.510273+00:00,162,18,3485590123,1,55,40,474415134,50050050,255,255,255,255,402917548385.4506
1791120440526370,2026-10-04T13:27:20.526370+00:00,162,18,3485606220,1,55,40,474415134,50050050,255,255,255,255,402917564482.4399
1791120440540246,2026-10-04T13:27:20.540246+00:00,162,18,3485620105,1,55,40,474415134,50050050,255,255,255,255,402917578358.4306
1791120440555272,2026-10-04T13:27:20.555272+00:00,162,18,3485635131,1,55,40,474415134,50050050,255,255,255,255,402917593384.42065
1791120440564823,2026-10-04T13:27:20.564823+00:00,162,83,3485644655,1,55,40,474415134,50050050,255,255,255,255,402917602935.41425
1791120440570262,2026-10-04T13:27:20.570262+00:00,162,18,3485650095,1,55,40,474415134,50050050,255,255,255,255,402917608374.41064
1791120440585225,2026-10-04T13:27:20.585225+00:00,162,18,3485665084,1,55,40,474415134,50050050,255,255,255,255,402917623337.4007
1791120440600277,2026-10-04T13:27:20.600277+00:00,162,18,3485680132,1,55,40,474415134,50050050,255,255,255,255,402917638389.3906
1791120440615293,2026-10-04T13:27:20.615293+00:00,162,18,3485695153,1,55,40,474415134,50050050,255,255,255,255,402917653405.3807
1791120440631486,2026-10-04T13:27:20.631486+00:00,162,18,3485711343,1,55,40,474415134,50050050,255,255,255,255,402917669598.3699
1791120440645246,2026-10-04T13:27:20.645246+00:00,162,18,3485725105,1,55,40,474415134,50050050,255,255,255,255,402917683358.3607
1791120440660316,2026-10-04T13:27:20.660316+00:00,162,18,3485740180,1,55,40,474415134,50050050,255,255,255,255,402917698428.35065
1791120440675190,2026-10-04T13:27:20.675190+00:00,162,18,3485755053,1,55,40,474415134,50050050,255,255,255,255,402917713302.34076
1791120440690318,2026-10-04T13:27:20.690318+00:00,162,18,3485770173,1,55,40,474415134,50050050,255,255,255,255,402917728430.3307
1791120440697081,2026-10-04T13:27:20.697081+00:00,162,83,3485776934,1,55,40,474415134,50050050,255,255,255,255,402917735193.3262
1791120440705489,2026-10-04T13:27:20.705489+00:00,162,18,3485785349,1,55,40,474415134,50050050,255,255,255,255,402917743601.32056
1791120440720369,2026-10-04T13:27:20.720369+00:00,162,18,3485800229,1,55,40,474415134,50050050,255,255,255,255,402917758481.31067
1791120440720957,2026-10-04T13:27:20.720957+00:00,162,18,3485800819,1,55,40,474415134,50050050,255,255,255,255,402917759069.3103
1791120440735222,2026-10-04T13:27:20.735222+00:00,162,18,3485815072,1,55,40,474415134,50050050,255,255,255,255,402917773334.3008
1791120440751364,2026-10-04T13:27:20.751364+00:00,162,18,3485831226,1,55,40,474415134,50050050,255,255,255,255,402917789476.29004
1791120440765546,2026-10-04T13:27:20.765546+00:00,162,18,3485845250,1,55,40,474415134,50050050,255,255,255,255,402917803658.2806
1791120440780345,2026-10-04T13:27:20.780345+00:00,162,18,3485860194,1,55,40,474415134,50050050,255,255,255,255,402917818457.2707
1791120440795208,2026-10-04T13:27:20.795208+00:00,162,18,3485875068,1,55,40,474415134,50050050,255,255,255,255,402917833320.2608
1791120440810245,2026-10-04T13:27:20.810245+00:00,162,18,3485890109,1,55,40,474415134,50050050,255,255,255,255,402917848357.2508
1791120440825275,2026-10-04T13:27:20.825275+00:00,162,18,3485905114,1,55,40,474415134,50050050,255,255,255,255,402917863387.2408
1791120440830629,2026-10-04T13:27:20.830629+00:00,162,83,3485910475,1,55,40,474415134,50050050,255,255,255,255,402917868741.23724
1791120440840269,2026-10-04T13:27:20.840269+00:00,162,18,3485920126,1,55,40,474415134,50050050,255,255,255,255,402917878381.23083
1791120440855539,2026-10-04T13:27:20.855539+00:00,162,18,3485935389,1,55,40,474415134,50050050,255,255,255,255,402917893651.22064
1791120440870206,2026-10-04T13:27:20.870206+00:00,162,18,3485950065,1,55,40,474415134,50050050,255,255,255,255,402917908318.2109
1791120440885183,2026-10-04T13:27:20.885183+00:00,162,18,3485965044,1,55,40,474415134,50050050,255,255,255,255,402917923295.20087
1791120440900294,2026-10-04T13:27:20.900294+00:00,162,18,3485980157,1,55,40,474415134,50050050,255,255,255,255,402917938406.19086
1791120440915179,2026-10-04T13:27:20.915179+00:00,162,18,3485995036,1,55,40,474415134,50050050,255,255,255,255,402917953291.1809
1791120440930787,2026-10-04T13:27:20.930787+00:00,162,18,3486010638,1,55,40,474415134,50050050,255,255,255,255,402917968899.17053
1791120440945299,2026-10-04T13:27:20.945299+00:00,162,18,3486025153,1,55,40,474415134,50050050,255,255,255,255,402917983411.1608
1791120440960272,2026-10-04T13:27:20.960272+00:00,162,18,3486040123,1,55,40,474415134,50050050,255,255,255,255,402917998384.1509
1791120440963868,2026-10-04T13:27:20.963868+00:00,162,83,3486043722,1,55,40,474415134,50050050,255,255,255,255,402918001980.1485
1791120440975202,2026-10-04T13:27:20.975202+00:00,162,18,3486055058,1,55,40,474415134,50050050,255,255,255,255,402918013314.1409
1791120440990330,2026-10-04T13:27:20.990330+00:00,162,18,3486070167,1,55,40,474415134,50050050,255,255,255,255,402918028442.13086
1791120441005191,2026-10-04T13:27:21.005191+00:00,162,18,3486085053,1,55,40,474415134,50050050,255,255,255,255,402918043303.121
1791120441020190,2026-10-04T13:27:21.020190+00:00,162,18,3486100047,1,55,40,474415134,50050050,255,255,255,255,402918058302.11096
1791120441036419,2026-10-04T13:27:21.036419+00:00,162,18,3486116276,1,55,40,474415134,50050050,255,255,255,255,402918074531.10016
1791120441050282,2026-10-04T13:27:21.050282+00:00,162,18,3486130140,1,55,40,474415134,50050050,255,255,255,255,402918088394.09094
1791120441065815,2026-10-04T13:27:21.065815+00:00,162,18,3486145558,1,55,40,474415134,50050050,255,255,255,255,402918103927.08057
1791120441080198,2026-10-04T13:27:21.080198+00:00,162,18,3486160052,2,56,42,0,50050050,255,255,255,255,402918118310.071
1791120441095219,2026-10-04T13:27:21.095219+00:00,162,18,3486175082,2,56,42,0,50050050,255,255,255,255,402918133331.06104
1791120441098723,2026-10-04T13:27:21.098723+00:00,162,83,3486178572,2,56,42,0,50050050,255,255,255,255,402918136835.05865
1791120441110424,2026-10-04T13:27:21.110424+00:00,162,18,3486190290,2,56,42,0,50050050,255,255,255,255,402918148536.0509
1791120441125644,2026-10-04T13:27:21.125644+00:00,162,18,3486205443,2,56,42,0,50050050,255,255,255,255,402918163756.0408
1791120441133953,2026-10-04T13:27:21.133953+00:00,162,18,3486213809,2,56,42,0,50050050,255,255,255,255,402918172065.0352
1791120441147665,2026-10-04T13:27:21.147665+00:00,162,18,3486227525,2,56,42,0,50050050,255,255,255,255,402918185777.02606
1791120441162786,2026-10-04T13:27:21.162786+00:00,162,18,3486242644,2,56,42,0,50050050,255,255,255,255,402918200898.016
1791120441178183,2026-10-04T13:27:21.178183+00:00,162,18,3486257967,2,56,42,0,50050050,255,255,255,255,402918216295.00574
1791120441192738,2026-10-04T13:27:21.192738+00:00,162,18,3486272588,2,56,42,0,50050050,255,255,255,255,402918230849.99603
1791120441207726,2026-10-04T13:27:21.207726+00:00,162,18,3486287582,2,56,42,0,50050050,255,255,255,255,402918245837.9861
1791120441222817,2026-10-04T13:27:21.222817+00:00,162,18,3486302638,2,56,42,0,50050050,255,255,255,255,402918260928.976
1791120441231351,2026-10-04T13:27:21.231351+00:00,162,18,3486311208,2,56,42,0,50050050,255,255,255,255,402918269462.97034
1791120441241771,2026-10-04T13:27:21.241771+00:00,162,83,3486321619,2,56,42,0,50050050,255,255,255,255,402918279882.9634
1791120441245311,2026-10-04T13:27:21.245311+00:00,162,18,3486325171,2,56,42,0,50050050,255,255,255,255,402918283422.96106
1791120441261400,2026-10-04T13:27:21.261400+00:00,162,18,3486341255,2,56,42,0,50050050,255,255,255,255,402918299511.9503
1791120441275259,2026-10-04T13:27:21.275259+00:00,162,18,3486355112,2,56,42,0,50050050,255,255,255,255,402918313370.9411
1791120441283967,2026-10-04T13:27:21.283967+00:00,162,18,3486363827,2,56,42,0,50050050,255,255,255,255,402918322078.9353
1791120441298869,2026-10-04T13:27:21.298869+00:00,162,18,3486378727,2,57,42,0,50050050,14,255,255,255,402918336980.92535
1791120441321458,2026-10-04T13:27:21.321458+00:00,162,18,3486401309,2,57,42,0,50050050,14,255,255,255,402918359569.91034
1791120441371026,2026-10-04T13:27:21.371026+00:00,162,83,3486450863,2,57,42,0,50050050,14,255,255,255,402918409137.8773
1791120441487186,2026-10-04T13:27:21.487186+00:00,162,83,3486567019,2,57,42,0,50050050,14,255,255,255,402918525297.7999
1791120441616741,2026-10-04T13:27:21.616741+00:00,162,83,3486696588,2,57,42,0,50050050,14,255,255,255,402918654852.7137
1791120441750582,2026-10-04T13:27:21.750582+00:00,162,83,3486830421,2,57,42,0,50050050,14,255,255,255,402918788693.6245
1791120441879837,2026-10-04T13:27:21.879837+00:00,162,83,3486959670,2,57,42,0,50050050,14,255,255,255,402918917948.53845
1791120441986456,2026-10-04T13:27:21.986456+00:00,162,83,3487066292,2,57,42,0,50050050,14,255,255,255,402919024567.4674
1791120441987810,2026-10-04T13:27:21.987810+00:00,162,18,3487067668,2,57,42,0,50050050,14,255,255,255,402919025921.46655
1791120441988237,2026-10-04T13:27:21.988237+00:00,162,18,3487068110,2,57,42,0,50050050,14,255,255,255,402919026348.46625
1791120442092764,2026-10-04T13:27:22.092764+00:00,162,18,3487172620,2,57,42,0,50050050,14,255,255,255,402919130875.3966
1791120442118676,2026-10-04T13:27:22.118676+00:00,162,83,3487198379,2,58,42,0,50050050,6,255,255,255,402919156787.37933
1791120442130246,2026-10-04T13:27:22.130246+00:00,162,18,3487210097,2,58,42,0,50050050,6,255,255,255,402919168357.37164
1791120442140071,2026-10-04T13:27:22.140071+00:00,162,18,3487219924,2,58,42,0,50050050,6,255,255,255,402919178182.3651
1791120442152768,2026-10-04T13:27:22.152768+00:00,162,18,3487232615,2,58,42,0,50050050,6,255,255,255,402919190879.3566
1791120442161529,2026-10-04T13:27:22.161529+00:00,162,18,3487241384,2,58,42,0,50050050,6,255,255,255,402919199640.3508
1791120442191401,2026-10-04T13:27:22.191401+00:00,162,18,3487271254,2,58,42,0,50050050,6,255,255,255,402919229512.33093
1791120442212695,2026-10-04T13:27:22.212695+00:00,162,18,3487292546,2,58,42,0,50050050,6,255,255,255,402919250806.3168
1791120442227804,2026-10-04T13:27:22.227804+00:00,162,18,3487307661,2,58,42,0,50050050,6,255,255,255,402919265915.3067
1791120442252729,2026-10-04T13:27:22.252729+00:00,162,83,3487332538,2,58,42,0,50050050,6,255,255,255,402919290840.2901
1791120442295510,2026-10-04T13:27:22.295510+00:00,162,18,3487375360,2,58,42,0,50050050,6,255,255,255,402919333621.2616
1791120442326329,2026-10-04T13:27:22.326329+00:00,162,18,3487406186,2,58,42,0,50050050,6,255,255,255,402919364440.2411
1791120442348873,2026-10-04T13:27:22.348873+00:00,162,18,3487428724,2,58,42,0,50050050,6,255,255,255,402919386984.2261
1791120442362832,2026-10-04T13:27:22.362832+00:00,162,18,3487442666,2,58,42,0,50050050,6,255,255,255,402919400943.21674
1791120442378936,2026-10-04T13:27:22.378936+00:00,162,18,3487458693,2,58,42,0,50050050,6,255,255,255,402919417047.20605
1791120442384800,2026-10-04T13:27:22.384800+00:00,162,83,3487464648,2,58,42,0,50050050,6,255,255,255,402919422911.20215
1791120442392687,2026-10-04T13:27:22.392687+00:00,162,18,3487472545,2,58,42,0,50050050,6,255,255,255,402919430798.19684
1791120442403002,2026-10-04T13:27:22.403002+00:00,162,18,3487482847,2,58,42,0,50050050,6,255,255,255,402919441113.19
1791120442415222,2026-10-04T13:27:22.415222+00:00,162,18,3487495078,2,58,42,0,50050050,6,255,255,255,402919453333.1819
1791120442424835,2026-10-04T13:27:22.424835+00:00,162,18,3487504683,2,58,42,0,50050050,6,255,255,255,402919462946.1755
1791120442438835,2026-10-04T13:27:22.438835+00:00,162,18,3487518691,2,58,42,0,50050050,6,255,255,255,402919476946.16614
1791120442452722,2026-10-04T13:27:22.452722+00:00,162,18,3487532583,2,58,42,0,50050050,6,255,255,255,402919490833.15686
1791120442467680,2026-10-04T13:27:22.467680+00:00,162,18,3487547540,2,58,42,0,50050050,6,255,255,255,402919505791.1469
1791120442476312,2026-10-04T13:27:22.476312+00:00,162,18,3487556170,2,58,42,0,50050050,6,255,255,255,402919514423.1412
1791120442497693,2026-10-04T13:27:22.497693+00:00,162,18,3487577552,2,58,42,0,50050050,6,255,255,255,402919535804.12695
1791120442513981,2026-10-04T13:27:22.513981+00:00,162,18,3487593833,2,58,42,0,50050050,6,255,255,255,402919552092.1161
1791120442514895,2026-10-04T13:27:22.514895+00:00,162,83,3487594761,2,58,42,0,50050050,6,255,255,255,402919553006.1155
1791120442527864,2026-10-04T13:27:22.527864+00:00,162,18,3487607710,2,58,42,0,50050050,6,255,255,255,402919565975.1068
1791120442557710,2026-10-04T13:27:22.557710+00:00,162,18,3487637563,2,58,42,0,50050050,6,255,255,255,402919595821.087
1791120442581338,2026-10-04T13:27:22.581338+00:00,162,18,3487661195,2,58,42,0,50050050,6,255,255,255,402919619449.0712
1791120442595263,2026-10-04T13:27:22.595263+00:00,162,18,3487675128,2,58,42,0,50050050,6,255,255,255,402919633374.06195
1791120442611308,2026-10-04T13:27:22.611308+00:00,162,18,3487691168,2,58,42,0,50050050,6,255,255,255,402919649419.0513
1791120442649403,2026-10-04T13:27:22.649403+00:00,162,83,3487729250,2,58,42,0,50050050,6,255,255,255,402919687514.0259
1791120442785166,2026-10-04T13:27:22.785166+00:00,162,83,3487865004,2,58,42,0,50050050,6,255,255,255,402919823276.9355
1791120442820408,2026-10-04T13:27:22.820408+00:00,162,18,3487900263,2,58,42,0,50050050,6,255,255,255,402919858518.912
1791120442829099,2026-10-04T13:27:22.829099+00:00,162,18,3487908948,2,58,42,0,50050050,6,255,255,255,402919867209.9062
1791120442872669,2026-10-04T13:27:22.872669+00:00,162,18,3487952530,2,58,42,0,50050050,6,255,255,255,402919910779.8772
1791120442902778,2026-10-04T13:27:22.902778+00:00,162,18,3487982628,2,58,42,0,50050050,6,255,255,255,402919940888.8571
1791120442913142,2026-10-04T13:27:22.913142+00:00,162,83,3487992835,2,58,42,0,50050050,6,255,255,255,402919951252.8502
1791120443039266,2026-10-04T13:27:23.039266+00:00,162,83,3488119106,2,58,42,0,50050050,6,255,255,255,402920077376.76624
1791120443150317,2026-10-04T13:27:23.150317+00:00,162,83,3488230149,2,58,42,0,50050050,6,255,255,255,402920188427.69226
1791120443248871,2026-10-04T13:27:23.248871+00:00,162,18,3488328729,2,58,42,0,50050050,6,255,255,255,402920286981.62665
1791120443249297,2026-10-04T13:27:23.249297+00:00,162,18,3488329171,2,58,42,0,50050050,6,255,255,255,402920287407.62634
1791120443287122,2026-10-04T13:27:23.287122+00:00,162,83,3488366961,2,58,42,0,50050050,6,255,255,255,402920325232.60114
1791120443330281,2026-10-04T13:27:23.330281+00:00,162,18,3488410144,2,58,42,0,50050050,6,255,255,255,402920368391.5724
1791120443382803,2026-10-04T13:27:23.382803+00:00,162,18,3488462656,2,58,42,0,50050050,6,255,255,255,402920420913.5374
1791120443406243,2026-10-04T13:27:23.406243+00:00,162,83,3488486098,2,58,42,0,50050050,6,255,255,255,402920444353.5218
1791120443406658,2026-10-04T13:27:23.406658+00:00,162,18,3488486532,2,58,42,0,50050050,6,255,255,255,402920444768.52155
1791120443420256,2026-10-04T13:27:23.420256+00:00,162,18,3488500087,2,58,42,0,50050050,6,255,255,255,402920458366.5125
1791120443442681,2026-10-04T13:27:23.442681+00:00,162,18,3488522541,2,58,42,0,50050050,6,255,255,255,402920480791.49756
1791120443472664,2026-10-04T13:27:23.472664+00:00,162,18,3488552520,2,58,42,0,50050050,6,255,255,255,402920510774.4776
1791120443481319,2026-10-04T13:27:23.481319+00:00,162,18,3488561171,2,58,42,0,50050050,6,255,255,255,402920519429.4718
1791120443495205,2026-10-04T13:27:23.495205+00:00,162,18,3488575015,2,58,42,0,50050050,6,255,255,255,402920533315.4626
1791120443511369,2026-10-04T13:27:23.511369+00:00,162,18,3488591231,2,58,42,0,50050050,6,255,255,255,402920549479.4518
1791120443539883,2026-10-04T13:27:23.539883+00:00,162,83,3488619728,2,58,42,0,50050050,6,255,255,255,402920577993.4328
1791120443540308,2026-10-04T13:27:23.540308+00:00,162,18,3488620174,2,58,42,0,50050050,6,255,255,255,402920578418.4325
1791120443555247,2026-10-04T13:27:23.555247+00:00,162,18,3488635106,2,58,42,0,50050050,6,255,255,255,402920593357.42255
1791120443570350,2026-10-04T13:27:23.570350+00:00,162,18,3488650180,2,58,42,0,50050050,6,255,255,255,402920608460.41254
1791120443585162,2026-10-04T13:27:23.585162+00:00,162,18,3488665020,2,58,42,0,50050050,6,255,255,255,402920623272.40265
1791120443600152,2026-10-04T13:27:23.600152+00:00,162,18,3488680013,2,58,42,0,50050050,6,255,255,255,402920638262.39264
1791120443615432,2026-10-04T13:27:23.615432+00:00,162,18,3488695257,2,58,42,0,50050050,6,255,255,255,402920653542.3825
1791120443630257,2026-10-04T13:27:23.630257+00:00,162,18,3488710118,2,58,42,0,50050050,6,255,255,255,402920668367.3726
1791120443645276,2026-10-04T13:27:23.645276+00:00,162,18,3488725132,2,58,42,0,50050050,6,255,255,255,402920683386.3626
1791120443660771,2026-10-04T13:27:23.660771+00:00,162,18,3488740599,2,58,42,0,50050050,6,255,255,255,402920698881.3523
1791120443668800,2026-10-04T13:27:23.668800+00:00,162,18,3488748660,2,58,42,0,50050050,6,255,255,255,402920706910.3469
1791120443676515,2026-10-04T13:27:23.676515+00:00,162,83,3488756369,2,58,42,0,50050050,6,255,255,255,402920714625.3418
1791120443682629,2026-10-04T13:27:23.682629+00:00,162,18,3488762490,2,58,42,0,50050050,6,255,255,255,402920720739.3377
1791120443697656,2026-10-04T13:27:23.697656+00:00,162,18,3488777513,2,58,42,0,50050050,6,255,255,255,402920735766.3277
1791120443712654,2026-10-04T13:27:23.712654+00:00,162,18,3488792511,2,58,42,0,50050050,6,255,255,255,402920750764.31775
1791120443727811,2026-10-04T13:27:23.727811+00:00,162,18,3488807676,2,58,42,0,50050050,6,255,255,255,402920765921.3076
1791120443742694,2026-10-04T13:27:23.742694+00:00,162,18,3488822555,2,58,42,0,50050050,6,255,255,255,402920780804.2977
1791120443757673,2026-10-04T13:27:23.757673+00:00,162,18,3488837525,2,58,42,0,50050050,6,255,255,255,402920795783.2878
1791120443787770,2026-10-04T13:27:23.787770+00:00,162,18,3488867638,2,58,42,0,50050050,6,255,255,255,402920825880.2677
1791120443803870,2026-10-04T13:27:23.803870+00:00,162,18,3488883721,2,58,42,0,50050050,6,255,255,255,402920841980.25696
1791120443807529,2026-10-04T13:27:23.807529+00:00,162,83,3488887373,2,58,42,0,50050050,6,255,255,255,402920845639.2546
1791120443825170,2026-10-04T13:27:23.825170+00:00,162,18,3488905023,2,58,42,0,50050050,6,255,255,255,402920863280.2428
1791120443841464,2026-10-04T13:27:23.841464+00:00,162,18,3488921309,2,58,42,0,50050050,6,255,255,255,402920879574.23193
1791120443871306,2026-10-04T13:27:23.871306+00:00,162,18,3488951161,2,58,42,0,50050050,6,255,255,255,402920909416.2121
1791120443892663,2026-10-04T13:27:23.892663+00:00,162,18,3488972511,2,58,42,0,50050050,6,255,255,255,402920930773.1979
1791120443901338,2026-10-04T13:27:23.901338+00:00,162,18,3488981167,2,58,42,0,50050050,6,255,255,255,402920939448.1921
1791120443915269,2026-10-04T13:27:23.915269+00:00,162,18,3488995117,2,58,42,0,50050050,6,255,255,255,402920953379.1828
1791120443923900,2026-10-04T13:27:23.923900+00:00,162,18,3489003752,2,58,42,0,50050050,6,255,255,255,402920962010.17706
1791120443938816,2026-10-04T13:27:23.938816+00:00,162,18,3489018675,2,58,42,0,50050050,6,255,255,255,402920976926.1671
1791120443952078,2026-10-04T13:27:23.952078+00:00,162,83,3489031904,2,58,42,0,50050050,6,255,255,255,402920990188.15826
1791120443952821,2026-10-04T13:27:23.952821+00:00,162,18,3489032672,2,58,42,0,50050050,6,255,255,255,402920990931.1578
1791120443967664,2026-10-04T13:27:23.967664+00:00,162,18,3489047519,2,58,42,0,50050050,6,255,255,255,402921005774.1479
1791120443976309,2026-10-04T13:27:23.976309+00:00,162,18,3489056167,2,58,42,0,50050050,6,255,255,255,402921014419.14215
1791120443990303,2026-10-04T13:27:23.990303+00:00,162,18,3489070157,2,58,42,0,50050050,6,255,255,255,402921028413.1328
1791120444005159,2026-10-04T13:27:24.005159+00:00,162,18,3489085014,2,59,42,0,50050050,12,255,255,255,402921043269.1229
1791120444020181,2026-10-04T13:27:24.020181+00:00,162,18,3489100002,2,59,42,0,50050050,12,255,255,255,402921058291.1129
1791120444035150,2026-10-04T13:27:24.035150+00:00,162,18,3489115012,2,59,42,0,50050050,12,255,255,255,402921073260.10297
1791120444051273,2026-10-04T13:27:24.051273+00:00,162,18,3489131138,2,59,42,0,50050050,12,255,255,255,402921089383.0922
1791120444055527,2026-10-04T13:27:24.055527+00:00,162,83,3489135372,2,59,42,0,50050050,12,255,255,255,402921093637.08936
1791120444065516,2026-10-04T13:27:24.065516+00:00,162,18,3489145291,2,59,42,0,50050050,12,255,255,255,402921103626.0827
1791120444080212,2026-10-04T13:27:24.080212+00:00,162,18,3489160070,2,59,42,0,50050050,12,255,255,255,402921118322.07294
1791120444095410,2026-10-04T13:27:24.095410+00:00,162,18,3489175275,2,59,42,0,50050050,12,255,255,255,402921133520.0628
1791120444110197,2026-10-04T13:27:24.110197+00:00,162,18,3489190054,2,59,42,0,50050050,12,255,255,255,402921148307.053
1791120444125153,2026-10-04T13:27:24.125153+00:00,162,18,3489205010,2,59,42,0,50050050,12,255,255,255,402921163263.043
1791120444140324,2026-10-04T13:27:24.140324+00:00,162,18,3489220132,2,59,42,0,50050050,12,255,255,255,402921178434.0329
1791120444148811,2026-10-04T13:27:24.148811+00:00,162,18,3489228660,2,59,42,0,50050050,12,255,255,255,402921186921.0272
1791120444162649,2026-10-04T13:27:24.162649+00:00,162,18,3489242505,2,59,42,0,50050050,12,255,255,255,402921200759.018
1791120444177740,2026-10-04T13:27:24.177740+00:00,162,18,3489257599,2,59,42,0,50050050,12,255,255,255,402921215850.008
1791120444183640,2026-10-04T13:27:24.183640+00:00,162,83,3489263491,2,59,42,0,50050050,12,255,255,255,402921221750.004
1791120444192633,2026-10-04T13:27:24.192633+00:00,162,18,3489272492,2,59,42,0,50050050,12,255,255,255,402921230742.99805
1791120444207645,2026-10-04T13:27:24.207645+00:00,162,18,3489287509,2,59,42,0,50050050,12,255,255,255,402921245754.98804
1791120444222635,2026-10-04T13:27:24.222635+00:00,162,18,3489302490,2,59,42,0,50050050,12,255,255,255,402921260744.9781
1791120444237626,2026-10-04T13:27:24.237626+00:00,162,18,3489317483,2,59,42,0,50050050,12,255,255,255,402921275735.9681
1791120444252721,2026-10-04T13:27:24.252721+00:00,162,18,3489332573,2,59,42,0,50050050,12,255,255,255,402921290830.95807
1791120444253155,2026-10-04T13:27:24.253155+00:00,162,18,3489333026,2,59,42,0,50050050,12,255,255,255,402921291264.95776
1791120444261357,2026-10-04T13:27:24.261357+00:00,162,18,3489341209,2,59,42,0,50050050,12,255,255,255,402921299466.9523
1791120444275186,2026-10-04T13:27:24.275186+00:00,162,18,3489355009,2,59,42,0,50050050,12,255,255,255,402921313295.94305
1791120444290171,2026-10-04T13:27:24.290171+00:00,162,18,3489370008,2,59,42,0,50050050,12,255,255,255,402921328280.9331
1791120444305166,2026-10-04T13:27:24.305166+00:00,162,18,3489385020,2,59,42,0,50050050,12,255,255,255,402921343275.9231
1791120444315223,2026-10-04T13:27:24.315223+00:00,162,83,3489395062,2,59,42,0,50050050,12,255,255,255,402921353332.91644
1791120444321280,2026-10-04T13:27:24.321280+00:00,162,18,3489401142,2,59,42,0,50050050,12,255,255,255,402921359389.91235
1791120444344060,2026-10-04T13:27:24.344060+00:00,162,18,3489423834,2,59,42,0,50050050,12,255,255,255,402921382169.8972
1791120444358808,2026-10-04T13:27:24.358808+00:00,162,18,3489438670,2,59,42,0,50050050,12,255,255,255,402921396917.8874
1791120444372884,2026-10-04T13:27:24.372884+00:00,162,18,3489452692,2,59,42,0,50050050,12,255,255,255,402921410993.878
1791120444410269,2026-10-04T13:27:24.410269+00:00,162,18,3489490126,2,59,42,0,50050050,12,255,255,255,402921448378.8531
1791120444415438,2026-10-04T13:27:24.415438+00:00,162,83,3489495287,2,59,42,0,50050050,12,255,255,255,402921453547.8497
1791120444418779,2026-10-04T13:27:24.418779+00:00,162,18,3489498640,2,59,42,0,50050050,12,255,255,255,402921456888.8475
1791120444433147,2026-10-04T13:27:24.433147+00:00,162,18,3489512975,2,59,42,0,50050050,12,255,255,255,402921471256.8379
1791120444455125,2026-10-04T13:27:24.455125+00:00,162,18,3489534987,2,59,42,0,50050050,12,255,255,255,402921493234.82324
1791120444465446,2026-10-04T13:27:24.465446+00:00,162,18,3489545301,2,59,42,0,50050050,12,255,255,255,402921503555.81635
1791120444478773,2026-10-04T13:27:24.478773+00:00,162,18,3489558633,2,59,42,0,50050050,12,255,255,255,402921516882.8075
1791120444493917,2026-10-04T13:27:24.493917+00:00,162,18,3489573765,2,59,42,0,50050050,12,255,255,255,402921532026.7974
1791120444508832,2026-10-04T13:27:24.508832+00:00,162,18,3489588694,2,59,42,0,50050050,12,255,255,255,402921546941.7875
1791120444523304,2026-10-04T13:27:24.523304+00:00,162,18,3489603099,2,59,42,0,50050050,12,255,255,255,402921561413.77783
1791120444531297,2026-10-04T13:27:24.531297+00:00,162,18,3489611155,2,59,42,0,50050050,12,255,255,255,402921569406.7725
1791120444554317,2026-10-04T13:27:24.554317+00:00,162,83,3489634163,2,59,42,0,50050050,12,255,255,255,402921592426.7572
1791120444561391,2026-10-04T13:27:24.561391+00:00,162,18,3489641250,2,59,42,0,50050050,12,255,255,255,402921599500.75244
1791120444575179,2026-10-04T13:27:24.575179+00:00,162,18,3489655040,2,59,42,0,50050050,12,255,255,255,402921613288.7433
1791120444590190,2026-10-04T13:27:24.590190+00:00,162,18,3489670036,2,59,42,0,50050050,12,255,255,255,402921628299.7333
1791120444605162,2026-10-04T13:27:24.605162+00:00,162,18,3489685019,2,59,42,0,50050050,12,255,255,255,402921643271.7233
1791120444620192,2026-10-04T13:27:24.620192+00:00,162,18,3489700044,2,59,42,0,50050050,12,255,255,255,402921658301.7133
1791120444635319,2026-10-04T13:27:24.635319+00:00,162,18,3489715001,2,59,42,0,50050050,12,255,255,255,402921673428.70325
1791120444650232,2026-10-04T13:27:24.650232+00:00,162,18,3489730089,2,59,42,0,50050050,12,255,255,255,402921688341.6933
1791120444666415,2026-10-04T13:27:24.666415+00:00,162,18,3489746146,2,59,42,0,50050050,12,255,255,255,402921704524.6825
1791120444680163,2026-10-04T13:27:24.680163+00:00,162,18,3489760027,2,59,42,0,50050050,12,255,255,255,402921718272.67334
1791120444688836,2026-10-04T13:27:24.688836+00:00,162,18,3489768692,2,59,42,0,50050050,12,255,255,255,402921726945.6676
1791120444691642,2026-10-04T13:27:24.691642+00:00,162,83,3489771491,2,59,42,0,50050050,12,255,255,255,402921729751.6657
1791120444702756,2026-10-04T13:27:24.702756+00:00,162,18,3489782517,2,59,42,0,50050050,12,255,255,255,402921740865.6583
1791120444718785,2026-10-04T13:27:24.718785+00:00,162,18,3489798642,2,59,42,0,50050050,12,255,255,255,402921756894.64764
1791120444733874,2026-10-04T13:27:24.733874+00:00,162,18,3489813725,2,59,42,0,50050050,12,255,255,255,402921771983.6376
1791120444833313,2026-10-04T13:27:24.833313+00:00,162,83,3489913147,2,59,42,0,50050050,12,255,255,255,402921871422.57135
1791120444868955,2026-10-04T13:27:24.868955+00:00,162,18,3489948728,2,59,42,0,50050050,12,255,255,255,402921907064.5476
1791120444882945,2026-10-04T13:27:24.882945+00:00,162,18,3489962774,2,59,42,0,50050050,12,255,255,255,402921921054.5383
1791120444897647,2026-10-04T13:27:24.897647+00:00,162,18,3489977508,2,59,42,0,50050050,12,255,255,255,402921935756.5285
1791120444913840,2026-10-04T13:27:24.913840+00:00,162,18,3489993695,2,59,42,0,50050050,12,255,255,255,402921951949.5177
1791120444927827,2026-10-04T13:27:24.927827+00:00,162,18,3490007633,2,59,42,0,50050050,12,255,255,255,402921965936.5084
1791120444944003,2026-10-04T13:27:24.944003+00:00,162,18,3490023830,2,59,42,0,50050050,12,255,255,255,402921982112.4976
1791120444949666,2026-10-04T13:27:24.949666+00:00,162,83,3490029515,2,59,42,0,50050050,12,255,255,255,402921987775.49384
1791120444957661,2026-10-04T13:27:24.957661+00:00,162,18,3490037495,2,59,42,0,50050050,12,255,255,255,402921995770.4885
1791120444972717,2026-10-04T13:27:24.972717+00:00,162,18,3490052576,2,59,42,0,50050050,12,255,255,255,402922010826.4785
1791120444987976,2026-10-04T13:27:24.987976+00:00,162,18,3490067833,2,59,42,0,50050050,12,255,255,255,402922026085.4683
1791120445002663,2026-10-04T13:27:25.002663+00:00,162,18,3490082527,2,59,42,0,50050050,12,255,255,255,402922040772.45856
1791120445017635,2026-10-04T13:27:25.017635+00:00,162,18,3490097492,2,59,42,0,50050050,12,255,255,255,402922055744.4486
1791120445032672,2026-10-04T13:27:25.032672+00:00,162,18,3490112521,2,59,42,0,50050050,12,255,255,255,402922070781.4386
1791120445047610,2026-10-04T13:27:25.047610+00:00,162,18,3490127459,2,59,42,0,50050050,12,255,255,255,402922085719.42865
1791120445063280,2026-10-04T13:27:25.063280+00:00,162,18,3490142920,2,59,42,0,50050050,12,255,255,255,402922101389.4182
1791120445077782,2026-10-04T13:27:25.077782+00:00,162,18,3490157642,2,59,42,0,50050050,12,255,255,255,402922115891.4085
1791120445088856,2026-10-04T13:27:25.088856+00:00,162,83,3490168698,2,59,42,0,50050050,12,255,255,255,402922126965.4012
1791120445092771,2026-10-04T13:27:25.092771+00:00,162,18,3490172632,2,59,42,0,50050050,12,255,255,255,402922130880.39856
1791120445107691,2026-10-04T13:27:25.107691+00:00,162,18,3490187540,2,60,42,0,50050050,14,255,255,255,402922145800.3886
1791120445123043,2026-10-04T13:27:25.123043+00:00,162,18,3490202895,2,60,42,0,50050050,14,255,255,255,402922161152.3784
1791120445138714,2026-10-04T13:27:25.138714+00:00,162,18,3490218336,2,60,42,0,50050050,14,255,255,255,402922176823.368
1791120445152688,2026-10-04T13:27:25.152688+00:00,162,18,3490232541,2,60,42,0,50050050,14,255,255,255,402922190797.35864
1791120445167666,2026-10-04T13:27:25.167666+00:00,162,18,3490247516,2,60,42,0,50050050,14,255,255,255,402922205775.3487
1791120445182688,2026-10-04T13:27:25.182688+00:00,162,18,3490262541,2,60,42,0,50050050,14,255,255,255,402922220797.3387
1791120445197601,2026-10-04T13:27:25.197601+00:00,162,18,3490277459,2,60,42,0,50050050,14,255,255,255,402922235710.32874
1791120445212845,2026-10-04T13:27:25.212845+00:00,162,18,3490292693,2,60,42,0,50050050,14,255,255,255,402922250954.3186
1791120445227744,2026-10-04T13:27:25.227744+00:00,162,83,3490307601,2,60,42,0,50050050,14,255,255,255,402922265853.30865
1791120445228218,2026-10-04T13:27:25.228218+00:00,162,18,3490308080,2,60,42,0,50050050,14,255,255,255,402922266327.30835
1791120445242614,2026-10-04T13:27:25.242614+00:00,162,18,3490322469,2,60,42,0,50050050,14,255,255,255,402922280723.29877
1791120445257696,2026-10-04T13:27:25.257696+00:00,162,18,3490337543,2,60,42,0,50050050,14,255,255,255,402922295805.2887
1791120445258207,2026-10-04T13:27:25.258207+00:00,162,18,3490338076,2,60,42,0,50050050,14,255,255,255,402922296316.2884
1791120445272647,2026-10-04T13:27:25.272647+00:00,162,18,3490352503,2,60,42,0,50050050,14,255,255,255,402922310756.27875
1791120445287642,2026-10-04T13:27:25.287642+00:00,162,18,3490367501,2,60,42,0,50050050,14,255,255,255,402922325751.26874
1791120445296556,2026-10-04T13:27:25.296556+00:00,162,18,3490376373,2,60,42,0,50050050,14,255,255,255,402922334665.2628
1791120445310141,2026-10-04T13:27:25.310141+00:00,162,18,3490389991,2,60,42,0,50050050,14,255,255,255,402922348250.2538
1791120445325222,2026-10-04T13:27:25.325222+00:00,162,18,3490405067,2,60,42,0,50050050,14,255,255,255,402922363331.2437
1791120445330024,2026-10-04T13:27:25.330024+00:00,162,83,3490409871,2,60,42,0,50050050,14,255,255,255,402922368133.24054
1791120445340632,2026-10-04T13:27:25.340632+00:00,162,18,3490420492,2,60,42,0,50050050,14,255,255,255,402922378741.23346
1791120445355445,2026-10-04T13:27:25.355445+00:00,162,18,3490435215,2,60,42,0,50050050,14,255,255,255,402922393554.22363
1791120445371312,2026-10-04T13:27:25.371312+00:00,162,18,3490451165,2,60,42,0,50050050,14,255,255,255,402922409421.213
1791120445385125,2026-10-04T13:27:25.385125+00:00,162,18,3490464982,2,60,42,0,50050050,14,255,255,255,402922423234.20386
1791120445400123,2026-10-04T13:27:25.400123+00:00,162,18,3490479978,2,60,42,0,50050050,14,255,255,255,402922438232.19385
1791120445415172,2026-10-04T13:27:25.415172+00:00,162,18,3490495021,2,60,42,0,50050050,14,255,255,255,402922453281.18384
1791120445430185,2026-10-04T13:27:25.430185+00:00,162,18,3490510046,2,60,42,0,50050050,14,255,255,255,402922468294.1738
1791120445445273,2026-10-04T13:27:25.445273+00:00,162,18,3490525123,2,60,42,0,50050050,14,255,255,255,402922483382.16376
1791120445459835,2026-10-04T13:27:25.459835+00:00,162,83,3490539670,2,60,42,0,50050050,14,255,255,255,402922497944.15405
1791120445460597,2026-10-04T13:27:25.460597+00:00,162,18,3490540443,2,60,42,0,50050050,14,255,255,255,402922498706.15356
1791120445475111,2026-10-04T13:27:25.475111+00:00,162,18,3490554967,2,60,42,0,50050050,14,255,255,255,402922513220.1439
1791120445490136,2026-10-04T13:27:25.490136+00:00,162,18,3490569986,2,60,42,0,50050050,14,255,255,255,402922528245.1339
1791120445505147,2026-10-04T13:27:25.505147+00:00,162,18,3490584996,2,60,42,0,50050050,14,255,255,255,402922543256.1239
1791120445520323,2026-10-04T13:27:25.520323+00:00,162,18,3490600095,2,60,42,0,50050050,14,255,255,255,402922558432.1138
1791120445535162,2026-10-04T13:27:25.535162+00:00,162,18,3490615013,2,60,42,0,50050050,14,255,255,255,402922573271.1039
1791120445550181,2026-10-04T13:27:25.550181+00:00,162,18,3490630025,2,60,42,0,50050050,14,255,255,255,402922588290.09393
1791120445565273,2026-10-04T13:27:25.565273+00:00,162,18,3490645127,2,60,42,0,50050050,14,255,255,255,402922603382.08386
1791120445580274,2026-10-04T13:27:25.580274+00:00,162,18,3490660116,2,60,42,0,50050050,14,255,255,255,402922618383.07385
1791120445588961,2026-10-04T13:27:25.588961+00:00,162,18,3490668829,2,60,42,0,50050050,14,255,255,255,402922627070.06805
1791120445597363,2026-10-04T13:27:25.597363+00:00,162,83,3490677211,2,60,42,0,50050050,14,255,255,255,402922635472.0625
1791120445602610,2026-10-04T13:27:25.602610+00:00,162,18,3490682472,2,60,42,0,50050050,14,255,255,255,402922640719.05896
1791120445617637,2026-10-04T13:27:25.617637+00:00,162,18,3490697496,2,60,42,0,50050050,14,255,255,255,402922655746.04895
1791120445632947,2026-10-04T13:27:25.632947+00:00,162,18,3490712773,2,60,42,0,50050050,14,255,255,255,402922671056.03876
1791120445647914,2026-10-04T13:27:25.647914+00:00,162,18,3490727738,2,60,42,0,50050050,14,255,255,255,402922686023.0288
1791120445662725,2026-10-04T13:27:25.662725+00:00,162,18,3490742583,2,60,42,0,50050050,14,255,255,255,402922700834.0189
1791120445678044,2026-10-04T13:27:25.678044+00:00,162,18,3490757868,2,60,42,0,50050050,14,255,255,255,402922716153.0087
1791120445692630,2026-10-04T13:27:25.692630+00:00,162,18,3490772493,2,60,42,0,50050050,14,255,255,255,402922730738.999
1791120445707627,2026-10-04T13:27:25.707627+00:00,162,18,3490787482,2,60,42,0,50050050,14,255,255,255,402922745735.989
1791120445722635,2026-10-04T13:27:25.722635+00:00,162,18,3490802497,2,60,42,0,50050050,14,255,255,255,402922760743.97906
1791120445736863,2026-10-04T13:27:25.736863+00:00,162,83,3490816696,2,60,42,0,50050050,14,255,255,255,402922774971.96954
1791120445737583,2026-10-04T13:27:25.737583+00:00,162,18,3490817452,2,60,42,0,50050050,14,255,255,255,402922775691.9691
1791120445746273,2026-10-04T13:27:25.746273+00:00,162,18,3490826134,2,60,42,0,50050050,14,255,255,255,402922784381.9633
1791120445760123,2026-10-04T13:27:25.760123+00:00,162,18,3490839975,2,60,42,0,50050050,14,255,255,255,402922798231.9541
1791120445775187,2026-10-04T13:27:25.775187+00:00,162,18,3490855034,2,60,42,0,50050050,14,255,255,255,402922813295.94403
1791120445790176,2026-10-04T13:27:25.790176+00:00,162,18,3490870029,2,60,42,0,50050050,14,255,255,255,402922828284.9341
1791120445805149,2026-10-04T13:27:25.805149+00:00,162,18,3490885000,2,60,42,0,50050050,14,255,255,255,402922843257.9241
1791120445820210,2026-10-04T13:27:25.820210+00:00,162,18,3490900058,2,60,42,0,50050050,14,255,255,255,402922858318.91406
1791120445835320,2026-10-04T13:27:25.835320+00:00,162,18,3490915164,2,60,42,0,50050050,14,255,255,255,402922873428.904
1791120445850224,2026-10-04T13:27:25.850224+00:00,162,18,3490930084,2,60,42,0,50050050,14,255,255,255,402922888332.89404
1791120445865140,2026-10-04T13:27:25.865140+00:00,162,18,3490944986,2,60,42,0,50050050,14,255,255,255,402922903248.88416
1791120445868563,2026-10-04T13:27:25.868563+00:00,162,83,3490948415,2,60,42,0,50050050,14,255,255,255,402922906671.88184
1791120445880433,2026-10-04T13:27:25.880433+00:00,162,18,3490960287,2,60,42,0,50050050,14,255,255,255,402922918541.87396
1791120445895346,2026-10-04T13:27:25.895346+00:00,162,18,3490975201,2,60,42,0,50050050,14,255,255,255,402922933454.864
1791120445910249,2026-10-04T13:27:25.910249+00:00,162,18,3490990081,2,60,42,0,50050050,14,255,255,255,402922948357.85406
1791120445925157,2026-10-04T13:27:25.925157+00:00,162,18,3491005010,2,60,42,0,50050050,14,255,255,255,402922963265.8442
1791120445940146,2026-10-04T13:27:25.940146+00:00,162,18,3491020003,2,60,42,0,50050050,14,255,255,255,402922978254.83417
1791120445948774,2026-10-04T13:27:25.948774+00:00,162,18,3491028626,2,60,42,0,50050050,14,255,255,255,402922986882.8284
1791120445962614,2026-10-04T13:27:25.962614+00:00,162,18,3491042473,2,60,42,0,50050050,14,255,255,255,402923000722.8192
1791120445977773,2026-10-04T13:27:25.977773+00:00,162,18,3491057636,2,60,42,0,50050050,14,255,255,255,402923015881.80914
1791120445992767,2026-10-04T13:27:25.992767+00:00,162,18,3491072497,2,60,42,0,50050050,14,255,255,255,402923030875.79913
1791120446000691,2026-10-04T13:27:26.000691+00:00,162,83,3491080545,2,60,42,0,50050050,14,255,255,255,402923038799.7939
1791120446007721,2026-10-04T13:27:26.007721+00:00,162,18,3491087583,2,60,42,0,50050050,14,255,255,255,402923045829.7892
1791120446022686,2026-10-04T13:27:26.022686+00:00,162,18,3491102537,2,60,42,0,50050050,14,255,255,255,402923060794.77924
1791120446037661,2026-10-04T13:27:26.037661+00:00,162,18,3491117521,2,60,42,0,50050050,14,255,255,255,402923075769.7692
1791120446052607,2026-10-04T13:27:26.052607+00:00,162,18,3491132468,2,60,42,0,50050050,14,255,255,255,402923090715.7593
1791120446067689,2026-10-04T13:27:26.067689+00:00,162,18,3491147550,2,60,42,0,50050050,14,255,255,255,402923105797.7492
1791120446082628,2026-10-04T13:27:26.082628+00:00,162,18,3491162490,2,60,42,0,50050050,14,255,255,255,402923120736.73926
1791120446097584,2026-10-04T13:27:26.097584+00:00,162,18,3491177443,2,60,42,0,50050050,14,255,255,255,402923135692.7293
1791120446113289,2026-10-04T13:27:26.113289+00:00,162,18,3491193138,2,60,42,0,50050050,14,255,255,255,402923151397.7189
1791120446122249,2026-10-04T13:27:26.122249+00:00,162,83,3491202096,2,60,42,0,50050050,14,255,255,255,402923160357.7129
1791120446127776,2026-10-04T13:27:26.127776+00:00,162,18,3491207637,2,60,42,0,50050050,14,255,255,255,402923165884.7092
1791120446142695,2026-10-04T13:27:26.142695+00:00,162,18,3491222551,2,60,42,0,50050050,14,255,255,255,402923180803.6993
1791120446157593,2026-10-04T13:27:26.157593+00:00,162,18,3491237454,2,60,42,0,50050050,14,255,255,255,402923195701.68933
1791120446173836,2026-10-04T13:27:26.173836+00:00,162,18,3491253672,2,60,42,0,50050050,14,255,255,255,402923211944.6785
1791120446187758,2026-10-04T13:27:26.187758+00:00,162,18,3491267604,2,60,42,0,50050050,14,255,255,255,402923225866.66925
1791120446202702,2026-10-04T13:27:26.202702+00:00,162,18,3491282553,2,60,42,0,50050050,14,255,255,255,402923240810.6593
1791120446217679,2026-10-04T13:27:26.217679+00:00,162,18,3491297523,2,60,42,0,50050050,14,255,255,255,402923255787.64935
1791120446232694,2026-10-04T13:27:26.232694+00:00,162,18,3491312548,2,60,42,0,50050050,14,255,255,255,402923270802.63934
1791120446247673,2026-10-04T13:27:26.247673+00:00,162,18,3491327524,2,60,42,0,50050050,14,255,255,255,402923285781.62933
1791120446256674,2026-10-04T13:27:26.256674+00:00,162,83,3491336517,2,60,42,0,50050050,14,255,255,255,402923294782.62335
1791120446262686,2026-10-04T13:27:26.262686+00:00,162,18,3491342544,2,60,42,0,50050050,14,255,255,255,402923300794.6194
1791120446263090,2026-10-04T13:27:26.263090+00:00,162,18,3491342966,2,60,42,0,50050050,14,255,255,255,402923301198.6191
1791120446278062,2026-10-04T13:27:26.278062+00:00,162,18,3491357864,2,60,42,0,50050050,14,255,255,255,402923316170.60913
1791120446292753,2026-10-04T13:27:26.292753+00:00,162,18,3491372602,2,60,42,0,50050050,14,255,255,255,402923330861.59937
1791120446308354,2026-10-04T13:27:26.308354+00:00,162,18,3491388066,2,60,42,0,50050050,14,255,255,255,402923346462.5889
1791120446322636,2026-10-04T13:27:26.322636+00:00,162,18,3491402491,2,60,42,0,50050050,14,255,255,255,402923360744.5794
1791120446337750,2026-10-04T13:27:26.337750+00:00,162,18,3491417602,2,60,42,0,50050050,14,255,255,255,402923375858.5694
1791120446351221,2026-10-04T13:27:26.351221+00:00,162,83,3491431049,2,60,42,0,50050050,14,255,255,255,402923389329.5604
1791120446352612,2026-10-04T13:27:26.352612+00:00,162,18,3491432473,2,60,42,0,50050050,14,255,255,255,402923390720.55945
1791120446367718,2026-10-04T13:27:26.367718+00:00,162,18,3491447568,2,60,42,0,50050050,14,255,255,255,402923405826.54944
1791120446382636,2026-10-04T13:27:26.382636+00:00,162,18,3491462489,2,60,42,0,50050050,14,255,255,255,402923420744.5395
1791120446397665,2026-10-04T13:27:26.397665+00:00,162,18,3491477458,2,60,42,0,50050050,14,255,255,255,402923435773.5295
1791120446412771,2026-10-04T13:27:26.412771+00:00,162,18,3491492622,2,60,42,0,50050050,14,255,255,255,402923450879.5194
1791120446427802,2026-10-04T13:27:26.427802+00:00,162,18,3491507622,2,60,42,0,50050050,14,255,255,255,402923465910.5094
1791120446442782,2026-10-04T13:27:26.442782+00:00,162,18,3491522635,2,60,42,0,50050050,14,255,255,255,402923480890.4994
1791120446457672,2026-10-04T13:27:26.457672+00:00,162,18,3491537519,2,60,42,0,50050050,14,255,255,255,402923495780.4895
1791120446472646,2026-10-04T13:27:26.472646+00:00,162,18,3491552495,2,60,42,0,50050050,14,255,255,255,402923510754.47955
1791120446482908,2026-10-04T13:27:26.482908+00:00,162,83,3491562751,2,60,42,0,50050050,14,255,255,255,402923521016.4727
1791120446487622,2026-10-04T13:27:26.487622+00:00,162,18,3491567488,2,60,42,0,50050050,14,255,255,255,402923525730.46954
1791120446502778,2026-10-04T13:27:26.502778+00:00,162,18,3491582536,2,60,42,0,50050050,14,255,255,255,402923540886.4595
1791120446517687,2026-10-04T13:27:26.517687+00:00,162,18,3491597537,2,60,42,0,50050050,14,255,255,255,402923555795.4495
1791120446532745,2026-10-04T13:27:26.532745+00:00,162,18,3491612573,2,60,42,0,50050050,14,255,255,255,402923570853.4395
1791120446547600,2026-10-04T13:27:26.547600+00:00,162,18,3491627457,2,60,42,0,50050050,14,255,255,255,402923585708.4296
1791120446562662,2026-10-04T13:27:26.562662+00:00,162,18,3491642515,2,60,42,0,50050050,14,255,255,255,402923600770.41956
1791120446577732,2026-10-04T13:27:26.577732+00:00,162,18,3491657584,2,60,42,0,50050050,14,255,255,255,402923615840.40955
1791120446592783,2026-10-04T13:27:26.592783+00:00,162,18,3491672631,2,60,42,0,50050050,14,255,255,255,402923630891.39954
1791120446607627,2026-10-04T13:27:26.607627+00:00,162,18,3491687475,2,60,42,0,50050050,14,255,255,255,402923645735.38965
1791120446613649,2026-10-04T13:27:26.613649+00:00,162,83,3491693499,2,60,42,0,50050050,14,255,255,255,402923651757.3856
1791120446622632,2026-10-04T13:27:26.622632+00:00,162,18,3491702484,2,60,42,0,50050050,14,255,255,255,402923660740.37964
1791120446637609,2026-10-04T13:27:26.637609+00:00,162,18,3491717467,2,60,42,0,50050050,14,255,255,255,402923675717.3696
1791120446652891,2026-10-04T13:27:26.652891+00:00,162,18,3491732744,2,60,42,0,50050050,14,255,255,255,402923690999.3595
1791120446667575,2026-10-04T13:27:26.667575+00:00,162,18,3491747433,2,60,42,0,50050050,14,255,255,255,402923705683.3497
1791120446682616,2026-10-04T13:27:26.682616+00:00,162,18,3491762478,2,60,42,0,50050050,14,255,255,255,402923720724.33966
1791120446697721,2026-10-04T13:27:26.697721+00:00,162,18,3491777561,2,60,42,0,50050050,14,255,255,255,402923735829.3296
1791120446712728,2026-10-04T13:27:26.712728+00:00,162,18,3491792584,2,60,42,0,50050050,14,255,255,255,402923750836.31964
1791120446736495,2026-10-04T13:27:26.736495+00:00,162,18,3491816334,2,60,42,0,50050050,14,255,255,255,402923774603.3038
1791120446753208,2026-10-04T13:27:26.753208+00:00,162,83,3491832954,2,60,42,0,50050050,14,255,255,255,402923791316.29266
1791120446796280,2026-10-04T13:27:26.796280+00:00,162,18,3491876126,2,60,42,0,50050050,14,255,255,255,402923834388.264
1791120446811446,2026-10-04T13:27:26.811446+00:00,162,18,3491891247,2,60,42,0,50050050,14,255,255,255,402923849554.2539
1791120446826269,2026-10-04T13:27:26.826269+00:00,162,18,3491906121,2,60,42,0,50050050,14,255,255,255,402923864377.244
1791120446841499,2026-10-04T13:27:26.841499+00:00,162,18,3491921343,2,60,42,0,50050050,14,255,255,255,402923879607.2339
1791120446847229,2026-10-04T13:27:26.847229+00:00,162,83,3491926275,2,60,42,0,50050050,14,255,255,255,402923885337.23004
1791120446856253,2026-10-04T13:27:26.856253+00:00,162,18,3491936100,2,60,42,0,50050050,14,255,255,255,402923894361.22406
1791120446870262,2026-10-04T13:27:26.870262+00:00,162,18,3491950109,2,60,42,0,50050050,14,255,255,255,402923908370.2147
1791120446885186,2026-10-04T13:27:26.885186+00:00,162,18,3491965041,2,60,42,0,50050050,14,255,255,255,402923923294.2048
1791120446900083,2026-10-04T13:27:26.900083+00:00,162,18,3491979945,2,60,42,0,50050050,14,255,255,255,402923938191.1948
1791120446915454,2026-10-04T13:27:26.915454+00:00,162,18,3491995184,2,60,42,0,50050050,14,255,255,255,402923953562.18463
1791120446930125,2026-10-04T13:27:26.930125+00:00,162,18,3492009985,2,60,42,0,50050050,14,255,255,255,402923968233.1748
1791120446945218,2026-10-04T13:27:26.945218+00:00,162,18,3492025076,2,60,42,0,50050050,14,255,255,255,402923983326.1648
1791120446960241,2026-10-04T13:27:26.960241+00:00,162,18,3492040099,2,60,42,0,50050050,14,255,255,255,402923998349.1548
1791120446975114,2026-10-04T13:27:26.975114+00:00,162,18,3492054968,2,60,42,0,50050050,14,255,255,255,402924013222.1449
1791120446981359,2026-10-04T13:27:26.981359+00:00,162,83,3492061200,2,60,42,0,50050050,14,255,255,255,402924019467.1407
1791120446990133,2026-10-04T13:27:26.990133+00:00,162,18,3492069993,2,60,42,0,50050050,14,255,255,255,402924028241.1349
1791120447005157,2026-10-04T13:27:27.005157+00:00,162,18,3492085013,2,60,42,0,50050050,14,255,255,255,402924043265.1249
1791120447020407,2026-10-04T13:27:27.020407+00:00,162,18,3492100207,2,60,42,0,50050050,14,255,255,255,402924058515.1147
1791120447035189,2026-10-04T13:27:27.035189+00:00,162,18,3492115048,2,60,42,0,50050050,14,255,255,255,402924073297.10486
1791120447050104,2026-10-04T13:27:27.050104+00:00,162,18,3492129964,2,60,42,0,50050050,14,255,255,255,402924088212.0949
1791120447065128,2026-10-04T13:27:27.065128+00:00,162,18,3492144982,2,60,42,0,50050050,14,255,255,255,402924103236.0849
1791120447080107,2026-10-04T13:27:27.080107+00:00,162,18,3492159963,2,60,42,0,50050050,14,255,255,255,402924118215.07495
1791120447095104,2026-10-04T13:27:27.095104+00:00,162,18,3492174960,2,60,42,0,50050050,14,255,255,255,402924133212.06494
1791120447103743,2026-10-04T13:27:27.103743+00:00,162,18,3492183600,2,61,42,0,50050050,5,255,255,255,402924141851.0592
1791120447118714,2026-10-04T13:27:27.118714+00:00,162,18,3492198577,2,61,42,0,50050050,5,255,255,255,402924156822.04926
1791120447125512,2026-10-04T13:27:27.125512+00:00,162,83,3492205377,2,61,42,0,50050050,5,255,255,255,402924163620.0447
1791120447132572,2026-10-04T13:27:27.132572+00:00,162,18,3492212432,2,61,42,0,50050050,5,255,255,255,402924170680.04
1791120447147735,2026-10-04T13:27:27.147735+00:00,162,18,3492227593,2,61,42,0,50050050,5,255,255,255,402924185843.0299
1791120447162701,2026-10-04T13:27:27.162701+00:00,162,18,3492242557,2,61,42,0,50050050,5,255,255,255,402924200809.01996
1791120447177810,2026-10-04T13:27:27.177810+00:00,162,18,3492257664,2,61,42,0,50050050,5,255,255,255,402924215918.0099
1791120447193054,2026-10-04T13:27:27.193054+00:00,162,18,3492272851,2,61,42,0,50050050,5,255,255,255,402924231161.9997
1791120447207639,2026-10-04T13:27:27.207639+00:00,162,18,3492287490,2,61,42,0,50050050,5,255,255,255,402924245746.99
1791120447222613,2026-10-04T13:27:27.222613+00:00,162,18,3492302471,2,61,42,0,50050050,5,255,255,255,402924260720.98004
1791120447237642,2026-10-04T13:27:27.237642+00:00,162,18,3492317499,2,61,42,0,50050050,5,255,255,255,402924275749.97003
1791120447252619,2026-10-04T13:27:27.252619+00:00,162,18,3492332468,2,61,42,0,50050050,5,255,255,255,402924290726.96
1791120447266168,2026-10-04T13:27:27.266168+00:00,162,83,3492346007,2,61,42,0,50050050,5,255,255,255,402924304275.95105
1791120447267741,2026-10-04T13:27:27.267741+00:00,162,18,3492347605,2,61,42,0,50050050,5,255,255,255,402924305848.94995
1791120447268195,2026-10-04T13:27:27.268195+00:00,162,18,3492348061,2,61,42,0,50050050,5,255,255,255,402924306302.94965
1791120447282676,2026-10-04T13:27:27.282676+00:00,162,18,3492362517,2,61,42,0,50050050,5,255,255,255,402924320783.94
1791120447297603,2026-10-04T13:27:27.297603+00:00,162,18,3492377457,2,61,42,0,50050050,5,255,255,255,402924335710.9301
1791120447312735,2026-10-04T13:27:27.312735+00:00,162,18,3492392592,2,61,42,0,50050050,5,255,255,255,402924350842.92
1791120447327665,2026-10-04T13:27:27.327665+00:00,162,18,3492407522,2,61,42,0,50050050,5,255,255,255,402924365772.91003
1791120447342613,2026-10-04T13:27:27.342613+00:00,162,18,3492422459,2,61,42,0,50050050,5,255,255,255,402924380720.9001
1791120447357830,2026-10-04T13:27:27.357830+00:00,162,18,3492437681,2,61,42,0,50050050,5,255,255,255,402924395937.88995
1791120447372801,2026-10-04T13:27:27.372801+00:00,162,18,3492452625,2,61,42,0,50050050,5,255,255,255,402924410908.88
1791120447387624,2026-10-04T13:27:27.387624+00:00,162,18,3492467474,2,61,42,0,50050050,5,255,255,255,402924425731.8701
1791120447402652,2026-10-04T13:27:27.402652+00:00,162,18,3492482502,2,61,42,0,50050050,5,255,255,255,402924440759.8601
1791120447404885,2026-10-04T13:27:27.404885+00:00,162,83,3492484730,2,61,42,0,50050050,5,255,255,255,402924442992.85864
1791120447417604,2026-10-04T13:27:27.417604+00:00,162,18,3492497456,2,61,42,0,50050050,5,255,255,255,402924455711.85016
1791120447432590,2026-10-04T13:27:27.432590+00:00,162,18,3492512448,2,61,42,0,50050050,5,255,255,255,402924470697.8402
1791120447447742,2026-10-04T13:27:27.447742+00:00,162,18,3492527532,2,61,42,0,50050050,5,255,255,255,402924485849.8301
1791120447462706,2026-10-04T13:27:27.462706+00:00,162,18,3492542553,2,61,42,0,50050050,5,255,255,255,402924500813.8201
1791120447477655,2026-10-04T13:27:27.477655+00:00,162,18,3492557510,2,61,42,0,50050050,5,255,255,255,402924515762.8102
1791120447493768,2026-10-04T13:27:27.493768+00:00,162,18,3492573627,2,61,42,0,50050050,5,255,255,255,402924531875.79944
1791120447507588,2026-10-04T13:27:27.507588+00:00,162,18,3492587445,2,61,42,0,50050050,5,255,255,255,402924545695.7902
1791120447522606,2026-10-04T13:27:27.522606+00:00,162,18,3492602459,2,61,42,0,50050050,5,255,255,255,402924560713.7802
1791120447537635,2026-10-04T13:27:27.537635+00:00,162,18,3492617494,2,61,42,0,50050050,5,255,255,255,402924575742.7702
1791120447546275,2026-10-04T13:27:27.546275+00:00,162,83,3492626122,2,61,42,0,50050050,5,255,255,255,402924584382.76447
1791120447552605,2026-10-04T13:27:27.552605+00:00,162,18,3492632468,2,61,42,0,50050050,5,255,255,255,402924590712.76025
1791120447567695,2026-10-04T13:27:27.567695+00:00,162,18,3492647472,2,61,42,0,50050050,5,255,255,255,402924605802.7502
1791120447582628,2026-10-04T13:27:27.582628+00:00,162,18,3492662480,2,61,42,0,50050050,5,255,255,255,402924620735.74023
1791120447597590,2026-10-04T13:27:27.597590+00:00,162,18,3492677447,2,61,42,0,50050050,5,255,255,255,402924635697.7303
1791120447612705,2026-10-04T13:27:27.612705+00:00,162,18,3492692555,2,61,42,0,50050050,5,255,255,255,402924650812.7202
1791120447627681,2026-10-04T13:27:27.627681+00:00,162,18,3492707539,2,61,42,0,50050050,5,255,255,255,402924665788.71027
1791120447642593,2026-10-04T13:27:27.642593+00:00,162,18,3492722451,2,61,42,0,50050050,5,255,255,255,402924680700.7003
1791120447657570,2026-10-04T13:27:27.657570+00:00,162,18,3492737435,2,61,42,0,50050050,5,255,255,255,402924695677.69037
1791120447674104,2026-10-04T13:27:27.674104+00:00,162,18,3492753947,2,61,42,0,50050050,5,255,255,255,402924712211.6793
1791120447687315,2026-10-04T13:27:27.687315+00:00,162,83,3492767147,2,61,42,0,50050050,5,255,255,255,402924725422.67053
1791120447687778,2026-10-04T13:27:27.687778+00:00,162,18,3492767649,2,61,42,0,50050050,5,255,255,255,402924725885.6702
1791120447702738,2026-10-04T13:27:27.702738+00:00,162,18,3492782591,2,61,42,0,50050050,5,255,255,255,402924740845.6603
1791120447717650,2026-10-04T13:27:27.717650+00:00,162,18,3492797491,2,61,42,0,50050050,5,255,255,255,402924755757.6503
1791120447732690,2026-10-04T13:27:27.732690+00:00,162,18,3492812533,2,61,42,0,50050050,5,255,255,255,402924770797.6403
1791120447747638,2026-10-04T13:27:27.747638+00:00,162,18,3492827491,2,61,42,0,50050050,5,255,255,255,402924785745.6304
1791120447762601,2026-10-04T13:27:27.762601+00:00,162,18,3492842448,2,61,42,0,50050050,5,255,255,255,402924800708.62036
1791120447777700,2026-10-04T13:27:27.777700+00:00,162,18,3492857543,2,61,42,0,50050050,5,255,255,255,402924815807.61035
1791120447792646,2026-10-04T13:27:27.792646+00:00,162,18,3492872505,2,61,42,0,50050050,5,255,255,255,402924830753.6004
1791120447807616,2026-10-04T13:27:27.807616+00:00,162,18,3492887470,2,61,42,0,50050050,5,255,255,255,402924845723.5904
1791120447822745,2026-10-04T13:27:27.822745+00:00,162,18,3492902603,2,61,42,0,50050050,5,255,255,255,402924860852.5803
1791120447832136,2026-10-04T13:27:27.832136+00:00,162,83,3492911864,2,61,42,0,50050050,5,255,255,255,402924870243.5741
1791120447838529,2026-10-04T13:27:27.838529+00:00,162,18,3492918206,2,61,42,0,50050050,5,255,255,255,402924876636.5698
1791120447853091,2026-10-04T13:27:27.853091+00:00,162,18,3492932950,2,61,42,0,50050050,5,255,255,255,402924891198.5601
1791120447867675,2026-10-04T13:27:27.867675+00:00,162,18,3492947519,2,61,42,0,50050050,5,255,255,255,402924905782.5504
1791120447882781,2026-10-04T13:27:27.882781+00:00,162,18,3492962634,2,61,42,0,50050050,5,255,255,255,402924920888.54034
1791120447897840,2026-10-04T13:27:27.897840+00:00,162,18,3492977666,2,61,42,0,50050050,5,255,255,255,402924935947.53033
1791120447912693,2026-10-04T13:27:27.912693+00:00,162,18,3492992545,2,61,42,0,50050050,5,255,255,255,402924950800.52045
1791120447927723,2026-10-04T13:27:27.927723+00:00,162,18,3493007542,2,61,42,0,50050050,5,255,255,255,402924965830.51044
1791120447936227,2026-10-04T13:27:27.936227+00:00,162,18,3493016090,2,61,42,0,50050050,5,255,255,255,402924974334.50476
1791120447950182,2026-10-04T13:27:27.950182+00:00,162,18,3493030044,2,61,42,0,50050050,5,255,255,255,402924988289.4954
1791120447965157,2026-10-04T13:27:27.965157+00:00,162,18,3493044975,2,61,42,0,50050050,5,255,255,255,402925003264.4855
1791120447979274,2026-10-04T13:27:27.979274+00:00,162,83,3493059111,2,61,42,0,50050050,5,255,255,255,402925017381.4761
1791120447980240,2026-10-04T13:27:27.980240+00:00,162,18,3493060092,2,61,42,0,50050050,5,255,255,255,402925018347.47546
1791120447995239,2026-10-04T13:27:27.995239+00:00,162,18,3493075091,2,61,42,0,50050050,5,255,255,255,402925033346.46545
1791120448010207,2026-10-04T13:27:28.010207+00:00,162,18,3493090056,2,61,42,0,50050050,5,255,255,255,402925048314.45544
1791120448025136,2026-10-04T13:27:28.025136+00:00,162,18,3493104986,2,61,42,0,50050050,5,255,255,255,402925063243.44556
1791120448040095,2026-10-04T13:27:28.040095+00:00,162,18,3493119953,2,61,42,0,50050050,5,255,255,255,402925078202.43555
1791120448055166,2026-10-04T13:27:28.055166+00:00,162,18,3493135028,2,61,42,0,50050050,5,255,255,255,402925093273.42554
1791120448070382,2026-10-04T13:27:28.070382+00:00,162,18,3493150212,2,61,42,0,50050050,5,255,255,255,402925108489.4154
1791120448085129,2026-10-04T13:27:28.085129+00:00,162,18,3493164982,2,61,42,0,50050050,5,255,255,255,402925123236.4056
1791120448100209,2026-10-04T13:27:28.100209+00:00,162,18,3493180066,2,61,42,0,50050050,5,255,255,255,402925138316.3955
1791120448115283,2026-10-04T13:27:28.115283+00:00,162,18,3493195124,2,61,42,0,50050050,5,255,255,255,402925153390.3855
1791120448121203,2026-10-04T13:27:28.121203+00:00,162,83,3493201051,2,61,42,0,50050050,5,255,255,255,402925159310.38153
1791120448123819,2026-10-04T13:27:28.123819+00:00,162,18,3493203677,2,61,42,0,50050050,5,255,255,255,402925161926.3798
1791120448137644,2026-10-04T13:27:28.137644+00:00,162,18,3493217498,2,61,42,0,50050050,5,255,255,255,402925175751.3706
1791120448152595,2026-10-04T13:27:28.152595+00:00,162,18,3493232449,2,61,42,0,50050050,5,255,255,255,402925190702.36066
1791120448167575,2026-10-04T13:27:28.167575+00:00,162,18,3493247438,2,61,42,0,50050050,5,255,255,255,402925205682.35065
1791120448182545,2026-10-04T13:27:28.182545+00:00,162,18,3493262400,2,61,42,0,50050050,5,255,255,255,402925220652.3407
1791120448197667,2026-10-04T13:27:28.197667+00:00,162,18,3493277517,2,61,42,0,50050050,5,255,255,255,402925235774.3306
1791120448212572,2026-10-04T13:27:28.212572+00:00,162,18,3493292431,2,61,42,0,50050050,5,255,255,255,402925250679.3207
1791120448228667,2026-10-04T13:27:28.228667+00:00,162,18,3493308528,2,62,42,0,50050050,6,255,255,255,402925266774.31
1791120448243741,2026-10-04T13:27:28.243741+00:00,162,18,3493323600,2,62,42,0,50050050,6,255,255,255,402925281848.2999
1791120448258742,2026-10-04T13:27:28.258742+00:00,162,18,3493338601,2,62,42,0,50050050,6,255,255,255,402925296849.2899
1791120448267558,2026-10-04T13:27:28.267558+00:00,162,83,3493347305,2,62,42,0,50050050,6,255,255,255,402925305665.28406
1791120448273744,2026-10-04T13:27:28.273744+00:00,162,18,3493353608,2,62,42,0,50050050,6,255,255,255,402925311851.27997
1791120448274145,2026-10-04T13:27:28.274145+00:00,162,18,3493354019,2,62,42,0,50050050,6,255,255,255,402925312252.27966
1791120448287640,2026-10-04T13:27:28.287640+00:00,162,18,3493367497,2,62,42,0,50050050,6,255,255,255,402925325747.2707
1791120448302623,2026-10-04T13:27:28.302623+00:00,162,18,3493382457,2,62,42,0,50050050,6,255,255,255,402925340730.26074
1791120448317581,2026-10-04T13:27:28.317581+00:00,162,18,3493397443,2,62,42,0,50050050,6,255,255,255,402925355688.25073
1791120448332572,2026-10-04T13:27:28.332572+00:00,162,18,3493412414,2,62,42,0,50050050,6,255,255,255,402925370679.2408
1791120448393769,2026-10-04T13:27:28.393769+00:00,162,18,3493473623,2,62,42,0,50050050,6,255,255,255,402925431876.2
1791120448407788,2026-10-04T13:27:28.407788+00:00,162,18,3493487636,2,62,42,0,50050050,6,255,255,255,402925445895.1907
1791120448409723,2026-10-04T13:27:28.409723+00:00,162,83,3493489580,2,62,42,0,50050050,6,255,255,255,402925447830.1894
1791120448422583,2026-10-04T13:27:28.422583+00:00,162,18,3493502439,2,62,42,0,50050050,6,255,255,255,402925460690.18085
1791120448437663,2026-10-04T13:27:28.437663+00:00,162,18,3493517500,2,62,42,0,50050050,6,255,255,255,402925475770.1708
1791120448452610,2026-10-04T13:27:28.452610+00:00,162,18,3493532466,2,62,42,0,50050050,6,255,255,255,402925490717.1608
1791120448467573,2026-10-04T13:27:28.467573+00:00,162,18,3493547436,2,62,42,0,50050050,6,255,255,255,402925505680.1509
1791120448482604,2026-10-04T13:27:28.482604+00:00,162,18,3493562450,2,62,42,0,50050050,6,255,255,255,402925520711.14087
1791120448497618,2026-10-04T13:27:28.497618+00:00,162,18,3493577468,2,62,42,0,50050050,6,255,255,255,402925535725.13086
1791120448513575,2026-10-04T13:27:28.513575+00:00,162,18,3493593396,2,62,42,0,50050050,6,255,255,255,402925551682.12024
1791120448527854,2026-10-04T13:27:28.527854+00:00,162,18,3493607662,2,62,42,0,50050050,6,255,255,255,402925565961.1107
1791120448542581,2026-10-04T13:27:28.542581+00:00,162,18,3493622432,2,62,42,0,50050050,6,255,255,255,402925580688.1009
1791120448555027,2026-10-04T13:27:28.555027+00:00,162,83,3493634871,2,62,42,0,50050050,6,255,255,255,402925593134.0926
1791120448557590,2026-10-04T13:27:28.557590+00:00,162,18,3493637449,2,62,42,0,50050050,6,255,255,255,402925595697.0909
1791120448572518,2026-10-04T13:27:28.572518+00:00,162,18,3493652381,2,62,42,0,50050050,6,255,255,255,402925610625.081
1791120448587555,2026-10-04T13:27:28.587555+00:00,162,18,3493667413,2,62,42,0,50050050,6,255,255,255,402925625662.0709
1791120448602542,2026-10-04T13:27:28.602542+00:00,162,18,3493682407,2,62,42,0,50050050,6,255,255,255,402925640649.061
1791120448617556,2026-10-04T13:27:28.617556+00:00,162,18,3493697416,2,62,42,0,50050050,6,255,255,255,402925655663.05096
1791120448632732,2026-10-04T13:27:28.632732+00:00,162,18,3493712582,2,62,42,0,50050050,6,255,255,255,402925670839.04083
1791120448647691,2026-10-04T13:27:28.647691+00:00,162,18,3493727509,2,62,42,0,50050050,6,255,255,255,402925685798.0309
1791120448662646,2026-10-04T13:27:28.662646+00:00,162,18,3493742501,2,62,42,0,50050050,6,255,255,255,402925700753.02094
1791120448677579,2026-10-04T13:27:28.677579+00:00,162,18,3493757433,2,62,42,0,50050050,6,255,255,255,402925715686.011
1791120448689559,2026-10-04T13:27:28.689559+00:00,162,83,3493769403,2,62,42,0,50050050,6,255,255,255,402925727666.003
1791120448692861,2026-10-04T13:27:28.692861+00:00,162,18,3493772683,2,62,42,0,50050050,6,255,255,255,402925730968.0008
1791120448708699,2026-10-04T13:27:28.708699+00:00,162,18,3493788555,2,62,42,0,50050050,6,255,255,255,402925746805.99023
1791120448722765,2026-10-04T13:27:28.722765+00:00,162,18,3493802607,2,62,42,0,50050050,6,255,255,255,402925760871.9809
1791120448737555,2026-10-04T13:27:28.737555+00:00,162,18,3493817407,2,62,42,0,50050050,6,255,255,255,402925775661.97107
1791120448752541,2026-10-04T13:27:28.752541+00:00,162,18,3493832403,2,62,42,0,50050050,6,255,255,255,402925790647.96106
1791120448767658,2026-10-04T13:27:28.767658+00:00,162,18,3493847493,2,62,42,0,50050050,6,255,255,255,402925805764.951
1791120448782610,2026-10-04T13:27:28.782610+00:00,162,18,3493862467,2,62,42,0,50050050,6,255,255,255,402925820716.94104
1791120448797606,2026-10-04T13:27:28.797606+00:00,162,18,3493877458,2,62,42,0,50050050,6,255,255,255,402925835712.931
1791120448812602,2026-10-04T13:27:28.812602+00:00,162,18,3493892456,2,62,42,0,50050050,6,255,255,255,402925850708.9211
1791120448827654,2026-10-04T13:27:28.827654+00:00,162,18,3493907507,2,62,42,0,50050050,6,255,255,255,402925865760.911
1791120448828649,2026-10-04T13:27:28.828649+00:00,162,83,3493908512,2,62,42,0,50050050,6,255,255,255,402925866755.9104
1791120448842805,2026-10-04T13:27:28.842805+00:00,162,18,3493922662,2,62,42,0,50050050,6,255,255,255,402925880911.90094
1791120448857784,2026-10-04T13:27:28.857784+00:00,162,18,3493937635,2,62,42,0,50050050,6,255,255,255,402925895890.891
1791120448866491,2026-10-04T13:27:28.866491+00:00,162,18,3493946344,2,62,42,0,50050050,6,255,255,255,402925904597.8852
1791120448880129,2026-10-04T13:27:28.880129+00:00,162,18,3493959983,2,62,42,0,50050050,6,255,255,255,402925918235.8761
1791120448895129,2026-10-04T13:27:28.895129+00:00,162,18,3493974981,2,62,42,0,50050050,6,255,255,255,402925933235.8661
1791120448910249,2026-10-04T13:27:28.910249+00:00,162,18,3493990093,2,62,42,0,50050050,6,255,255,255,402925948355.856
1791120448925124,2026-10-04T13:27:28.925124+00:00,162,18,3494004974,2,62,42,0,50050050,6,255,255,255,402925963230.8461
1791120448940387,2026-10-04T13:27:28.940387+00:00,162,18,3494020134,2,62,42,0,50050050,6,255,255,255,402925978493.83594
1791120448955205,2026-10-04T13:27:28.955205+00:00,162,18,3494035060,2,62,42,0,50050050,6,255,255,255,402925993311.8261
1791120448970130,2026-10-04T13:27:28.970130+00:00,162,18,3494049980,2,62,42,0,50050050,6,255,255,255,402926008236.81616
1791120448976042,2026-10-04T13:27:28.976042+00:00,162,83,3494055887,2,62,42,0,50050050,6,255,255,255,402926014148.8122
1791120448985173,2026-10-04T13:27:28.985173+00:00,162,18,3494065033,2,62,42,0,50050050,6,255,255,255,402926023279.80615
1791120449000103,2026-10-04T13:27:29.000103+00:00,162,18,3494079966,2,62,42,0,50050050,6,255,255,255,402926038209.7962
1791120449015279,2026-10-04T13:27:29.015279+00:00,162,18,3494095121,2,62,42,0,50050050,6,255,255,255,402926053385.7861
1791120449030204,2026-10-04T13:27:29.030204+00:00,162,18,3494110058,2,62,42,0,50050050,6,255,255,255,402926068310.7761
1791120449045141,2026-10-04T13:27:29.045141+00:00,162,18,3494124996,2,62,42,0,50050050,6,255,255,255,402926083247.7662
1791120449060246,2026-10-04T13:27:29.060246+00:00,162,18,3494140099,2,62,42,0,50050050,6,255,255,255,402926098352.7561
1791120449075195,2026-10-04T13:27:29.075195+00:00,162,18,3494155043,2,62,42,0,50050050,6,255,255,255,402926113301.74615
1791120449079387,2026-10-04T13:27:29.079387+00:00,162,83,3494159227,2,62,42,0,50050050,6,255,255,255,402926117493.74335
1791120449090174,2026-10-04T13:27:29.090174+00:00,162,18,3494170032,2,62,42,0,50050050,6,255,255,255,402926128280.7362
1791120449105446,2026-10-04T13:27:29.105446+00:00,162,18,3494185253,2,63,42,0,50050050,10,255,255,255,402926143552.726
1791120449120150,2026-10-04T13:27:29.120150+00:00,162,18,3494200004,2,63,42,0,50050050,10,255,255,255,402926158256.71625
1791120449135214,2026-10-04T13:27:29.135214+00:00,162,18,3494215064,2,63,42,0,50050050,10,255,255,255,402926173320.7062
1791120449150197,2026-10-04T13:27:29.150197+00:00,162,18,3494230043,2,63,42,0,50050050,10,255,255,255,402926188303.6962
1791120449165197,2026-10-04T13:27:29.165197+00:00,162,18,3494245050,2,63,42,0,50050050,10,255,255,255,402926203303.6862
1791120449180479,2026-10-04T13:27:29.180479+00:00,162,18,3494260006,2,63,42,0,50050050,10,255,255,255,402926218585.676
1791120449195355,2026-10-04T13:27:29.195355+00:00,162,18,3494275198,2,63,42,0,50050050,10,255,255,255,402926233461.66614
1791120449196771,2026-10-04T13:27:29.196771+00:00,162,83,3494276629,2,63,42,0,50050050,10,255,255,255,402926234877.6652
1791120449210165,2026-10-04T13:27:29.210165+00:00,162,18,3494290029,2,63,42,0,50050050,10,255,255,255,402926248271.65625
1791120449225163,2026-10-04T13:27:29.225163+00:00,162,18,3494305016,2,63,42,0,50050050,10,255,255,255,402926263269.6463
1791120449240178,2026-10-04T13:27:29.240178+00:00,162,18,3494320017,2,63,42,0,50050050,10,255,255,255,402926278284.6363
1791120449255209,2026-10-04T13:27:29.255209+00:00,162,18,3494335047,2,63,42,0,50050050,10,255,255,255,402926293315.6263
1791120449270273,2026-10-04T13:27:29.270273+00:00,162,18,3494350118,2,63,42,0,50050050,10,255,255,255,402926308379.6163
1791120449277591,2026-10-04T13:27:29.277591+00:00,162,18,3494357451,2,63,42,0,50050050,10,255,255,255,402926315697.6114
1791120449285135,2026-10-04T13:27:29.285135+00:00,162,18,3494364980,2,63,42,0,50050050,10,255,255,255,402926323241.6063
1791120449297167,2026-10-04T13:27:29.297167+00:00,162,83,3494376958,2,63,42,0,50050050,10,255,255,255,402926335273.5983
1791120449300189,2026-10-04T13:27:29.300189+00:00,162,18,3494380050,2,63,42,0,50050050,10,255,255,255,402926338295.5963
1791120449315139,2026-10-04T13:27:29.315139+00:00,162,18,3494394996,2,63,42,0,50050050,10,255,255,255,402926353245.58636
1791120449330389,2026-10-04T13:27:29.330389+00:00,162,18,3494410235,2,63,42,0,50050050,10,255,255,255,402926368495.57623
1791120449345150,2026-10-04T13:27:29.345150+00:00,162,18,3494424996,2,63,42,0,50050050,10,255,255,255,402926383256.56635
1791120449360130,2026-10-04T13:27:29.360130+00:00,162,18,3494439978,2,63,42,0,50050050,10,255,255,255,402926398236.5564
1791120449375152,2026-10-04T13:27:29.375152+00:00,162,18,3494455007,2,63,42,0,50050050,10,255,255,255,402926413258.5464
1791120449390156,2026-10-04T13:27:29.390156+00:00,162,18,3494470008,2,63,42,0,50050050,10,255,255,255,402926428262.5364
1791120449405338,2026-10-04T13:27:29.405338+00:00,162,18,3494485168,2,63,42,0,50050050,10,255,255,255,402926443444.5263
1791120449420107,2026-10-04T13:27:29.420107+00:00,162,18,3494499959,2,63,42,0,50050050,10,255,255,255,402926458213.5165
1791120449435158,2026-10-04T13:27:29.435158+00:00,162,18,3494515014,2,63,42,0,50050050,10,255,255,255,402926473264.5064
1791120449442044,2026-10-04T13:27:29.442044+00:00,162,83,3494521896,2,63,42,0,50050050,10,255,255,255,402926480150.50183
1791120449450287,2026-10-04T13:27:29.450287+00:00,162,18,3494530091,2,63,42,0,50050050,10,255,255,255,402926488393.49634
1791120449465319,2026-10-04T13:27:29.465319+00:00,162,18,3494545166,2,63,42,0,50050050,10,255,255,255,402926503425.4863
1791120449480197,2026-10-04T13:27:29.480197+00:00,162,18,3494560054,2,63,42,0,50050050,10,255,255,255,402926518303.47644
1791120449495157,2026-10-04T13:27:29.495157+00:00,162,18,3494575011,2,63,42,0,50050050,10,255,255,255,402926533263.4665
1791120449510089,2026-10-04T13:27:29.510089+00:00,162,18,3494589948,2,63,42,0,50050050,10,255,255,255,402926548195.45654
1791120449525195,2026-10-04T13:27:29.525195+00:00,162,18,3494605036,2,63,42,0,50050050,10,255,255,255,402926563301.4465
1791120449540089,2026-10-04T13:27:29.540089+00:00,162,18,3494619947,2,63,42,0,50050050,10,255,255,255,402926578195.4365
1791120449555384,2026-10-04T13:27:29.555384+00:00,162,18,3494635229,2,63,42,0,50050050,10,255,255,255,402926593490.42633
1791120449570140,2026-10-04T13:27:29.570140+00:00,162,18,3494649992,2,63,42,0,50050050,10,255,255,255,402926608246.4165
1791120449578888,2026-10-04T13:27:29.578888+00:00,162,18,3494658745,2,63,42,0,50050050,10,255,255,255,402926616994.4107
1791120449587043,2026-10-04T13:27:29.587043+00:00,162,83,3494666759,2,63,42,0,50050050,10,255,255,255,402926625149.4053
1791120449592647,2026-10-04T13:27:29.592647+00:00,162,18,3494672501,2,63,42,0,50050050,10,255,255,255,402926630753.40155
1791120449607632,2026-10-04T13:27:29.607632+00:00,162,18,3494687487,2,63,42,0,50050050,10,255,255,255,402926645738.39154
1791120449623004,2026-10-04T13:27:29.623004+00:00,162,18,3494702860,2,63,42,0,50050050,10,255,255,255,402926661110.3813
1791120449631198,2026-10-04T13:27:29.631198+00:00,162,18,3494711057,2,63,42,0,50050050,10,255,255,255,402926669304.37585
1791120449645154,2026-10-04T13:27:29.645154+00:00,162,18,3494725012,2,63,42,0,50050050,10,255,255,255,402926683260.3666
1791120449660182,2026-10-04T13:27:29.660182+00:00,162,18,3494740033,2,63,42,0,50050050,10,255,255,255,402926698288.35657
1791120449675116,2026-10-04T13:27:29.675116+00:00,162,18,3494754965,2,63,42,0,50050050,10,255,255,255,402926713222.3466
1791120449690092,2026-10-04T13:27:29.690092+00:00,162,18,3494769951,2,63,42,0,50050050,10,255,255,255,402926728198.3366
1791120449705116,2026-10-04T13:27:29.705116+00:00,162,18,3494784975,2,63,42,0,50050050,10,255,255,255,402926743222.3266
1791120449720150,2026-10-04T13:27:29.720150+00:00,162,18,3494799996,2,63,42,0,50050050,10,255,255,255,402926758256.3166
1791120449731288,2026-10-04T13:27:29.731288+00:00,162,83,3494811099,2,63,42,0,50050050,10,255,255,255,402926769394.3092
1791120449735222,2026-10-04T13:27:29.735222+00:00,162,18,3494815093,2,63,42,0,50050050,10,255,255,255,402926773328.3066
1791120449750199,2026-10-04T13:27:29.750199+00:00,162,18,3494830037,2,63,42,0,50050050,10,255,255,255,402926788305.29663
1791120449765227,2026-10-04T13:27:29.765227+00:00,162,18,3494845083,2,63,42,0,50050050,10,255,255,255,402926803333.2866
1791120449781245,2026-10-04T13:27:29.781245+00:00,162,18,3494861093,2,63,42,0,50050050,10,255,255,255,402926819351.27594
1791120449795145,2026-10-04T13:27:29.795145+00:00,162,18,3494875007,2,63,42,0,50050050,10,255,255,255,402926833251.26666
1791120449810156,2026-10-04T13:27:29.810156+00:00,162,18,3494890010,2,63,42,0,50050050,10,255,255,255,402926848262.25665
1791120449825083,2026-10-04T13:27:29.825083+00:00,162,18,3494904941,2,63,42,0,50050050,10,255,255,255,402926863189.2467
1791120449840476,2026-10-04T13:27:29.840476+00:00,162,18,3494920321,2,63,42,0,50050050,10,255,255,255,402926878582.23645
1791120449855659,2026-10-04T13:27:29.855659+00:00,162,18,3494935444,2,63,42,0,50050050,10,255,255,255,402926893765.2264
1791120449863567,2026-10-04T13:27:29.863567+00:00,162,83,3494943348,2,63,42,0,50050050,10,255,255,255,402926901673.22107
1791120449870191,2026-10-04T13:27:29.870191+00:00,162,18,3494950053,2,63,42,0,50050050,10,255,255,255,402926908297.2167
1791120449886266,2026-10-04T13:27:29.886266+00:00,162,18,3494966117,2,63,42,0,50050050,10,255,255,255,402926924372.206
1791120449900182,2026-10-04T13:27:29.900182+00:00,162,18,3494980044,2,63,42,0,50050050,10,255,255,255,402926938288.1967
1791120449915269,2026-10-04T13:27:29.915269+00:00,162,18,3494995121,2,63,42,0,50050050,10,255,255,255,402926953375.18665
1791120449930128,2026-10-04T13:27:29.930128+00:00,162,18,3495009981,2,63,42,0,50050050,10,255,255,255,402926968234.17676
1791120449945299,2026-10-04T13:27:29.945299+00:00,162,18,3495025148,2,63,42,0,50050050,10,255,255,255,402926983405.1667
1791120449953958,2026-10-04T13:27:29.953958+00:00,162,18,3495033811,2,63,42,0,50050050,10,255,255,255,402926992064.1609
1791120449967655,2026-10-04T13:27:29.967655+00:00,162,18,3495047382,2,63,42,0,50050050,10,255,255,255,402927005761.1518
1791120449975978,2026-10-04T13:27:29.975978+00:00,162,18,3495055825,2,63,42,0,50050050,10,255,255,255,402927014084.14624
1791120449990918,2026-10-04T13:27:29.990918+00:00,162,18,3495070252,2,63,42,0,50050050,10,255,255,255,402927029024.1363
1791120449998833,2026-10-04T13:27:29.998833+00:00,162,83,3495078521,2,63,42,0,50050050,10,255,255,255,402927036939.131
1791120450005166,2026-10-04T13:27:30.005166+00:00,162,18,3495085033,2,63,42,0,50050050,10,255,255,255,402927043272.1268
1791120450021206,2026-10-04T13:27:30.021206+00:00,162,18,3495101061,2,63,42,0,50050050,10,255,255,255,402927059312.1161
1791120450050264,2026-10-04T13:27:30.050264+00:00,162,18,3495130003,2,63,42,0,50050050,10,255,255,255,402927088370.09674
1791120450065192,2026-10-04T13:27:30.065192+00:00,162,18,3495145022,2,63,42,0,50050050,10,255,255,255,402927103298.0868
1791120450081237,2026-10-04T13:27:30.081237+00:00,162,18,3495161082,2,63,42,0,50050050,10,255,255,255,402927119343.0761
1791120450096328,2026-10-04T13:27:30.096328+00:00,162,18,3495176182,2,63,42,0,50050050,10,255,255,255,402927134434.0661
1791120450110122,2026-10-04T13:27:30.110122+00:00,162,18,3495189979,2,64,42,0,50050050,12,255,255,255,402927148228.0569
1791120450118664,2026-10-04T13:27:30.118664+00:00,162,18,3495198529,2,64,42,0,50050050,12,255,255,255,402927156770.0512
1791120450132585,2026-10-04T13:27:30.132585+00:00,162,18,3495212429,2,64,42,0,50050050,12,255,255,255,402927170691.04193
1791120450137294,2026-10-04T13:27:30.137294+00:00,162,83,3495217055,2,64,42,0,50050050,12,255,255,255,402927175400.0388
1791120450147572,2026-10-04T13:27:30.147572+00:00,162,18,3495227425,2,64,42,0,50050050,12,255,255,255,402927185678.0319
1791120450162716,2026-10-04T13:27:30.162716+00:00,162,18,3495242568,2,64,42,0,50050050,12,255,255,255,402927200822.02185
1791120450185145,2026-10-04T13:27:30.185145+00:00,162,18,3495265002,2,64,42,0,50050050,12,255,255,255,402927223251.0069
1791120450200355,2026-10-04T13:27:30.200355+00:00,162,18,3495280196,2,64,42,0,50050050,12,255,255,255,402927238460.99677
1791120450223812,2026-10-04T13:27:30.223812+00:00,162,18,3495303669,2,64,42,0,50050050,12,255,255,255,402927261917.98114
1791120450238791,2026-10-04T13:27:30.238791+00:00,162,18,3495318651,2,64,42,0,50050050,12,255,255,255,402927276896.9712
1791120450252838,2026-10-04T13:27:30.252838+00:00,162,18,3495332648,2,64,42,0,50050050,12,255,255,255,402927290943.96185
1791120450267724,2026-10-04T13:27:30.267724+00:00,162,18,3495347568,2,64,42,0,50050050,12,255,255,255,402927305829.9519
1791120450270761,2026-10-04T13:27:30.270761+00:00,162,83,3495350610,2,64,42,0,50050050,12,255,255,255,402927308866.9499
1791120450282717,2026-10-04T13:27:30.282717+00:00,162,18,3495362557,2,64,42,0,50050050,12,255,255,255,402927320822.94196
1791120450283237,2026-10-04T13:27:30.283237+00:00,162,18,3495363098,2,64,42,0,50050050,12,255,255,255,402927321342.9416
1791120450297531,2026-10-04T13:27:30.297531+00:00,162,18,3495377392,2,64,42,0,50050050,12,255,255,255,402927335636.93207
1791120450312543,2026-10-04T13:27:30.312543+00:00,162,18,3495392397,2,64,42,0,50050050,12,255,255,255,402927350648.92206
1791120450327596,2026-10-04T13:27:30.327596+00:00,162,18,3495407451,2,64,42,0,50050050,12,255,255,255,402927365701.91205
1791120450342530,2026-10-04T13:27:30.342530+00:00,162,18,3495422379,2,64,42,0,50050050,12,255,255,255,402927380635.9021
1791120450357549,2026-10-04T13:27:30.357549+00:00,162,18,3495437403,2,64,42,0,50050050,12,255,255,255,402927395654.8921
1791120450372530,2026-10-04T13:27:30.372530+00:00,162,18,3495452388,2,64,42,0,50050050,12,255,255,255,402927410635.88214
1791120450387530,2026-10-04T13:27:30.387530+00:00,162,18,3495467384,2,64,42,0,50050050,12,255,255,255,402927425635.87213
1791120450402520,2026-10-04T13:27:30.402520+00:00,162,18,3495482375,2,64,42,0,50050050,12,255,255,255,402927440625.8621
1791120450408491,2026-10-04T13:27:30.408491+00:00,162,83,3495488335,2,64,42,0,50050050,12,255,255,255,402927446596.85815
1791120450417496,2026-10-04T13:27:30.417496+00:00,162,18,3495497359,2,64,42,0,50050050,12,255,255,255,402927455601.8522
1791120450425684,2026-10-04T13:27:30.425684+00:00,162,18,3495505543,2,64,42,0,50050050,12,255,255,255,402927463789.84674
1791120450440174,2026-10-04T13:27:30.440174+00:00,162,18,3495520024,2,64,42,0,50050050,12,255,255,255,402927478279.83704
1791120450455078,2026-10-04T13:27:30.455078+00:00,162,18,3495534940,2,64,42,0,50050050,12,255,255,255,402927493183.82715
1791120450470185,2026-10-04T13:27:30.470185+00:00,162,18,3495550039,2,64,42,0,50050050,12,255,255,255,402927508290.8171
1791120450485699,2026-10-04T13:27:30.485699+00:00,162,18,3495565557,2,64,42,0,50050050,12,255,255,255,402927523804.80676
1791120450500204,2026-10-04T13:27:30.500204+00:00,162,18,3495580066,2,64,42,0,50050050,12,255,255,255,402927538309.79706
1791120450515125,2026-10-04T13:27:30.515125+00:00,162,18,3495594974,2,64,42,0,50050050,12,255,255,255,402927553230.7872
1791120450530118,2026-10-04T13:27:30.530118+00:00,162,18,3495609977,2,64,42,0,50050050,12,255,255,255,402927568223.77716
1791120450532927,2026-10-04T13:27:30.532927+00:00,162,83,3495612773,2,64,42,0,50050050,12,255,255,255,402927571032.77527
1791120450545276,2026-10-04T13:27:30.545276+00:00,162,18,3495625144,2,64,42,0,50050050,12,255,255,255,402927583381.7671
1791120450561158,2026-10-04T13:27:30.561158+00:00,162,18,3495641018,2,64,42,0,50050050,12,255,255,255,402927599263.7565
1791120450575116,2026-10-04T13:27:30.575116+00:00,162,18,3495654962,2,64,42,0,50050050,12,255,255,255,402927613221.7472
1791120450592672,2026-10-04T13:27:30.592672+00:00,162,18,3495672537,2,64,42,0,50050050,12,255,255,255,402927630777.7355
1791120450605343,2026-10-04T13:27:30.605343+00:00,162,18,3495685167,2,64,42,0,50050050,12,255,255,255,402927643448.72705
1791120450620374,2026-10-04T13:27:30.620374+00:00,162,18,3495700239,2,64,42,0,50050050,12,255,255,255,402927658479.71704
1791120450635233,2026-10-04T13:27:30.635233+00:00,162,18,3495715089,2,64,42,0,50050050,12,255,255,255,402927673338.70715
1791120450650767,2026-10-04T13:27:30.650767+00:00,162,18,3495730618,2,64,42,0,50050050,12,255,255,255,402927688872.6968
1791120450665139,2026-10-04T13:27:30.665139+00:00,162,18,3495744999,2,64,42,0,50050050,12,255,255,255,402927703244.68726
1791120450665594,2026-10-04T13:27:30.665594+00:00,162,83,3495745463,2,64,42,0,50050050,12,255,255,255,402927703699.68695
1791120450680242,2026-10-04T13:27:30.680242+00:00,162,18,3495760097,2,64,42,0,50050050,12,255,255,255,402927718347.6772
1791120450695156,2026-10-04T13:27:30.695156+00:00,162,18,3495775007,2,64,42,0,50050050,12,255,255,255,402927733261.66724
1791120450710150,2026-10-04T13:27:30.710150+00:00,162,18,3495790001,2,64,42,0,50050050,12,255,255,255,402927748255.6572
1791120450725319,2026-10-04T13:27:30.725319+00:00,162,18,3495805162,2,64,42,0,50050050,12,255,255,255,402927763424.64716
1791120450740181,2026-10-04T13:27:30.740181+00:00,162,18,3495820037,2,64,42,0,50050050,12,255,255,255,402927778286.63727
1791120450755164,2026-10-04T13:27:30.755164+00:00,162,18,3495835018,2,64,42,0,50050050,12,255,255,255,402927793269.62726
1791120450770129,2026-10-04T13:27:30.770129+00:00,162,18,3495849989,2,64,42,0,50050050,12,255,255,255,402927808234.6173
1791120450785159,2026-10-04T13:27:30.785159+00:00,162,18,3495865010,2,64,42,0,50050050,12,255,255,255,402927823264.6073
1791120450800090,2026-10-04T13:27:30.800090+00:00,162,18,3495879949,2,64,42,0,50050050,12,255,255,255,402927838195.59735
1791120450801577,2026-10-04T13:27:30.801577+00:00,162,83,3495881431,2,64,42,0,50050050,12,255,255,255,402927839682.5964
1791120450815086,2026-10-04T13:27:30.815086+00:00,162,18,3495894947,2,64,42,0,50050050,12,255,255,255,402927853191.58734
1791120450830109,2026-10-04T13:27:30.830109+00:00,162,18,3495909960,2,64,42,0,50050050,12,255,255,255,402927868214.57733
1791120450845739,2026-10-04T13:27:30.845739+00:00,162,18,3495925492,2,64,42,0,50050050,12,255,255,255,402927883844.56696
1791120450861887,2026-10-04T13:27:30.861887+00:00,162,18,3495941730,2,64,42,0,50050050,12,255,255,255,402927899992.5562
1791120450875296,2026-10-04T13:27:30.875296+00:00,162,18,3495955152,2,64,42,0,50050050,12,255,255,255,402927913401.54724
1791120450883290,2026-10-04T13:27:30.883290+00:00,162,18,3495963145,2,64,42,0,50050050,12,255,255,255,402927921395.54193
1791120450897683,2026-10-04T13:27:30.897683+00:00,162,18,3495977532,2,64,42,0,50050050,12,255,255,255,402927935788.53235
1791120450905761,2026-10-04T13:27:30.905761+00:00,162,18,3495985523,2,64,42,0,50050050,12,255,255,255,402927943866.527
1791120450914881,2026-10-04T13:27:30.914881+00:00,162,83,3495994728,2,64,42,0,50050050,12,255,255,255,402927952986.5209
1791120450920907,2026-10-04T13:27:30.920907+00:00,162,18,3496000756,2,64,42,0,50050050,12,255,255,255,402927959012.5169
1791120450935377,2026-10-04T13:27:30.935377+00:00,162,18,3496015216,2,64,42,0,50050050,12,255,255,255,402927973482.50726
1791120450950150,2026-10-04T13:27:30.950150+00:00,162,18,3496030010,2,64,42,0,50050050,12,255,255,255,402927988255.49744
1791120450958636,2026-10-04T13:27:30.958636+00:00,162,18,3496038494,2,64,42,0,50050050,12,255,255,255,402927996741.49176
1791120450972579,2026-10-04T13:27:30.972579+00:00,162,18,3496052354,2,64,42,0,50050050,12,255,255,255,402928010684.4825
1791120450987501,2026-10-04T13:27:30.987501+00:00,162,18,3496067359,2,64,42,0,50050050,12,255,255,255,402928025606.47253
1791120451002499,2026-10-04T13:27:31.002499+00:00,162,18,3496082353,2,64,42,0,50050050,12,255,255,255,402928040604.4625
1791120451017469,2026-10-04T13:27:31.017469+00:00,162,18,3496097333,2,64,42,0,50050050,12,255,255,255,402928055574.4526
1791120451032592,2026-10-04T13:27:31.032592+00:00,162,18,3496112424,2,64,42,0,50050050,12,255,255,255,402928070697.4425
1791120451047477,2026-10-04T13:27:31.047477+00:00,162,18,3496127326,2,64,42,0,50050050,12,255,255,255,402928085582.43256
1791120451050427,2026-10-04T13:27:31.050427+00:00,162,83,3496130282,2,64,42,0,50050050,12,255,255,255,402928088532.4306
1791120451062553,2026-10-04T13:27:31.062553+00:00,162,18,3496142417,2,64,42,0,50050050,12,255,255,255,402928100658.42255
1791120451077523,2026-10-04T13:27:31.077523+00:00,162,18,3496157377,2,64,42,0,50050050,12,255,255,255,402928115628.4126
1791120451092499,2026-10-04T13:27:31.092499+00:00,162,18,3496172354,1,65,40,507397494,50050050,255,255,255,255,402928130604.4026
1791120451107486,2026-10-04T13:27:31.107486+00:00,162,18,3496187346,1,65,40,507397494,50050050,255,255,255,255,402928145591.39264
1791120451122582,2026-10-04T13:27:31.122582+00:00,162,18,3496202431,1,65,40,507397494,50050050,255,255,255,255,402928160687.38257
1791120451137475,2026-10-04T13:27:31.137475+00:00,162,18,3496217338,1,65,40,507397494,50050050,255,255,255,255,402928175580.3726
1791120451152476,2026-10-04T13:27:31.152476+00:00,162,18,3496232335,1,65,40,507397494,50050050,255,255,255,255,402928190581.3627
1791120451167533,2026-10-04T13:27:31.167533+00:00,162,18,3496247385,1,65,40,507397494,50050050,255,255,255,255,402928205638.3526
1791120451179809,2026-10-04T13:27:31.179809+00:00,162,83,3496259654,1,65,40,507397494,50050050,255,255,255,255,402928217914.3444
1791120451182479,2026-10-04T13:27:31.182479+00:00,162,18,3496262346,1,65,40,507397494,50050050,255,255,255,255,402928220584.34265
1791120451197534,2026-10-04T13:27:31.197534+00:00,162,18,3496277336,1,65,40,507397494,50050050,255,255,255,255,402928235639.33264
1791120451212521,2026-10-04T13:27:31.212521+00:00,162,18,3496292368,1,65,40,507397494,50050050,255,255,255,255,402928250626.3227
1791120451227566,2026-10-04T13:27:31.227566+00:00,162,18,3496307430,1,65,40,507397494,50050050,255,255,255,255,402928265671.3126
1791120451242608,2026-10-04T13:27:31.242608+00:00,162,18,3496322385,1,65,40,507397494,50050050,255,255,255,255,402928280713.3026
1791120451257763,2026-10-04T13:27:31.257763+00:00,162,18,3496337587,1,65,40,507397494,50050050,255,255,255,255,402928295868.29254
1791120451272579,2026-10-04T13:27:31.272579+00:00,162,18,3496352438,1,65,40,507397494,50050050,255,255,255,255,402928310684.28265
1791120451287545,2026-10-04T13:27:31.287545+00:00,162,18,3496367392,1,65,40,507397494,50050050,255,255,255,255,402928325650.2727
1791120451288031,2026-10-04T13:27:31.288031+00:00,162,18,3496367899,1,65,40,507397494,50050050,255,255,255,255,402928326136.2724
1791120451302880,2026-10-04T13:27:31.302880+00:00,162,18,3496382723,1,65,40,507397494,50050050,255,255,255,255,402928340985.2625
1791120451303512,2026-10-04T13:27:31.303512+00:00,162,83,3496383359,1,65,40,507397494,50050050,255,255,255,255,402928341617.2621
1791120451317491,2026-10-04T13:27:31.317491+00:00,162,18,3496397351,1,65,40,507397494,50050050,255,255,255,255,402928355596.25275
1791120451332660,2026-10-04T13:27:31.332660+00:00,162,18,3496412484,1,65,40,507397494,50050050,255,255,255,255,402928370765.2427
1791120451347508,2026-10-04T13:27:31.347508+00:00,162,18,3496427367,1,65,40,507397494,50050050,255,255,255,255,402928385613.2328
1791120451362645,2026-10-04T13:27:31.362645+00:00,162,18,3496442494,1,65,40,507397494,50050050,255,255,255,255,402928400750.22266
1791120451377582,2026-10-04T13:27:31.377582+00:00,162,18,3496457444,1,65,40,507397494,50050050,255,255,255,255,402928415687.2127
1791120451392474,2026-10-04T13:27:31.392474+00:00,162,18,3496472336,1,65,40,507397494,50050050,255,255,255,255,402928430579.2028
1791120451407493,2026-10-04T13:27:31.407493+00:00,162,18,3496487347,1,65,40,507397494,50050050,255,255,255,255,402928445598.1928
1791120451422275,2026-10-04T13:27:31.422275+00:00,162,83,3496502080,1,65,40,507397494,50050050,255,255,255,255,402928460380.183
1791120451423010,2026-10-04T13:27:31.423010+00:00,162,18,3496502821,1,65,40,507397494,50050050,255,255,255,255,402928461115.1825
1791120451437495,2026-10-04T13:27:31.437495+00:00,162,18,3496517356,1,65,40,507397494,50050050,255,255,255,255,402928475600.17285
1791120451452544,2026-10-04T13:27:31.452544+00:00,162,18,3496532414,1,65,40,507397494,50050050,255,255,255,255,402928490649.1628
1791120451467554,2026-10-04T13:27:31.467554+00:00,162,18,3496547412,1,65,40,507397494,50050050,255,255,255,255,402928505659.15283
1791120451482468,2026-10-04T13:27:31.482468+00:00,162,18,3496562331,1,65,40,507397494,50050050,255,255,255,255,402928520573.1429
1791120451491121,2026-10-04T13:27:31.491121+00:00,162,18,3496570983,1,65,40,507397494,50050050,255,255,255,255,402928529226.1371
1791120451505266,2026-10-04T13:27:31.505266+00:00,162,18,3496585123,1,65,40,507397494,50050050,255,255,255,255,402928543371.1277
1791120451520018,2026-10-04T13:27:31.520018+00:00,162,18,3496599880,1,65,40,507397494,50050050,255,255,255,255,402928558123.11786
1791120451534192,2026-10-04T13:27:31.534192+00:00,162,83,3496614034,1,65,40,507397494,50050050,255,255,255,255,402928572297.1084
1791120451534979,2026-10-04T13:27:31.534979+00:00,162,18,3496614847,1,65,40,507397494,50050050,255,255,255,255,402928573084.1079
1791120451550210,2026-10-04T13:27:31.550210+00:00,162,18,3496630060,1,65,40,507397494,50050050,255,255,255,255,402928588315.0978
1791120451565131,2026-10-04T13:27:31.565131+00:00,162,18,3496644982,1,65,40,507397494,50050050,255,255,255,255,402928603236.0878
1791120451580158,2026-10-04T13:27:31.580158+00:00,162,18,3496660019,1,65,40,507397494,50050050,255,255,255,255,402928618263.0778
1791120451595136,2026-10-04T13:27:31.595136+00:00,162,18,3496674994,1,65,40,507397494,50050050,255,255,255,255,402928633241.0678
1791120451610023,2026-10-04T13:27:31.610023+00:00,162,18,3496689884,1,65,40,507397494,50050050,255,255,255,255,402928648128.0579
1791120451625020,2026-10-04T13:27:31.625020+00:00,162,18,3496704881,1,65,40,507397494,50050050,255,255,255,255,402928663125.0479
1791120451640292,2026-10-04T13:27:31.640292+00:00,162,18,3496720090,1,65,40,507397494,50050050,255,255,255,255,402928678397.0378
1791120451651194,2026-10-04T13:27:31.651194+00:00,162,83,3496730948,1,65,40,507397494,50050050,255,255,255,255,402928689299.0305
1791120451655359,2026-10-04T13:27:31.655359+00:00,162,18,3496735181,1,65,40,507397494,50050050,255,255,255,255,402928693464.0277
1791120451670137,2026-10-04T13:27:31.670137+00:00,162,18,3496749995,1,65,40,507397494,50050050,255,255,255,255,402928708242.0179
1791120451685061,2026-10-04T13:27:31.685061+00:00,162,18,3496764915,1,65,40,507397494,50050050,255,255,255,255,402928723166.00793
1791120451700014,2026-10-04T13:27:31.700014+00:00,162,18,3496779873,1,65,40,507397494,50050050,255,255,255,255,402928738118.998
1791120451715285,2026-10-04T13:27:31.715285+00:00,162,18,3496795013,1,65,40,507397494,50050050,255,255,255,255,402928753389.9878
1791120451730115,2026-10-04T13:27:31.730115+00:00,162,18,3496809975,1,65,40,507397494,50050050,255,255,255,255,402928768219.9779
1791120451745050,2026-10-04T13:27:31.745050+00:00,162,18,3496824911,1,65,40,507397494,50050050,255,255,255,255,402928783154.968
1791120451760122,2026-10-04T13:27:31.760122+00:00,162,18,3496839979,1,65,40,507397494,50050050,255,255,255,255,402928798226.95795
1791120451774061,2026-10-04T13:27:31.774061+00:00,162,83,3496853906,1,65,40,507397494,50050050,255,255,255,255,402928812165.94867
1791120451775112,2026-10-04T13:27:31.775112+00:00,162,18,3496854976,1,65,40,507397494,50050050,255,255,255,255,402928813216.94794
1791120451790090,2026-10-04T13:27:31.790090+00:00,162,18,3496869927,1,65,40,507397494,50050050,255,255,255,255,402928828194.938
1791120451805067,2026-10-04T13:27:31.805067+00:00,162,18,3496884918,1,65,40,507397494,50050050,255,255,255,255,402928843171.92804
1791120451820030,2026-10-04T13:27:31.820030+00:00,162,18,3496899884,1,65,40,507397494,50050050,255,255,255,255,402928858134.918
1791120451835014,2026-10-04T13:27:31.835014+00:00,162,18,3496914877,1,65,40,507397494,50050050,255,255,255,255,402928873118.9081
1791120451850204,2026-10-04T13:27:31.850204+00:00,162,18,3496930043,1,65,40,507397494,50050050,255,255,255,255,402928888308.89795
1791120451865021,2026-10-04T13:27:31.865021+00:00,162,18,3496944880,1,65,40,507397494,50050050,255,255,255,255,402928903125.88806
1791120451880176,2026-10-04T13:27:31.880176+00:00,162,18,3496960043,1,65,40,507397494,50050050,255,255,255,255,402928918280.878
1791120451895192,2026-10-04T13:27:31.895192+00:00,162,18,3496975041,1,65,40,507397494,50050050,255,255,255,255,402928933296.868
1791120451909647,2026-10-04T13:27:31.909647+00:00,162,83,3496989489,1,65,40,507397494,50050050,255,255,255,255,402928947751.85834
1791120451910194,2026-10-04T13:27:31.910194+00:00,162,18,3496990057,1,65,40,507397494,50050050,255,255,255,255,402928948298.858
1791120451925164,2026-10-04T13:27:31.925164+00:00,162,18,3497005019,1,65,40,507397494,50050050,255,255,255,255,402928963268.848
1791120451940042,2026-10-04T13:27:31.940042+00:00,162,18,3497019899,1,65,40,507397494,50050050,255,255,255,255,402928978146.83813
1791120451955097,2026-10-04T13:27:31.955097+00:00,162,18,3497034897,1,65,40,507397494,50050050,255,255,255,255,402928993201.82806
1791120451970245,2026-10-04T13:27:31.970245+00:00,162,18,3497050082,1,65,40,507397494,50050050,255,255,255,255,402929008349.818
1791120451985050,2026-10-04T13:27:31.985050+00:00,162,18,3497064907,1,65,40,507397494,50050050,255,255,255,255,402929023154.80817
1791120452000012,2026-10-04T13:27:32.000012+00:00,162,18,3497079876,1,65,40,507397494,50050050,255,255,255,255,402929038116.79816
1791120452015088,2026-10-04T13:27:32.015088+00:00,162,18,3497094948,1,65,40,507397494,50050050,255,255,255,255,402929053192.78815
1791120452030122,2026-10-04T13:27:32.030122+00:00,162,18,3497109971,1,65,40,507397494,50050050,255,255,255,255,402929068226.77814
1791120452037097,2026-10-04T13:27:32.037097+00:00,162,83,3497116947,1,65,40,507397494,50050050,255,255,255,255,402929075201.7735
1791120452045142,2026-10-04T13:27:32.045142+00:00,162,18,3497124964,1,65,40,507397494,50050050,255,255,255,255,402929083246.7681
1791120452060078,2026-10-04T13:27:32.060078+00:00,162,18,3497139931,1,65,40,507397494,50050050,255,255,255,255,402929098182.7582
1791120452075028,2026-10-04T13:27:32.075028+00:00,162,18,3497154886,1,65,40,507397494,50050050,255,255,255,255,402929113132.7482
1791120452090043,2026-10-04T13:27:32.090043+00:00,162,18,3497169895,1,65,40,507397494,50050050,255,255,255,255,402929128147.7382
1791120452105412,2026-10-04T13:27:32.105412+00:00,162,18,3497185226,1,66,40,510450519,50050050,255,255,255,255,402929143516.72797
1791120452109580,2026-10-04T13:27:32.109580+00:00,162,83,3497189422,1,66,40,510450519,50050050,255,255,255,255,402929147684.7252
1791120452120396,2026-10-04T13:27:32.120396+00:00,162,18,3497200255,1,66,40,510450519,50050050,255,255,255,255,402929158500.718
1791120452135034,2026-10-04T13:27:32.135034+00:00,162,18,3497214890,1,66,40,510450519,50050050,255,255,255,255,402929173138.70825
1791120452150045,2026-10-04T13:27:32.150045+00:00,162,18,3497229901,1,66,40,510450519,50050050,255,255,255,255,402929188149.69824
1791120452165340,2026-10-04T13:27:32.165340+00:00,162,18,3497245117,1,66,40,510450519,50050050,255,255,255,255,402929203444.68805
1791120452180062,2026-10-04T13:27:32.180062+00:00,162,18,3497259917,1,66,40,510450519,50050050,255,255,255,255,402929218166.6783
1791120452190618,2026-10-04T13:27:32.190618+00:00,162,83,3497270468,1,66,40,510450519,50050050,255,255,255,255,402929228722.6712
1791120452195275,2026-10-04T13:27:32.195275+00:00,162,18,3497275127,1,66,40,510450519,50050050,255,255,255,255,402929233379.66815
1791120452210188,2026-10-04T13:27:32.210188+00:00,162,18,3497290046,1,66,40,510450519,50050050,255,255,255,255,402929248292.6582
1791120452225249,2026-10-04T13:27:32.225249+00:00,162,18,3497305100,1,66,40,510450519,50050050,255,255,255,255,402929263353.6482
1791120452240056,2026-10-04T13:27:32.240056+00:00,162,18,3497319915,1,66,40,510450519,50050050,255,255,255,255,402929278160.6383
1791120452255052,2026-10-04T13:27:32.255052+00:00,162,18,3497334909,1,66,40,510450519,50050050,255,255,255,255,402929293156.6283
1791120452270059,2026-10-04T13:27:32.270059+00:00,162,18,3497349917,1,66,40,510450519,50050050,255,255,255,255,402929308163.61835
1791120452286088,2026-10-04T13:27:32.286088+00:00,162,18,3497365721,1,66,40,510450519,50050050,255,255,255,255,402929324192.60767
1791120452292565,2026-10-04T13:27:32.292565+00:00,162,18,3497372420,1,66,40,510450519,50050050,255,255,255,255,402929330669.60333
1791120452300044,2026-10-04T13:27:32.300044+00:00,162,18,3497379895,1,66,40,510450519,50050050,255,255,255,255,402929338148.5983
1791120452315231,2026-10-04T13:27:32.315231+00:00,162,18,3497395092,1,66,40,510450519,50050050,255,255,255,255,402929353335.58826
1791120452330711,2026-10-04T13:27:32.330711+00:00,162,18,3497410406,1,66,40,510450519,50050050,255,255,255,255,402929368815.57794
1791120452340180,2026-10-04T13:27:32.340180+00:00,162,83,3497420001,1,66,40,510450519,50050050,255,255,255,255,402929378284.5716
1791120452345302,2026-10-04T13:27:32.345302+00:00,162,18,3497425168,1,66,40,510450519,50050050,255,255,255,255,402929383406.5682
1791120452360056,2026-10-04T13:27:32.360056+00:00,162,18,3497439914,1,66,40,510450519,50050050,255,255,255,255,402929398160.5584
1791120452375068,2026-10-04T13:27:32.375068+00:00,162,18,3497454918,1,66,40,510450519,50050050,255,255,255,255,402929413172.5484
1791120452379490,2026-10-04T13:27:32.379490+00:00,162,83,3497459333,1,66,40,510450519,50050050,255,255,255,255,402929417594.5454
1791120452390155,2026-10-04T13:27:32.390155+00:00,162,18,3497470012,1,66,40,510450519,50050050,255,255,255,255,402929428259.5383
1791120452405326,2026-10-04T13:27:32.405326+00:00,162,18,3497485084,1,66,40,510450519,50050050,255,255,255,255,402929443430.52826
1791120452420239,2026-10-04T13:27:32.420239+00:00,162,18,3497500099,1,66,40,510450519,50050050,255,255,255,255,402929458343.5183
1791120452435791,2026-10-04T13:27:32.435791+00:00,162,18,3497515509,1,66,40,510450519,50050050,255,255,255,255,402929473895.50793
1791120452450243,2026-10-04T13:27:32.450243+00:00,162,18,3497530102,1,66,40,510450519,50050050,255,255,255,255,402929488347.4983
1791120452465706,2026-10-04T13:27:32.465706+00:00,162,18,3497545521,1,66,40,510450519,50050050,255,255,255,255,402929503810.48804
1791120452480086,2026-10-04T13:27:32.480086+00:00,162,18,3497559936,1,66,40,510450519,50050050,255,255,255,255,402929518190.47845
1791120452485600,2026-10-04T13:27:32.485600+00:00,162,83,3497565443,1,66,40,510450519,50050050,255,255,255,255,402929523704.4748
1791120452495100,2026-10-04T13:27:32.495100+00:00,162,18,3497574949,1,66,40,510450519,50050050,255,255,255,255,402929533204.46844
1791120452510071,2026-10-04T13:27:32.510071+00:00,162,18,3497589923,1,66,40,510450519,50050050,255,255,255,255,402929548175.4585
1791120452525191,2026-10-04T13:27:32.525191+00:00,162,18,3497605010,1,66,40,510450519,50050050,255,255,255,255,402929563295.4484
1791120452540061,2026-10-04T13:27:32.540061+00:00,162,18,3497619915,1,66,40,510450519,50050050,255,255,255,255,402929578165.4385
1791120452555210,2026-10-04T13:27:32.555210+00:00,162,18,3497635049,1,66,40,510450519,50050050,255,255,255,255,402929593314.4284
1791120452570034,2026-10-04T13:27:32.570034+00:00,162,18,3497649891,1,66,40,510450519,50050050,255,255,255,255,402929608138.4185
1791120452585286,2026-10-04T13:27:32.585286+00:00,162,18,3497665090,1,66,40,510450519,50050050,255,255,255,255,402929623390.4084
1791120452600179,2026-10-04T13:27:32.600179+00:00,162,18,3497680039,1,66,40,510450519,50050050,255,255,255,255,402929638283.39844
1791120452615172,2026-10-04T13:27:32.615172+00:00,162,18,3497695004,1,66,40,510450519,50050050,255,255,255,255,402929653276.3885
1791120452629761,2026-10-04T13:27:32.629761+00:00,162,83,3497709607,1,66,40,510450519,50050050,255,255,255,255,402929667865.3787
1791120452630218,2026-10-04T13:27:32.630218+00:00,162,18,3497710084,1,66,40,510450519,50050050,255,255,255,255,402929668322.3784
1791120452645915,2026-10-04T13:27:32.645915+00:00,162,18,3497725656,1,66,40,510450519,50050050,255,255,255,255,402929684019.368
1791120452661732,2026-10-04T13:27:32.661732+00:00,162,18,3497741566,1,66,40,510450519,50050050,255,255,255,255,402929699836.3575
1791120452675100,2026-10-04T13:27:32.675100+00:00,162,18,3497754958,1,66,40,510450519,50050050,255,255,255,255,402929713204.3486
1791120452690110,2026-10-04T13:27:32.690110+00:00,162,18,3497769966,1,66,40,510450519,50050050,255,255,255,255,402929728214.33856
1791120452705139,2026-10-04T13:27:32.705139+00:00,162,18,3497784932,1,66,40,510450519,50050050,255,255,255,255,402929743243.32855
1791120452720251,2026-10-04T13:27:32.720251+00:00,162,18,3497799959,1,66,40,510450519,50050050,255,255,255,255,402929758355.3185
1791120452735174,2026-10-04T13:27:32.735174+00:00,162,18,3497815018,1,66,40,510450519,50050050,255,255,255,255,402929773278.30853
1791120452738406,2026-10-04T13:27:32.738406+00:00,162,83,3497818246,1,66,40,510450519,50050050,255,255,255,255,402929776510.3064
1791120452750103,2026-10-04T13:27:32.750103+00:00,162,18,3497829944,1,66,40,510450519,50050050,255,255,255,255,402929788207.2986
1791120452765076,2026-10-04T13:27:32.765076+00:00,162,18,3497844937,1,66,40,510450519,50050050,255,255,255,255,402929803180.28864
1791120452780047,2026-10-04T13:27:32.780047+00:00,162,18,3497859897,1,66,40,510450519,50050050,255,255,255,255,402929818151.2787
1791120452788729,2026-10-04T13:27:32.788729+00:00,162,18,3497868587,1,66,40,510450519,50050050,255,255,255,255,402929826833.2729
1791120452802459,2026-10-04T13:27:32.802459+00:00,162,18,3497882321,1,66,40,510450519,50050050,255,255,255,255,402929840563.26373
1791120452817538,2026-10-04T13:27:32.817538+00:00,162,18,3497897389,1,66,40,510450519,50050050,255,255,255,255,402929855642.25366
1791120452832574,2026-10-04T13:27:32.832574+00:00,162,18,3497912425,1,66,40,510450519,50050050,255,255,255,255,402929870678.24365
1791120452847504,2026-10-04T13:27:32.847504+00:00,162,18,3497927359,1,66,40,510450519,50050050,255,255,255,255,402929885608.2337
1791120452862585,2026-10-04T13:27:32.862585+00:00,162,18,3497942439,1,66,40,510450519,50050050,255,255,255,255,402929900689.2237
1791120452873519,2026-10-04T13:27:32.873519+00:00,162,83,3497953366,1,66,40,510450519,50050050,255,255,255,255,402929911623.21643
1791120452877630,2026-10-04T13:27:32.877630+00:00,162,18,3497957497,1,66,40,510450519,50050050,255,255,255,255,402929915734.2137
1791120452892680,2026-10-04T13:27:32.892680+00:00,162,18,3497972542,1,66,40,510450519,50050050,255,255,255,255,402929930784.2036
1791120452907474,2026-10-04T13:27:32.907474+00:00,162,18,3497987325,1,66,40,510450519,50050050,255,255,255,255,402929945578.1938
1791120452922460,2026-10-04T13:27:32.922460+00:00,162,18,3498002316,1,66,40,510450519,50050050,255,255,255,255,402929960564.1838
1791120452937468,2026-10-04T13:27:32.937468+00:00,162,18,3498017327,1,66,40,510450519,50050050,255,255,255,255,402929975572.1738
1791120452952536,2026-10-04T13:27:32.952536+00:00,162,18,3498032383,1,66,40,510450519,50050050,255,255,255,255,402929990640.16376
1791120452967462,2026-10-04T13:27:32.967462+00:00,162,18,3498047313,1,66,40,510450519,50050050,255,255,255,255,402930005566.1538
1791120452974172,2026-10-04T13:27:32.974172+00:00,162,83,3498054017,1,66,40,510450519,50050050,255,255,255,255,402930012276.14935
1791120452982568,2026-10-04T13:27:32.982568+00:00,162,18,3498062406,1,66,40,510450519,50050050,255,255,255,255,402930020672.1438
1791120452997475,2026-10-04T13:27:32.997475+00:00,162,18,3498077328,1,66,40,510450519,50050050,255,255,255,255,402930035579.13385
1791120453012487,2026-10-04T13:27:33.012487+00:00,162,18,3498092344,1,66,40,510450519,50050050,255,255,255,255,402930050591.12384
1791120453027754,2026-10-04T13:27:33.027754+00:00,162,18,3498107611,1,66,40,510450519,50050050,255,255,255,255,402930065858.1137
1791120453042466,2026-10-04T13:27:33.042466+00:00,162,18,3498122326,1,66,40,510450519,50050050,255,255,255,255,402930080570.1039
1791120453057501,2026-10-04T13:27:33.057501+00:00,162,18,3498137349,1,66,40,510450519,50050050,255,255,255,255,402930095605.0939
1791120453072478,2026-10-04T13:27:33.072478+00:00,162,18,3498152327,1,66,40,510450519,50050050,255,255,255,255,402930110582.08386
1791120453087493,2026-10-04T13:27:33.087493+00:00,162,18,3498167352,1,66,40,510450519,50050050,255,255,255,255,402930125597.0739
1791120453103712,2026-10-04T13:27:33.103712+00:00,162,18,3498183278,1,66,40,510450519,50050050,255,255,255,255,402930141816.0631
1791120453108972,2026-10-04T13:27:33.108972+00:00,162,83,3498188820,1,67,40,513453492,50050050,255,255,255,255,402930147076.0596
1791120453117455,2026-10-04T13:27:33.117455+00:00,162,18,3498197319,1,67,40,513453492,50050050,255,255,255,255,402930155559.05396
1791120453126211,2026-10-04T13:27:33.126211+00:00,162,18,3498205685,1,67,40,513453492,50050050,255,255,255,255,402930164315.0481
1791120453140049,2026-10-04T13:27:33.140049+00:00,162,18,3498219904,1,67,40,513453492,50050050,255,255,255,255,402930178153.0389
1791120453155416,2026-10-04T13:27:33.155416+00:00,162,18,3498235277,1,67,40,513453492,50050050,255,255,255,255,402930193520.0286
1791120453156260,2026-10-04T13:27:33.156260+00:00,162,83,3498236115,1,67,40,513453492,50050050,255,255,255,255,402930194364.0281
1791120453170084,2026-10-04T13:27:33.170084+00:00,162,18,3498249932,1,67,40,513453492,50050050,255,255,255,255,402930208188.01886
1791120453185293,2026-10-04T13:27:33.185293+00:00,162,18,3498265120,1,67,40,513453492,50050050,255,255,255,255,402930223397.0087
1791120453200048,2026-10-04T13:27:33.200048+00:00,162,18,3498279897,1,67,40,513453492,50050050,255,255,255,255,402930238151.9989
1791120453215139,2026-10-04T13:27:33.215139+00:00,162,18,3498295001,1,67,40,513453492,50050050,255,255,255,255,402930253242.9889
1791120453230161,2026-10-04T13:27:33.230161+00:00,162,18,3498310000,1,67,40,513453492,50050050,255,255,255,255,402930268264.9789
1791120453245309,2026-10-04T13:27:33.245309+00:00,162,18,3498325147,1,67,40,513453492,50050050,255,255,255,255,402930283412.9688
1791120453260173,2026-10-04T13:27:33.260173+00:00,162,18,3498339975,1,67,40,513453492,50050050,255,255,255,255,402930298276.95886
1791120453275423,2026-10-04T13:27:33.275423+00:00,162,18,3498355209,1,67,40,513453492,50050050,255,255,255,255,402930313526.9487
1791120453290085,2026-10-04T13:27:33.290085+00:00,162,18,3498369942,1,67,40,513453492,50050050,255,255,255,255,402930328188.93896
1791120453297527,2026-10-04T13:27:33.297527+00:00,162,18,3498377376,1,67,40,513453492,50050050,255,255,255,255,402930335630.934
1791120453305065,2026-10-04T13:27:33.305065+00:00,162,18,3498384919,1,67,40,513453492,50050050,255,255,255,255,402930343168.92896
1791120453305563,2026-10-04T13:27:33.305563+00:00,162,83,3498385407,1,67,40,513453492,50050050,255,255,255,255,402930343666.92865
1791120453320056,2026-10-04T13:27:33.320056+00:00,162,18,3498399912,1,67,40,513453492,50050050,255,255,255,255,402930358159.919
1791120453335257,2026-10-04T13:27:33.335257+00:00,162,18,3498414986,1,67,40,513453492,50050050,255,255,255,255,402930373360.9089
1791120453347981,2026-10-04T13:27:33.347981+00:00,162,83,3498427795,1,67,40,513453492,50050050,255,255,255,255,402930386084.9004
1791120453350302,2026-10-04T13:27:33.350302+00:00,162,18,3498430140,1,67,40,513453492,50050050,255,255,255,255,402930388405.89886
1791120453365064,2026-10-04T13:27:33.365064+00:00,162,18,3498444925,1,67,40,513453492,50050050,255,255,255,255,402930403167.88904
1791120453381627,2026-10-04T13:27:33.381627+00:00,162,18,3498461470,1,67,40,513453492,50050050,255,255,255,255,402930419730.878
1791120453395668,2026-10-04T13:27:33.395668+00:00,162,18,3498475495,1,67,40,513453492,50050050,255,255,255,255,402930433771.86865
1791120453410157,2026-10-04T13:27:33.410157+00:00,162,18,3498490013,1,67,40,513453492,50050050,255,255,255,255,402930448260.859
1791120453425109,2026-10-04T13:27:33.425109+00:00,162,18,3498504962,1,67,40,513453492,50050050,255,255,255,255,402930463212.84906
1791120453440086,2026-10-04T13:27:33.440086+00:00,162,18,3498519941,1,67,40,513453492,50050050,255,255,255,255,402930478189.83905
1791120453455071,2026-10-04T13:27:33.455071+00:00,162,18,3498534939,1,67,40,513453492,50050050,255,255,255,255,402930493174.8291
1791120453470041,2026-10-04T13:27:33.470041+00:00,162,18,3498549897,1,67,40,513453492,50050050,255,255,255,255,402930508144.8191
1791120453485204,2026-10-04T13:27:33.485204+00:00,162,18,3498565034,1,67,40,513453492,50050050,255,255,255,255,402930523307.809
1791120453495315,2026-10-04T13:27:33.495315+00:00,162,83,3498575136,1,67,40,513453492,50050050,255,255,255,255,402930533418.80225
1791120453501590,2026-10-04T13:27:33.501590+00:00,162,18,3498580388,1,67,40,513453492,50050050,255,255,255,255,402930539693.7981
1791120453515636,2026-10-04T13:27:33.515636+00:00,162,18,3498595386,1,67,40,513453492,50050050,255,255,255,255,402930553739.78876
1791120453530065,2026-10-04T13:27:33.530065+00:00,162,18,3498609920,1,67,40,513453492,50050050,255,255,255,255,402930568168.7791
1791120453545142,2026-10-04T13:27:33.545142+00:00,162,18,3498624990,1,67,40,513453492,50050050,255,255,255,255,402930583245.7691
1791120453560195,2026-10-04T13:27:33.560195+00:00,162,18,3498640056,1,67,40,513453492,50050050,255,255,255,255,402930598298.75903
1791120453575352,2026-10-04T13:27:33.575352+00:00,162,18,3498655117,1,67,40,513453492,50050050,255,255,255,255,402930613455.74896
1791120453590602,2026-10-04T13:27:33.590602+00:00,162,18,3498670385,1,67,40,513453492,50050050,255,255,255,255,402930628705.73883
1791120453598422,2026-10-04T13:27:33.598422+00:00,162,83,3498678269,1,67,40,513453492,50050050,255,255,255,255,402930636525.7336
1791120453605607,2026-10-04T13:27:33.605607+00:00,162,18,3498685433,1,67,40,513453492,50050050,255,255,255,255,402930643710.7288
1791120453620700,2026-10-04T13:27:33.620700+00:00,162,18,3498700438,1,67,40,513453492,50050050,255,255,255,255,402930658803.71875
1791120453628988,2026-10-04T13:27:33.628988+00:00,162,18,3498708808,1,67,40,513453492,50050050,255,255,255,255,402930667091.71326
1791120453642482,2026-10-04T13:27:33.642482+00:00,162,18,3498722333,1,67,40,513453492,50050050,255,255,255,255,402930680585.7043
1791120453657517,2026-10-04T13:27:33.657517+00:00,162,18,3498737373,1,67,40,513453492,50050050,255,255,255,255,402930695620.6942
1791120453672476,2026-10-04T13:27:33.672476+00:00,162,18,3498752335,1,67,40,513453492,50050050,255,255,255,255,402930710579.68427
1791120453681285,2026-10-04T13:27:33.681285+00:00,162,18,3498761123,1,67,40,513453492,50050050,255,255,255,255,402930719388.6784
1791120453695629,2026-10-04T13:27:33.695629+00:00,162,18,3498775388,1,67,40,513453492,50050050,255,255,255,255,402930733732.6689
1791120453703852,2026-10-04T13:27:33.703852+00:00,162,83,3498783585,1,67,40,513453492,50050050,255,255,255,255,402930741955.6634
1791120453710119,2026-10-04T13:27:33.710119+00:00,162,18,3498789982,1,67,40,513453492,50050050,255,255,255,255,402930748222.6592
1791120453725054,2026-10-04T13:27:33.725054+00:00,162,18,3498804914,1,67,40,513453492,50050050,255,255,255,255,402930763157.6493
1791120453740067,2026-10-04T13:27:33.740067+00:00,162,18,3498819919,1,67,40,513453492,50050050,255,255,255,255,402930778170.6393
1791120453755036,2026-10-04T13:27:33.755036+00:00,162,18,3498834876,1,67,40,513453492,50050050,255,255,255,255,402930793139.6293
1791120453770079,2026-10-04T13:27:33.770079+00:00,162,18,3498849934,1,67,40,513453492,50050050,255,255,255,255,402930808182.61926
1791120453785097,2026-10-04T13:27:33.785097+00:00,162,18,3498864934,1,67,40,513453492,50050050,255,255,255,255,402930823200.60925
1791120453800059,2026-10-04T13:27:33.800059+00:00,162,18,3498879916,1,67,40,513453492,50050050,255,255,255,255,402930838162.5993
1791120453815041,2026-10-04T13:27:33.815041+00:00,162,18,3498894903,1,67,40,513453492,50050050,255,255,255,255,402930853144.58936
1791120453830444,2026-10-04T13:27:33.830444+00:00,162,18,3498910291,1,67,40,513453492,50050050,255,255,255,255,402930868547.57904
1791120453838166,2026-10-04T13:27:33.838166+00:00,162,83,3498918029,1,67,40,513453492,50050050,255,255,255,255,402930876269.5739
1791120453845142,2026-10-04T13:27:33.845142+00:00,162,18,3498925001,1,67,40,513453492,50050050,255,255,255,255,402930883245.5693
1791120453860047,2026-10-04T13:27:33.860047+00:00,162,18,3498939881,1,67,40,513453492,50050050,255,255,255,255,402930898150.5593
1791120453874960,2026-10-04T13:27:33.874960+00:00,162,18,3498954816,1,67,40,513453492,50050050,255,255,255,255,402930913063.54944
1791120453890054,2026-10-04T13:27:33.890054+00:00,162,18,3498969802,1,67,40,513453492,50050050,255,255,255,255,402930928157.53937
1791120453905082,2026-10-04T13:27:33.905082+00:00,162,18,3498984948,1,67,40,513453492,50050050,255,255,255,255,402930943185.52936
1791120453920075,2026-10-04T13:27:33.920075+00:00,162,18,3498999871,1,67,40,513453492,50050050,255,255,255,255,402930958178.51935
1791120453934956,2026-10-04T13:27:33.934956+00:00,162,18,3499014817,1,67,40,513453492,50050050,255,255,255,255,402930973059.50946
1791120453949999,2026-10-04T13:27:33.949999+00:00,162,18,3499029856,1,67,40,513453492,50050050,255,255,255,255,402930988102.49945
1791120453962147,2026-10-04T13:27:33.962147+00:00,162,83,3499041996,1,67,40,513453492,50050050,255,255,255,255,402931000250.49133
1791120453965014,2026-10-04T13:27:33.965014+00:00,162,18,3499044876,1,67,40,513453492,50050050,255,255,255,255,402931003117.48944
1791120453979923,2026-10-04T13:27:33.979923+00:00,162,18,3499059779,1,67,40,513453492,50050050,255,255,255,255,402931018026.4795
1791120453994988,2026-10-04T13:27:33.994988+00:00,162,18,3499074848,1,67,40,513453492,50050050,255,255,255,255,402931033091.4695
1791120454003844,2026-10-04T13:27:34.003844+00:00,162,18,3499083694,1,67,40,513453492,50050050,255,255,255,255,402931041947.46356
1791120454017458,2026-10-04T13:27:34.017458+00:00,162,18,3499097315,1,67,40,513453492,50050050,255,255,255,255,402931055561.4545
1791120454032584,2026-10-04T13:27:34.032584+00:00,162,18,3499112288,1,67,40,513453492,50050050,255,255,255,255,402931070687.44446
1791120454047520,2026-10-04T13:27:34.047520+00:00,162,18,3499127364,1,67,40,513453492,50050050,255,255,255,255,402931085623.4345
1791120454062458,2026-10-04T13:27:34.062458+00:00,162,18,3499142317,1,67,40,513453492,50050050,255,255,255,255,402931100561.42456
1791120454077459,2026-10-04T13:27:34.077459+00:00,162,18,3499157315,1,67,40,513453492,50050050,255,255,255,255,402931115562.41455
1791120454085709,2026-10-04T13:27:34.085709+00:00,162,83,3499165550,1,67,40,513453492,50050050,255,255,255,255,402931123812.40906
1791120454092722,2026-10-04T13:27:34.092722+00:00,162,18,3499172540,1,67,40,513453492,50050050,255,255,255,255,402931130825.40436
1791120454107486,2026-10-04T13:27:34.107486+00:00,162,18,3499187346,2,68,42,0,50050050,255,255,255,255,402931145589.39453
1791120454116314,2026-10-04T13:27:34.116314+00:00,162,18,3499196148,2,68,42,0,50050050,255,255,255,255,402931154417.3887
1791120454130059,2026-10-04T13:27:34.130059+00:00,162,18,3499209916,2,68,42,0,50050050,255,255,255,255,402931168162.3795
1791120454144987,2026-10-04T13:27:34.144987+00:00,162,18,3499224845,2,68,42,0,50050050,255,255,255,255,402931183090.36957
1791120454159959,2026-10-04T13:27:34.159959+00:00,162,18,3499239817,2,68,42,0,50050050,255,255,255,255,402931198062.3596
1791120454166684,2026-10-04T13:27:34.166684+00:00,162,83,3499246488,2,68,42,0,50050050,255,255,255,255,402931204787.3551
1791120454175021,2026-10-04T13:27:34.175021+00:00,162,18,3499254881,2,68,42,0,50050050,255,255,255,255,402931213124.34955
1791120454190058,2026-10-04T13:27:34.190058+00:00,162,18,3499269922,2,68,42,0,50050050,255,255,255,255,402931228161.33954
1791120454205531,2026-10-04T13:27:34.205531+00:00,162,18,3499285324,2,68,42,0,50050050,255,255,255,255,402931243634.3292
1791120454220042,2026-10-04T13:27:34.220042+00:00,162,18,3499299905,2,68,42,0,50050050,255,255,255,255,402931258145.3196
1791120454234995,2026-10-04T13:27:34.234995+00:00,162,18,3499314846,2,68,42,0,50050050,255,255,255,255,402931273098.30963
1791120454249976,2026-10-04T13:27:34.249976+00:00,162,18,3499329798,2,68,42,0,50050050,255,255,255,255,402931288079.2997
1791120454263614,2026-10-04T13:27:34.263614+00:00,162,83,3499343459,2,68,42,0,50050050,255,255,255,255,402931301717.2906
1791120454265651,2026-10-04T13:27:34.265651+00:00,162,18,3499345413,2,68,42,0,50050050,255,255,255,255,402931303754.2892
1791120454280835,2026-10-04T13:27:34.280835+00:00,162,18,3499360615,2,68,42,0,50050050,255,255,255,255,402931318938.2791
1791120454295049,2026-10-04T13:27:34.295049+00:00,162,18,3499374899,2,68,42,0,50050050,255,255,255,255,402931333152.26965
1791120454302504,2026-10-04T13:27:34.302504+00:00,162,18,3499382352,2,68,42,0,50050050,255,255,255,255,402931340607.26465
1791120454310559,2026-10-04T13:27:34.310559+00:00,162,18,3499390284,2,68,42,0,50050050,255,255,255,255,402931348662.2593
1791120454325563,2026-10-04T13:27:34.325563+00:00,162,18,3499405292,2,68,42,0,50050050,255,255,255,255,402931363666.2493
1791120454339955,2026-10-04T13:27:34.339955+00:00,162,18,3499419812,2,68,42,0,50050050,255,255,255,255,402931378058.23975
1791120454355012,2026-10-04T13:27:34.355012+00:00,162,18,3499434859,2,68,42,0,50050050,255,255,255,255,402931393115.2297
1791120454370042,2026-10-04T13:27:34.370042+00:00,162,18,3499449870,2,68,42,0,50050050,255,255,255,255,402931408145.21967
1791120454375316,2026-10-04T13:27:34.375316+00:00,162,83,3499455157,2,68,42,0,50050050,255,255,255,255,402931413419.2162
1791120454385032,2026-10-04T13:27:34.385032+00:00,162,18,3499464889,2,68,42,0,50050050,255,255,255,255,402931423135.2097
1791120454400354,2026-10-04T13:27:34.400354+00:00,162,18,3499480162,2,68,42,0,50050050,255,255,255,255,402931438457.1995
1791120454414995,2026-10-04T13:27:34.414995+00:00,162,18,3499494844,2,68,42,0,50050050,255,255,255,255,402931453098.18976
1791120454424435,2026-10-04T13:27:34.424435+00:00,162,18,3499504113,2,68,42,0,50050050,255,255,255,255,402931462538.1835
1791120454438595,2026-10-04T13:27:34.438595+00:00,162,18,3499518399,2,68,42,0,50050050,255,255,255,255,402931476698.174
1791120454452596,2026-10-04T13:27:34.452596+00:00,162,18,3499532431,2,68,42,0,50050050,255,255,255,255,402931490699.1647
1791120454467450,2026-10-04T13:27:34.467450+00:00,162,18,3499547306,2,69,42,0,50050050,14,255,255,255,402931505553.1548
1791120454482618,2026-10-04T13:27:34.482618+00:00,162,18,3499562470,2,69,42,0,50050050,14,255,255,255,402931520721.1447
1791120454497487,2026-10-04T13:27:34.497487+00:00,162,18,3499577332,2,69,42,0,50050050,14,255,255,255,402931535590.1348
1791120454499544,2026-10-04T13:27:34.499544+00:00,162,83,3499579375,2,69,42,0,50050050,14,255,255,255,402931537647.1334
1791120454505727,2026-10-04T13:27:34.505727+00:00,162,18,3499585562,2,69,42,0,50050050,14,255,255,255,402931543830.12933
1791120454520150,2026-10-04T13:27:34.520150+00:00,162,18,3499599934,2,69,42,0,50050050,14,255,255,255,402931558253.1197
1791120454535160,2026-10-04T13:27:34.535160+00:00,162,18,3499615018,2,69,42,0,50050050,14,255,255,255,402931573263.10974
1791120454550079,2026-10-04T13:27:34.550079+00:00,162,18,3499629930,2,69,42,0,50050050,14,255,255,255,402931588182.0998
1791120454564986,2026-10-04T13:27:34.564986+00:00,162,18,3499644839,2,69,42,0,50050050,14,255,255,255,402931603089.08984
1791120454580129,2026-10-04T13:27:34.580129+00:00,162,18,3499659913,2,69,42,0,50050050,14,255,255,255,402931618232.0798
1791120454595034,2026-10-04T13:27:34.595034+00:00,162,18,3499674885,2,69,42,0,50050050,14,255,255,255,402931633137.0698
1791120454609267,2026-10-04T13:27:34.609267+00:00,162,83,3499689093,2,69,42,0,50050050,14,255,255,255,402931647370.06036
1791120454610506,2026-10-04T13:27:34.610506+00:00,162,18,3499690100,2,69,42,0,50050050,14,255,255,255,402931648609.0595
1791120454624965,2026-10-04T13:27:34.624965+00:00,162,18,3499704825,2,69,42,0,50050050,14,255,255,255,402931663068.0499
1791120454633688,2026-10-04T13:27:34.633688+00:00,162,18,3499713465,2,69,42,0,50050050,14,255,255,255,402931671791.04407
1791120454648886,2026-10-04T13:27:34.648886+00:00,162,18,3499728727,2,69,42,0,50050050,14,255,255,255,402931686989.034
1791120454662586,2026-10-04T13:27:34.662586+00:00,162,18,3499742364,2,69,42,0,50050050,14,255,255,255,402931700689.02484
1791120454677869,2026-10-04T13:27:34.677869+00:00,162,18,3499757709,2,69,42,0,50050050,14,255,255,255,402931715972.01465
1791120454692485,2026-10-04T13:27:34.692485+00:00,162,18,3499772331,2,69,42,0,50050050,14,255,255,255,402931730588.00494
1791120454707625,2026-10-04T13:27:34.707625+00:00,162,18,3499787476,2,69,42,0,50050050,14,255,255,255,402931745727.9949
1791120454722454,2026-10-04T13:27:34.722454+00:00,162,18,3499802309,2,69,42,0,50050050,14,255,255,255,402931760556.985
1791120454736218,2026-10-04T13:27:34.736218+00:00,162,83,3499816050,2,69,42,0,50050050,14,255,255,255,402931774320.9758
1791120454737445,2026-10-04T13:27:34.737445+00:00,162,18,3499817316,2,69,42,0,50050050,14,255,255,255,402931775547.975
1791120454745594,2026-10-04T13:27:34.745594+00:00,162,18,3499825438,2,69,42,0,50050050,14,255,255,255,402931783696.96954
1791120454760138,2026-10-04T13:27:34.760138+00:00,162,18,3499839992,2,69,42,0,50050050,14,255,255,255,402931798240.9599
1791120454774948,2026-10-04T13:27:34.774948+00:00,162,18,3499854799,2,69,42,0,50050050,14,255,255,255,402931813050.95
1791120454784545,2026-10-04T13:27:34.784545+00:00,162,18,3499864384,2,69,42,0,50050050,14,255,255,255,402931822647.9436
1791120454797547,2026-10-04T13:27:34.797547+00:00,162,18,3499877353,2,69,42,0,50050050,14,255,255,255,402931835649.93494
1791120454812535,2026-10-04T13:27:34.812535+00:00,162,18,3499892325,2,69,42,0,50050050,14,255,255,255,402931850637.925
1791120454821636,2026-10-04T13:27:34.821636+00:00,162,18,3499901492,2,69,42,0,50050050,14,255,255,255,402931859738.9189
1791120454837018,2026-10-04T13:27:34.837018+00:00,162,18,3499916870,2,69,42,0,50050050,14,255,255,255,402931875120.9087
1791120454849968,2026-10-04T13:27:34.849968+00:00,162,18,3499929802,2,69,42,0,50050050,14,255,255,255,402931888070.9
1791120454865165,2026-10-04T13:27:34.865165+00:00,162,18,3499945024,2,69,42,0,50050050,14,255,255,255,402931903267.8899
1791120454882049,2026-10-04T13:27:34.882049+00:00,162,18,3499961889,2,69,42,0,50050050,14,255,255,255,402931920151.87866
1791120454887294,2026-10-04T13:27:34.887294+00:00,162,83,3499967156,2,69,42,0,50050050,14,255,255,255,402931925396.8752
1791120454895166,2026-10-04T13:27:34.895166+00:00,162,18,3499974999,2,69,42,0,50050050,14,255,255,255,402931933268.86993
1791120454910544,2026-10-04T13:27:34.910544+00:00,162,18,3499990389,2,69,42,0,50050050,14,255,255,255,402931948646.8597
1791120454924959,2026-10-04T13:27:34.924959+00:00,162,18,3500004817,2,69,42,0,50050050,14,255,255,255,402931963061.8501
1791120454940137,2026-10-04T13:27:34.940137+00:00,162,18,3500019967,2,69,42,0,50050050,14,255,255,255,402931978239.83997
1791120454954951,2026-10-04T13:27:34.954951+00:00,162,18,3500034807,2,69,42,0,50050050,14,255,255,255,402931993053.83014
1791120454969926,2026-10-04T13:27:34.969926+00:00,162,18,3500049781,2,69,42,0,50050050,14,255,255,255,402932008028.8201
1791120454986079,2026-10-04T13:27:34.986079+00:00,162,18,3500065938,2,69,42,0,50050050,14,255,255,255,402932024181.8094
1791120454999933,2026-10-04T13:27:34.999933+00:00,162,18,3500079793,2,69,42,0,50050050,14,255,255,255,402932038035.8002
1791120455011288,2026-10-04T13:27:35.011288+00:00,162,83,3500091132,2,69,42,0,50050050,14,255,255,255,402932049390.7926
1791120455014927,2026-10-04T13:27:35.014927+00:00,162,18,3500094792,2,69,42,0,50050050,14,255,255,255,402932053029.79016
1791120455029927,2026-10-04T13:27:35.029927+00:00,162,18,3500109785,2,69,42,0,50050050,14,255,255,255,402932068029.7802
1791120455044996,2026-10-04T13:27:35.044996+00:00,162,18,3500124822,2,69,42,0,50050050,14,255,255,255,402932083098.77014
1791120455059916,2026-10-04T13:27:35.059916+00:00,162,18,3500139775,2,69,42,0,50050050,14,255,255,255,402932098018.7602
1791120455075178,2026-10-04T13:27:35.075178+00:00,162,18,3500155035,2,69,42,0,50050050,14,255,255,255,402932113280.75006
1791120455089913,2026-10-04T13:27:35.089913+00:00,162,18,3500169778,2,69,42,0,50050050,14,255,255,255,402932128015.74023
1791120455105149,2026-10-04T13:27:35.105149+00:00,162,18,3500184847,2,69,42,0,50050050,14,255,255,255,402932143251.7301
1791120455120047,2026-10-04T13:27:35.120047+00:00,162,18,3500199894,2,69,42,0,50050050,14,255,255,255,402932158149.72015
1791120455133911,2026-10-04T13:27:35.133911+00:00,162,83,3500213757,2,70,42,0,50050050,6,255,255,255,402932172013.71094
1791120455134967,2026-10-04T13:27:35.134967+00:00,162,18,3500214836,2,70,42,0,50050050,6,255,255,255,402932173069.7102
1791120455149939,2026-10-04T13:27:35.149939+00:00,162,18,3500229804,2,70,42,0,50050050,6,255,255,255,402932188041.70026
1791120455164944,2026-10-04T13:27:35.164944+00:00,162,18,3500244800,2,70,42,0,50050050,6,255,255,255,402932203046.69025
1791120455179938,2026-10-04T13:27:35.179938+00:00,162,18,3500259790,2,70,42,0,50050050,6,255,255,255,402932218040.6803
1791120455194947,2026-10-04T13:27:35.194947+00:00,162,18,3500274808,2,70,42,0,50050050,6,255,255,255,402932233049.6703
1791120455209929,2026-10-04T13:27:35.209929+00:00,162,18,3500289783,2,70,42,0,50050050,6,255,255,255,402932248031.6603
1791120455225099,2026-10-04T13:27:35.225099+00:00,162,18,3500304948,2,70,42,0,50050050,6,255,255,255,402932263201.6502
1791120455239915,2026-10-04T13:27:35.239915+00:00,162,18,3500319777,2,70,42,0,50050050,6,255,255,255,402932278017.6403
1791120455256065,2026-10-04T13:27:35.256065+00:00,162,18,3500335827,2,70,42,0,50050050,6,255,255,255,402932294167.6296
1791120455266752,2026-10-04T13:27:35.266752+00:00,162,83,3500346594,2,70,42,0,50050050,6,255,255,255,402932304854.62244
1791120455269909,2026-10-04T13:27:35.269909+00:00,162,18,3500349769,2,70,42,0,50050050,6,255,255,255,402932308011.62036
1791120455284978,2026-10-04T13:27:35.284978+00:00,162,18,3500364831,2,70,42,0,50050050,6,255,255,255,402932323080.6103
1791120455299953,2026-10-04T13:27:35.299953+00:00,162,18,3500379809,2,70,42,0,50050050,6,255,255,255,402932338055.60034
1791120455307423,2026-10-04T13:27:35.307423+00:00,162,18,3500387291,2,70,42,0,50050050,6,255,255,255,402932345525.5954
1791120455314924,2026-10-04T13:27:35.314924+00:00,162,18,3500394765,2,70,42,0,50050050,6,255,255,255,402932353026.5904
1791120455329929,2026-10-04T13:27:35.329929+00:00,162,18,3500409783,2,70,42,0,50050050,6,255,255,255,402932368031.5804
1791120455345060,2026-10-04T13:27:35.345060+00:00,162,18,3500424924,2,70,42,0,50050050,6,255,255,255,402932383162.5703
1791120455359875,2026-10-04T13:27:35.359875+00:00,162,18,3500439741,2,70,42,0,50050050,6,255,255,255,402932397977.5604
1791120455374912,2026-10-04T13:27:35.374912+00:00,162,18,3500454771,2,70,42,0,50050050,6,255,255,255,402932413014.5504
1791120455389921,2026-10-04T13:27:35.389921+00:00,162,18,3500469782,2,70,42,0,50050050,6,255,255,255,402932428023.5404
1791120455394754,2026-10-04T13:27:35.394754+00:00,162,83,3500474605,2,70,42,0,50050050,6,255,255,255,402932432856.53723
1791120455405333,2026-10-04T13:27:35.405333+00:00,162,18,3500485024,2,70,42,0,50050050,6,255,255,255,402932443435.53015
1791120455420639,2026-10-04T13:27:35.420639+00:00,162,18,3500500397,2,70,42,0,50050050,6,255,255,255,402932458741.51996
1791120455434905,2026-10-04T13:27:35.434905+00:00,162,18,3500514761,2,70,42,0,50050050,6,255,255,255,402932473007.51044
1791120455449921,2026-10-04T13:27:35.449921+00:00,162,18,3500529776,2,70,42,0,50050050,6,255,255,255,402932488023.5005
1791120455464927,2026-10-04T13:27:35.464927+00:00,162,18,3500544777,2,70,42,0,50050050,6,255,255,255,402932503029.4905
1791120455480109,2026-10-04T13:27:35.480109+00:00,162,18,3500559962,2,70,42,0,50050050,6,255,255,255,402932518211.48035
1791120455489404,2026-10-04T13:27:35.489404+00:00,162,18,3500569050,2,70,42,0,50050050,6,255,255,255,402932527506.4742
1791120455502549,2026-10-04T13:27:35.502549+00:00,162,18,3500582389,2,70,42,0,50050050,6,255,255,255,402932540651.4654
1791120455517464,2026-10-04T13:27:35.517464+00:00,162,18,3500597309,2,70,42,0,50050050,6,255,255,255,402932555566.4555
1791120455532415,2026-10-04T13:27:35.532415+00:00,162,18,3500612264,2,70,42,0,50050050,6,255,255,255,402932570517.4455
1791120455533180,2026-10-04T13:27:35.533180+00:00,162,83,3500613041,2,70,42,0,50050050,6,255,255,255,402932571282.445
1791120455547633,2026-10-04T13:27:35.547633+00:00,162,18,3500627470,2,70,42,0,50050050,6,255,255,255,402932585735.43536
1791120455562505,2026-10-04T13:27:35.562505+00:00,162,18,3500642346,2,70,42,0,50050050,6,255,255,255,402932600607.4255
1791120455577491,2026-10-04T13:27:35.577491+00:00,162,18,3500657353,2,70,42,0,50050050,6,255,255,255,402932615593.4155
1791120455592410,2026-10-04T13:27:35.592410+00:00,162,18,3500672267,2,70,42,0,50050050,6,255,255,255,402932630512.4056
1791120455607493,2026-10-04T13:27:35.607493+00:00,162,18,3500687350,2,70,42,0,50050050,6,255,255,255,402932645595.3955
1791120455622412,2026-10-04T13:27:35.622412+00:00,162,18,3500702257,2,70,42,0,50050050,6,255,255,255,402932660514.38556
1791120455637552,2026-10-04T13:27:35.637552+00:00,162,18,3500717377,2,70,42,0,50050050,6,255,255,255,402932675654.3755
1791120455652607,2026-10-04T13:27:35.652607+00:00,162,18,3500732456,2,70,42,0,50050050,6,255,255,255,402932690709.3655
1791120455667612,2026-10-04T13:27:35.667612+00:00,162,18,3500747425,2,70,42,0,50050050,6,255,255,255,402932705714.35547
1791120455670909,2026-10-04T13:27:35.670909+00:00,162,83,3500750755,2,70,42,0,50050050,6,255,255,255,402932709011.3533
1791120455683127,2026-10-04T13:27:35.683127+00:00,162,18,3500762668,2,70,42,0,50050050,6,255,255,255,402932721229.34515
1791120455697435,2026-10-04T13:27:35.697435+00:00,162,18,3500777285,2,70,42,0,50050050,6,255,255,255,402932735537.33563
1791120455713332,2026-10-04T13:27:35.713332+00:00,162,18,3500793031,2,70,42,0,50050050,6,255,255,255,402932751434.325
1791120455719328,2026-10-04T13:27:35.719328+00:00,162,83,3500799091,2,70,42,0,50050050,6,255,255,255,402932757430.32104
1791120455727431,2026-10-04T13:27:35.727431+00:00,162,18,3500807287,2,70,42,0,50050050,6,255,255,255,402932765533.3156
1791120455742508,2026-10-04T13:27:35.742508+00:00,162,18,3500822360,2,70,42,0,50050050,6,255,255,255,402932780610.3056
1791120455757398,2026-10-04T13:27:35.757398+00:00,162,18,3500837259,2,70,42,0,50050050,6,255,255,255,402932795500.29565
1791120455772614,2026-10-04T13:27:35.772614+00:00,162,18,3500852469,2,70,42,0,50050050,6,255,255,255,402932810716.2855
1791120455787883,2026-10-04T13:27:35.787883+00:00,162,18,3500867696,2,70,42,0,50050050,6,255,255,255,402932825985.2754
1791120455803181,2026-10-04T13:27:35.803181+00:00,162,18,3500882892,2,70,42,0,50050050,6,255,255,255,402932841283.2652
1791120455818115,2026-10-04T13:27:35.818115+00:00,162,18,3500897890,2,70,42,0,50050050,6,255,255,255,402932856217.25525
1791120455832799,2026-10-04T13:27:35.832799+00:00,162,18,3500912647,2,70,42,0,50050050,6,255,255,255,402932870901.2455
1791120455838344,2026-10-04T13:27:35.838344+00:00,162,83,3500918154,2,70,42,0,50050050,6,255,255,255,402932876446.24176
1791120455847479,2026-10-04T13:27:35.847479+00:00,162,18,3500927332,2,70,42,0,50050050,6,255,255,255,402932885581.23566
1791120455862673,2026-10-04T13:27:35.862673+00:00,162,18,3500942522,2,70,42,0,50050050,6,255,255,255,402932900775.2256
1791120455877484,2026-10-04T13:27:35.877484+00:00,162,18,3500957344,2,70,42,0,50050050,6,255,255,255,402932915586.2157
1791120455892496,2026-10-04T13:27:35.892496+00:00,162,18,3500972351,2,70,42,0,50050050,6,255,255,255,402932930598.2057
1791120455907423,2026-10-04T13:27:35.907423+00:00,162,18,3500987276,2,70,42,0,50050050,6,255,255,255,402932945525.19574
1791120455922906,2026-10-04T13:27:35.922906+00:00,162,18,3501002759,2,70,42,0,50050050,6,255,255,255,402932961008.1854
1791120455938001,2026-10-04T13:27:35.938001+00:00,162,18,3501017795,2,70,42,0,50050050,6,255,255,255,402932976103.1754
1791120455949315,2026-10-04T13:27:35.949315+00:00,162,83,3501028901,2,70,42,0,50050050,6,255,255,255,402932987417.16785
1791120455952860,2026-10-04T13:27:35.952860+00:00,162,18,3501032614,2,70,42,0,50050050,6,255,255,255,402932990962.16547
1791120455967435,2026-10-04T13:27:35.967435+00:00,162,18,3501047290,2,70,42,0,50050050,6,255,255,255,402933005537.15576
1791120455983020,2026-10-04T13:27:35.983020+00:00,162,18,3501062863,2,70,42,0,50050050,6,255,255,255,402933021122.1454
1791120455997402,2026-10-04T13:27:35.997402+00:00,162,18,3501077262,2,70,42,0,50050050,6,255,255,255,402933035504.1358
1791120456012875,2026-10-04T13:27:36.012875+00:00,162,18,3501092657,2,70,42,0,50050050,6,255,255,255,402933050977.12555
1791120456028533,2026-10-04T13:27:36.028533+00:00,162,18,3501108222,2,70,42,0,50050050,6,255,255,255,402933066635.1151
1791120456042427,2026-10-04T13:27:36.042427+00:00,162,18,3501122279,2,70,42,0,50050050,6,255,255,255,402933080529.10583
1791120456049361,2026-10-04T13:27:36.049361+00:00,162,83,3501129206,2,70,42,0,50050050,6,255,255,255,402933087463.1012
1791120456057368,2026-10-04T13:27:36.057368+00:00,162,18,3501137234,2,70,42,0,50050050,6,255,255,255,402933095470.0959
1791120456072453,2026-10-04T13:27:36.072453+00:00,162,18,3501152305,2,70,42,0,50050050,6,255,255,255,402933110555.0858
1791120456087446,2026-10-04T13:27:36.087446+00:00,162,18,3501167299,2,70,42,0,50050050,6,255,255,255,402933125548.07587
1791120456102416,2026-10-04T13:27:36.102416+00:00,162,18,3501182274,2,70,42,0,50050050,6,255,255,255,402933140518.06586
1791120456118111,2026-10-04T13:27:36.118111+00:00,162,18,3501197811,2,70,42,0,50050050,6,255,255,255,402933156213.0554
1791120456132558,2026-10-04T13:27:36.132558+00:00,162,18,3501212417,2,70,42,0,50050050,6,255,255,255,402933170660.04584
1791120456144419,2026-10-04T13:27:36.144419+00:00,162,83,3501224255,2,70,42,0,50050050,6,255,255,255,402933182521.0379
1791120456147461,2026-10-04T13:27:36.147461+00:00,162,18,3501227321,2,70,42,0,50050050,6,255,255,255,402933185563.0359
1791120456156967,2026-10-04T13:27:36.156967+00:00,162,18,3501236677,2,70,42,0,50050050,6,255,255,255,402933195069.02954
1791120456170556,2026-10-04T13:27:36.170556+00:00,162,18,3501250275,2,70,42,0,50050050,6,255,255,255,402933208658.0205
1791120456185221,2026-10-04T13:27:36.185221+00:00,162,18,3501264979,2,70,42,0,50050050,6,255,255,255,402933223323.01074
1791120456200056,2026-10-04T13:27:36.200056+00:00,162,18,3501279910,2,70,42,0,50050050,6,255,255,255,402933238158.00085
1791120456214941,2026-10-04T13:27:36.214941+00:00,162,18,3501294797,2,70,42,0,50050050,6,255,255,255,402933253042.99097
1791120456229930,2026-10-04T13:27:36.229930+00:00,162,18,3501309784,2,70,42,0,50050050,6,255,255,255,402933268031.98096
1791120456245196,2026-10-04T13:27:36.245196+00:00,162,18,3501325038,2,70,42,0,50050050,6,255,255,255,402933283297.97076
1791120456250735,2026-10-04T13:27:36.250735+00:00,162,83,3501330589,2,70,42,0,50050050,6,255,255,255,402933288836.9671
1791120456259979,2026-10-04T13:27:36.259979+00:00,162,18,3501339780,2,70,42,0,50050050,6,255,255,255,402933298080.96094
1791120456274890,2026-10-04T13:27:36.274890+00:00,162,18,3501354752,2,70,42,0,50050050,6,255,255,255,402933312991.951
1791120456290159,2026-10-04T13:27:36.290159+00:00,162,18,3501369985,2,70,42,0,50050050,6,255,255,255,402933328260.94086
1791120456305083,2026-10-04T13:27:36.305083+00:00,162,18,3501384929,2,70,42,0,50050050,6,255,255,255,402933343184.9309
1791120456312483,2026-10-04T13:27:36.312483+00:00,162,18,3501392341,2,70,42,0,50050050,6,255,255,255,402933350584.92596
1791120456319938,2026-10-04T13:27:36.319938+00:00,162,18,3501399796,2,70,42,0,50050050,6,255,255,255,402933358039.921
1791120456335126,2026-10-04T13:27:36.335126+00:00,162,18,3501414978,2,70,42,0,50050050,6,255,255,255,402933373227.9109
1791120456350005,2026-10-04T13:27:36.350005+00:00,162,18,3501429870,2,71,42,0,50050050,12,255,255,255,402933388106.901
1791120456358623,2026-10-04T13:27:36.358623+00:00,162,18,3501438386,2,71,42,0,50050050,12,255,255,255,402933396724.89526
1791120456373330,2026-10-04T13:27:36.373330+00:00,162,18,3501453084,2,71,42,0,50050050,12,255,255,255,402933411431.88544
1791120456388131,2026-10-04T13:27:36.388131+00:00,162,18,3501467827,2,71,42,0,50050050,12,255,255,255,402933426232.8756
1791120456402432,2026-10-04T13:27:36.402432+00:00,162,18,3501482284,2,71,42,0,50050050,12,255,255,255,402933440533.8661
1791120456417438,2026-10-04T13:27:36.417438+00:00,162,18,3501497289,2,71,42,0,50050050,12,255,255,255,402933455539.8561
1791120456432538,2026-10-04T13:27:36.432538+00:00,162,18,3501512321,2,71,42,0,50050050,12,255,255,255,402933470639.846
1791120456443356,2026-10-04T13:27:36.443356+00:00,162,83,3501523196,2,71,42,0,50050050,12,255,255,255,402933481457.8388
1791120456447409,2026-10-04T13:27:36.447409+00:00,162,18,3501527271,2,71,42,0,50050050,12,255,255,255,402933485510.8361
1791120456462483,2026-10-04T13:27:36.462483+00:00,162,18,3501542331,2,71,42,0,50050050,12,255,255,255,402933500584.82605
1791120456477657,2026-10-04T13:27:36.477657+00:00,162,18,3501557498,2,71,42,0,50050050,12,255,255,255,402933515758.816
1791120456492793,2026-10-04T13:27:36.492793+00:00,162,18,3501572611,2,71,42,0,50050050,12,255,255,255,402933530894.8059
1791120456508426,2026-10-04T13:27:36.508426+00:00,162,18,3501588181,2,71,42,0,50050050,12,255,255,255,402933546527.7955
1791120456523650,2026-10-04T13:27:36.523650+00:00,162,18,3501603367,2,71,42,0,50050050,12,255,255,255,402933561751.78534
1791120456537455,2026-10-04T13:27:36.537455+00:00,162,18,3501617300,2,71,42,0,50050050,12,255,255,255,402933575556.7761
1791120456552527,2026-10-04T13:27:36.552527+00:00,162,18,3501632384,2,71,42,0,50050050,12,255,255,255,402933590628.7661
1791120456556715,2026-10-04T13:27:36.556715+00:00,162,83,3501636527,2,71,42,0,50050050,12,255,255,255,402933594816.7633
1791120456567430,2026-10-04T13:27:36.567430+00:00,162,18,3501647286,2,71,42,0,50050050,12,255,255,255,402933605531.75616
1791120456582639,2026-10-04T13:27:36.582639+00:00,162,18,3501662336,2,71,42,0,50050050,12,255,255,255,402933620740.74603
1791120456597783,2026-10-04T13:27:36.597783+00:00,162,18,3501677629,2,71,42,0,50050050,12,255,255,255,402933635884.73596
1791120456614006,2026-10-04T13:27:36.614006+00:00,162,18,3501693792,2,71,42,0,50050050,12,255,255,255,402933652107.72516
1791120456627604,2026-10-04T13:27:36.627604+00:00,162,18,3501707466,2,71,42,0,50050050,12,255,255,255,402933665705.7161
1791120456643034,2026-10-04T13:27:36.643034+00:00,162,18,3501722759,2,71,42,0,50050050,12,255,255,255,402933681135.7058
1791120456657454,2026-10-04T13:27:36.657454+00:00,162,18,3501737306,2,71,42,0,50050050,12,255,255,255,402933695555.6962
1791120456664037,2026-10-04T13:27:36.664037+00:00,162,83,3501743872,2,71,42,0,50050050,12,255,255,255,402933702138.69183
1791120456672574,2026-10-04T13:27:36.672574+00:00,162,18,3501752417,2,71,42,0,50050050,12,255,255,255,402933710675.68616
1791120456687438,2026-10-04T13:27:36.687438+00:00,162,18,3501767290,2,71,42,0,50050050,12,255,255,255,402933725539.6763
1791120456703447,2026-10-04T13:27:36.703447+00:00,162,18,3501782983,2,71,42,0,50050050,12,255,255,255,402933741548.6656
1791120456717552,2026-10-04T13:27:36.717552+00:00,162,18,3501797415,2,71,42,0,50050050,12,255,255,255,402933755653.6562
1791120456732622,2026-10-04T13:27:36.732622+00:00,162,18,3501812421,2,71,42,0,50050050,12,255,255,255,402933770723.6462
1791120456745278,2026-10-04T13:27:36.745278+00:00,162,83,3501825126,2,71,42,0,50050050,12,255,255,255,402933783379.63776
1791120456747384,2026-10-04T13:27:36.747384+00:00,162,18,3501827250,2,71,42,0,50050050,12,255,255,255,402933785485.63635
1791120456762406,2026-10-04T13:27:36.762406+00:00,162,18,3501842260,2,71,42,0,50050050,12,255,255,255,402933800507.62634
1791120456777513,2026-10-04T13:27:36.777513+00:00,162,18,3501857338,2,71,42,0,50050050,12,255,255,255,402933815614.6163
1791120456792560,2026-10-04T13:27:36.792560+00:00,162,18,3501872408,2,71,42,0,50050050,12,255,255,255,402933830661.60626
1791120456807496,2026-10-04T13:27:36.807496+00:00,162,18,3501887340,2,71,42,0,50050050,12,255,255,255,402933845597.5963
1791120456823288,2026-10-04T13:27:36.823288+00:00,162,18,3501902968,2,71,42,0,50050050,12,255,255,255,402933861389.58575
1791120456837436,2026-10-04T13:27:36.837436+00:00,162,18,3501917297,2,71,42,0,50050050,12,255,255,255,402933875537.57635
1791120456852365,2026-10-04T13:27:36.852365+00:00,162,18,3501932222,2,71,42,0,50050050,12,255,255,255,402933890466.5664
1791120456867389,2026-10-04T13:27:36.867389+00:00,162,18,3501947247,2,71,42,0,50050050,12,255,255,255,402933905490.5564
1791120456877726,2026-10-04T13:27:36.877726+00:00,162,83,3501957560,2,71,42,0,50050050,12,255,255,255,402933915827.5495
1791120456882428,2026-10-04T13:27:36.882428+00:00,162,18,3501962282,2,71,42,0,50050050,12,255,255,255,402933920529.5464
1791120456942555,2026-10-04T13:27:36.942555+00:00,162,18,3502022411,2,71,42,0,50050050,12,255,255,255,402933980656.50635
1791120456957375,2026-10-04T13:27:36.957375+00:00,162,18,3502037237,2,71,42,0,50050050,12,255,255,255,402933995476.49646
1791120456966330,2026-10-04T13:27:36.966330+00:00,162,18,3502046183,2,71,42,0,50050050,12,255,255,255,402934004431.4905
1791120456979861,2026-10-04T13:27:36.979861+00:00,162,18,3502059723,2,71,42,0,50050050,12,255,255,255,402934017962.4815
1791120456996422,2026-10-04T13:27:36.996422+00:00,162,18,3502076236,2,71,42,0,50050050,12,255,255,255,402934034523.47046
1791120457009961,2026-10-04T13:27:37.009961+00:00,162,18,3502089767,2,71,42,0,50050050,12,255,255,255,402934048062.4614
1791120457012441,2026-10-04T13:27:37.012441+00:00,162,83,3502092289,2,71,42,0,50050050,12,255,255,255,402934050542.4598
1791120457025098,2026-10-04T13:27:37.025098+00:00,162,18,3502104955,2,71,42,0,50050050,12,255,255,255,402934063199.45135
1791120457033593,2026-10-04T13:27:37.033593+00:00,162,18,3502113444,2,71,42,0,50050050,12,255,255,255,402934071694.4457
1791120457047517,2026-10-04T13:27:37.047517+00:00,162,18,3502127363,2,71,42,0,50050050,12,255,255,255,402934085618.4364
1791120457062386,2026-10-04T13:27:37.062386+00:00,162,18,3502142246,2,71,42,0,50050050,12,255,255,255,402934100487.4265
1791120457077377,2026-10-04T13:27:37.077377+00:00,162,18,3502157227,2,71,42,0,50050050,12,255,255,255,402934115478.41656
1791120457092427,2026-10-04T13:27:37.092427+00:00,162,18,3502172282,2,71,42,0,50050050,12,255,255,255,402934130528.4065
1791120457107426,2026-10-04T13:27:37.107426+00:00,162,18,3502187254,2,71,42,0,50050050,12,255,255,255,402934145527.39655
1791120457116262,2026-10-04T13:27:37.116262+00:00,162,18,3502196117,2,71,42,0,50050050,12,255,255,255,402934154363.3906
1791120457131092,2026-10-04T13:27:37.131092+00:00,162,18,3502210949,2,72,42,0,50050050,10,255,255,255,402934169193.38074
1791120457144184,2026-10-04T13:27:37.144184+00:00,162,83,3502224016,2,72,42,0,50050050,10,255,255,255,402934182285.3721
1791120457144930,2026-10-04T13:27:37.144930+00:00,162,18,3502224800,2,72,42,0,50050050,10,255,255,255,402934183031.3715
1791120457162696,2026-10-04T13:27:37.162696+00:00,162,18,3502242502,2,72,42,0,50050050,10,255,255,255,402934200797.35974
1791120457191132,2026-10-04T13:27:37.191132+00:00,162,18,3502270994,2,72,42,0,50050050,10,255,255,255,402934229233.34076
1791120457204907,2026-10-04T13:27:37.204907+00:00,162,18,3502284758,2,72,42,0,50050050,10,255,255,255,402934243008.3316
1791120457213960,2026-10-04T13:27:37.213960+00:00,162,18,3502293778,2,72,42,0,50050050,10,255,255,255,402934252061.32556
1791120457227568,2026-10-04T13:27:37.227568+00:00,162,18,3502307403,2,72,42,0,50050050,10,255,255,255,402934265669.3165
1791120457236148,2026-10-04T13:27:37.236148+00:00,162,18,3502316001,2,72,42,0,50050050,10,255,255,255,402934274249.3108
1791120457250003,2026-10-04T13:27:37.250003+00:00,162,18,3502329861,2,72,42,0,50050050,10,255,255,255,402934288104.3016
1791120457272529,2026-10-04T13:27:37.272529+00:00,162,18,3502352356,2,72,42,0,50050050,10,255,255,255,402934310630.28656
1791120457280831,2026-10-04T13:27:37.280831+00:00,162,83,3502360689,2,72,42,0,50050050,10,255,255,255,402934318932.28107
1791120457296131,2026-10-04T13:27:37.296131+00:00,162,18,3502375982,2,72,42,0,50050050,10,255,255,255,402934334232.2709
1791120457311378,2026-10-04T13:27:37.311378+00:00,162,18,3502391184,2,72,42,0,50050050,10,255,255,255,402934349479.2607
1791120457326079,2026-10-04T13:27:37.326079+00:00,162,18,3502405931,2,72,42,0,50050050,10,255,255,255,402934364180.2509
1791120457326517,2026-10-04T13:27:37.326517+00:00,162,18,3502406387,2,72,42,0,50050050,10,255,255,255,402934364618.2506
1791120457347460,2026-10-04T13:27:37.347460+00:00,162,18,3502427316,2,72,42,0,50050050,10,255,255,255,402934385561.23663
1791120457363735,2026-10-04T13:27:37.363735+00:00,162,18,3502443591,2,72,42,0,50050050,10,255,255,255,402934401836.2258
1791120457377414,2026-10-04T13:27:37.377414+00:00,162,18,3502457276,2,72,42,0,50050050,10,255,255,255,402934415515.21674
1791120457382480,2026-10-04T13:27:37.382480+00:00,162,83,3502462314,2,72,42,0,50050050,10,255,255,255,402934420581.2133
1791120457401186,2026-10-04T13:27:37.401186+00:00,162,18,3502481044,2,72,42,0,50050050,10,255,255,255,402934439287.20087
1791120457414986,2026-10-04T13:27:37.414986+00:00,162,18,3502494749,2,72,42,0,50050050,10,255,255,255,402934453087.1917
1791120457430054,2026-10-04T13:27:37.430054+00:00,162,18,3502509893,2,72,42,0,50050050,10,255,255,255,402934468155.18164
1791120457444970,2026-10-04T13:27:37.444970+00:00,162,18,3502524750,2,72,42,0,50050050,10,255,255,255,402934483071.1717
1791120457459959,2026-10-04T13:27:37.459959+00:00,162,18,3502539810,2,72,42,0,50050050,10,255,255,255,402934498060.16174
1791120457474903,2026-10-04T13:27:37.474903+00:00,162,18,3502554759,2,72,42,0,50050050,10,255,255,255,402934513004.1518
1791120457485396,2026-10-04T13:27:37.485396+00:00,162,18,3502565239,2,72,42,0,50050050,10,255,255,255,402934523497.1448
1791120457506996,2026-10-04T13:27:37.506996+00:00,162,18,3502586768,2,72,42,0,50050050,10,255,255,255,402934545097.13043
1791120457519889,2026-10-04T13:27:37.519889+00:00,162,18,3502599745,2,72,42,0,50050050,10,255,255,255,402934557990.1218
1791120457529402,2026-10-04T13:27:37.529402+00:00,162,83,3502609258,2,72,42,0,50050050,10,255,255,255,402934567503.1155
1791120457535015,2026-10-04T13:27:37.535015+00:00,162,18,3502614864,2,72,42,0,50050050,10,255,255,255,402934573116.11176
1791120457549994,2026-10-04T13:27:37.549994+00:00,162,18,3502629854,2,72,42,0,50050050,10,255,255,255,402934588095.10175
1791120457564896,2026-10-04T13:27:37.564896+00:00,162,18,3502644753,2,72,42,0,50050050,10,255,255,255,402934602997.09186
1791120457574121,2026-10-04T13:27:37.574121+00:00,162,18,3502653887,2,72,42,0,50050050,10,255,255,255,402934612222.0857
1791120457595174,2026-10-04T13:27:37.595174+00:00,162,18,3502675005,2,72,42,0,50050050,10,255,255,255,402934633275.07166
1791120457603537,2026-10-04T13:27:37.603537+00:00,162,18,3502683391,2,72,42,0,50050050,10,255,255,255,402934641638.0661
1791120457618571,2026-10-04T13:27:37.618571+00:00,162,18,3502698419,2,72,42,0,50050050,10,255,255,255,402934656672.0561
1791120457632457,2026-10-04T13:27:37.632457+00:00,162,18,3502712312,2,72,42,0,50050050,10,255,255,255,402934670558.0469
1791120457647492,2026-10-04T13:27:37.647492+00:00,162,18,3502727321,2,72,42,0,50050050,10,255,255,255,402934685593.0368
1791120457669909,2026-10-04T13:27:37.669909+00:00,162,18,3502749759,2,72,42,0,50050050,10,255,255,255,402934708010.0219
1791120457674324,2026-10-04T13:27:37.674324+00:00,162,83,3502754162,2,72,42,0,50050050,10,255,255,255,402934712425.019
1791120457679908,2026-10-04T13:27:37.679908+00:00,162,18,3502759753,2,72,42,0,50050050,10,255,255,255,402934718009.01526
1791120457693667,2026-10-04T13:27:37.693667+00:00,162,18,3502773517,2,72,42,0,50050050,10,255,255,255,402934731768.0061
1791120457707396,2026-10-04T13:27:37.707396+00:00,162,18,3502787258,2,72,42,0,50050050,10,255,255,255,402934745496.99695
1791120457729889,2026-10-04T13:27:37.729889+00:00,162,18,3502809742,2,72,42,0,50050050,10,255,255,255,402934767989.98193
1791120457740691,2026-10-04T13:27:37.740691+00:00,162,18,3502820541,2,72,42,0,50050050,10,255,255,255,402934778791.97473
1791120457752397,2026-10-04T13:27:37.752397+00:00,162,18,3502832245,2,72,42,0,50050050,10,255,255,255,402934790497.967
1791120457767495,2026-10-04T13:27:37.767495+00:00,162,18,3502847267,2,72,42,0,50050050,10,255,255,255,402934805595.9569
1791120457782445,2026-10-04T13:27:37.782445+00:00,162,18,3502862308,2,72,42,0,50050050,10,255,255,255,402934820545.94696
1791120457791420,2026-10-04T13:27:37.791420+00:00,162,18,3502871270,2,72,42,0,50050050,10,255,255,255,402934829520.941
1791120457822904,2026-10-04T13:27:37.822904+00:00,162,83,3502902718,2,72,42,0,50050050,10,255,255,255,402934861004.92
1791120457827383,2026-10-04T13:27:37.827383+00:00,162,18,3502907241,2,72,42,0,50050050,10,255,255,255,402934865483.917
1791120457851133,2026-10-04T13:27:37.851133+00:00,162,18,3502930965,2,72,42,0,50050050,10,255,255,255,402934889233.9012
1791120457872542,2026-10-04T13:27:37.872542+00:00,162,18,3502952377,2,72,42,0,50050050,10,255,255,255,402934910642.88696
1791120457955160,2026-10-04T13:27:37.955160+00:00,162,18,3503034981,2,72,42,0,50050050,10,255,255,255,402934993260.8319
1791120457965000,2026-10-04T13:27:37.965000+00:00,162,18,3503044830,2,72,42,0,50050050,10,255,255,255,402935003100.8254
1791120457976623,2026-10-04T13:27:37.976623+00:00,162,83,3503056466,2,72,42,0,50050050,10,255,255,255,402935014723.8176
1791120457978495,2026-10-04T13:27:37.978495+00:00,162,18,3503058361,2,72,42,0,50050050,10,255,255,255,402935016595.8164
1791120457993609,2026-10-04T13:27:37.993609+00:00,162,18,3503073464,2,72,42,0,50050050,10,255,255,255,402935031709.80634
1791120458008539,2026-10-04T13:27:38.008539+00:00,162,18,3503088393,2,72,42,0,50050050,10,255,255,255,402935046639.7964
1791120458022521,2026-10-04T13:27:38.022521+00:00,162,18,3503102369,2,72,42,0,50050050,10,255,255,255,402935060621.78705
1791120458037387,2026-10-04T13:27:38.037387+00:00,162,18,3503117243,2,72,42,0,50050050,10,255,255,255,402935075487.77716
1791120458052385,2026-10-04T13:27:38.052385+00:00,162,18,3503132230,2,72,42,0,50050050,10,255,255,255,402935090485.76715
1791120458067427,2026-10-04T13:27:38.067427+00:00,162,18,3503147261,2,72,42,0,50050050,10,255,255,255,402935105527.75714
1791120458082463,2026-10-04T13:27:38.082463+00:00,162,18,3503162249,2,72,42,0,50050050,10,255,255,255,402935120563.74713
1791120458097390,2026-10-04T13:27:38.097390+00:00,162,18,3503177249,2,72,42,0,50050050,10,255,255,255,402935135490.7372
1791120458112424,2026-10-04T13:27:38.112424+00:00,162,18,3503192271,2,72,42,0,50050050,10,255,255,255,402935150524.7272
1791120458120151,2026-10-04T13:27:38.120151+00:00,162,83,3503199971,2,72,42,0,50050050,10,255,255,255,402935158251.72205
1791120458127526,2026-10-04T13:27:38.127526+00:00,162,18,3503207378,2,73,42,0,50050050,6,255,255,255,402935165626.7171
1791120458142394,2026-10-04T13:27:38.142394+00:00,162,18,3503222256,2,73,42,0,50050050,6,255,255,255,402935180494.7072
1791120458157436,2026-10-04T13:27:38.157436+00:00,162,18,3503237289,2,73,42,0,50050050,6,255,255,255,402935195536.6972
1791120458166173,2026-10-04T13:27:38.166173+00:00,162,18,3503246022,2,73,42,0,50050050,6,255,255,255,402935204273.6914
1791120458179975,2026-10-04T13:27:38.179975+00:00,162,18,3503259821,2,73,42,0,50050050,6,255,255,255,402935218075.6822
1791120458195010,2026-10-04T13:27:38.195010+00:00,162,18,3503274852,2,73,42,0,50050050,6,255,255,255,402935233110.6722
1791120458209874,2026-10-04T13:27:38.209874+00:00,162,18,3503289729,2,73,42,0,50050050,6,255,255,255,402935247974.6623
1791120458224933,2026-10-04T13:27:38.224933+00:00,162,18,3503304726,2,73,42,0,50050050,6,255,255,255,402935263033.6522
1791120458240017,2026-10-04T13:27:38.240017+00:00,162,18,3503319851,2,73,42,0,50050050,6,255,255,255,402935278117.6422
1791120458255107,2026-10-04T13:27:38.255107+00:00,162,18,3503334966,2,73,42,0,50050050,6,255,255,255,402935293207.63214
1791120458267152,2026-10-04T13:27:38.267152+00:00,162,83,3503346948,2,73,42,0,50050050,6,255,255,255,402935305252.62415
1791120458269896,2026-10-04T13:27:38.269896+00:00,162,18,3503349730,2,73,42,0,50050050,6,255,255,255,402935307996.6223
1791120458284881,2026-10-04T13:27:38.284881+00:00,162,18,3503364735,2,73,42,0,50050050,6,255,255,255,402935322981.6123
1791120458299910,2026-10-04T13:27:38.299910+00:00,162,18,3503379761,2,73,42,0,50050050,6,255,255,255,402935338010.6023
1791120458314995,2026-10-04T13:27:38.314995+00:00,162,18,3503394815,2,73,42,0,50050050,6,255,255,255,402935353095.5923
1791120458329851,2026-10-04T13:27:38.329851+00:00,162,18,3503409709,2,73,42,0,50050050,6,255,255,255,402935367951.58234
1791120458330303,2026-10-04T13:27:38.330303+00:00,162,18,3503410163,2,73,42,0,50050050,6,255,255,255,402935368403.5821
1791120458344957,2026-10-04T13:27:38.344957+00:00,162,18,3503424729,2,73,42,0,50050050,6,255,255,255,402935383057.5723
1791120458359835,2026-10-04T13:27:38.359835+00:00,162,18,3503439692,2,73,42,0,50050050,6,255,255,255,402935397935.5624
1791120458375125,2026-10-04T13:27:38.375125+00:00,162,18,3503454984,2,73,42,0,50050050,6,255,255,255,402935413225.5522
1791120458383522,2026-10-04T13:27:38.383522+00:00,162,18,3503463367,2,73,42,0,50050050,6,255,255,255,402935421622.54663
1791120458397384,2026-10-04T13:27:38.397384+00:00,162,18,3503477229,2,73,42,0,50050050,6,255,255,255,402935435484.5374
1791120458404745,2026-10-04T13:27:38.404745+00:00,162,83,3503484611,2,73,42,0,50050050,6,255,255,255,402935442845.5325
1791120458412378,2026-10-04T13:27:38.412378+00:00,162,18,3503492232,2,73,42,0,50050050,6,255,255,255,402935450478.5274
1791120458427812,2026-10-04T13:27:38.427812+00:00,162,18,3503507546,2,73,42,0,50050050,6,255,255,255,402935465912.51715
1791120458442412,2026-10-04T13:27:38.442412+00:00,162,18,3503522261,2,73,42,0,50050050,6,255,255,255,402935480512.5074
1791120458457482,2026-10-04T13:27:38.457482+00:00,162,18,3503537329,2,73,42,0,50050050,6,255,255,255,402935495582.4974
1791120458472451,2026-10-04T13:27:38.472451+00:00,162,18,3503552259,2,73,42,0,50050050,6,255,255,255,402935510551.48737
1791120458487392,2026-10-04T13:27:38.487392+00:00,162,18,3503567239,2,73,42,0,50050050,6,255,255,255,402935525492.4774
1791120458496354,2026-10-04T13:27:38.496354+00:00,162,18,3503576194,2,73,42,0,50050050,6,255,255,255,402935534454.4715
1791120458509866,2026-10-04T13:27:38.509866+00:00,162,18,3503589716,2,73,42,0,50050050,6,255,255,255,402935547966.46246
1791120458525011,2026-10-04T13:27:38.525011+00:00,162,18,3503604846,2,73,42,0,50050050,6,255,255,255,402935563111.4524
1791120458540036,2026-10-04T13:27:38.540036+00:00,162,18,3503619874,2,73,42,0,50050050,6,255,255,255,402935578136.4424
1791120458552374,2026-10-04T13:27:38.552374+00:00,162,83,3503632202,2,73,42,0,50050050,6,255,255,255,402935590474.43414
1791120458554880,2026-10-04T13:27:38.554880+00:00,162,18,3503634730,2,73,42,0,50050050,6,255,255,255,402935592980.4325
1791120458569908,2026-10-04T13:27:38.569908+00:00,162,18,3503649752,2,73,42,0,50050050,6,255,255,255,402935608008.4225
1791120458584873,2026-10-04T13:27:38.584873+00:00,162,18,3503664718,2,73,42,0,50050050,6,255,255,255,402935622973.41254
1791120458599885,2026-10-04T13:27:38.599885+00:00,162,18,3503679730,2,73,42,0,50050050,6,255,255,255,402935637985.4025
1791120458614964,2026-10-04T13:27:38.614964+00:00,162,18,3503694809,2,73,42,0,50050050,6,255,255,255,402935653064.39246
1791120458630120,2026-10-04T13:27:38.630120+00:00,162,18,3503709971,2,73,42,0,50050050,6,255,255,255,402935668220.3824
1791120458644930,2026-10-04T13:27:38.644930+00:00,162,18,3503724779,2,73,42,0,50050050,6,255,255,255,402935683030.3725
1791120458661319,2026-10-04T13:27:38.661319+00:00,162,18,3503741151,2,73,42,0,50050050,6,255,255,255,402935699419.3616
1791120458674882,2026-10-04T13:27:38.674882+00:00,162,18,3503754737,2,73,42,0,50050050,6,255,255,255,402935712982.35254
1791120458697378,2026-10-04T13:27:38.697378+00:00,162,83,3503777221,2,73,42,0,50050050,6,255,255,255,402935735478.3376
1791120458721099,2026-10-04T13:27:38.721099+00:00,162,18,3503800955,2,73,42,0,50050050,6,255,255,255,402935759199.3218
1791120458735050,2026-10-04T13:27:38.735050+00:00,162,18,3503814889,2,73,42,0,50050050,6,255,255,255,402935773150.3125
1791120458773723,2026-10-04T13:27:38.773723+00:00,162,18,3503853561,2,73,42,0,50050050,6,255,255,255,402935811823.28674
1791120458796216,2026-10-04T13:27:38.796216+00:00,162,18,3503876069,2,73,42,0,50050050,6,255,255,255,402935834316.2717
1791120458798526,2026-10-04T13:27:38.798526+00:00,162,83,3503878360,2,73,42,0,50050050,6,255,255,255,402935836626.2702
1791120458817461,2026-10-04T13:27:38.817461+00:00,162,18,3503897319,2,73,42,0,50050050,6,255,255,255,402935855561.2576
1791120458827226,2026-10-04T13:27:38.827226+00:00,162,18,3503907073,2,73,42,0,50050050,6,255,255,255,402935865326.2511
1791120458840847,2026-10-04T13:27:38.840847+00:00,162,18,3503920566,2,73,42,0,50050050,6,255,255,255,402935878947.242
1791120458871154,2026-10-04T13:27:38.871154+00:00,162,18,3503951006,2,73,42,0,50050050,6,255,255,255,402935909254.22186
1791120458899830,2026-10-04T13:27:38.899830+00:00,162,18,3503979688,2,73,42,0,50050050,6,255,255,255,402935937930.20276
1791120458908692,2026-10-04T13:27:38.908692+00:00,162,18,3503988349,2,73,42,0,50050050,6,255,255,255,402935946792.19684
1791120458935171,2026-10-04T13:27:38.935171+00:00,162,83,3504015011,2,73,42,0,50050050,6,255,255,255,402935973271.1792
1791120458952386,2026-10-04T13:27:38.952386+00:00,162,18,3504032245,2,73,42,0,50050050,6,255,255,255,402935990486.1677
1791120458976286,2026-10-04T13:27:38.976286+00:00,162,18,3504056139,2,73,42,0,50050050,6,255,255,255,402936014386.15186
1791120459005144,2026-10-04T13:27:39.005144+00:00,162,18,3504084961,2,73,42,0,50050050,6,255,255,255,402936043244.1326
1791120459051053,2026-10-04T13:27:39.051053+00:00,162,18,3504130915,2,73,42,0,50050050,6,255,255,255,402936089153.10205
1791120459074746,2026-10-04T13:27:39.074746+00:00,162,83,3504154584,2,73,42,0,50050050,6,255,255,255,402936112846.08624
1791120459169905,2026-10-04T13:27:39.169905+00:00,162,18,3504249764,2,74,42,0,50050050,12,255,255,255,402936208005.0229
1791120459215117,2026-10-04T13:27:39.215117+00:00,162,83,3504294952,2,74,42,0,50050050,12,255,255,255,402936253216.99274
1791120459259872,2026-10-04T13:27:39.259872+00:00,162,18,3504339726,2,74,42,0,50050050,12,255,255,255,402936297971.96295
1791120459274882,2026-10-04T13:27:39.274882+00:00,162,18,3504354739,2,74,42,0,50050050,12,255,255,255,402936312981.95294
1791120459289833,2026-10-04T13:27:39.289833+00:00,162,18,3504369693,2,74,42,0,50050050,12,255,255,255,402936327932.943
1791120459304867,2026-10-04T13:27:39.304867+00:00,162,18,3504384713,2,74,42,0,50050050,12,255,255,255,402936342966.933
1791120459327548,2026-10-04T13:27:39.327548+00:00,162,18,3504407397,2,74,42,0,50050050,12,255,255,255,402936365647.9179
1791120459330100,2026-10-04T13:27:39.330100+00:00,162,18,3504409950,2,74,42,0,50050050,12,255,255,255,402936368199.9162
1791120459351281,2026-10-04T13:27:39.351281+00:00,162,18,3504431111,2,74,42,0,50050050,12,255,255,255,402936389380.9021
1791120459361279,2026-10-04T13:27:39.361279+00:00,162,83,3504441113,2,74,42,0,50050050,12,255,255,255,402936399378.8954
1791120459364977,2026-10-04T13:27:39.364977+00:00,162,18,3504444839,2,74,42,0,50050050,12,255,255,255,402936403076.89294
1791120459381072,2026-10-04T13:27:39.381072+00:00,162,18,3504460931,2,74,42,0,50050050,12,255,255,255,402936419171.8822
1791120459394941,2026-10-04T13:27:39.394941+00:00,162,18,3504474797,2,74,42,0,50050050,12,255,255,255,402936433040.873
1791120459409841,2026-10-04T13:27:39.409841+00:00,162,18,3504489698,2,74,42,0,50050050,12,255,255,255,402936447940.8631
1791120459425021,2026-10-04T13:27:39.425021+00:00,162,18,3504504825,2,74,42,0,50050050,12,255,255,255,402936463120.85297
1791120459441141,2026-10-04T13:27:39.441141+00:00,162,18,3504520984,2,74,42,0,50050050,12,255,255,255,402936479240.8422
1791120459456085,2026-10-04T13:27:39.456085+00:00,162,18,3504535941,2,74,42,0,50050050,12,255,255,255,402936494184.8323
1791120459469849,2026-10-04T13:27:39.469849+00:00,162,18,3504549696,2,74,42,0,50050050,12,255,255,255,402936507948.8231
1791120459485117,2026-10-04T13:27:39.485117+00:00,162,18,3504564926,2,74,42,0,50050050,12,255,255,255,402936523216.8129
1791120459500018,2026-10-04T13:27:39.500018+00:00,162,18,3504579867,2,74,42,0,50050050,12,255,255,255,402936538117.80304
1791120459502597,2026-10-04T13:27:39.502597+00:00,162,83,3504582448,2,74,42,0,50050050,12,255,255,255,402936540696.8013
1791120459514944,2026-10-04T13:27:39.514944+00:00,162,18,3504594780,2,74,42,0,50050050,12,255,255,255,402936553043.7931
1791120459530490,2026-10-04T13:27:39.530490+00:00,162,18,3504610216,2,74,42,0,50050050,12,255,255,255,402936568589.7827
1791120459544966,2026-10-04T13:27:39.544966+00:00,162,18,3504624811,2,74,42,0,50050050,12,255,255,255,402936583065.7731
1791120459559912,2026-10-04T13:27:39.559912+00:00,162,18,3504639766,2,74,42,0,50050050,12,255,255,255,402936598011.7631
1791120459568490,2026-10-04T13:27:39.568490+00:00,162,18,3504648345,2,74,42,0,50050050,12,255,255,255,402936606589.7574
1791120459582550,2026-10-04T13:27:39.582550+00:00,162,18,3504662374,2,74,42,0,50050050,12,255,255,255,402936620649.74805
1791120459597468,2026-10-04T13:27:39.597468+00:00,162,18,3504677299,2,74,42,0,50050050,12,255,255,255,402936635567.7381
1791120459612522,2026-10-04T13:27:39.612522+00:00,162,18,3504692383,2,74,42,0,50050050,12,255,255,255,402936650621.7281
1791120459627408,2026-10-04T13:27:39.627408+00:00,162,18,3504707267,2,74,42,0,50050050,12,255,255,255,402936665507.71814
1791120459642453,2026-10-04T13:27:39.642453+00:00,162,18,3504722315,2,74,42,0,50050050,12,255,255,255,402936680552.7081
1791120459648593,2026-10-04T13:27:39.648593+00:00,162,83,3504728428,2,74,42,0,50050050,12,255,255,255,402936686692.70404
1791120459651066,2026-10-04T13:27:39.651066+00:00,162,18,3504730931,2,74,42,0,50050050,12,255,255,255,402936689165.7024
1791120459665586,2026-10-04T13:27:39.665586+00:00,162,18,3504745431,2,74,42,0,50050050,12,255,255,255,402936703685.69275
1791120459680001,2026-10-04T13:27:39.680001+00:00,162,18,3504759730,2,74,42,0,50050050,12,255,255,255,402936718100.68317
1791120459694901,2026-10-04T13:27:39.694901+00:00,162,18,3504774756,2,74,42,0,50050050,12,255,255,255,402936733000.6732
1791120459709860,2026-10-04T13:27:39.709860+00:00,162,18,3504789715,2,74,42,0,50050050,12,255,255,255,402936747959.66327
1791120459724927,2026-10-04T13:27:39.724927+00:00,162,18,3504804769,2,74,42,0,50050050,12,255,255,255,402936763026.6532
1791120459740135,2026-10-04T13:27:39.740135+00:00,162,18,3504819873,2,74,42,0,50050050,12,255,255,255,402936778234.64307
1791120459754821,2026-10-04T13:27:39.754821+00:00,162,18,3504834677,2,74,42,0,50050050,12,255,255,255,402936792920.6333
1791120459769895,2026-10-04T13:27:39.769895+00:00,162,18,3504849750,2,74,42,0,50050050,12,255,255,255,402936807994.6233
1791120459784944,2026-10-04T13:27:39.784944+00:00,162,18,3504864787,2,74,42,0,50050050,12,255,255,255,402936823043.6132
1791120459796203,2026-10-04T13:27:39.796203+00:00,162,83,3504876038,2,74,42,0,50050050,12,255,255,255,402936834302.6058
1791120459799858,2026-10-04T13:27:39.799858+00:00,162,18,3504879703,2,74,42,0,50050050,12,255,255,255,402936837957.60333
1791120459814847,2026-10-04T13:27:39.814847+00:00,162,18,3504894698,2,74,42,0,50050050,12,255,255,255,402936852946.5933
1791120459829904,2026-10-04T13:27:39.829904+00:00,162,18,3504909757,2,74,42,0,50050050,12,255,255,255,402936868003.5833
1791120459844841,2026-10-04T13:27:39.844841+00:00,162,18,3504924693,2,74,42,0,50050050,12,255,255,255,402936882940.57336
1791120459860117,2026-10-04T13:27:39.860117+00:00,162,18,3504939963,2,74,42,0,50050050,12,255,255,255,402936898216.5632
1791120459870111,2026-10-04T13:27:39.870111+00:00,162,18,3504949970,2,74,42,0,50050050,12,255,255,255,402936908210.5565
1791120459882333,2026-10-04T13:27:39.882333+00:00,162,18,3504962189,2,74,42,0,50050050,12,255,255,255,402936920432.5484
1791120459897330,2026-10-04T13:27:39.897330+00:00,162,18,3504977182,2,74,42,0,50050050,12,255,255,255,402936935429.5384
1791120459912369,2026-10-04T13:27:39.912369+00:00,162,18,3504992215,2,74,42,0,50050050,12,255,255,255,402936950468.5284
1791120459927493,2026-10-04T13:27:39.927493+00:00,162,18,3505007331,2,74,42,0,50050050,12,255,255,255,402936965592.5183
1791120459929799,2026-10-04T13:27:39.929799+00:00,162,83,3505009658,2,74,42,0,50050050,12,255,255,255,402936967898.5168
1791120459942386,2026-10-04T13:27:39.942386+00:00,162,18,3505022235,2,74,42,0,50050050,12,255,255,255,402936980485.50836
1791120459957781,2026-10-04T13:27:39.957781+00:00,162,18,3505037631,2,74,42,0,50050050,12,255,255,255,402936995880.4981
1791120459972356,2026-10-04T13:27:39.972356+00:00,162,18,3505052201,2,74,42,0,50050050,12,255,255,255,402937010455.4884
1791120459987479,2026-10-04T13:27:39.987479+00:00,162,18,3505067336,2,74,42,0,50050050,12,255,255,255,402937025578.47833
1791120460002364,2026-10-04T13:27:40.002364+00:00,162,18,3505082214,2,74,42,0,50050050,12,255,255,255,402937040463.46844
1791120460017386,2026-10-04T13:27:40.017386+00:00,162,18,3505097209,2,74,42,0,50050050,12,255,255,255,402937055485.45844
1791120460032491,2026-10-04T13:27:40.032491+00:00,162,18,3505112346,2,74,42,0,50050050,12,255,255,255,402937070590.44836
1791120460048487,2026-10-04T13:27:40.048487+00:00,162,18,3505128346,2,74,42,0,50050050,12,255,255,255,402937086586.43774
1791120460067261,2026-10-04T13:27:40.067261+00:00,162,83,3505147101,2,74,42,0,50050050,12,255,255,255,402937105360.42523
1791120460069893,2026-10-04T13:27:40.069893+00:00,162,18,3505149752,2,74,42,0,50050050,12,255,255,255,402937107992.42346
1791120460085101,2026-10-04T13:27:40.085101+00:00,162,18,3505164954,2,74,42,0,50050050,12,255,255,255,402937123200.4133
1791120460099830,2026-10-04T13:27:40.099830+00:00,162,18,3505179680,2,74,42,0,50050050,12,255,255,255,402937137929.4035
1791120460114879,2026-10-04T13:27:40.114879+00:00,162,18,3505194709,2,74,42,0,50050050,12,255,255,255,402937152978.3935
1791120460129830,2026-10-04T13:27:40.129830+00:00,162,18,3505209691,2,75,42,0,50050050,14,255,255,255,402937167929.38354
1791120460144874,2026-10-04T13:27:40.144874+00:00,162,18,3505224728,2,75,42,0,50050050,14,255,255,255,402937182973.37354
1791120460153477,2026-10-04T13:27:40.153477+00:00,162,18,3505233336,2,75,42,0,50050050,14,255,255,255,402937191576.3678
1791120460167300,2026-10-04T13:27:40.167300+00:00,162,18,3505247163,2,75,42,0,50050050,14,255,255,255,402937205399.3586
1791120460182342,2026-10-04T13:27:40.182342+00:00,162,18,3505262188,2,75,42,0,50050050,14,255,255,255,402937220441.3486
1791120460192708,2026-10-04T13:27:40.192708+00:00,162,83,3505272552,2,75,42,0,50050050,14,255,255,255,402937230807.3417
1791120460197325,2026-10-04T13:27:40.197325+00:00,162,18,3505277191,2,75,42,0,50050050,14,255,255,255,402937235424.33856
1791120460213148,2026-10-04T13:27:40.213148+00:00,162,18,3505292945,2,75,42,0,50050050,14,255,255,255,402937251247.32806
1791120460228539,2026-10-04T13:27:40.228539+00:00,162,18,3505308391,2,75,42,0,50050050,14,255,255,255,402937266638.3178
1791120460242387,2026-10-04T13:27:40.242387+00:00,162,18,3505322245,2,75,42,0,50050050,14,255,255,255,402937280486.3086
1791120460257332,2026-10-04T13:27:40.257332+00:00,162,18,3505337183,2,75,42,0,50050050,14,255,255,255,402937295431.29865
1791120460272860,2026-10-04T13:27:40.272860+00:00,162,18,3505352600,2,75,42,0,50050050,14,255,255,255,402937310959.28827
1791120460288537,2026-10-04T13:27:40.288537+00:00,162,18,3505368388,2,75,42,0,50050050,14,255,255,255,402937326636.27783
1791120460302337,2026-10-04T13:27:40.302337+00:00,162,18,3505382191,2,75,42,0,50050050,14,255,255,255,402937340436.2687
1791120460317316,2026-10-04T13:27:40.317316+00:00,162,83,3505397175,2,75,42,0,50050050,14,255,255,255,402937355415.25867
1791120460317759,2026-10-04T13:27:40.317759+00:00,162,18,3505397621,2,75,42,0,50050050,14,255,255,255,402937355858.25836
1791120460332380,2026-10-04T13:27:40.332380+00:00,162,18,3505412239,2,75,42,0,50050050,14,255,255,255,402937370479.24866
1791120460332827,2026-10-04T13:27:40.332827+00:00,162,18,3505412703,2,75,42,0,50050050,14,255,255,255,402937370926.24835
1791120460347465,2026-10-04T13:27:40.347465+00:00,162,18,3505427311,2,75,42,0,50050050,14,255,255,255,402937385564.2386
1791120460362519,2026-10-04T13:27:40.362519+00:00,162,18,3505442265,2,75,42,0,50050050,14,255,255,255,402937400618.2286
1791120460377396,2026-10-04T13:27:40.377396+00:00,162,18,3505457250,2,75,42,0,50050050,14,255,255,255,402937415495.2186
1791120460392551,2026-10-04T13:27:40.392551+00:00,162,18,3505472409,2,75,42,0,50050050,14,255,255,255,402937430650.20856
1791120460407453,2026-10-04T13:27:40.407453+00:00,162,18,3505487295,2,75,42,0,50050050,14,255,255,255,402937445552.1986
1791120460422342,2026-10-04T13:27:40.422342+00:00,162,18,3505502198,2,75,42,0,50050050,14,255,255,255,402937460441.1887
1791120460437352,2026-10-04T13:27:40.437352+00:00,162,18,3505517206,2,75,42,0,50050050,14,255,255,255,402937475451.1787
1791120460453318,2026-10-04T13:27:40.453318+00:00,162,18,3505532972,2,75,42,0,50050050,14,255,255,255,402937491417.1681
1791120460459299,2026-10-04T13:27:40.459299+00:00,162,83,3505539138,2,75,42,0,50050050,14,255,255,255,402937497398.1641
1791120460467320,2026-10-04T13:27:40.467320+00:00,162,18,3505547175,2,75,42,0,50050050,14,255,255,255,402937505419.15875
1791120460482483,2026-10-04T13:27:40.482483+00:00,162,18,3505562221,2,75,42,0,50050050,14,255,255,255,402937520582.1487
1791120460497390,2026-10-04T13:27:40.497390+00:00,162,18,3505577237,2,75,42,0,50050050,14,255,255,255,402937535489.13873
1791120460512371,2026-10-04T13:27:40.512371+00:00,162,18,3505592230,2,75,42,0,50050050,14,255,255,255,402937550470.1288
1791120460521163,2026-10-04T13:27:40.521163+00:00,162,18,3505600962,2,75,42,0,50050050,14,255,255,255,402937559262.1229
1791120460534827,2026-10-04T13:27:40.534827+00:00,162,18,3505614685,2,75,42,0,50050050,14,255,255,255,402937572926.11383
1791120460597546,2026-10-04T13:27:40.597546+00:00,162,83,3505677387,2,75,42,0,50050050,14,255,255,255,402937635645.072
1791120460639849,2026-10-04T13:27:40.639849+00:00,162,18,3505719694,2,75,42,0,50050050,14,255,255,255,402937677948.0439
1791120460648483,2026-10-04T13:27:40.648483+00:00,162,18,3505728339,2,75,42,0,50050050,14,255,255,255,402937686582.0381
1791120460662508,2026-10-04T13:27:40.662508+00:00,162,18,3505742366,2,75,42,0,50050050,14,255,255,255,402937700607.02875
1791120460684888,2026-10-04T13:27:40.684888+00:00,162,18,3505764740,2,75,42,0,50050050,14,255,255,255,402937722987.01385
1791120460699811,2026-10-04T13:27:40.699811+00:00,162,18,3505779668,2,75,42,0,50050050,14,255,255,255,402937737910.0039
1791120460714907,2026-10-04T13:27:40.714907+00:00,162,18,3505794757,2,75,42,0,50050050,14,255,255,255,402937753005.9939
1791120460729889,2026-10-04T13:27:40.729889+00:00,162,18,3505809750,2,75,42,0,50050050,14,255,255,255,402937767987.9839
1791120460744383,2026-10-04T13:27:40.744383+00:00,162,83,3505824218,2,75,42,0,50050050,14,255,255,255,402937782481.97424
1791120460744843,2026-10-04T13:27:40.744843+00:00,162,18,3505824715,2,75,42,0,50050050,14,255,255,255,402937782941.97394
1791120460759843,2026-10-04T13:27:40.759843+00:00,162,18,3505839698,2,75,42,0,50050050,14,255,255,255,402937797941.9639
1791120460774900,2026-10-04T13:27:40.774900+00:00,162,18,3505854758,2,75,42,0,50050050,14,255,255,255,402937812998.9539
1791120460789891,2026-10-04T13:27:40.789891+00:00,162,18,3505869742,2,75,42,0,50050050,14,255,255,255,402937827989.9439
1791120460804880,2026-10-04T13:27:40.804880+00:00,162,18,3505884688,2,75,42,0,50050050,14,255,255,255,402937842978.93396
1791120460819902,2026-10-04T13:27:40.819902+00:00,162,18,3505899758,2,75,42,0,50050050,14,255,255,255,402937858000.92395
1791120460834832,2026-10-04T13:27:40.834832+00:00,162,18,3505914686,2,75,42,0,50050050,14,255,255,255,402937872930.914
1791120460849831,2026-10-04T13:27:40.849831+00:00,162,18,3505929674,2,75,42,0,50050050,14,255,255,255,402937887929.904
1791120460864931,2026-10-04T13:27:40.864931+00:00,162,18,3505944790,2,75,42,0,50050050,14,255,255,255,402937903029.8939
1791120460879875,2026-10-04T13:27:40.879875+00:00,162,18,3505959728,2,75,42,0,50050050,14,255,255,255,402937917973.884
1791120460883361,2026-10-04T13:27:40.883361+00:00,162,83,3505963200,2,75,42,0,50050050,14,255,255,255,402937921459.88165
1791120460894930,2026-10-04T13:27:40.894930+00:00,162,18,3505974782,2,75,42,0,50050050,14,255,255,255,402937933028.87396
1791120460909888,2026-10-04T13:27:40.909888+00:00,162,18,3505989737,2,75,42,0,50050050,14,255,255,255,402937947986.864
1791120460924954,2026-10-04T13:27:40.924954+00:00,162,18,3506004722,2,75,42,0,50050050,14,255,255,255,402937963052.85394
1791120460939848,2026-10-04T13:27:40.939848+00:00,162,18,3506019706,2,75,42,0,50050050,14,255,255,255,402937977946.84406
1791120460954838,2026-10-04T13:27:40.954838+00:00,162,18,3506034691,2,75,42,0,50050050,14,255,255,255,402937992936.83405
1791120460969962,2026-10-04T13:27:40.969962+00:00,162,18,3506049709,2,75,42,0,50050050,14,255,255,255,402938008060.824
1791120460984842,2026-10-04T13:27:40.984842+00:00,162,18,3506064694,2,75,42,0,50050050,14,255,255,255,402938022940.8141
1791120461000219,2026-10-04T13:27:41.000219+00:00,162,18,3506080002,2,75,42,0,50050050,14,255,255,255,402938038317.80383
1791120461015626,2026-10-04T13:27:41.015626+00:00,162,18,3506095462,2,75,42,0,50050050,14,255,255,255,402938053724.7936
1791120461024441,2026-10-04T13:27:41.024441+00:00,162,83,3506104292,2,75,42,0,50050050,14,255,255,255,402938062539.7877
1791120461030501,2026-10-04T13:27:41.030501+00:00,162,18,3506110278,2,75,42,0,50050050,14,255,255,255,402938068599.7837
1791120461044973,2026-10-04T13:27:41.044973+00:00,162,18,3506124806,2,75,42,0,50050050,14,255,255,255,402938083071.77405
1791120461060016,2026-10-04T13:27:41.060016+00:00,162,18,3506139859,2,75,42,0,50050050,14,255,255,255,402938098114.76404
1791120461074814,2026-10-04T13:27:41.074814+00:00,162,18,3506154673,2,75,42,0,50050050,14,255,255,255,402938112912.75415
1791120461091021,2026-10-04T13:27:41.091021+00:00,162,18,3506170876,2,75,42,0,50050050,14,255,255,255,402938129119.74335
1791120461121140,2026-10-04T13:27:41.121140+00:00,162,18,3506201001,2,75,42,0,50050050,14,255,255,255,402938159238.7233
1791120461162939,2026-10-04T13:27:41.162939+00:00,162,83,3506242776,2,75,42,0,50050050,14,255,255,255,402938201037.6955
1791120461164881,2026-10-04T13:27:41.164881+00:00,162,18,3506244745,2,75,42,0,50050050,14,255,255,255,402938202979.69415
1791120461187335,2026-10-04T13:27:41.187335+00:00,162,18,3506267190,2,75,42,0,50050050,14,255,255,255,402938225433.6792
1791120461196112,2026-10-04T13:27:41.196112+00:00,162,18,3506275971,2,75,42,0,50050050,14,255,255,255,402938234210.6734
1791120461209782,2026-10-04T13:27:41.209782+00:00,162,18,3506289641,2,75,42,0,50050050,14,255,255,255,402938247880.66425
1791120461226044,2026-10-04T13:27:41.226044+00:00,162,18,3506305884,2,75,42,0,50050050,14,255,255,255,402938264142.65344
1791120461241128,2026-10-04T13:27:41.241128+00:00,162,18,3506320983,2,75,42,0,50050050,14,255,255,255,402938279226.6434
1791120461254859,2026-10-04T13:27:41.254859+00:00,162,18,3506334709,2,75,42,0,50050050,14,255,255,255,402938292957.6343
1791120461271082,2026-10-04T13:27:41.271082+00:00,162,18,3506350940,2,75,42,0,50050050,14,255,255,255,402938309180.6234
1791120461284931,2026-10-04T13:27:41.284931+00:00,162,18,3506364781,2,75,42,0,50050050,14,255,255,255,402938323029.6142
1791120461299861,2026-10-04T13:27:41.299861+00:00,162,18,3506379707,2,75,42,0,50050050,14,255,255,255,402938337959.60425
1791120461305561,2026-10-04T13:27:41.305561+00:00,162,83,3506385407,2,75,42,0,50050050,14,255,255,255,402938343659.60046
1791120461308490,2026-10-04T13:27:41.308490+00:00,162,18,3506388338,2,75,42,0,50050050,14,255,255,255,402938346588.5985
1791120461322353,2026-10-04T13:27:41.322353+00:00,162,18,3506402205,2,75,42,0,50050050,14,255,255,255,402938360451.5893
1791120461331086,2026-10-04T13:27:41.331086+00:00,162,18,3506410946,2,75,42,0,50050050,14,255,255,255,402938369184.5835
1791120461338499,2026-10-04T13:27:41.338499+00:00,162,18,3506418311,2,75,42,0,50050050,14,255,255,255,402938376597.57855
1791120461345026,2026-10-04T13:27:41.345026+00:00,162,18,3506424885,2,75,42,0,50050050,14,255,255,255,402938383124.5742
1791120461360008,2026-10-04T13:27:41.360008+00:00,162,18,3506439845,2,75,42,0,50050050,14,255,255,255,402938398106.5642
1791120461374843,2026-10-04T13:27:41.374843+00:00,162,18,3506454696,2,75,42,0,50050050,14,255,255,255,402938412941.5543
1791120461390086,2026-10-04T13:27:41.390086+00:00,162,18,3506469713,2,75,42,0,50050050,14,255,255,255,402938428184.5442
1791120461450426,2026-10-04T13:27:41.450426+00:00,162,83,3506530180,2,75,42,0,50050050,14,255,255,255,402938488524.50397
1791120461590634,2026-10-04T13:27:41.590634+00:00,162,83,3506670452,2,75,42,0,50050050,14,255,255,255,402938628732.4106
1791120461646036,2026-10-04T13:27:41.646036+00:00,162,18,3506725892,2,75,42,0,50050050,14,255,255,255,402938684134.3737
1791120461667415,2026-10-04T13:27:41.667415+00:00,162,18,3506747259,2,75,42,0,50050050,14,255,255,255,402938705513.3595
1791120461677960,2026-10-04T13:27:41.677960+00:00,162,18,3506757781,2,75,42,0,50050050,14,255,255,255,402938716058.3525
1791120461690587,2026-10-04T13:27:41.690587+00:00,162,18,3506770437,2,75,42,0,50050050,14,255,255,255,402938728685.34406
1791120461704920,2026-10-04T13:27:41.704920+00:00,162,18,3506784779,2,75,42,0,50050050,14,255,255,255,402938743018.3345
1791120461721191,2026-10-04T13:27:41.721191+00:00,162,18,3506801041,2,75,42,0,50050050,14,255,255,255,402938759289.32367
1791120461729336,2026-10-04T13:27:41.729336+00:00,162,83,3506809185,2,75,42,0,50050050,14,255,255,255,402938767434.31824
1791120461734908,2026-10-04T13:27:41.734908+00:00,162,18,3506814771,2,75,42,0,50050050,14,255,255,255,402938773006.3145
1791120461749820,2026-10-04T13:27:41.749820+00:00,162,18,3506829673,2,75,42,0,50050050,14,255,255,255,402938787918.30457
1791120461764816,2026-10-04T13:27:41.764816+00:00,162,18,3506844666,2,75,42,0,50050050,14,255,255,255,402938802914.2946
1791120461779840,2026-10-04T13:27:41.779840+00:00,162,18,3506859704,2,75,42,0,50050050,14,255,255,255,402938817938.2846
1791120461795093,2026-10-04T13:27:41.795093+00:00,162,18,3506874951,2,75,42,0,50050050,14,255,255,255,402938833191.2744
1791120461809864,2026-10-04T13:27:41.809864+00:00,162,18,3506889716,2,75,42,0,50050050,14,255,255,255,402938847962.2646
1791120461824873,2026-10-04T13:27:41.824873+00:00,162,18,3506904735,2,75,42,0,50050050,14,255,255,255,402938862971.2546
1791120461839989,2026-10-04T13:27:41.839989+00:00,162,18,3506919843,2,75,42,0,50050050,14,255,255,255,402938878087.24457
1791120461848425,2026-10-04T13:27:41.848425+00:00,162,18,3506928276,2,75,42,0,50050050,14,255,255,255,402938886523.2389
1791120461862358,2026-10-04T13:27:41.862358+00:00,162,18,3506942163,2,75,42,0,50050050,14,255,255,255,402938900456.2296
1791120461864657,2026-10-04T13:27:41.864657+00:00,162,83,3506944505,2,75,42,0,50050050,14,255,255,255,402938902755.2281
1791120461877545,2026-10-04T13:27:41.877545+00:00,162,18,3506957384,2,75,42,0,50050050,14,255,255,255,402938915643.21954
1791120461892323,2026-10-04T13:27:41.892323+00:00,162,18,3506972173,2,75,42,0,50050050,14,255,255,255,402938930421.20966
1791120461907302,2026-10-04T13:27:41.907302+00:00,162,18,3506987148,2,75,42,0,50050050,14,255,255,255,402938945400.1997
1791120461922280,2026-10-04T13:27:41.922280+00:00,162,18,3507002145,2,75,42,0,50050050,14,255,255,255,402938960378.18976
1791120461937304,2026-10-04T13:27:41.937304+00:00,162,18,3507017153,2,75,42,0,50050050,14,255,255,255,402938975402.17975
1791120461952386,2026-10-04T13:27:41.952386+00:00,162,18,3507032230,2,75,42,0,50050050,14,255,255,255,402938990484.1697
1791120461967993,2026-10-04T13:27:41.967993+00:00,162,18,3507047764,2,75,42,0,50050050,14,255,255,255,402939006091.1593
1791120461982325,2026-10-04T13:27:41.982325+00:00,162,18,3507062178,2,75,42,0,50050050,14,255,255,255,402939020423.1497
1791120461997387,2026-10-04T13:27:41.997387+00:00,162,18,3507077238,2,75,42,0,50050050,14,255,255,255,402939035485.1397
1791120462003931,2026-10-04T13:27:42.003931+00:00,162,83,3507083730,2,75,42,0,50050050,14,255,255,255,402939042029.1354
1791120462012352,2026-10-04T13:27:42.012352+00:00,162,18,3507092210,2,75,42,0,50050050,14,255,255,255,402939050450.12976
1791120462027466,2026-10-04T13:27:42.027466+00:00,162,18,3507107317,2,75,42,0,50050050,14,255,255,255,402939065564.1197
1791120462042401,2026-10-04T13:27:42.042401+00:00,162,18,3507122249,2,75,42,0,50050050,14,255,255,255,402939080499.10974
1791120462057329,2026-10-04T13:27:42.057329+00:00,162,18,3507137142,2,75,42,0,50050050,14,255,255,255,402939095427.0998
1791120462072293,2026-10-04T13:27:42.072293+00:00,162,18,3507152145,2,75,42,0,50050050,14,255,255,255,402939110391.08984
1791120462087363,2026-10-04T13:27:42.087363+00:00,162,18,3507167185,2,75,42,0,50050050,14,255,255,255,402939125461.0798
1791120462102359,2026-10-04T13:27:42.102359+00:00,162,18,3507182214,2,75,42,0,50050050,14,255,255,255,402939140457.06976
1791120462117313,2026-10-04T13:27:42.117313+00:00,162,18,3507197169,2,75,42,0,50050050,14,255,255,255,402939155411.0598
1791120462132372,2026-10-04T13:27:42.132372+00:00,162,18,3507212224,2,76,42,0,50050050,10,255,255,255,402939170470.0498
1791120462145672,2026-10-04T13:27:42.145672+00:00,162,83,3507225492,2,76,42,0,50050050,10,255,255,255,402939183770.04095
1791120462147290,2026-10-04T13:27:42.147290+00:00,162,18,3507227154,2,76,42,0,50050050,10,255,255,255,402939185388.03986
1791120462163481,2026-10-04T13:27:42.163481+00:00,162,18,3507243333,2,76,42,0,50050050,10,255,255,255,402939201579.0291
1791120462177473,2026-10-04T13:27:42.177473+00:00,162,18,3507257331,2,76,42,0,50050050,10,255,255,255,402939215571.0198
1791120462192308,2026-10-04T13:27:42.192308+00:00,162,18,3507272158,2,76,42,0,50050050,10,255,255,255,402939230406.0099
1791120462207315,2026-10-04T13:27:42.207315+00:00,162,18,3507287170,2,76,42,0,50050050,10,255,255,255,402939245412.9999
1791120462216093,2026-10-04T13:27:42.216093+00:00,162,18,3507295951,2,76,42,0,50050050,10,255,255,255,402939254190.994
1791120462237422,2026-10-04T13:27:42.237422+00:00,162,18,3507317275,2,76,42,0,50050050,10,255,255,255,402939275519.97986
1791120462285760,2026-10-04T13:27:42.285760+00:00,162,83,3507365577,2,76,42,0,50050050,10,255,255,255,402939323857.94763
1791120462291469,2026-10-04T13:27:42.291469+00:00,162,18,3507371261,2,76,42,0,50050050,10,255,255,255,402939329566.94385
1791120462342487,2026-10-04T13:27:42.342487+00:00,162,18,3507422328,2,76,42,0,50050050,10,255,255,255,402939380584.90985
1791120462343221,2026-10-04T13:27:42.343221+00:00,162,18,3507423093,2,76,42,0,50050050,10,255,255,255,402939381318.90936
1791120462358498,2026-10-04T13:27:42.358498+00:00,162,18,3507438352,2,76,42,0,50050050,10,255,255,255,402939396595.8992
1791120462379770,2026-10-04T13:27:42.379770+00:00,162,18,3507459630,2,76,42,0,50050050,10,255,255,255,402939417867.885
1791120462389498,2026-10-04T13:27:42.389498+00:00,162,18,3507469347,2,76,42,0,50050050,10,255,255,255,402939427595.87854
1791120462402365,2026-10-04T13:27:42.402365+00:00,162,18,3507482129,2,76,42,0,50050050,10,255,255,255,402939440462.87
1791120462416832,2026-10-04T13:27:42.416832+00:00,162,83,3507496670,2,76,42,0,50050050,10,255,255,255,402939454929.86035
1791120462424938,2026-10-04T13:27:42.424938+00:00,162,18,3507504758,2,76,42,0,50050050,10,255,255,255,402939463035.8549
1791120462434955,2026-10-04T13:27:42.434955+00:00,162,18,3507514687,2,76,42,0,50050050,10,255,255,255,402939473052.84827
1791120462448501,2026-10-04T13:27:42.448501+00:00,162,18,3507528352,2,76,42,0,50050050,10,255,255,255,402939486598.83923
1791120462463709,2026-10-04T13:27:42.463709+00:00,162,18,3507543569,2,76,42,0,50050050,10,255,255,255,402939501806.8291
1791120462477340,2026-10-04T13:27:42.477340+00:00,162,18,3507557181,2,76,42,0,50050050,10,255,255,255,402939515437.82007
1791120462493744,2026-10-04T13:27:42.493744+00:00,162,18,3507573582,2,76,42,0,50050050,10,255,255,255,402939531841.80914
1791120462507246,2026-10-04T13:27:42.507246+00:00,162,18,3507587109,2,76,42,0,50050050,10,255,255,255,402939545343.8001
1791120462516075,2026-10-04T13:27:42.516075+00:00,162,18,3507595888,2,76,42,0,50050050,10,255,255,255,402939554172.79425
1791120462537386,2026-10-04T13:27:42.537386+00:00,162,18,3507617239,2,76,42,0,50050050,10,255,255,255,402939575483.78
1791120462549243,2026-10-04T13:27:42.549243+00:00,162,83,3507629091,2,76,42,0,50050050,10,255,255,255,402939587340.77216
1791120462568582,2026-10-04T13:27:42.568582+00:00,162,18,3507648438,2,76,42,0,50050050,10,255,255,255,402939606679.7593
1791120462582383,2026-10-04T13:27:42.582383+00:00,162,18,3507662236,2,76,42,0,50050050,10,255,255,255,402939620480.75006
1791120462597368,2026-10-04T13:27:42.597368+00:00,162,18,3507677131,2,76,42,0,50050050,10,255,255,255,402939635465.7401
1791120462612266,2026-10-04T13:27:42.612266+00:00,162,18,3507692125,2,76,42,0,50050050,10,255,255,255,402939650363.73016
1791120462627413,2026-10-04T13:27:42.627413+00:00,162,18,3507707240,2,76,42,0,50050050,10,255,255,255,402939665510.7201
1791120462642246,2026-10-04T13:27:42.642246+00:00,162,18,3507722106,2,76,42,0,50050050,10,255,255,255,402939680343.7102
1791120462657258,2026-10-04T13:27:42.657258+00:00,162,18,3507737119,2,76,42,0,50050050,10,255,255,255,402939695355.7002
1791120462673705,2026-10-04T13:27:42.673705+00:00,162,18,3507753556,2,76,42,0,50050050,10,255,255,255,402939711802.6893
1791120462687161,2026-10-04T13:27:42.687161+00:00,162,83,3507766984,2,76,42,0,50050050,10,255,255,255,402939725258.6803
1791120462687591,2026-10-04T13:27:42.687591+00:00,162,18,3507767463,2,76,42,0,50050050,10,255,255,255,402939725688.68
1791120462702311,2026-10-04T13:27:42.702311+00:00,162,18,3507782167,2,76,42,0,50050050,10,255,255,255,402939740408.6702
1791120462717455,2026-10-04T13:27:42.717455+00:00,162,18,3507797290,2,76,42,0,50050050,10,255,255,255,402939755552.66016
1791120462799861,2026-10-04T13:27:42.799861+00:00,162,18,3507879712,2,76,42,0,50050050,10,255,255,255,402939837958.6052
1791120462810668,2026-10-04T13:27:42.810668+00:00,162,18,3507890442,2,76,42,0,50050050,10,255,255,255,402939848765.598
1791120462822341,2026-10-04T13:27:42.822341+00:00,162,18,3507902186,2,76,42,0,50050050,10,255,255,255,402939860438.5903
1791120462830957,2026-10-04T13:27:42.830957+00:00,162,83,3507910809,2,76,42,0,50050050,10,255,255,255,402939869054.58453
1791120462837357,2026-10-04T13:27:42.837357+00:00,162,18,3507917218,2,76,42,0,50050050,10,255,255,255,402939875454.58026
1791120462852268,2026-10-04T13:27:42.852268+00:00,162,18,3507932121,2,76,42,0,50050050,10,255,255,255,402939890365.5703
1791120462867276,2026-10-04T13:27:42.867276+00:00,162,18,3507947137,2,76,42,0,50050050,10,255,255,255,402939905373.56036
1791120462882697,2026-10-04T13:27:42.882697+00:00,162,18,3507962450,2,76,42,0,50050050,10,255,255,255,402939920794.55005
1791120462897288,2026-10-04T13:27:42.897288+00:00,162,18,3507977141,2,76,42,0,50050050,10,255,255,255,402939935385.54034
1791120462912372,2026-10-04T13:27:42.912372+00:00,162,18,3507992214,2,76,42,0,50050050,10,255,255,255,402939950469.53033
1791120462921037,2026-10-04T13:27:42.921037+00:00,162,18,3508000820,2,76,42,0,50050050,10,255,255,255,402939959134.52454
1791120462934819,2026-10-04T13:27:42.934819+00:00,162,18,3508014676,2,76,42,0,50050050,10,255,255,255,402939972916.5154
1791120462949772,2026-10-04T13:27:42.949772+00:00,162,18,3508029626,2,76,42,0,50050050,10,255,255,255,402939987869.5054
1791120462965022,2026-10-04T13:27:42.965022+00:00,162,18,3508044821,2,76,42,0,50050050,10,255,255,255,402940003119.49524
1791120462972839,2026-10-04T13:27:42.972839+00:00,162,83,3508052697,2,76,42,0,50050050,10,255,255,255,402940010936.49005
1791120462979791,2026-10-04T13:27:42.979791+00:00,162,18,3508059650,2,76,42,0,50050050,10,255,255,255,402940017888.4854
1791120462994860,2026-10-04T13:27:42.994860+00:00,162,18,3508074708,2,76,42,0,50050050,10,255,255,255,402940032957.47534
1791120463010196,2026-10-04T13:27:43.010196+00:00,162,18,3508090045,2,76,42,0,50050050,10,255,255,255,402940048293.46515
1791120463024875,2026-10-04T13:27:43.024875+00:00,162,18,3508104730,2,76,42,0,50050050,10,255,255,255,402940062972.4554
1791120463039773,2026-10-04T13:27:43.039773+00:00,162,18,3508119621,2,76,42,0,50050050,10,255,255,255,402940077870.44543
1791120463054757,2026-10-04T13:27:43.054757+00:00,162,18,3508134607,2,76,42,0,50050050,10,255,255,255,402940092854.4355
1791120463069753,2026-10-04T13:27:43.069753+00:00,162,18,3508149610,2,76,42,0,50050050,10,255,255,255,402940107850.4255
1791120463084949,2026-10-04T13:27:43.084949+00:00,162,18,3508164807,2,76,42,0,50050050,10,255,255,255,402940123046.41534
1791120463099957,2026-10-04T13:27:43.099957+00:00,162,18,3508179703,2,76,42,0,50050050,10,255,255,255,402940138054.4054
1791120463101113,2026-10-04T13:27:43.101113+00:00,162,83,3508180970,2,76,42,0,50050050,10,255,255,255,402940139210.4046
1791120463114899,2026-10-04T13:27:43.114899+00:00,162,18,3508194754,2,76,42,0,50050050,10,255,255,255,402940152996.39545
1791120463129827,2026-10-04T13:27:43.129827+00:00,162,18,3508209674,2,76,42,0,50050050,10,255,255,255,402940167924.3855
1791120463145329,2026-10-04T13:27:43.145329+00:00,162,18,3508225130,2,77,42,0,50050050,13,255,255,255,402940183426.3751
1791120463160007,2026-10-04T13:27:43.160007+00:00,162,18,3508239864,2,77,42,0,50050050,13,255,255,255,402940198104.36536
1791120463174770,2026-10-04T13:27:43.174770+00:00,162,18,3508254621,2,77,42,0,50050050,13,255,255,255,402940212867.3555
1791120463189822,2026-10-04T13:27:43.189822+00:00,162,18,3508269671,2,77,42,0,50050050,13,255,255,255,402940227919.3455
1791120463204756,2026-10-04T13:27:43.204756+00:00,162,18,3508284612,2,77,42,0,50050050,13,255,255,255,402940242853.3356
1791120463228156,2026-10-04T13:27:43.228156+00:00,162,18,3508307879,2,77,42,0,50050050,13,255,255,255,402940266253.32
1791120463242292,2026-10-04T13:27:43.242292+00:00,162,18,3508322150,2,77,42,0,50050050,13,255,255,255,402940280389.31055
1791120463242811,2026-10-04T13:27:43.242811+00:00,162,83,3508322677,2,77,42,0,50050050,13,255,255,255,402940280908.31024
1791120463257271,2026-10-04T13:27:43.257271+00:00,162,18,3508337125,2,77,42,0,50050050,13,255,255,255,402940295368.3006
1791120463272308,2026-10-04T13:27:43.272308+00:00,162,18,3508352144,2,77,42,0,50050050,13,255,255,255,402940310405.2906
1791120463287311,2026-10-04T13:27:43.287311+00:00,162,18,3508367160,2,77,42,0,50050050,13,255,255,255,402940325408.2806
1791120463302275,2026-10-04T13:27:43.302275+00:00,162,18,3508382132,2,77,42,0,50050050,13,255,255,255,402940340372.2706
1791120463317299,2026-10-04T13:27:43.317299+00:00,162,18,3508397149,2,77,42,0,50050050,13,255,255,255,402940355396.2606
1791120463332278,2026-10-04T13:27:43.332278+00:00,162,18,3508412137,2,77,42,0,50050050,13,255,255,255,402940370375.2506
1791120463347366,2026-10-04T13:27:43.347366+00:00,162,18,3508427211,2,77,42,0,50050050,13,255,255,255,402940385463.2406
1791120463348019,2026-10-04T13:27:43.348019+00:00,162,18,3508427879,2,77,42,0,50050050,13,255,255,255,402940386116.2402
1791120463362399,2026-10-04T13:27:43.362399+00:00,162,18,3508442247,2,77,42,0,50050050,13,255,255,255,402940400496.2306
1791120463374106,2026-10-04T13:27:43.374106+00:00,162,83,3508453932,2,77,42,0,50050050,13,255,255,255,402940412203.2228
1791120463377363,2026-10-04T13:27:43.377363+00:00,162,18,3508457224,2,77,42,0,50050050,13,255,255,255,402940415460.22064
1791120463392335,2026-10-04T13:27:43.392335+00:00,162,18,3508472177,2,77,42,0,50050050,13,255,255,255,402940430432.21063
1791120463407274,2026-10-04T13:27:43.407274+00:00,162,18,3508487124,2,77,42,0,50050050,13,255,255,255,402940445371.2007
1791120463422344,2026-10-04T13:27:43.422344+00:00,162,18,3508502125,2,77,42,0,50050050,13,255,255,255,402940460441.1907
1791120463437292,2026-10-04T13:27:43.437292+00:00,162,18,3508517152,2,77,42,0,50050050,13,255,255,255,402940475389.1807
1791120463452346,2026-10-04T13:27:43.452346+00:00,162,18,3508532192,2,77,42,0,50050050,13,255,255,255,402940490443.17065
1791120463467313,2026-10-04T13:27:43.467313+00:00,162,18,3508547156,2,77,42,0,50050050,13,255,255,255,402940505410.1607
1791120463482299,2026-10-04T13:27:43.482299+00:00,162,18,3508562153,2,77,42,0,50050050,13,255,255,255,402940520396.1507
1791120463497346,2026-10-04T13:27:43.497346+00:00,162,18,3508577145,2,77,42,0,50050050,13,255,255,255,402940535443.1407
1791120463505594,2026-10-04T13:27:43.505594+00:00,162,83,3508585444,2,77,42,0,50050050,13,255,255,255,402940543691.1352
1791120463512372,2026-10-04T13:27:43.512372+00:00,162,18,3508592228,2,77,42,0,50050050,13,255,255,255,402940550469.1307
1791120463527259,2026-10-04T13:27:43.527259+00:00,162,18,3508607116,2,77,42,0,50050050,13,255,255,255,402940565356.1208
1791120463542523,2026-10-04T13:27:43.542523+00:00,162,18,3508622323,2,77,42,0,50050050,13,255,255,255,402940580620.1106
1791120463557298,2026-10-04T13:27:43.557298+00:00,162,18,3508637105,2,77,42,0,50050050,13,255,255,255,402940595395.10077
1791120463572734,2026-10-04T13:27:43.572734+00:00,162,18,3508652519,2,77,42,0,50050050,13,255,255,255,402940610831.0905
1791120463587319,2026-10-04T13:27:43.587319+00:00,162,18,3508667167,2,77,42,0,50050050,13,255,255,255,402940625416.08075
1791120463603433,2026-10-04T13:27:43.603433+00:00,162,18,3508683291,2,77,42,0,50050050,13,255,255,255,402940641530.07007
1791120463617267,2026-10-04T13:27:43.617267+00:00,162,18,3508697118,2,77,42,0,50050050,13,255,255,255,402940655364.06085
1791120463632275,2026-10-04T13:27:43.632275+00:00,162,18,3508712132,2,77,42,0,50050050,13,255,255,255,402940670372.05084
1791120463638867,2026-10-04T13:27:43.638867+00:00,162,83,3508718716,2,77,42,0,50050050,13,255,255,255,402940676964.04645
1791120463647418,2026-10-04T13:27:43.647418+00:00,162,18,3508727237,2,77,42,0,50050050,13,255,255,255,402940685515.0408
1791120463662847,2026-10-04T13:27:43.662847+00:00,162,18,3508742560,2,77,42,0,50050050,13,255,255,255,402940700944.03046
1791120463670920,2026-10-04T13:27:43.670920+00:00,162,18,3508750775,2,77,42,0,50050050,13,255,255,255,402940709017.0251
1791120463684760,2026-10-04T13:27:43.684760+00:00,162,18,3508764620,2,77,42,0,50050050,13,255,255,255,402940722857.01587
1791120463699747,2026-10-04T13:27:43.699747+00:00,162,18,3508779604,2,77,42,0,50050050,13,255,255,255,402940737844.0059
1791120463714768,2026-10-04T13:27:43.714768+00:00,162,18,3508794622,2,77,42,0,50050050,13,255,255,255,402940752864.9959
1791120463730989,2026-10-04T13:27:43.730989+00:00,162,18,3508810846,2,77,42,0,50050050,13,255,255,255,402940769085.9851
1791120463744767,2026-10-04T13:27:43.744767+00:00,162,18,3508824624,2,77,42,0,50050050,13,255,255,255,402940782863.9759
1791120463759792,2026-10-04T13:27:43.759792+00:00,162,18,3508839642,2,77,42,0,50050050,13,255,255,255,402940797888.9659
1791120463773941,2026-10-04T13:27:43.773941+00:00,162,83,3508853785,2,77,42,0,50050050,13,255,255,255,402940812037.9565
1791120463774805,2026-10-04T13:27:43.774805+00:00,162,18,3508854679,2,77,42,0,50050050,13,255,255,255,402940812901.95593
1791120463789835,2026-10-04T13:27:43.789835+00:00,162,18,3508869683,2,77,42,0,50050050,13,255,255,255,402940827931.9459
1791120463805956,2026-10-04T13:27:43.805956+00:00,162,18,3508885796,2,77,42,0,50050050,13,255,255,255,402940844052.9352
1791120463819792,2026-10-04T13:27:43.819792+00:00,162,18,3508899643,2,77,42,0,50050050,13,255,255,255,402940857888.92596
1791120463834904,2026-10-04T13:27:43.834904+00:00,162,18,3508914753,2,77,42,0,50050050,13,255,255,255,402940873000.9159
1791120463849850,2026-10-04T13:27:43.849850+00:00,162,18,3508929701,2,77,42,0,50050050,13,255,255,255,402940887946.90594
1791120463864773,2026-10-04T13:27:43.864773+00:00,162,18,3508944621,2,77,42,0,50050050,13,255,255,255,402940902869.896
1791120463879956,2026-10-04T13:27:43.879956+00:00,162,18,3508959802,2,77,42,0,50050050,13,255,255,255,402940918052.88586
1791120463895105,2026-10-04T13:27:43.895105+00:00,162,18,3508974907,2,77,42,0,50050050,13,255,255,255,402940933201.8758
1791120463909907,2026-10-04T13:27:43.909907+00:00,162,18,3508989652,2,77,42,0,50050050,13,255,255,255,402940948003.8659
1791120463912384,2026-10-04T13:27:43.912384+00:00,162,83,3508992233,2,77,42,0,50050050,13,255,255,255,402940950480.86426
1791120463924826,2026-10-04T13:27:43.924826+00:00,162,18,3509004676,2,77,42,0,50050050,13,255,255,255,402940962922.856
1791120463939813,2026-10-04T13:27:43.939813+00:00,162,18,3509019657,2,77,42,0,50050050,13,255,255,255,402940977909.846
1791120463954782,2026-10-04T13:27:43.954782+00:00,162,18,3509034620,2,77,42,0,50050050,13,255,255,255,402940992878.83606
1791120463963894,2026-10-04T13:27:43.963894+00:00,162,18,3509043739,2,77,42,0,50050050,13,255,255,255,402941001990.82996
1791120463977260,2026-10-04T13:27:43.977260+00:00,162,18,3509057115,2,77,42,0,50050050,13,255,255,255,402941015356.82104
1791120463992283,2026-10-04T13:27:43.992283+00:00,162,18,3509072134,2,77,42,0,50050050,13,255,255,255,402941030379.81104
1791120464007348,2026-10-04T13:27:44.007348+00:00,162,18,3509087204,2,77,42,0,50050050,13,255,255,255,402941045444.801
1791120464023661,2026-10-04T13:27:44.023661+00:00,162,18,3509103515,2,77,42,0,50050050,13,255,255,255,402941061757.79016
1791120464037319,2026-10-04T13:27:44.037319+00:00,162,18,3509117157,2,77,42,0,50050050,13,255,255,255,402941075415.78107
1791120464051665,2026-10-04T13:27:44.051665+00:00,162,83,3509131496,2,77,42,0,50050050,13,255,255,255,402941089761.7715
1791120464052399,2026-10-04T13:27:44.052399+00:00,162,18,3509132259,2,77,42,0,50050050,13,255,255,255,402941090495.771
1791120464067262,2026-10-04T13:27:44.067262+00:00,162,18,3509147120,2,77,42,0,50050050,13,255,255,255,402941105358.7611
1791120464082351,2026-10-04T13:27:44.082351+00:00,162,18,3509162187,2,77,42,0,50050050,13,255,255,255,402941120447.7511
1791120464097376,2026-10-04T13:27:44.097376+00:00,162,18,3509177212,2,77,42,0,50050050,13,255,255,255,402941135472.7411
1791120464112383,2026-10-04T13:27:44.112383+00:00,162,18,3509192227,2,77,42,0,50050050,13,255,255,255,402941150479.7311
1791120464127290,2026-10-04T13:27:44.127290+00:00,162,18,3509207109,1,78,40,546486009,50050050,255,255,255,255,402941165386.7211
1791120464142259,2026-10-04T13:27:44.142259+00:00,162,18,3509222117,1,78,40,546486009,50050050,255,255,255,255,402941180355.7112
1791120464158442,2026-10-04T13:27:44.158442+00:00,162,18,3509238297,1,78,40,546486009,50050050,255,255,255,255,402941196538.7004
1791120464172335,2026-10-04T13:27:44.172335+00:00,162,18,3509252171,1,78,40,546486009,50050050,255,255,255,255,402941210431.69116
1791120464185728,2026-10-04T13:27:44.185728+00:00,162,83,3509265567,1,78,40,546486009,50050050,255,255,255,255,402941223824.68225
1791120464187289,2026-10-04T13:27:44.187289+00:00,162,18,3509267146,1,78,40,546486009,50050050,255,255,255,255,402941225385.6812
1791120464196056,2026-10-04T13:27:44.196056+00:00,162,18,3509275854,1,78,40,546486009,50050050,255,255,255,255,402941234152.67535
1791120464209739,2026-10-04T13:27:44.209739+00:00,162,18,3509289586,1,78,40,546486009,50050050,255,255,255,255,402941247835.66626
1791120464224790,2026-10-04T13:27:44.224790+00:00,162,18,3509304638,1,78,40,546486009,50050050,255,255,255,255,402941262886.6562
1791120464239869,2026-10-04T13:27:44.239869+00:00,162,18,3509319718,1,78,40,546486009,50050050,255,255,255,255,402941277965.6462
1791120464254773,2026-10-04T13:27:44.254773+00:00,162,18,3509334608,1,78,40,546486009,50050050,255,255,255,255,402941292869.6362
1791120464269776,2026-10-04T13:27:44.269776+00:00,162,18,3509349623,1,78,40,546486009,50050050,255,255,255,255,402941307872.6262
1791120464284754,2026-10-04T13:27:44.284754+00:00,162,18,3509364608,1,78,40,546486009,50050050,255,255,255,255,402941322850.6163
1791120464299748,2026-10-04T13:27:44.299748+00:00,162,18,3509379609,1,78,40,546486009,50050050,255,255,255,255,402941337844.60626
1791120464314894,2026-10-04T13:27:44.314894+00:00,162,18,3509394747,1,78,40,546486009,50050050,255,255,255,255,402941352990.5962
1791120464329727,2026-10-04T13:27:44.329727+00:00,162,83,3509409580,1,78,40,546486009,50050050,255,255,255,255,402941367823.5863
1791120464330515,2026-10-04T13:27:44.330515+00:00,162,18,3509410373,1,78,40,546486009,50050050,255,255,255,255,402941368611.5858
1791120464352251,2026-10-04T13:27:44.352251+00:00,162,18,3509432120,1,78,40,546486009,50050050,255,255,255,255,402941390347.5713
1791120464352920,2026-10-04T13:27:44.352920+00:00,162,18,3509432786,1,78,40,546486009,50050050,255,255,255,255,402941391016.57086
1791120464367591,2026-10-04T13:27:44.367591+00:00,162,18,3509447335,1,78,40,546486009,50050050,255,255,255,255,402941405687.5611
1791120464382264,2026-10-04T13:27:44.382264+00:00,162,18,3509462121,1,78,40,546486009,50050050,255,255,255,255,402941420360.55133
1791120464397221,2026-10-04T13:27:44.397221+00:00,162,18,3509477080,1,78,40,546486009,50050050,255,255,255,255,402941435317.5414
1791120464412429,2026-10-04T13:27:44.412429+00:00,162,18,3509492161,1,78,40,546486009,50050050,255,255,255,255,402941450525.53125
1791120464427287,2026-10-04T13:27:44.427287+00:00,162,18,3509507149,1,78,40,546486009,50050050,255,255,255,255,402941465383.52136
1791120464442260,2026-10-04T13:27:44.442260+00:00,162,18,3509522110,1,78,40,546486009,50050050,255,255,255,255,402941480356.51135
1791120464457248,2026-10-04T13:27:44.457248+00:00,162,18,3509537099,1,78,40,546486009,50050050,255,255,255,255,402941495344.5014
1791120464463938,2026-10-04T13:27:44.463938+00:00,162,83,3509543777,1,78,40,546486009,50050050,255,255,255,255,402941502034.49695
1791120464472225,2026-10-04T13:27:44.472225+00:00,162,18,3509552081,1,78,40,546486009,50050050,255,255,255,255,402941510321.4914
1791120464487235,2026-10-04T13:27:44.487235+00:00,162,18,3509567098,1,78,40,546486009,50050050,255,255,255,255,402941525331.4814
1791120464495352,2026-10-04T13:27:44.495352+00:00,162,18,3509575202,1,78,40,546486009,50050050,255,255,255,255,402941533448.476
1791120464509907,2026-10-04T13:27:44.509907+00:00,162,18,3509589732,1,78,40,546486009,50050050,255,255,255,255,402941548003.4663
1791120464524740,2026-10-04T13:27:44.524740+00:00,162,18,3509604594,1,78,40,546486009,50050050,255,255,255,255,402941562836.4564
1791120464539785,2026-10-04T13:27:44.539785+00:00,162,18,3509619634,1,78,40,546486009,50050050,255,255,255,255,402941577881.4464
1791120464554745,2026-10-04T13:27:44.554745+00:00,162,18,3509634594,1,78,40,546486009,50050050,255,255,255,255,402941592841.43646
1791120464569696,2026-10-04T13:27:44.569696+00:00,162,18,3509649554,1,78,40,546486009,50050050,255,255,255,255,402941607792.4265
1791120464584743,2026-10-04T13:27:44.584743+00:00,162,18,3509664594,1,78,40,546486009,50050050,255,255,255,255,402941622839.41644
1791120464595719,2026-10-04T13:27:44.595719+00:00,162,83,3509675493,1,78,40,546486009,50050050,255,255,255,255,402941633815.4092
1791120464599739,2026-10-04T13:27:44.599739+00:00,162,18,3509679603,1,78,40,546486009,50050050,255,255,255,255,402941637835.4065
1791120464614726,2026-10-04T13:27:44.614726+00:00,162,18,3509694583,1,78,40,546486009,50050050,255,255,255,255,402941652822.3965
1791120464623375,2026-10-04T13:27:44.623375+00:00,162,18,3509703231,1,78,40,546486009,50050050,255,255,255,255,402941661471.39075
1791120464637201,2026-10-04T13:27:44.637201+00:00,162,18,3509717062,1,78,40,546486009,50050050,255,255,255,255,402941675297.38153
1791120464653415,2026-10-04T13:27:44.653415+00:00,162,18,3509733263,1,78,40,546486009,50050050,255,255,255,255,402941691511.3707
1791120464667222,2026-10-04T13:27:44.667222+00:00,162,18,3509747078,1,78,40,546486009,50050050,255,255,255,255,402941705318.3615
1791120464682348,2026-10-04T13:27:44.682348+00:00,162,18,3509762202,1,78,40,546486009,50050050,255,255,255,255,402941720444.35144
1791120464697312,2026-10-04T13:27:44.697312+00:00,162,18,3509777173,1,78,40,546486009,50050050,255,255,255,255,402941735408.3415
1791120464712214,2026-10-04T13:27:44.712214+00:00,162,18,3509792075,1,78,40,546486009,50050050,255,255,255,255,402941750310.33154
1791120464727448,2026-10-04T13:27:44.727448+00:00,162,18,3509807297,1,78,40,546486009,50050050,255,255,255,255,402941765544.3214
1791120464729163,2026-10-04T13:27:44.729163+00:00,162,83,3509809014,1,78,40,546486009,50050050,255,255,255,255,402941767259.3203
1791120464742217,2026-10-04T13:27:44.742217+00:00,162,18,3509822076,1,78,40,546486009,50050050,255,255,255,255,402941780313.3116
1791120464757453,2026-10-04T13:27:44.757453+00:00,162,18,3509837152,1,78,40,546486009,50050050,255,255,255,255,402941795549.30145
1791120464772596,2026-10-04T13:27:44.772596+00:00,162,18,3509852443,1,78,40,546486009,50050050,255,255,255,255,402941810692.2914
1791120464787214,2026-10-04T13:27:44.787214+00:00,162,18,3509867074,1,78,40,546486009,50050050,255,255,255,255,402941825310.2816
1791120464802274,2026-10-04T13:27:44.802274+00:00,162,18,3509882118,1,78,40,546486009,50050050,255,255,255,255,402941840370.2716
1791120464817246,2026-10-04T13:27:44.817246+00:00,162,18,3509897102,1,78,40,546486009,50050050,255,255,255,255,402941855342.2616
1791120464832811,2026-10-04T13:27:44.832811+00:00,162,18,3509912639,1,78,40,546486009,50050050,255,255,255,255,402941870907.2513
1791120464847735,2026-10-04T13:27:44.847735+00:00,162,18,3509927195,1,78,40,546486009,50050050,255,255,255,255,402941885831.24133
1791120464863501,2026-10-04T13:27:44.863501+00:00,162,18,3509943359,1,78,40,546486009,50050050,255,255,255,255,402941901597.23083
1791120464869259,2026-10-04T13:27:44.869259+00:00,162,83,3509949098,1,78,40,546486009,50050050,255,255,255,255,402941907355.227
1791120464877258,2026-10-04T13:27:44.877258+00:00,162,18,3509957110,1,78,40,546486009,50050050,255,255,255,255,402941915354.2217
1791120464892260,2026-10-04T13:27:44.892260+00:00,162,18,3509972119,1,78,40,546486009,50050050,255,255,255,255,402941930356.2117
1791120464908015,2026-10-04T13:27:44.908015+00:00,162,18,3509987865,1,78,40,546486009,50050050,255,255,255,255,402941946111.2012
1791120464916033,2026-10-04T13:27:44.916033+00:00,162,18,3509995881,1,78,40,546486009,50050050,255,255,255,255,402941954129.1958
1791120464929874,2026-10-04T13:27:44.929874+00:00,162,18,3510009714,1,78,40,546486009,50050050,255,255,255,255,402941967970.1866
1791120464944800,2026-10-04T13:27:44.944800+00:00,162,18,3510024662,1,78,40,546486009,50050050,255,255,255,255,402941982896.17664
1791120464960903,2026-10-04T13:27:44.960903+00:00,162,18,3510040754,1,78,40,546486009,50050050,255,255,255,255,402941998999.16595
1791120464974784,2026-10-04T13:27:44.974784+00:00,162,18,3510054632,1,78,40,546486009,50050050,255,255,255,255,402942012880.1567
1791120464989752,2026-10-04T13:27:44.989752+00:00,162,18,3510069605,1,78,40,546486009,50050050,255,255,255,255,402942027848.1467
1791120465004767,2026-10-04T13:27:45.004767+00:00,162,18,3510084622,1,78,40,546486009,50050050,255,255,255,255,402942042863.1367
1791120465019203,2026-10-04T13:27:45.019203+00:00,162,83,3510098991,1,78,40,546486009,50050050,255,255,255,255,402942057299.12714
1791120465019868,2026-10-04T13:27:45.019868+00:00,162,18,3510099731,1,78,40,546486009,50050050,255,255,255,255,402942057964.12665
1791120465034941,2026-10-04T13:27:45.034941+00:00,162,18,3510114784,1,78,40,546486009,50050050,255,255,255,255,402942073037.11664
1791120465049751,2026-10-04T13:27:45.049751+00:00,162,18,3510129602,1,78,40,546486009,50050050,255,255,255,255,402942087847.10675
1791120465064785,2026-10-04T13:27:45.064785+00:00,162,18,3510144636,1,78,40,546486009,50050050,255,255,255,255,402942102881.09674
1791120465079746,2026-10-04T13:27:45.079746+00:00,162,18,3510159597,1,78,40,546486009,50050050,255,255,255,255,402942117842.0868
1791120465094775,2026-10-04T13:27:45.094775+00:00,162,18,3510174626,1,78,40,546486009,50050050,255,255,255,255,402942132871.0768
1791120465109875,2026-10-04T13:27:45.109875+00:00,162,18,3510189704,1,78,40,546486009,50050050,255,255,255,255,402942147971.0667
1791120465120754,2026-10-04T13:27:45.120754+00:00,162,83,3510200602,1,78,40,546486009,50050050,255,255,255,255,402942158850.05945
1791120465124728,2026-10-04T13:27:45.124728+00:00,162,18,3510204592,1,78,40,546486009,50050050,255,255,255,255,402942162824.0568
1791120465139785,2026-10-04T13:27:45.139785+00:00,162,18,3510219640,1,79,40,549539043,50050050,255,255,255,255,402942177881.0468
1791120465148439,2026-10-04T13:27:45.148439+00:00,162,18,3510228269,1,79,40,549539043,50050050,255,255,255,255,402942186535.041
1791120465162231,2026-10-04T13:27:45.162231+00:00,162,18,3510242081,1,79,40,549539043,50050050,255,255,255,255,402942200327.03186
1791120465170922,2026-10-04T13:27:45.170922+00:00,162,18,3510250783,1,79,40,549539043,50050050,255,255,255,255,402942209018.02606
1791120465184859,2026-10-04T13:27:45.184859+00:00,162,18,3510264707,1,79,40,549539043,50050050,255,255,255,255,402942222955.0168
1791120465199746,2026-10-04T13:27:45.199746+00:00,162,18,3510279594,1,79,40,549539043,50050050,255,255,255,255,402942237842.00684
1791120465214800,2026-10-04T13:27:45.214800+00:00,162,18,3510294648,1,79,40,549539043,50050050,255,255,255,255,402942252895.9968
1791120465244728,2026-10-04T13:27:45.244728+00:00,162,18,3510324586,1,79,40,549539043,50050050,255,255,255,255,402942282823.9769
1791120465254753,2026-10-04T13:27:45.254753+00:00,162,18,3510334566,1,79,40,549539043,50050050,255,255,255,255,402942292848.9702
1791120465266495,2026-10-04T13:27:45.266495+00:00,162,83,3510346342,1,79,40,549539043,50050050,255,255,255,255,402942304590.9624
1791120465267329,2026-10-04T13:27:45.267329+00:00,162,18,3510347188,1,79,40,549539043,50050050,255,255,255,255,402942305424.96185
1791120465283375,2026-10-04T13:27:45.283375+00:00,162,18,3510363237,1,79,40,549539043,50050050,255,255,255,255,402942321470.9512
1791120465299354,2026-10-04T13:27:45.299354+00:00,162,18,3510377502,1,79,40,549539043,50050050,255,255,255,255,402942337449.94055
1791120465312655,2026-10-04T13:27:45.312655+00:00,162,18,3510392157,1,79,40,549539043,50050050,255,255,255,255,402942350750.93164
1791120465327281,2026-10-04T13:27:45.327281+00:00,162,18,3510407133,1,79,40,549539043,50050050,255,255,255,255,402942365376.92194
1791120465342231,2026-10-04T13:27:45.342231+00:00,162,18,3510422083,1,79,40,549539043,50050050,255,255,255,255,402942380326.912
1791120465357236,2026-10-04T13:27:45.357236+00:00,162,18,3510437092,1,79,40,549539043,50050050,255,255,255,255,402942395331.902
1791120465357928,2026-10-04T13:27:45.357928+00:00,162,18,3510437578,1,79,40,549539043,50050050,255,255,255,255,402942396023.9015
1791120465372310,2026-10-04T13:27:45.372310+00:00,162,18,3510452163,1,79,40,549539043,50050050,255,255,255,255,402942410405.8919
1791120465372750,2026-10-04T13:27:45.372750+00:00,162,83,3510452622,1,79,40,549539043,50050050,255,255,255,255,402942410845.89166
1791120465387260,2026-10-04T13:27:45.387260+00:00,162,18,3510467123,1,79,40,549539043,50050050,255,255,255,255,402942425355.88196
1791120465402256,2026-10-04T13:27:45.402256+00:00,162,18,3510482109,1,79,40,549539043,50050050,255,255,255,255,402942440351.872
1791120465417226,2026-10-04T13:27:45.417226+00:00,162,18,3510497080,1,79,40,549539043,50050050,255,255,255,255,402942455321.862
1791120465432267,2026-10-04T13:27:45.432267+00:00,162,18,3510512126,1,79,40,549539043,50050050,255,255,255,255,402942470362.852
1791120465447354,2026-10-04T13:27:45.447354+00:00,162,18,3510527200,1,79,40,549539043,50050050,255,255,255,255,402942485449.842
1791120465462273,2026-10-04T13:27:45.462273+00:00,162,18,3510542126,1,79,40,549539043,50050050,255,255,255,255,402942500368.83203
1791120465477233,2026-10-04T13:27:45.477233+00:00,162,18,3510557093,1,79,40,549539043,50050050,255,255,255,255,402942515328.8221
1791120465492271,2026-10-04T13:27:45.492271+00:00,162,18,3510572131,1,79,40,549539043,50050050,255,255,255,255,402942530366.812
1791120465507230,2026-10-04T13:27:45.507230+00:00,162,18,3510587085,1,79,40,549539043,50050050,255,255,255,255,402942545325.80206
1791120465508774,2026-10-04T13:27:45.508774+00:00,162,83,3510588636,1,79,40,549539043,50050050,255,255,255,255,402942546869.801
1791120465522243,2026-10-04T13:27:45.522243+00:00,162,18,3510602100,1,79,40,549539043,50050050,255,255,255,255,402942560338.79205
1791120465537270,2026-10-04T13:27:45.537270+00:00,162,18,3510617122,1,79,40,549539043,50050050,255,255,255,255,402942575365.78204
1791120465552605,2026-10-04T13:27:45.552605+00:00,162,18,3510632464,1,79,40,549539043,50050050,255,255,255,255,402942590700.77185
1791120465575941,2026-10-04T13:27:45.575941+00:00,162,18,3510655798,1,79,40,549539043,50050050,255,255,255,255,402942614036.7563
1791120465597681,2026-10-04T13:27:45.597681+00:00,162,18,3510677487,1,79,40,549539043,50050050,255,255,255,255,402942635776.7418
1791120465605840,2026-10-04T13:27:45.605840+00:00,162,18,3510685700,1,79,40,549539043,50050050,255,255,255,255,402942643935.7364
1791120465619713,2026-10-04T13:27:45.619713+00:00,162,18,3510699570,1,79,40,549539043,50050050,255,255,255,255,402942657808.7272
1791120465634992,2026-10-04T13:27:45.634992+00:00,162,18,3510714846,1,79,40,549539043,50050050,255,255,255,255,402942673087.717
1791120465643403,2026-10-04T13:27:45.643403+00:00,162,18,3510723243,1,79,40,549539043,50050050,255,255,255,255,402942681498.71136
1791120465646966,2026-10-04T13:27:45.646966+00:00,162,83,3510726800,1,79,40,549539043,50050050,255,255,255,255,402942685061.709
1791120465657196,2026-10-04T13:27:45.657196+00:00,162,18,3510737054,1,79,40,549539043,50050050,255,255,255,255,402942695291.7022
1791120465680279,2026-10-04T13:27:45.680279+00:00,162,18,3510760088,1,79,40,549539043,50050050,255,255,255,255,402942718374.6868
1791120465694996,2026-10-04T13:27:45.694996+00:00,162,18,3510774762,1,79,40,549539043,50050050,255,255,255,255,402942733091.677
1791120465709744,2026-10-04T13:27:45.709744+00:00,162,18,3510789600,1,79,40,549539043,50050050,255,255,255,255,402942747839.6672
1791120465724712,2026-10-04T13:27:45.724712+00:00,162,18,3510804562,1,79,40,549539043,50050050,255,255,255,255,402942762807.6572
1791120465739685,2026-10-04T13:27:45.739685+00:00,162,18,3510819551,1,79,40,549539043,50050050,255,255,255,255,402942777780.6473
1791120465754723,2026-10-04T13:27:45.754723+00:00,162,18,3510834577,1,79,40,549539043,50050050,255,255,255,255,402942792818.63727
1791120465769755,2026-10-04T13:27:45.769755+00:00,162,18,3510849598,1,79,40,549539043,50050050,255,255,255,255,402942807850.6272
1791120465783272,2026-10-04T13:27:45.783272+00:00,162,83,3510863107,1,79,40,549539043,50050050,255,255,255,255,402942821367.6182
1791120465784738,2026-10-04T13:27:45.784738+00:00,162,18,3510864595,1,79,40,549539043,50050050,255,255,255,255,402942822833.61725
1791120465799702,2026-10-04T13:27:45.799702+00:00,162,18,3510879556,1,79,40,549539043,50050050,255,255,255,255,402942837797.6073
1791120465814761,2026-10-04T13:27:45.814761+00:00,162,18,3510894609,1,79,40,549539043,50050050,255,255,255,255,402942852856.5972
1791120465831000,2026-10-04T13:27:45.831000+00:00,162,18,3510910844,1,79,40,549539043,50050050,255,255,255,255,402942869095.5864
1791120465845257,2026-10-04T13:27:45.845257+00:00,162,18,3510925027,1,79,40,549539043,50050050,255,255,255,255,402942883352.57697
1791120465859775,2026-10-04T13:27:45.859775+00:00,162,18,3510939639,1,79,40,549539043,50050050,255,255,255,255,402942897870.56726
1791120465874914,2026-10-04T13:27:45.874914+00:00,162,18,3510954718,1,79,40,549539043,50050050,255,255,255,255,402942913009.5572
1791120465889870,2026-10-04T13:27:45.889870+00:00,162,18,3510969722,1,79,40,549539043,50050050,255,255,255,255,402942927965.54724
1791120465905261,2026-10-04T13:27:45.905261+00:00,162,18,3510985104,1,79,40,549539043,50050050,255,255,255,255,402942943356.537
1791120465919744,2026-10-04T13:27:45.919744+00:00,162,18,3510999591,1,79,40,549539043,50050050,255,255,255,255,402942957839.52734
1791120465921465,2026-10-04T13:27:45.921465+00:00,162,83,3511001318,1,79,40,549539043,50050050,255,255,255,255,402942959560.5262
1791120465934666,2026-10-04T13:27:45.934666+00:00,162,18,3511014526,1,79,40,549539043,50050050,255,255,255,255,402942972761.5174
1791120465949793,2026-10-04T13:27:45.949793+00:00,162,18,3511029621,1,79,40,549539043,50050050,255,255,255,255,402942987888.5073
1791120465964948,2026-10-04T13:27:45.964948+00:00,162,18,3511044796,1,79,40,549539043,50050050,255,255,255,255,402943003043.49725
1791120465979729,2026-10-04T13:27:45.979729+00:00,162,18,3511059584,1,79,40,549539043,50050050,255,255,255,255,402943017824.48737
1791120465994792,2026-10-04T13:27:45.994792+00:00,162,18,3511074641,1,79,40,549539043,50050050,255,255,255,255,402943032887.47736
1791120466009746,2026-10-04T13:27:46.009746+00:00,162,18,3511089597,1,79,40,549539043,50050050,255,255,255,255,402943047841.4674
1791120466024773,2026-10-04T13:27:46.024773+00:00,162,18,3511104582,1,79,40,549539043,50050050,255,255,255,255,402943062868.4574
1791120466033465,2026-10-04T13:27:46.033465+00:00,162,18,3511113319,1,79,40,549539043,50050050,255,255,255,255,402943071560.4516
1791120466047523,2026-10-04T13:27:46.047523+00:00,162,18,3511127360,1,79,40,549539043,50050050,255,255,255,255,402943085618.4422
1791120466062213,2026-10-04T13:27:46.062213+00:00,162,18,3511142067,1,79,40,549539043,50050050,255,255,255,255,402943100308.43243
1791120466062890,2026-10-04T13:27:46.062890+00:00,162,83,3511142761,1,79,40,549539043,50050050,255,255,255,255,402943100985.432
1791120466077240,2026-10-04T13:27:46.077240+00:00,162,18,3511157096,1,79,40,549539043,50050050,255,255,255,255,402943115335.4224
1791120466092435,2026-10-04T13:27:46.092435+00:00,162,18,3511172289,1,79,40,549539043,50050050,255,255,255,255,402943130530.4123
1791120466107681,2026-10-04T13:27:46.107681+00:00,162,18,3511187412,1,79,40,549539043,50050050,255,255,255,255,402943145776.40216
1791120466123361,2026-10-04T13:27:46.123361+00:00,162,18,3511203212,1,79,40,549539043,50050050,255,255,255,255,402943161456.3917
1791120466137264,2026-10-04T13:27:46.137264+00:00,162,18,3511217111,1,79,40,549539043,50050050,255,255,255,255,402943175359.38245
1791120466152226,2026-10-04T13:27:46.152226+00:00,162,18,3511232081,1,80,40,552592056,50050050,255,255,255,255,402943190321.3725
1791120466167268,2026-10-04T13:27:46.167268+00:00,162,18,3511247123,1,80,40,552592056,50050050,255,255,255,255,402943205363.3625
1791120466182220,2026-10-04T13:27:46.182220+00:00,162,18,3511262073,1,80,40,552592056,50050050,255,255,255,255,402943220315.35254
1791120466196353,2026-10-04T13:27:46.196353+00:00,162,83,3511276157,1,80,40,552592056,50050050,255,255,255,255,402943234448.3431
1791120466197325,2026-10-04T13:27:46.197325+00:00,162,18,3511277167,1,80,40,552592056,50050050,255,255,255,255,402943235420.34247
1791120466212508,2026-10-04T13:27:46.212508+00:00,162,18,3511292364,1,80,40,552592056,50050050,255,255,255,255,402943250603.33234
1791120466227268,2026-10-04T13:27:46.227268+00:00,162,18,3511307111,1,80,40,552592056,50050050,255,255,255,255,402943265363.3225
1791120466242169,2026-10-04T13:27:46.242169+00:00,162,18,3511322027,1,80,40,552592056,50050050,255,255,255,255,402943280264.31256
1791120466257291,2026-10-04T13:27:46.257291+00:00,162,18,3511337154,1,80,40,552592056,50050050,255,255,255,255,402943295386.3025
1791120466272304,2026-10-04T13:27:46.272304+00:00,162,18,3511352156,1,80,40,552592056,50050050,255,255,255,255,402943310399.29254
1791120466287255,2026-10-04T13:27:46.287255+00:00,162,18,3511367111,1,80,40,552592056,50050050,255,255,255,255,402943325350.28253
1791120466302198,2026-10-04T13:27:46.302198+00:00,162,18,3511382058,1,80,40,552592056,50050050,255,255,255,255,402943340293.2726
1791120466317262,2026-10-04T13:27:46.317262+00:00,162,18,3511397119,1,80,40,552592056,50050050,255,255,255,255,402943355357.2626
1791120466323227,2026-10-04T13:27:46.323227+00:00,162,83,3511403070,1,80,40,552592056,50050050,255,255,255,255,402943361322.2586
1791120466332198,2026-10-04T13:27:46.332198+00:00,162,18,3511412057,1,80,40,552592056,50050050,255,255,255,255,402943370293.2526
1791120466347185,2026-10-04T13:27:46.347185+00:00,162,18,3511427043,1,80,40,552592056,50050050,255,255,255,255,402943385280.2427
1791120466362351,2026-10-04T13:27:46.362351+00:00,162,18,3511442203,1,80,40,552592056,50050050,255,255,255,255,402943400446.23254
1791120466362969,2026-10-04T13:27:46.362969+00:00,162,18,3511442828,1,80,40,552592056,50050050,255,255,255,255,402943401064.2321
1791120466377280,2026-10-04T13:27:46.377280+00:00,162,18,3511457070,1,80,40,552592056,50050050,255,255,255,255,402943415375.2226
1791120466392230,2026-10-04T13:27:46.392230+00:00,162,18,3511472085,1,80,40,552592056,50050050,255,255,255,255,402943430325.21265
1791120466407661,2026-10-04T13:27:46.407661+00:00,162,18,3511487496,1,80,40,552592056,50050050,255,255,255,255,402943445756.2024
1791120466422194,2026-10-04T13:27:46.422194+00:00,162,18,3511502054,1,80,40,552592056,50050050,255,255,255,255,402943460289.1927
1791120466437257,2026-10-04T13:27:46.437257+00:00,162,18,3511517088,1,80,40,552592056,50050050,255,255,255,255,402943475352.1827
1791120466444384,2026-10-04T13:27:46.444384+00:00,162,83,3511524207,1,80,40,552592056,50050050,255,255,255,255,402943482479.1779
1791120466452500,2026-10-04T13:27:46.452500+00:00,162,18,3511532359,1,80,40,552592056,50050050,255,255,255,255,402943490595.1725
1791120466467174,2026-10-04T13:27:46.467174+00:00,162,18,3511547035,1,80,40,552592056,50050050,255,255,255,255,402943505269.1627
1791120466482458,2026-10-04T13:27:46.482458+00:00,162,18,3511562274,1,80,40,552592056,50050050,255,255,255,255,402943520553.1525
1791120466497376,2026-10-04T13:27:46.497376+00:00,162,18,3511577238,1,80,40,552592056,50050050,255,255,255,255,402943535471.14264
1791120466512186,2026-10-04T13:27:46.512186+00:00,162,18,3511592050,1,80,40,552592056,50050050,255,255,255,255,402943550281.13275
1791120466527245,2026-10-04T13:27:46.527245+00:00,162,18,3511607105,1,80,40,552592056,50050050,255,255,255,255,402943565340.12274
1791120466542237,2026-10-04T13:27:46.542237+00:00,162,18,3511622101,1,80,40,552592056,50050050,255,255,255,255,402943580332.11273
1791120466557214,2026-10-04T13:27:46.557214+00:00,162,18,3511637064,1,80,40,552592056,50050050,255,255,255,255,402943595309.1028
1791120466572204,2026-10-04T13:27:46.572204+00:00,162,18,3511652058,1,80,40,552592056,50050050,255,255,255,255,402943610299.0928
1791120466578198,2026-10-04T13:27:46.578198+00:00,162,83,3511658040,1,80,40,552592056,50050050,255,255,255,255,402943616293.0888
1791120466587214,2026-10-04T13:27:46.587214+00:00,162,18,3511667051,1,80,40,552592056,50050050,255,255,255,255,402943625309.08276
1791120466602258,2026-10-04T13:27:46.602258+00:00,162,18,3511682121,1,80,40,552592056,50050050,255,255,255,255,402943640353.07275
1791120466617295,2026-10-04T13:27:46.617295+00:00,162,18,3511697112,1,80,40,552592056,50050050,255,255,255,255,402943655390.06274
1791120466632215,2026-10-04T13:27:46.632215+00:00,162,18,3511712078,1,80,40,552592056,50050050,255,255,255,255,402943670310.0528
1791120466648495,2026-10-04T13:27:46.648495+00:00,162,18,3511728318,1,80,40,552592056,50050050,255,255,255,255,402943686590.042
1791120466662332,2026-10-04T13:27:46.662332+00:00,162,18,3511742185,1,80,40,552592056,50050050,255,255,255,255,402943700427.0328
1791120466678424,2026-10-04T13:27:46.678424+00:00,162,18,3511758275,1,80,40,552592056,50050050,255,255,255,255,402943716519.02203
1791120466692306,2026-10-04T13:27:46.692306+00:00,162,18,3511772084,1,80,40,552592056,50050050,255,255,255,255,402943730401.0128
1791120466707217,2026-10-04T13:27:46.707217+00:00,162,18,3511787059,1,80,40,552592056,50050050,255,255,255,255,402943745312.00287
1791120466717152,2026-10-04T13:27:46.717152+00:00,162,83,3511796982,1,80,40,552592056,50050050,255,255,255,255,402943755246.9962
1791120466722273,2026-10-04T13:27:46.722273+00:00,162,18,3511802124,1,80,40,552592056,50050050,255,255,255,255,402943760367.99286
1791120466737201,2026-10-04T13:27:46.737201+00:00,162,18,3511817055,1,80,40,552592056,50050050,255,255,255,255,402943775295.9829
1791120466752335,2026-10-04T13:27:46.752335+00:00,162,18,3511832108,1,80,40,552592056,50050050,255,255,255,255,402943790429.9728
1791120466767939,2026-10-04T13:27:46.767939+00:00,162,18,3511847756,1,80,40,552592056,50050050,255,255,255,255,402943806033.9624
1791120466782238,2026-10-04T13:27:46.782238+00:00,162,18,3511862098,1,80,40,552592056,50050050,255,255,255,255,402943820332.9529
1791120466798626,2026-10-04T13:27:46.798626+00:00,162,18,3511878475,1,80,40,552592056,50050050,255,255,255,255,402943836720.94196
1791120466812213,2026-10-04T13:27:46.812213+00:00,162,18,3511892069,1,80,40,552592056,50050050,255,255,255,255,402943850307.9329
1791120466817263,2026-10-04T13:27:46.817263+00:00,162,83,3511897111,1,80,40,552592056,50050050,255,255,255,255,402943855357.92957
1791120466827274,2026-10-04T13:27:46.827274+00:00,162,18,3511907073,1,80,40,552592056,50050050,255,255,255,255,402943865368.9229
1791120466842204,2026-10-04T13:27:46.842204+00:00,162,18,3511922059,1,80,40,552592056,50050050,255,255,255,255,402943880298.91296
1791120466857191,2026-10-04T13:27:46.857191+00:00,162,18,3511937044,1,80,40,552592056,50050050,255,255,255,255,402943895285.90295
1791120466872205,2026-10-04T13:27:46.872205+00:00,162,18,3511952063,1,80,40,552592056,50050050,255,255,255,255,402943910299.89294
1791120466887187,2026-10-04T13:27:46.887187+00:00,162,18,3511967049,1,80,40,552592056,50050050,255,255,255,255,402943925281.883
1791120466902389,2026-10-04T13:27:46.902389+00:00,162,18,3511982192,1,80,40,552592056,50050050,255,255,255,255,402943940483.87286
1791120466917237,2026-10-04T13:27:46.917237+00:00,162,18,3511997089,1,80,40,552592056,50050050,255,255,255,255,402943955331.863
1791120466932386,2026-10-04T13:27:46.932386+00:00,162,18,3512012235,1,80,40,552592056,50050050,255,255,255,255,402943970480.8529
1791120466947266,2026-10-04T13:27:46.947266+00:00,162,18,3512027118,1,80,40,552592056,50050050,255,255,255,255,402943985360.84296
1791120466960084,2026-10-04T13:27:46.960084+00:00,162,83,3512039863,1,80,40,552592056,50050050,255,255,255,255,402943998178.8345
1791120466962255,2026-10-04T13:27:46.962255+00:00,162,18,3512042117,1,80,40,552592056,50050050,255,255,255,255,402944000349.833
1791120466977223,2026-10-04T13:27:46.977223+00:00,162,18,3512057077,1,80,40,552592056,50050050,255,255,255,255,402944015317.823
1791120466992362,2026-10-04T13:27:46.992362+00:00,162,18,3512072141,1,80,40,552592056,50050050,255,255,255,255,402944030456.8129
1791120467008174,2026-10-04T13:27:47.008174+00:00,162,18,3512088027,1,80,40,552592056,50050050,255,255,255,255,402944046268.8024
1791120467022178,2026-10-04T13:27:47.022178+00:00,162,18,3512102035,1,80,40,552592056,50050050,255,255,255,255,402944060272.7931
1791120467037263,2026-10-04T13:27:47.037263+00:00,162,18,3512117112,1,80,40,552592056,50050050,255,255,255,255,402944075357.783
1791120467052502,2026-10-04T13:27:47.052502+00:00,162,18,3512132348,1,80,40,552592056,50050050,255,255,255,255,402944090596.7729
1791120467067255,2026-10-04T13:27:47.067255+00:00,162,18,3512147082,1,80,40,552592056,50050050,255,255,255,255,402944105349.76306
1791120467082243,2026-10-04T13:27:47.082243+00:00,162,18,3512162100,1,80,40,552592056,50050050,255,255,255,255,402944120337.75305
1791120467097403,2026-10-04T13:27:47.097403+00:00,162,18,3512177256,1,80,40,552592056,50050050,255,255,255,255,402944135497.743
1791120467103169,2026-10-04T13:27:47.103169+00:00,162,83,3512183021,1,80,40,552592056,50050050,255,255,255,255,402944141263.73914
1791120467112291,2026-10-04T13:27:47.112291+00:00,162,18,3512192144,1,80,40,552592056,50050050,255,255,255,255,402944150385.7331
1791120467127231,2026-10-04T13:27:47.127231+00:00,162,18,3512207086,1,80,40,552592056,50050050,255,255,255,255,402944165325.72314
1791120467142587,2026-10-04T13:27:47.142587+00:00,162,18,3512222244,1,80,40,552592056,50050050,255,255,255,255,402944180681.7129
1791120467158405,2026-10-04T13:27:47.158405+00:00,162,18,3512238263,1,81,40,555595071,50050050,255,255,255,255,402944196499.70233
1791120467172375,2026-10-04T13:27:47.172375+00:00,162,18,3512252217,1,81,40,555595071,50050050,255,255,255,255,402944210469.69305
1791120467187222,2026-10-04T13:27:47.187222+00:00,162,18,3512267064,1,81,40,555595071,50050050,255,255,255,255,402944225316.68317
1791120467202266,2026-10-04T13:27:47.202266+00:00,162,18,3512282119,1,81,40,555595071,50050050,255,255,255,255,402944240360.67316
1791120467217228,2026-10-04T13:27:47.217228+00:00,162,18,3512297080,1,81,40,555595071,50050050,255,255,255,255,402944255322.6632
1791120467232251,2026-10-04T13:27:47.232251+00:00,162,18,3512312088,1,81,40,555595071,50050050,255,255,255,255,402944270345.6532
1791120467241834,2026-10-04T13:27:47.241834+00:00,162,83,3512321681,1,81,40,555595071,50050050,255,255,255,255,402944279928.6468
1791120467247333,2026-10-04T13:27:47.247333+00:00,162,18,3512327196,1,81,40,555595071,50050050,255,255,255,255,402944285427.6431
1791120467262243,2026-10-04T13:27:47.262243+00:00,162,18,3512342094,1,81,40,555595071,50050050,255,255,255,255,402944300337.6332
1791120467278469,2026-10-04T13:27:47.278469+00:00,162,18,3512358324,1,81,40,555595071,50050050,255,255,255,255,402944316563.6224
1791120467292192,2026-10-04T13:27:47.292192+00:00,162,18,3512372045,1,81,40,555595071,50050050,255,255,255,255,402944330286.6133
1791120467307316,2026-10-04T13:27:47.307316+00:00,162,18,3512387170,1,81,40,555595071,50050050,255,255,255,255,402944345410.60315
1791120467322504,2026-10-04T13:27:47.322504+00:00,162,18,3512402349,1,81,40,555595071,50050050,255,255,255,255,402944360598.5931
1791120467337171,2026-10-04T13:27:47.337171+00:00,162,18,3512417031,1,81,40,555595071,50050050,255,255,255,255,402944375265.5833
1791120467352144,2026-10-04T13:27:47.352144+00:00,162,18,3512432005,1,81,40,555595071,50050050,255,255,255,255,402944390238.5733
1791120467360450,2026-10-04T13:27:47.360450+00:00,162,18,3512440298,1,81,40,555595071,50050050,255,255,255,255,402944398544.5678
1791120467367243,2026-10-04T13:27:47.367243+00:00,162,18,3512447091,1,81,40,555595071,50050050,255,255,255,255,402944405337.5633
1791120467374806,2026-10-04T13:27:47.374806+00:00,162,18,3512454655,1,81,40,555595071,50050050,255,255,255,255,402944412900.5582
1791120467385314,2026-10-04T13:27:47.385314+00:00,162,83,3512465158,1,81,40,555595071,50050050,255,255,255,255,402944423408.5512
1791120467389681,2026-10-04T13:27:47.389681+00:00,162,18,3512469533,1,81,40,555595071,50050050,255,255,255,255,402944427775.54834
1791120467404709,2026-10-04T13:27:47.404709+00:00,162,18,3512484564,1,81,40,555595071,50050050,255,255,255,255,402944442803.5383
1791120467419935,2026-10-04T13:27:47.419935+00:00,162,18,3512499787,1,81,40,555595071,50050050,255,255,255,255,402944458029.5282
1791120467434676,2026-10-04T13:27:47.434676+00:00,162,18,3512514534,1,81,40,555595071,50050050,255,255,255,255,402944472770.5184
1791120467449678,2026-10-04T13:27:47.449678+00:00,162,18,3512529535,1,81,40,555595071,50050050,255,255,255,255,402944487772.50836
1791120467464797,2026-10-04T13:27:47.464797+00:00,162,18,3512544652,1,81,40,555595071,50050050,255,255,255,255,402944502891.4983
1791120467479709,2026-10-04T13:27:47.479709+00:00,162,18,3512559562,1,81,40,555595071,50050050,255,255,255,255,402944517803.48834
1791120467494755,2026-10-04T13:27:47.494755+00:00,162,18,3512574610,1,81,40,555595071,50050050,255,255,255,255,402944532849.47833
1791120467509699,2026-10-04T13:27:47.509699+00:00,162,18,3512589557,1,81,40,555595071,50050050,255,255,255,255,402944547793.4684
1791120467524699,2026-10-04T13:27:47.524699+00:00,162,18,3512604544,1,81,40,555595071,50050050,255,255,255,255,402944562793.4584
1791120467529780,2026-10-04T13:27:47.529780+00:00,162,83,3512609614,1,81,40,555595071,50050050,255,255,255,255,402944567874.455
1791120467539826,2026-10-04T13:27:47.539826+00:00,162,18,3512619685,1,81,40,555595071,50050050,255,255,255,255,402944577920.4483
1791120467554826,2026-10-04T13:27:47.554826+00:00,162,18,3512634684,1,81,40,555595071,50050050,255,255,255,255,402944592920.43835
1791120467629683,2026-10-04T13:27:47.629683+00:00,162,18,3512709540,1,81,40,555595071,50050050,255,255,255,255,402944667777.3885
1791120467630146,2026-10-04T13:27:47.630146+00:00,162,83,3512710009,1,81,40,555595071,50050050,255,255,255,255,402944668240.3882
1791120467640389,2026-10-04T13:27:47.640389+00:00,162,18,3512720236,1,81,40,555595071,50050050,255,255,255,255,402944678483.38135
1791120467652358,2026-10-04T13:27:47.652358+00:00,162,18,3512732217,1,81,40,555595071,50050050,255,255,255,255,402944690452.37335
1791120467667211,2026-10-04T13:27:47.667211+00:00,162,18,3512747059,1,81,40,555595071,50050050,255,255,255,255,402944705305.36346
1791120467675947,2026-10-04T13:27:47.675947+00:00,162,18,3512755801,1,81,40,555595071,50050050,255,255,255,255,402944714041.35767
1791120467689665,2026-10-04T13:27:47.689665+00:00,162,18,3512769525,1,81,40,555595071,50050050,255,255,255,255,402944727759.3485
1791120467704927,2026-10-04T13:27:47.704927+00:00,162,18,3512784739,1,81,40,555595071,50050050,255,255,255,255,402944743021.3384
1791120467719714,2026-10-04T13:27:47.719714+00:00,162,18,3512799570,1,81,40,555595071,50050050,255,255,255,255,402944757808.3285
1791120467734679,2026-10-04T13:27:47.734679+00:00,162,18,3512814538,1,81,40,555595071,50050050,255,255,255,255,402944772773.31854
1791120467749717,2026-10-04T13:27:47.749717+00:00,162,18,3512829569,1,81,40,555595071,50050050,255,255,255,255,402944787811.30853
1791120467759371,2026-10-04T13:27:47.759371+00:00,162,18,3512839205,1,81,40,555595071,50050050,255,255,255,255,402944797465.3021
1791120467772224,2026-10-04T13:27:47.772224+00:00,162,18,3512852070,1,81,40,555595071,50050050,255,255,255,255,402944810318.2935
1791120467778734,2026-10-04T13:27:47.778734+00:00,162,83,3512858566,1,81,40,555595071,50050050,255,255,255,255,402944816828.2892
1791120467780945,2026-10-04T13:27:47.780945+00:00,162,18,3512860806,1,81,40,555595071,50050050,255,255,255,255,402944819039.2877
1791120467794783,2026-10-04T13:27:47.794783+00:00,162,18,3512874628,1,81,40,555595071,50050050,255,255,255,255,402944832877.2785
1791120467809706,2026-10-04T13:27:47.809706+00:00,162,18,3512889564,1,81,40,555595071,50050050,255,255,255,255,402944847800.26855
1791120467824687,2026-10-04T13:27:47.824687+00:00,162,18,3512904542,1,81,40,555595071,50050050,255,255,255,255,402944862781.2586
1791120467839752,2026-10-04T13:27:47.839752+00:00,162,18,3512919603,1,81,40,555595071,50050050,255,255,255,255,402944877846.24854
1791120467855206,2026-10-04T13:27:47.855206+00:00,162,18,3512935019,1,81,40,555595071,50050050,255,255,255,255,402944893300.2383
1791120467863426,2026-10-04T13:27:47.863426+00:00,162,18,3512943282,1,81,40,555595071,50050050,255,255,255,255,402944901520.2328
1791120467877262,2026-10-04T13:27:47.877262+00:00,162,18,3512957055,1,81,40,555595071,50050050,255,255,255,255,402944915356.2236
1791120467892220,2026-10-04T13:27:47.892220+00:00,162,18,3512972076,1,81,40,555595071,50050050,255,255,255,255,402944930314.2136
1791120467907196,2026-10-04T13:27:47.907196+00:00,162,18,3512987043,1,81,40,555595071,50050050,255,255,255,255,402944945290.2037
1791120467923439,2026-10-04T13:27:47.923439+00:00,162,18,3513003289,1,81,40,555595071,50050050,255,255,255,255,402944961533.1928
1791120467924965,2026-10-04T13:27:47.924965+00:00,162,83,3513004818,1,81,40,555595071,50050050,255,255,255,255,402944963059.19183
1791120467938425,2026-10-04T13:27:47.938425+00:00,162,18,3513018284,1,81,40,555595071,50050050,255,255,255,255,402944976519.18286
1791120467952153,2026-10-04T13:27:47.952153+00:00,162,18,3513032010,1,81,40,555595071,50050050,255,255,255,255,402944990247.1737
1791120467968348,2026-10-04T13:27:47.968348+00:00,162,18,3513048203,1,81,40,555595071,50050050,255,255,255,255,402945006442.1629
1791120467982223,2026-10-04T13:27:47.982223+00:00,162,18,3513062077,1,81,40,555595071,50050050,255,255,255,255,402945020317.1537
1791120467990856,2026-10-04T13:27:47.990856+00:00,162,18,3513070708,1,81,40,555595071,50050050,255,255,255,255,402945028950.14795
1791120468004700,2026-10-04T13:27:48.004700+00:00,162,18,3513084544,1,81,40,555595071,50050050,255,255,255,255,402945042794.13873
1791120468019661,2026-10-04T13:27:48.019661+00:00,162,18,3513099516,1,81,40,555595071,50050050,255,255,255,255,402945057755.1287
1791120468034676,2026-10-04T13:27:48.034676+00:00,162,18,3513114532,1,81,40,555595071,50050050,255,255,255,255,402945072770.1187
1791120468051089,2026-10-04T13:27:48.051089+00:00,162,18,3513130947,2,82,42,0,50050050,255,255,255,255,402945089183.1078
1791120468071505,2026-10-04T13:27:48.071505+00:00,162,83,3513151330,2,83,42,0,50050050,14,255,255,255,402945109599.09424
1791120468079882,2026-10-04T13:27:48.079882+00:00,162,18,3513159743,2,83,42,0,50050050,14,255,255,255,402945117976.0886
1791120468094976,2026-10-04T13:27:48.094976+00:00,162,18,3513174805,2,83,42,0,50050050,14,255,255,255,402945133070.07855
1791120468110848,2026-10-04T13:27:48.110848+00:00,162,18,3513190704,2,83,42,0,50050050,14,255,255,255,402945148942.068
1791120468133809,2026-10-04T13:27:48.133809+00:00,162,18,3513213667,2,83,42,0,50050050,14,255,255,255,402945171903.05273
1791120468155901,2026-10-04T13:27:48.155901+00:00,162,18,3513235700,2,83,42,0,50050050,14,255,255,255,402945193995.038
1791120468169974,2026-10-04T13:27:48.169974+00:00,162,18,3513249830,2,83,42,0,50050050,14,255,255,255,402945208068.0286
1791120468184892,2026-10-04T13:27:48.184892+00:00,162,18,3513264744,2,83,42,0,50050050,14,255,255,255,402945222986.0187
1791120468200886,2026-10-04T13:27:48.200886+00:00,162,18,3513280728,2,83,42,0,50050050,14,255,255,255,402945238980.00806
1791120468214695,2026-10-04T13:27:48.214695+00:00,162,18,3513294546,2,83,42,0,50050050,14,255,255,255,402945252788.99884
1791120468216358,2026-10-04T13:27:48.216358+00:00,162,83,3513296210,2,83,42,0,50050050,14,255,255,255,402945254451.99774
1791120468231101,2026-10-04T13:27:48.231101+00:00,162,18,3513310930,2,83,42,0,50050050,14,255,255,255,402945269194.9879
1791120468244885,2026-10-04T13:27:48.244885+00:00,162,18,3513324644,2,83,42,0,50050050,14,255,255,255,402945282978.97876
1791120468267491,2026-10-04T13:27:48.267491+00:00,162,18,3513347317,2,83,42,0,50050050,14,255,255,255,402945305584.9637
1791120468297198,2026-10-04T13:27:48.297198+00:00,162,18,3513377051,2,83,42,0,50050050,14,255,255,255,402945335291.9439
1791120468353620,2026-10-04T13:27:48.353620+00:00,162,83,3513433449,2,83,42,0,50050050,14,255,255,255,402945391713.9063
1791120468357162,2026-10-04T13:27:48.357162+00:00,162,18,3513437018,2,83,42,0,50050050,14,255,255,255,402945395255.90393
1791120468365834,2026-10-04T13:27:48.365834+00:00,162,18,3513445695,2,83,42,0,50050050,14,255,255,255,402945403927.8982
1791120468388356,2026-10-04T13:27:48.388356+00:00,162,18,3513468206,2,83,42,0,50050050,14,255,255,255,402945426449.8832
1791120468388943,2026-10-04T13:27:48.388943+00:00,162,18,3513468797,2,83,42,0,50050050,14,255,255,255,402945427036.8828
1791120468409923,2026-10-04T13:27:48.409923+00:00,162,18,3513489678,2,83,42,0,50050050,14,255,255,255,402945448016.86884
1791120468424757,2026-10-04T13:27:48.424757+00:00,162,18,3513504615,2,83,42,0,50050050,14,255,255,255,402945462850.85895
1791120468439709,2026-10-04T13:27:48.439709+00:00,162,18,3513519549,2,83,42,0,50050050,14,255,255,255,402945477802.849
1791120468455868,2026-10-04T13:27:48.455868+00:00,162,18,3513535721,2,83,42,0,50050050,14,255,255,255,402945493961.8382
1791120468477262,2026-10-04T13:27:48.477262+00:00,162,18,3513557112,2,83,42,0,50050050,14,255,255,255,402945515355.824
1791120468486138,2026-10-04T13:27:48.486138+00:00,162,18,3513565994,2,83,42,0,50050050,14,255,255,255,402945524231.81805
1791120468497088,2026-10-04T13:27:48.497088+00:00,162,83,3513576929,2,83,42,0,50050050,14,255,255,255,402945535181.8108
1791120468507170,2026-10-04T13:27:48.507170+00:00,162,18,3513587027,2,83,42,0,50050050,14,255,255,255,402945545263.8041
1791120468529724,2026-10-04T13:27:48.529724+00:00,162,18,3513609565,2,83,42,0,50050050,14,255,255,255,402945567817.789
1791120468539463,2026-10-04T13:27:48.539463+00:00,162,18,3513619303,2,83,42,0,50050050,14,255,255,255,402945577556.78253
1791120468552281,2026-10-04T13:27:48.552281+00:00,162,18,3513632126,2,83,42,0,50050050,14,255,255,255,402945590374.774
1791120468560970,2026-10-04T13:27:48.560970+00:00,162,18,3513640823,2,83,42,0,50050050,14,255,255,255,402945599063.7682
1791120468574633,2026-10-04T13:27:48.574633+00:00,162,18,3513654490,2,83,42,0,50050050,14,255,255,255,402945612726.7591
1791120468589678,2026-10-04T13:27:48.589678+00:00,162,18,3513669523,2,83,42,0,50050050,14,255,255,255,402945627771.7491
1791120468612205,2026-10-04T13:27:48.612205+00:00,162,18,3513692065,2,83,42,0,50050050,14,255,255,255,402945650298.7341
1791120468637895,2026-10-04T13:27:48.637895+00:00,162,83,3513717731,2,83,42,0,50050050,14,255,255,255,402945675988.717
1791120468651127,2026-10-04T13:27:48.651127+00:00,162,18,3513730982,2,83,42,0,50050050,14,255,255,255,402945689220.7082
1791120468665829,2026-10-04T13:27:48.665829+00:00,162,18,3513745676,2,83,42,0,50050050,14,255,255,255,402945703922.69836
1791120468679670,2026-10-04T13:27:48.679670+00:00,162,18,3513759518,2,83,42,0,50050050,14,255,255,255,402945717763.68915
1791120468695788,2026-10-04T13:27:48.695788+00:00,162,18,3513775646,2,83,42,0,50050050,14,255,255,255,402945733881.6784
1791120468717275,2026-10-04T13:27:48.717275+00:00,162,18,3513797106,2,83,42,0,50050050,14,255,255,255,402945755368.6641
1791120468727287,2026-10-04T13:27:48.727287+00:00,162,18,3513807134,2,83,42,0,50050050,14,255,255,255,402945765380.6575
1791120468762215,2026-10-04T13:27:48.762215+00:00,162,18,3513842066,2,83,42,0,50050050,14,255,255,255,402945800308.63416
1791120468771002,2026-10-04T13:27:48.771002+00:00,162,18,3513850692,2,83,42,0,50050050,14,255,255,255,402945809095.62836
1791120468780525,2026-10-04T13:27:48.780525+00:00,162,83,3513860360,2,83,42,0,50050050,14,255,255,255,402945818618.622
1791120468822164,2026-10-04T13:27:48.822164+00:00,162,18,3513902015,2,83,42,0,50050050,14,255,255,255,402945860257.59424
1791120468844687,2026-10-04T13:27:48.844687+00:00,162,18,3513924541,2,83,42,0,50050050,14,255,255,255,402945882780.5793
1791120468860793,2026-10-04T13:27:48.860793+00:00,162,18,3513940652,2,83,42,0,50050050,14,255,255,255,402945898886.56854
1791120468889626,2026-10-04T13:27:48.889626+00:00,162,18,3513969482,2,83,42,0,50050050,14,255,255,255,402945927719.5493
1791120468900092,2026-10-04T13:27:48.900092+00:00,162,18,3513979935,2,83,42,0,50050050,14,255,255,255,402945938185.54236
1791120468919607,2026-10-04T13:27:48.919607+00:00,162,18,3513999475,2,83,42,0,50050050,14,255,255,255,402945957700.52936
1791120468920014,2026-10-04T13:27:48.920014+00:00,162,83,3513999888,2,83,42,0,50050050,14,255,255,255,402945958107.5291
1791120468949779,2026-10-04T13:27:48.949779+00:00,162,18,3514029633,2,83,42,0,50050050,14,255,255,255,402945987872.5093
1791120468972132,2026-10-04T13:27:48.972132+00:00,162,18,3514051993,2,83,42,0,50050050,14,255,255,255,402946010225.4944
1791120468994750,2026-10-04T13:27:48.994750+00:00,162,18,3514074604,2,83,42,0,50050050,14,255,255,255,402946032843.4793
1791120469003388,2026-10-04T13:27:49.003388+00:00,162,18,3514083244,2,83,42,0,50050050,14,255,255,255,402946041481.4736
1791120469025869,2026-10-04T13:27:49.025869+00:00,162,18,3514105719,2,83,42,0,50050050,14,255,255,255,402946063962.45856
1791120469040931,2026-10-04T13:27:49.040931+00:00,162,18,3514120677,2,83,42,0,50050050,14,255,255,255,402946079024.44855
1791120469053893,2026-10-04T13:27:49.053893+00:00,162,83,3514133739,2,83,42,0,50050050,14,255,255,255,402946091986.43994
1791120469054680,2026-10-04T13:27:49.054680+00:00,162,18,3514134544,2,84,42,0,50050050,12,255,255,255,402946092773.4394
1791120469069646,2026-10-04T13:27:49.069646+00:00,162,18,3514149503,2,84,42,0,50050050,12,255,255,255,402946107739.42944
1791120469099975,2026-10-04T13:27:49.099975+00:00,162,18,3514179792,2,84,42,0,50050050,12,255,255,255,402946138068.40924
1791120469167239,2026-10-04T13:27:49.167239+00:00,162,18,3514247083,2,84,42,0,50050050,12,255,255,255,402946205332.36444
1791120469185721,2026-10-04T13:27:49.185721+00:00,162,83,3514265565,2,84,42,0,50050050,12,255,255,255,402946223814.3521
1791120469311049,2026-10-04T13:27:49.311049+00:00,162,18,3514390841,2,84,42,0,50050050,12,255,255,255,402946349142.2687
1791120469311729,2026-10-04T13:27:49.311729+00:00,162,83,3514391552,2,84,42,0,50050050,12,255,255,255,402946349822.2682
1791120469354646,2026-10-04T13:27:49.354646+00:00,162,18,3514434505,2,84,42,0,50050050,12,255,255,255,402946392739.2396
1791120469432159,2026-10-04T13:27:49.432159+00:00,162,83,3514512001,2,84,42,0,50050050,12,255,255,255,402946470252.188
1791120469559375,2026-10-04T13:27:49.559375+00:00,162,83,3514639218,2,84,42,0,50050050,12,255,255,255,402946597468.1033
1791120469685585,2026-10-04T13:27:49.685585+00:00,162,83,3514765425,2,84,42,0,50050050,12,255,255,255,402946723678.0192
1791120469813508,2026-10-04T13:27:49.813508+00:00,162,83,3514893320,2,84,42,0,50050050,12,255,255,255,402946851600.934
1791120469835841,2026-10-04T13:27:49.835841+00:00,162,18,3514915704,2,84,42,0,50050050,12,255,255,255,402946873933.9191
1791120469836260,2026-10-04T13:27:49.836260+00:00,162,18,3514916127,2,84,42,0,50050050,12,255,255,255,402946874352.9188
1791120469918370,2026-10-04T13:27:49.918370+00:00,162,18,3514998225,2,84,42,0,50050050,12,255,255,255,402946956462.86414
1791120469939078,2026-10-04T13:27:49.939078+00:00,162,83,3515018859,2,84,42,0,50050050,12,255,255,255,402946977170.85034
1791120469962551,2026-10-04T13:27:49.962551+00:00,162,18,3515042354,2,84,42,0,50050050,12,255,255,255,402947000643.8347
1791120469992199,2026-10-04T13:27:49.992199+00:00,162,18,3515072058,2,84,42,0,50050050,12,255,255,255,402947030291.815
1791120470002705,2026-10-04T13:27:50.002705+00:00,162,18,3515082545,2,84,42,0,50050050,12,255,255,255,402947040797.808
1791120470022215,2026-10-04T13:27:50.022215+00:00,162,18,3515102069,2,84,42,0,50050050,12,255,255,255,402947060307.795
1791120470052223,2026-10-04T13:27:50.052223+00:00,162,18,3515132078,2,84,42,0,50050050,12,255,255,255,402947090315.775
1791120470060634,2026-10-04T13:27:50.060634+00:00,162,83,3515140475,2,84,42,0,50050050,12,255,255,255,402947098726.7694
1791120470061073,2026-10-04T13:27:50.061073+00:00,162,18,3515140928,2,84,42,0,50050050,12,255,255,255,402947099165.7691
1791120470089950,2026-10-04T13:27:50.089950+00:00,162,18,3515169803,2,84,42,0,50050050,12,255,255,255,402947128042.7499
1791120470105938,2026-10-04T13:27:50.105938+00:00,162,18,3515185802,2,84,42,0,50050050,12,255,255,255,402947144030.73926
1791120470119651,2026-10-04T13:27:50.119651+00:00,162,18,3515199501,2,84,42,0,50050050,12,255,255,255,402947157743.7301
1791120470134722,2026-10-04T13:27:50.134722+00:00,162,18,3515214556,2,84,42,0,50050050,12,255,255,255,402947172814.7201
1791120470164780,2026-10-04T13:27:50.164780+00:00,162,18,3515244634,2,84,42,0,50050050,12,255,255,255,402947202872.7001
1791120470173292,2026-10-04T13:27:50.173292+00:00,162,18,3515253144,2,84,42,0,50050050,12,255,255,255,402947211384.6944
1791120470188314,2026-10-04T13:27:50.188314+00:00,162,18,3515268167,2,84,42,0,50050050,12,255,255,255,402947226406.6844
1791120470199405,2026-10-04T13:27:50.199405+00:00,162,83,3515279251,2,84,42,0,50050050,12,255,255,255,402947237497.677
1791120470202628,2026-10-04T13:27:50.202628+00:00,162,18,3515282475,2,84,42,0,50050050,12,255,255,255,402947240720.67487
1791120470232324,2026-10-04T13:27:50.232324+00:00,162,18,3515312095,2,84,42,0,50050050,12,255,255,255,402947270416.655
1791120470240795,2026-10-04T13:27:50.240795+00:00,162,18,3515320664,2,84,42,0,50050050,12,255,255,255,402947278887.6494
1791120470255755,2026-10-04T13:27:50.255755+00:00,162,18,3515335615,2,84,42,0,50050050,12,255,255,255,402947293847.63947
1791120470270782,2026-10-04T13:27:50.270782+00:00,162,18,3515350638,2,84,42,0,50050050,12,255,255,255,402947308874.62946
1791120470314631,2026-10-04T13:27:50.314631+00:00,162,18,3515394483,2,84,42,0,50050050,12,255,255,255,402947352723.6002
1791120470336856,2026-10-04T13:27:50.336856+00:00,162,83,3515416695,2,84,42,0,50050050,12,255,255,255,402947374948.58545
1791120470440173,2026-10-04T13:27:50.440173+00:00,162,83,3515519953,2,84,42,0,50050050,12,255,255,255,402947478265.5166
1791120470443411,2026-10-04T13:27:50.443411+00:00,162,18,3515523272,2,84,42,0,50050050,12,255,255,255,402947481503.51447
1791120470457280,2026-10-04T13:27:50.457280+00:00,162,18,3515537072,2,84,42,0,50050050,12,255,255,255,402947495372.50525
1791120470473315,2026-10-04T13:27:50.473315+00:00,162,18,3515553177,2,84,42,0,50050050,12,255,255,255,402947511407.49457
1791120470487207,2026-10-04T13:27:50.487207+00:00,162,18,3515567064,2,84,42,0,50050050,12,255,255,255,402947525299.4853
1791120470502380,2026-10-04T13:27:50.502380+00:00,162,18,3515582212,2,84,42,0,50050050,12,255,255,255,402947540472.4752
1791120470517318,2026-10-04T13:27:50.517318+00:00,162,18,3515597173,2,84,42,0,50050050,12,255,255,255,402947555410.4653
1791120470532127,2026-10-04T13:27:50.532127+00:00,162,18,3515611976,2,84,42,0,50050050,12,255,255,255,402947570219.4554
1791120470542724,2026-10-04T13:27:50.542724+00:00,162,83,3515622569,2,84,42,0,50050050,12,255,255,255,402947580816.4483
1791120470547189,2026-10-04T13:27:50.547189+00:00,162,18,3515627052,2,84,42,0,50050050,12,255,255,255,402947585281.4454
1791120470562313,2026-10-04T13:27:50.562313+00:00,162,18,3515642168,2,84,42,0,50050050,12,255,255,255,402947600405.4353
1791120470577146,2026-10-04T13:27:50.577146+00:00,162,18,3515656998,2,84,42,0,50050050,12,255,255,255,402947615238.4254
1791120470592563,2026-10-04T13:27:50.592563+00:00,162,18,3515672407,2,84,42,0,50050050,12,255,255,255,402947630655.41516
1791120470602565,2026-10-04T13:27:50.602565+00:00,162,18,3515682394,2,84,42,0,50050050,12,255,255,255,402947640657.40845
1791120470644049,2026-10-04T13:27:50.644049+00:00,162,83,3515723854,2,84,42,0,50050050,12,255,255,255,402947682141.38086
1791120470660825,2026-10-04T13:27:50.660825+00:00,162,18,3515740678,2,84,42,0,50050050,12,255,255,255,402947698917.3697
1791120470674689,2026-10-04T13:27:50.674689+00:00,162,18,3515754538,2,84,42,0,50050050,12,255,255,255,402947712781.3604
1791120470689776,2026-10-04T13:27:50.689776+00:00,162,18,3515769573,2,84,42,0,50050050,12,255,255,255,402947727868.3504
1791120470704626,2026-10-04T13:27:50.704626+00:00,162,18,3515784484,2,84,42,0,50050050,12,255,255,255,402947742718.3405
1791120470719717,2026-10-04T13:27:50.719717+00:00,162,18,3515799563,2,84,42,0,50050050,12,255,255,255,402947757809.33044
1791120470743392,2026-10-04T13:27:50.743392+00:00,162,18,3515823240,2,84,42,0,50050050,12,255,255,255,402947781484.3147
1791120470757262,2026-10-04T13:27:50.757262+00:00,162,18,3515837095,2,84,42,0,50050050,12,255,255,255,402947795354.3054
1791120470779683,2026-10-04T13:27:50.779683+00:00,162,18,3515859527,2,84,42,0,50050050,12,255,255,255,402947817775.2905
1791120470791367,2026-10-04T13:27:50.791367+00:00,162,83,3515871207,2,84,42,0,50050050,12,255,255,255,402947829459.2827
1791120470794603,2026-10-04T13:27:50.794603+00:00,162,18,3515874460,2,84,42,0,50050050,12,255,255,255,402947832695.2806
1791120470884656,2026-10-04T13:27:50.884656+00:00,162,18,3515964509,2,84,42,0,50050050,12,255,255,255,402947922748.2206
1791120470885460,2026-10-04T13:27:50.885460+00:00,162,18,3515965193,2,84,42,0,50050050,12,255,255,255,402947923552.22003
1791120470899661,2026-10-04T13:27:50.899661+00:00,162,18,3515979519,2,84,42,0,50050050,12,255,255,255,402947937753.2106
1791120470914679,2026-10-04T13:27:50.914679+00:00,162,18,3515994523,2,84,42,0,50050050,12,255,255,255,402947952771.2006
1791120470933083,2026-10-04T13:27:50.933083+00:00,162,83,3516012912,2,84,42,0,50050050,12,255,255,255,402947971175.18835
1791120470944718,2026-10-04T13:27:50.944718+00:00,162,18,3516024567,2,84,42,0,50050050,12,255,255,255,402947982810.1806
1791120470967118,2026-10-04T13:27:50.967118+00:00,162,18,3516046969,2,84,42,0,50050050,12,255,255,255,402948005210.16565
1791120470982117,2026-10-04T13:27:50.982117+00:00,162,18,3516061975,2,84,42,0,50050050,12,255,255,255,402948020209.1557
1791120470997154,2026-10-04T13:27:50.997154+00:00,162,18,3516077005,2,84,42,0,50050050,12,255,255,255,402948035246.1457
1791120471013458,2026-10-04T13:27:51.013458+00:00,162,18,3516093309,2,84,42,0,50050050,12,255,255,255,402948051550.1348
1791120471034639,2026-10-04T13:27:51.034639+00:00,162,18,3516114492,2,84,42,0,50050050,12,255,255,255,402948072731.1207
1791120471051164,2026-10-04T13:27:51.051164+00:00,162,18,3516130947,2,84,42,0,50050050,12,255,255,255,402948089256.1097
1791120471064656,2026-10-04T13:27:51.064656+00:00,162,18,3516144506,2,85,42,0,50050050,14,255,255,255,402948102748.1007
1791120471078382,2026-10-04T13:27:51.078382+00:00,162,83,3516158218,2,85,42,0,50050050,14,255,255,255,402948116474.09155
1791120471079601,2026-10-04T13:27:51.079601+00:00,162,18,3516159464,2,85,42,0,50050050,14,255,255,255,402948117693.09076
1791120471094761,2026-10-04T13:27:51.094761+00:00,162,18,3516174617,2,85,42,0,50050050,14,255,255,255,402948132853.0806
1791120471109894,2026-10-04T13:27:51.109894+00:00,162,18,3516189750,2,85,42,0,50050050,14,255,255,255,402948147986.07056
1791120471124638,2026-10-04T13:27:51.124638+00:00,162,18,3516204490,2,85,42,0,50050050,14,255,255,255,402948162730.0607
1791120471139619,2026-10-04T13:27:51.139619+00:00,162,18,3516219482,2,85,42,0,50050050,14,255,255,255,402948177711.0508
1791120471154634,2026-10-04T13:27:51.154634+00:00,162,18,3516234485,2,85,42,0,50050050,14,255,255,255,402948192726.0408
1791120471169729,2026-10-04T13:27:51.169729+00:00,162,18,3516249576,2,85,42,0,50050050,14,255,255,255,402948207821.0307
1791120471184629,2026-10-04T13:27:51.184629+00:00,162,18,3516264483,2,85,42,0,50050050,14,255,255,255,402948222721.0208
1791120471199641,2026-10-04T13:27:51.199641+00:00,162,18,3516279491,2,85,42,0,50050050,14,255,255,255,402948237733.0108
1791120471214658,2026-10-04T13:27:51.214658+00:00,162,18,3516294514,2,85,42,0,50050050,14,255,255,255,402948252750.0008
1791120471221009,2026-10-04T13:27:51.221009+00:00,162,83,3516300858,2,85,42,0,50050050,14,255,255,255,402948259100.9966
1791120471229613,2026-10-04T13:27:51.229613+00:00,162,18,3516309470,2,85,42,0,50050050,14,255,255,255,402948267704.99084
1791120471244625,2026-10-04T13:27:51.244625+00:00,162,18,3516324483,2,85,42,0,50050050,14,255,255,255,402948282716.98083
1791120471260033,2026-10-04T13:27:51.260033+00:00,162,18,3516339560,2,85,42,0,50050050,14,255,255,255,402948298124.9706
1791120471283376,2026-10-04T13:27:51.283376+00:00,162,18,3516363224,2,85,42,0,50050050,14,255,255,255,402948321467.955
1791120471313443,2026-10-04T13:27:51.313443+00:00,162,18,3516393272,2,85,42,0,50050050,14,255,255,255,402948351534.935
1791120471327181,2026-10-04T13:27:51.327181+00:00,162,18,3516407031,2,85,42,0,50050050,14,255,255,255,402948365272.92584
1791120471342306,2026-10-04T13:27:51.342306+00:00,162,18,3516422157,2,85,42,0,50050050,14,255,255,255,402948380397.9158
1791120471357135,2026-10-04T13:27:51.357135+00:00,162,18,3516436984,2,85,42,0,50050050,14,255,255,255,402948395226.9059
1791120471365076,2026-10-04T13:27:51.365076+00:00,162,83,3516444922,2,85,42,0,50050050,14,255,255,255,402948403167.90063
1791120471365819,2026-10-04T13:27:51.365819+00:00,162,18,3516445680,2,85,42,0,50050050,14,255,255,255,402948403910.90015
1791120471379694,2026-10-04T13:27:51.379694+00:00,162,18,3516459555,2,85,42,0,50050050,14,255,255,255,402948417785.89087
1791120471388246,2026-10-04T13:27:51.388246+00:00,162,18,3516468102,2,85,42,0,50050050,14,255,255,255,402948426337.8852
1791120471402278,2026-10-04T13:27:51.402278+00:00,162,18,3516482116,2,85,42,0,50050050,14,255,255,255,402948440369.87585
1791120471417129,2026-10-04T13:27:51.417129+00:00,162,18,3516496981,2,85,42,0,50050050,14,255,255,255,402948455220.86597
1791120471432139,2026-10-04T13:27:51.432139+00:00,162,18,3516511982,2,85,42,0,50050050,14,255,255,255,402948470230.85596
1791120471447677,2026-10-04T13:27:51.447677+00:00,162,18,3516527381,2,85,42,0,50050050,14,255,255,255,402948485768.8456
1791120471462392,2026-10-04T13:27:51.462392+00:00,162,18,3516542216,2,85,42,0,50050050,14,255,255,255,402948500483.8358
1791120471477148,2026-10-04T13:27:51.477148+00:00,162,18,3516556999,2,85,42,0,50050050,14,255,255,255,402948515239.826
1791120471492115,2026-10-04T13:27:51.492115+00:00,162,18,3516571960,2,85,42,0,50050050,14,255,255,255,402948530206.81604
1791120471501954,2026-10-04T13:27:51.501954+00:00,162,83,3516581802,2,85,42,0,50050050,14,255,255,255,402948540045.80945
1791120471507111,2026-10-04T13:27:51.507111+00:00,162,18,3516586975,2,85,42,0,50050050,14,255,255,255,402948545202.806
1791120471523323,2026-10-04T13:27:51.523323+00:00,162,18,3516603181,2,85,42,0,50050050,14,255,255,255,402948561414.7952
1791120471604574,2026-10-04T13:27:51.604574+00:00,162,18,3516684438,2,85,42,0,50050050,14,255,255,255,402948642665.7411
1791120471613381,2026-10-04T13:27:51.613381+00:00,162,18,3516693236,2,85,42,0,50050050,14,255,255,255,402948651472.7352
1791120471628287,2026-10-04T13:27:51.628287+00:00,162,18,3516708129,2,85,42,0,50050050,14,255,255,255,402948666378.72534
1791120471633296,2026-10-04T13:27:51.633296+00:00,162,83,3516713143,2,85,42,0,50050050,14,255,255,255,402948671387.722
1791120471642185,2026-10-04T13:27:51.642185+00:00,162,18,3516722032,2,85,42,0,50050050,14,255,255,255,402948680276.71606
1791120471657078,2026-10-04T13:27:51.657078+00:00,162,18,3516736939,2,85,42,0,50050050,14,255,255,255,402948695169.7061
1791120471673336,2026-10-04T13:27:51.673336+00:00,162,18,3516753170,2,85,42,0,50050050,14,255,255,255,402948711427.6953
1791120471687098,2026-10-04T13:27:51.687098+00:00,162,18,3516766955,2,85,42,0,50050050,14,255,255,255,402948725189.68616
1791120471702601,2026-10-04T13:27:51.702601+00:00,162,18,3516782453,2,85,42,0,50050050,14,255,255,255,402948740692.67584
1791120471718223,2026-10-04T13:27:51.718223+00:00,162,18,3516798078,2,85,42,0,50050050,14,255,255,255,402948756314.6654
1791120471732104,2026-10-04T13:27:51.732104+00:00,162,18,3516811964,2,85,42,0,50050050,14,255,255,255,402948770195.6562
1791120471747074,2026-10-04T13:27:51.747074+00:00,162,18,3516826931,2,85,42,0,50050050,14,255,255,255,402948785165.6462
1791120471762237,2026-10-04T13:27:51.762237+00:00,162,18,3516842093,2,85,42,0,50050050,14,255,255,255,402948800328.6361
1791120471777141,2026-10-04T13:27:51.777141+00:00,162,18,3516856991,2,85,42,0,50050050,14,255,255,255,402948815232.62616
1791120471781415,2026-10-04T13:27:51.781415+00:00,162,83,3516861259,2,85,42,0,50050050,14,255,255,255,402948819506.62335
1791120471792078,2026-10-04T13:27:51.792078+00:00,162,18,3516871937,2,85,42,0,50050050,14,255,255,255,402948830169.6162
1791120471807588,2026-10-04T13:27:51.807588+00:00,162,18,3516887400,2,85,42,0,50050050,14,255,255,255,402948845679.6059
1791120471822077,2026-10-04T13:27:51.822077+00:00,162,18,3516901936,2,85,42,0,50050050,14,255,255,255,402948860168.59625
1791120471837117,2026-10-04T13:27:51.837117+00:00,162,18,3516916971,2,85,42,0,50050050,14,255,255,255,402948875208.58624
1791120471853601,2026-10-04T13:27:51.853601+00:00,162,18,3516933438,2,85,42,0,50050050,14,255,255,255,402948891692.57526
1791120471868284,2026-10-04T13:27:51.868284+00:00,162,18,3516948135,2,85,42,0,50050050,14,255,255,255,402948906375.5655
1791120471882527,2026-10-04T13:27:51.882527+00:00,162,83,3516962340,2,85,42,0,50050050,14,255,255,255,402948920618.55597
1791120471889678,2026-10-04T13:27:51.889678+00:00,162,18,3516969534,2,85,42,0,50050050,14,255,255,255,402948927769.5512
1791120471890348,2026-10-04T13:27:51.890348+00:00,162,18,3516970209,2,85,42,0,50050050,14,255,255,255,402948928439.5508
1791120471904620,2026-10-04T13:27:51.904620+00:00,162,18,3516984473,2,85,42,0,50050050,14,255,255,255,402948942711.54126
1791120471920931,2026-10-04T13:27:51.920931+00:00,162,18,3517000786,2,85,42,0,50050050,14,255,255,255,402948959022.5304
1791120471934601,2026-10-04T13:27:51.934601+00:00,162,18,3517014449,2,85,42,0,50050050,14,255,255,255,402948972692.5213
1791120471949602,2026-10-04T13:27:51.949602+00:00,162,18,3517029457,2,85,42,0,50050050,14,255,255,255,402948987693.5113
1791120471964664,2026-10-04T13:27:51.964664+00:00,162,18,3517044510,2,85,42,0,50050050,14,255,255,255,402949002755.5013
1791120471980863,2026-10-04T13:27:51.980863+00:00,162,18,3517060692,2,85,42,0,50050050,14,255,255,255,402949018954.4905
1791120471995762,2026-10-04T13:27:51.995762+00:00,162,18,3517075615,2,85,42,0,50050050,14,255,255,255,402949033853.4806
1791120472009667,2026-10-04T13:27:52.009667+00:00,162,18,3517089515,2,85,42,0,50050050,14,255,255,255,402949047758.4713
1791120472021085,2026-10-04T13:27:52.021085+00:00,162,83,3517100921,2,85,42,0,50050050,14,255,255,255,402949059176.4637
1791120472025012,2026-10-04T13:27:52.025012+00:00,162,18,3517104875,2,85,42,0,50050050,14,255,255,255,402949063103.46106
1791120472033254,2026-10-04T13:27:52.033254+00:00,162,18,3517113113,2,85,42,0,50050050,14,255,255,255,402949071345.4556
1791120472047201,2026-10-04T13:27:52.047201+00:00,162,18,3517127035,2,85,42,0,50050050,14,255,255,255,402949085292.4463
1791120472062145,2026-10-04T13:27:52.062145+00:00,162,18,3517141996,2,85,42,0,50050050,14,255,255,255,402949100236.43634
1791120472077130,2026-10-04T13:27:52.077130+00:00,162,18,3517156983,2,85,42,0,50050050,14,255,255,255,402949115221.4264
1791120472092139,2026-10-04T13:27:52.092139+00:00,162,18,3517171991,2,85,42,0,50050050,14,255,255,255,402949130230.4164
1791120472107151,2026-10-04T13:27:52.107151+00:00,162,18,3517187005,2,85,42,0,50050050,14,255,255,255,402949145242.4064
1791120472122267,2026-10-04T13:27:52.122267+00:00,162,18,3517202092,2,85,42,0,50050050,14,255,255,255,402949160358.3963
1791120472137205,2026-10-04T13:27:52.137205+00:00,162,18,3517217044,2,85,42,0,50050050,14,255,255,255,402949175296.38635
1791120472152216,2026-10-04T13:27:52.152216+00:00,162,18,3517231956,2,85,42,0,50050050,14,255,255,255,402949190307.37634
1791120472166583,2026-10-04T13:27:52.166583+00:00,162,83,3517246423,2,85,42,0,50050050,14,255,255,255,402949204674.3668
1791120472167171,2026-10-04T13:27:52.167171+00:00,162,18,3517247043,2,85,42,0,50050050,14,255,255,255,402949205262.3664
1791120472182135,2026-10-04T13:27:52.182135+00:00,162,18,3517261992,2,85,42,0,50050050,14,255,255,255,402949220226.35645
1791120472197224,2026-10-04T13:27:52.197224+00:00,162,18,3517277069,2,85,42,0,50050050,14,255,255,255,402949235315.3464
1791120472212165,2026-10-04T13:27:52.212165+00:00,162,18,3517291961,2,85,42,0,50050050,14,255,255,255,402949250256.3364
1791120472227189,2026-10-04T13:27:52.227189+00:00,162,18,3517306973,2,85,42,0,50050050,14,255,255,255,402949265280.3264
1791120472242136,2026-10-04T13:27:52.242136+00:00,162,18,3517321984,2,85,42,0,50050050,14,255,255,255,402949280227.31647
1791120472257107,2026-10-04T13:27:52.257107+00:00,162,18,3517336962,2,85,42,0,50050050,14,255,255,255,402949295198.3065
1791120472272114,2026-10-04T13:27:52.272114+00:00,162,18,3517351965,2,85,42,0,50050050,14,255,255,255,402949310205.2965
1791120472287091,2026-10-04T13:27:52.287091+00:00,162,18,3517366945,2,85,42,0,50050050,14,255,255,255,402949325182.28656
1791120472295086,2026-10-04T13:27:52.295086+00:00,162,83,3517374935,2,85,42,0,50050050,14,255,255,255,402949333177.2812
1791120472302289,2026-10-04T13:27:52.302289+00:00,162,18,3517382133,2,85,42,0,50050050,14,255,255,255,402949340380.2764
1791120472317100,2026-10-04T13:27:52.317100+00:00,162,18,3517396955,2,85,42,0,50050050,14,255,255,255,402949355191.26654
1791120472332205,2026-10-04T13:27:52.332205+00:00,162,18,3517412058,2,85,42,0,50050050,14,255,255,255,402949370296.2565
1791120472347114,2026-10-04T13:27:52.347114+00:00,162,18,3517426969,2,85,42,0,50050050,14,255,255,255,402949385205.2466
1791120472362159,2026-10-04T13:27:52.362159+00:00,162,18,3517442011,2,85,42,0,50050050,14,255,255,255,402949400250.2366
1791120472377316,2026-10-04T13:27:52.377316+00:00,162,18,3517457164,2,85,42,0,50050050,14,255,255,255,402949415407.22644
1791120472392218,2026-10-04T13:27:52.392218+00:00,162,18,3517472070,2,85,42,0,50050050,14,255,255,255,402949430309.2165
1791120472407326,2026-10-04T13:27:52.407326+00:00,162,18,3517487179,2,85,42,0,50050050,14,255,255,255,402949445417.2065
1791120472422485,2026-10-04T13:27:52.422485+00:00,162,18,3517502319,2,85,42,0,50050050,14,255,255,255,402949460576.19635
1791120472436381,2026-10-04T13:27:52.436381+00:00,162,83,3517516213,2,85,42,0,50050050,14,255,255,255,402949474472.18713
1791120472437310,2026-10-04T13:27:52.437310+00:00,162,18,3517517178,2,85,42,0,50050050,14,255,255,255,402949475401.18646
1791120472445807,2026-10-04T13:27:52.445807+00:00,162,18,3517525656,2,85,42,0,50050050,14,255,255,255,402949483898.18085
1791120472459674,2026-10-04T13:27:52.459674+00:00,162,18,3517539529,2,85,42,0,50050050,14,255,255,255,402949497765.1716
1791120472474608,2026-10-04T13:27:52.474608+00:00,162,18,3517554453,2,85,42,0,50050050,14,255,255,255,402949512699.1616
1791120472489593,2026-10-04T13:27:52.489593+00:00,162,18,3517569451,2,85,42,0,50050050,14,255,255,255,402949527684.1517
1791120472505223,2026-10-04T13:27:52.505223+00:00,162,18,3517584880,2,85,42,0,50050050,14,255,255,255,402949543314.14124
1791120472519698,2026-10-04T13:27:52.519698+00:00,162,18,3517599531,2,85,42,0,50050050,14,255,255,255,402949557789.1316
1791120472528501,2026-10-04T13:27:52.528501+00:00,162,18,3517608342,2,85,42,0,50050050,14,255,255,255,402949566592.12573
1791120472540274,2026-10-04T13:27:52.540274+00:00,162,83,3517620070,2,85,42,0,50050050,14,255,255,255,402949578365.1179
1791120472542112,2026-10-04T13:27:52.542112+00:00,162,18,3517621979,2,85,42,0,50050050,14,255,255,255,402949580203.1167
1791120472557122,2026-10-04T13:27:52.557122+00:00,162,18,3517636978,2,85,42,0,50050050,14,255,255,255,402949595213.1067
1791120472572236,2026-10-04T13:27:52.572236+00:00,162,18,3517652068,2,85,42,0,50050050,14,255,255,255,402949610327.0966
1791120472587223,2026-10-04T13:27:52.587223+00:00,162,18,3517667068,2,85,42,0,50050050,14,255,255,255,402949625314.0867
1791120472602306,2026-10-04T13:27:52.602306+00:00,162,18,3517682163,2,85,42,0,50050050,14,255,255,255,402949640397.0766
1791120472617105,2026-10-04T13:27:52.617105+00:00,162,18,3517696965,2,85,42,0,50050050,14,255,255,255,402949655196.0668
1791120472632188,2026-10-04T13:27:52.632188+00:00,162,18,3517712033,2,85,42,0,50050050,14,255,255,255,402949670279.0567
1791120472642710,2026-10-04T13:27:52.642710+00:00,162,83,3517722556,2,85,42,0,50050050,14,255,255,255,402949680801.0497
1791120472647072,2026-10-04T13:27:52.647072+00:00,162,18,3517726934,2,85,42,0,50050050,14,255,255,255,402949685163.0468
1791120472662631,2026-10-04T13:27:52.662631+00:00,162,18,3517742419,2,85,42,0,50050050,14,255,255,255,402949700722.03644
1791120472677119,2026-10-04T13:27:52.677119+00:00,162,18,3517756975,2,85,42,0,50050050,14,255,255,255,402949715210.0268
1791120472692115,2026-10-04T13:27:52.692115+00:00,162,18,3517771971,2,85,42,0,50050050,14,255,255,255,402949730206.0168
1791120472707079,2026-10-04T13:27:52.707079+00:00,162,18,3517786933,2,85,42,0,50050050,14,255,255,255,402949745170.00684
1791120472722095,2026-10-04T13:27:52.722095+00:00,162,18,3517801944,2,85,42,0,50050050,14,255,255,255,402949760185.9968
1791120472737112,2026-10-04T13:27:52.737112+00:00,162,18,3517816961,2,85,42,0,50050050,14,255,255,255,402949775202.9868
1791120472752115,2026-10-04T13:27:52.752115+00:00,162,18,3517831973,2,85,42,0,50050050,14,255,255,255,402949790205.9768
1791120472767141,2026-10-04T13:27:52.767141+00:00,162,18,3517846991,2,85,42,0,50050050,14,255,255,255,402949805231.9668
1791120472782091,2026-10-04T13:27:52.782091+00:00,162,18,3517861947,2,85,42,0,50050050,14,255,255,255,402949820181.95685
1791120472783055,2026-10-04T13:27:52.783055+00:00,162,83,3517862901,2,85,42,0,50050050,14,255,255,255,402949821145.95624
1791120472797075,2026-10-04T13:27:52.797075+00:00,162,18,3517876934,2,85,42,0,50050050,14,255,255,255,402949835165.9469
1791120472812069,2026-10-04T13:27:52.812069+00:00,162,18,3517891920,2,85,42,0,50050050,14,255,255,255,402949850159.9369
1791120472828544,2026-10-04T13:27:52.828544+00:00,162,18,3517908356,2,85,42,0,50050050,14,255,255,255,402949866634.9259
1791120472842047,2026-10-04T13:27:52.842047+00:00,162,18,3517921909,2,85,42,0,50050050,14,255,255,255,402949880137.91693
1791120472857120,2026-10-04T13:27:52.857120+00:00,162,18,3517936958,2,85,42,0,50050050,14,255,255,255,402949895210.90686
1791120472872207,2026-10-04T13:27:52.872207+00:00,162,18,3517952064,2,85,42,0,50050050,14,255,255,255,402949910297.89685
1791120472883180,2026-10-04T13:27:52.883180+00:00,162,83,3517963019,2,85,42,0,50050050,14,255,255,255,402949921270.8895
1791120472887043,2026-10-04T13:27:52.887043+00:00,162,18,3517966904,2,85,42,0,50050050,14,255,255,255,402949925133.88696
1791120472894614,2026-10-04T13:27:52.894614+00:00,162,18,3517974458,2,85,42,0,50050050,14,255,255,255,402949932704.8819
1791120472902085,2026-10-04T13:27:52.902085+00:00,162,18,3517981940,2,85,42,0,50050050,14,255,255,255,402949940175.87695
1791120472917117,2026-10-04T13:27:52.917117+00:00,162,18,3517996967,2,85,42,0,50050050,14,255,255,255,402949955207.86694
1791120472932269,2026-10-04T13:27:52.932269+00:00,162,18,3518012123,2,85,42,0,50050050,14,255,255,255,402949970359.8568
1791120472947082,2026-10-04T13:27:52.947082+00:00,162,18,3518026938,2,85,42,0,50050050,14,255,255,255,402949985172.847
1791120472962089,2026-10-04T13:27:52.962089+00:00,162,18,3518041941,2,85,42,0,50050050,14,255,255,255,402950000179.837
1791120472977289,2026-10-04T13:27:52.977289+00:00,162,18,3518057141,2,85,42,0,50050050,14,255,255,255,402950015379.82684
1791120472992233,2026-10-04T13:27:52.992233+00:00,162,18,3518072088,2,85,42,0,50050050,14,255,255,255,402950030323.8169
1791120473007157,2026-10-04T13:27:53.007157+00:00,162,18,3518087014,2,85,42,0,50050050,14,255,255,255,402950045247.80695
1791120473022208,2026-10-04T13:27:53.022208+00:00,162,18,3518101984,2,85,42,0,50050050,14,255,255,255,402950060298.79694
1791120473030775,2026-10-04T13:27:53.030775+00:00,162,18,3518110634,2,85,42,0,50050050,14,255,255,255,402950068865.79126
1791120473035751,2026-10-04T13:27:53.035751+00:00,162,83,3518115601,2,85,42,0,50050050,14,255,255,255,402950073841.7879
1791120473044648,2026-10-04T13:27:53.044648+00:00,162,18,3518124507,2,85,42,0,50050050,14,255,255,255,402950082738.782
1791120473059572,2026-10-04T13:27:53.059572+00:00,162,18,3518139416,2,85,42,0,50050050,14,255,255,255,402950097662.77203
1791120473069301,2026-10-04T13:27:53.069301+00:00,162,18,3518149148,2,85,42,0,50050050,14,255,255,255,402950107391.76556
1791120473082106,2026-10-04T13:27:53.082106+00:00,162,18,3518161957,2,85,42,0,50050050,14,255,255,255,402950120196.757
1791120473090744,2026-10-04T13:27:53.090744+00:00,162,18,3518170600,2,85,42,0,50050050,14,255,255,255,402950128834.7513
1791120473104676,2026-10-04T13:27:53.104676+00:00,162,18,3518184533,2,85,42,0,50050050,14,255,255,255,402950142766.742
1791120473119979,2026-10-04T13:27:53.119979+00:00,162,18,3518199760,2,85,42,0,50050050,14,255,255,255,402950158069.7318
1791120473128535,2026-10-04T13:27:53.128535+00:00,162,18,3518208382,2,85,42,0,50050050,14,255,255,255,402950166625.72614
1791120473136059,2026-10-04T13:27:53.136059+00:00,162,83,3518215905,2,85,42,0,50050050,14,255,255,255,402950174149.7211
1791120473142055,2026-10-04T13:27:53.142055+00:00,162,18,3518221918,2,85,42,0,50050050,14,255,255,255,402950180145.7171
1791120473157069,2026-10-04T13:27:53.157069+00:00,162,18,3518236925,2,85,42,0,50050050,14,255,255,255,402950195159.7071
1791120473172715,2026-10-04T13:27:53.172715+00:00,162,18,3518252232,2,85,42,0,50050050,14,255,255,255,402950210805.6967
1791120473187083,2026-10-04T13:27:53.187083+00:00,162,18,3518266937,2,85,42,0,50050050,14,255,255,255,402950225173.68713
1791120473202374,2026-10-04T13:27:53.202374+00:00,162,18,3518282054,2,85,42,0,50050050,14,255,255,255,402950240464.67694
1791120473225722,2026-10-04T13:27:53.225722+00:00,162,18,3518305579,2,85,42,0,50050050,14,255,255,255,402950263812.6614
1791120473239585,2026-10-04T13:27:53.239585+00:00,162,18,3518319437,2,85,42,0,50050050,14,255,255,255,402950277675.65216
1791120473254736,2026-10-04T13:27:53.254736+00:00,162,18,3518334587,2,85,42,0,50050050,14,255,255,255,402950292826.6421
1791120473269618,2026-10-04T13:27:53.269618+00:00,162,18,3518349461,2,85,42,0,50050050,14,255,255,255,402950307708.63214
1791120473272573,2026-10-04T13:27:53.272573+00:00,162,83,3518352407,2,85,42,0,50050050,14,255,255,255,402950310663.6302
1791120473299553,2026-10-04T13:27:53.299553+00:00,162,18,3518379411,2,85,42,0,50050050,14,255,255,255,402950337643.61224
1791120473314767,2026-10-04T13:27:53.314767+00:00,162,18,3518394586,2,85,42,0,50050050,14,255,255,255,402950352857.6021
1791120473417455,2026-10-04T13:27:53.417455+00:00,162,83,3518497289,2,85,42,0,50050050,14,255,255,255,402950455545.5337
1791120473443394,2026-10-04T13:27:53.443394+00:00,162,18,3518523246,2,85,42,0,50050050,14,255,255,255,402950481484.5164
1791120473457073,2026-10-04T13:27:53.457073+00:00,162,18,3518536930,2,85,42,0,50050050,14,255,255,255,402950495163.5073
1791120473480711,2026-10-04T13:27:53.480711+00:00,162,18,3518560565,2,85,42,0,50050050,14,255,255,255,402950518801.4916
1791120473494803,2026-10-04T13:27:53.494803+00:00,162,18,3518574648,2,85,42,0,50050050,14,255,255,255,402950532893.4822
1791120473503239,2026-10-04T13:27:53.503239+00:00,162,18,3518583094,2,85,42,0,50050050,14,255,255,255,402950541329.47656
1791120473539668,2026-10-04T13:27:53.539668+00:00,162,18,3518619502,2,85,42,0,50050050,14,255,255,255,402950577758.4523
1791120473558625,2026-10-04T13:27:53.558625+00:00,162,83,3518638472,2,85,42,0,50050050,14,255,255,255,402950596715.4397
1791120473562099,2026-10-04T13:27:53.562099+00:00,162,18,3518641955,2,85,42,0,50050050,14,255,255,255,402950600189.4374
1791120473600782,2026-10-04T13:27:53.600782+00:00,162,18,3518680634,2,85,42,0,50050050,14,255,255,255,402950638872.4116
1791120473674555,2026-10-04T13:27:53.674555+00:00,162,18,3518754404,2,85,42,0,50050050,14,255,255,255,402950712645.3625
1791120473691397,2026-10-04T13:27:53.691397+00:00,162,83,3518771248,2,85,42,0,50050050,14,255,255,255,402950729487.35126
1791120473697248,2026-10-04T13:27:53.697248+00:00,162,18,3518777115,2,85,42,0,50050050,14,255,255,255,402950735338.34735
1791120473712085,2026-10-04T13:27:53.712085+00:00,162,18,3518791918,2,85,42,0,50050050,14,255,255,255,402950750175.33746
1791120473720736,2026-10-04T13:27:53.720736+00:00,162,18,3518800592,2,85,42,0,50050050,14,255,255,255,402950758826.3317
1791120473734598,2026-10-04T13:27:53.734598+00:00,162,18,3518814446,2,85,42,0,50050050,14,255,255,255,402950772688.32245
1791120473765840,2026-10-04T13:27:53.765840+00:00,162,18,3518845691,2,85,42,0,50050050,14,255,255,255,402950803930.30164
1791120473779556,2026-10-04T13:27:53.779556+00:00,162,18,3518859416,2,85,42,0,50050050,14,255,255,255,402950817646.29254
1791120473796213,2026-10-04T13:27:53.796213+00:00,162,18,3518876048,2,85,42,0,50050050,14,255,255,255,402950834303.28143
1791120473823167,2026-10-04T13:27:53.823167+00:00,162,83,3518902997,2,85,42,0,50050050,14,255,255,255,402950861257.2635
1791120473825766,2026-10-04T13:27:53.825766+00:00,162,18,3518905627,2,85,42,0,50050050,14,255,255,255,402950863856.2617
1791120473839596,2026-10-04T13:27:53.839596+00:00,162,18,3518919449,2,85,42,0,50050050,14,255,255,255,402950877686.25256
1791120473870673,2026-10-04T13:27:53.870673+00:00,162,18,3518950531,2,85,42,0,50050050,14,255,255,255,402950908763.2318
1791120473892177,2026-10-04T13:27:53.892177+00:00,162,18,3518972037,2,86,42,0,50050050,6,255,255,255,402950930267.2175
1791120473899571,2026-10-04T13:27:53.899571+00:00,162,18,3518979425,2,86,42,0,50050050,6,255,255,255,402950937661.2126
1791120473902527,2026-10-04T13:27:53.902527+00:00,162,18,3518982370,2,86,42,0,50050050,6,255,255,255,402950940617.21063
1791120473922401,2026-10-04T13:27:53.922401+00:00,162,18,3519002083,2,86,42,0,50050050,6,255,255,255,402950960491.1974
1791120473937083,2026-10-04T13:27:53.937083+00:00,162,18,3519016932,2,86,42,0,50050050,6,255,255,255,402950975173.1876
1791120473945764,2026-10-04T13:27:53.945764+00:00,162,18,3519025614,2,86,42,0,50050050,6,255,255,255,402950983854.1818
1791120473959581,2026-10-04T13:27:53.959581+00:00,162,18,3519039439,2,86,42,0,50050050,6,255,255,255,402950997671.1726
1791120473965653,2026-10-04T13:27:53.965653+00:00,162,83,3519045498,2,86,42,0,50050050,6,255,255,255,402951003743.1686
1791120473975071,2026-10-04T13:27:53.975071+00:00,162,18,3519054916,2,86,42,0,50050050,6,255,255,255,402951013161.1623
1791120473989578,2026-10-04T13:27:53.989578+00:00,162,18,3519069433,2,86,42,0,50050050,6,255,255,255,402951027668.15265
1791120474004609,2026-10-04T13:27:54.004609+00:00,162,18,3519084458,2,86,42,0,50050050,6,255,255,255,402951042699.14264
1791120474019556,2026-10-04T13:27:54.019556+00:00,162,18,3519099407,2,86,42,0,50050050,6,255,255,255,402951057646.1327
1791120474034601,2026-10-04T13:27:54.034601+00:00,162,18,3519114458,2,86,42,0,50050050,6,255,255,255,402951072691.1227
1791120474049833,2026-10-04T13:27:54.049833+00:00,162,18,3519129601,2,86,42,0,50050050,6,255,255,255,402951087923.1125
1791120474064670,2026-10-04T13:27:54.064670+00:00,162,18,3519144523,2,86,42,0,50050050,6,255,255,255,402951102760.10266
1791120474079579,2026-10-04T13:27:54.079579+00:00,162,18,3519159432,2,86,42,0,50050050,6,255,255,255,402951117669.0927
1791120474094673,2026-10-04T13:27:54.094673+00:00,162,18,3519174516,2,86,42,0,50050050,6,255,255,255,402951132763.08264
1791120474099346,2026-10-04T13:27:54.099346+00:00,162,83,3519179197,2,86,42,0,50050050,6,255,255,255,402951137436.0795
1791120474109580,2026-10-04T13:27:54.109580+00:00,162,18,3519189442,2,86,42,0,50050050,6,255,255,255,402951147670.0727
1791120474124666,2026-10-04T13:27:54.124666+00:00,162,18,3519204527,2,86,42,0,50050050,6,255,255,255,402951162756.0627
1791120474140021,2026-10-04T13:27:54.140021+00:00,162,18,3519219878,2,86,42,0,50050050,6,255,255,255,402951178111.0524
1791120474154878,2026-10-04T13:27:54.154878+00:00,162,18,3519234714,2,86,42,0,50050050,6,255,255,255,402951192968.04254
1791120474170715,2026-10-04T13:27:54.170715+00:00,162,18,3519250567,2,86,42,0,50050050,6,255,255,255,402951208805.032
1791120474184585,2026-10-04T13:27:54.184585+00:00,162,18,3519264438,2,86,42,0,50050050,6,255,255,255,402951222675.02277
1791120474199613,2026-10-04T13:27:54.199613+00:00,162,18,3519279466,2,86,42,0,50050050,6,255,255,255,402951237703.01276
1791120474214773,2026-10-04T13:27:54.214773+00:00,162,18,3519294603,2,86,42,0,50050050,6,255,255,255,402951252863.0027
1791120474241634,2026-10-04T13:27:54.241634+00:00,162,83,3519321474,2,86,42,0,50050050,6,255,255,255,402951279723.98474
1791120474244576,2026-10-04T13:27:54.244576+00:00,162,18,3519324438,2,86,42,0,50050050,6,255,255,255,402951282665.9828
1791120474267426,2026-10-04T13:27:54.267426+00:00,162,18,3519347223,2,86,42,0,50050050,6,255,255,255,402951305515.9676
1791120474275720,2026-10-04T13:27:54.275720+00:00,162,18,3519355559,2,86,42,0,50050050,6,255,255,255,402951313809.9621
1791120474289630,2026-10-04T13:27:54.289630+00:00,162,18,3519369484,2,86,42,0,50050050,6,255,255,255,402951327719.9528
1791120474304981,2026-10-04T13:27:54.304981+00:00,162,18,3519384826,2,86,42,0,50050050,6,255,255,255,402951343070.94257
1791120474364253,2026-10-04T13:27:54.364253+00:00,162,83,3519444079,2,86,42,0,50050050,6,255,255,255,402951402342.9031
1791120474484530,2026-10-04T13:27:54.484530+00:00,162,18,3519564388,2,86,42,0,50050050,6,255,255,255,402951522619.823
1791120474492415,2026-10-04T13:27:54.492415+00:00,162,83,3519572266,2,86,42,0,50050050,6,255,255,255,402951530504.81775
1791120474499610,2026-10-04T13:27:54.499610+00:00,162,18,3519579465,2,86,42,0,50050050,6,255,255,255,402951537699.8129
1791120474514539,2026-10-04T13:27:54.514539+00:00,162,18,3519594392,2,86,42,0,50050050,6,255,255,255,402951552628.80304
1791120474529613,2026-10-04T13:27:54.529613+00:00,162,18,3519609434,2,86,42,0,50050050,6,255,255,255,402951567702.79297
1791120474544659,2026-10-04T13:27:54.544659+00:00,162,18,3519624493,2,86,42,0,50050050,6,255,255,255,402951582748.78296
1791120474559543,2026-10-04T13:27:54.559543+00:00,162,18,3519639386,2,86,42,0,50050050,6,255,255,255,402951597632.773
1791120474568209,2026-10-04T13:27:54.568209+00:00,162,18,3519648052,2,86,42,0,50050050,6,255,255,255,402951606298.7673
1791120474582031,2026-10-04T13:27:54.582031+00:00,162,18,3519661885,2,86,42,0,50050050,6,255,255,255,402951620120.75806
1791120474597066,2026-10-04T13:27:54.597066+00:00,162,18,3519676911,2,86,42,0,50050050,6,255,255,255,402951635155.74805
1791120474612099,2026-10-04T13:27:54.612099+00:00,162,18,3519691941,2,86,42,0,50050050,6,255,255,255,402951650188.73804
1791120474615977,2026-10-04T13:27:54.615977+00:00,162,83,3519695819,2,86,42,0,50050050,6,255,255,255,402951654066.7355
1791120474627151,2026-10-04T13:27:54.627151+00:00,162,18,3519707011,2,86,42,0,50050050,6,255,255,255,402951665240.728
1791120474642291,2026-10-04T13:27:54.642291+00:00,162,18,3519722151,2,86,42,0,50050050,6,255,255,255,402951680380.7179
1791120474657098,2026-10-04T13:27:54.657098+00:00,162,18,3519736945,2,86,42,0,50050050,6,255,255,255,402951695187.70807
1791120474672287,2026-10-04T13:27:54.672287+00:00,162,18,3519752121,2,86,42,0,50050050,6,255,255,255,402951710376.69794
1791120474687067,2026-10-04T13:27:54.687067+00:00,162,18,3519766922,2,86,42,0,50050050,6,255,255,255,402951725156.6881
1791120474702087,2026-10-04T13:27:54.702087+00:00,162,18,3519781938,2,86,42,0,50050050,6,255,255,255,402951740176.6781
1791120474717337,2026-10-04T13:27:54.717337+00:00,162,18,3519797132,2,86,42,0,50050050,6,255,255,255,402951755426.66797
1791120474725772,2026-10-04T13:27:54.725772+00:00,162,18,3519805632,2,86,42,0,50050050,6,255,255,255,402951763861.66235
1791120474739687,2026-10-04T13:27:54.739687+00:00,162,18,3519819537,2,86,42,0,50050050,6,255,255,255,402951777776.6531
1791120474750885,2026-10-04T13:27:54.750885+00:00,162,83,3519830732,2,86,42,0,50050050,6,255,255,255,402951788974.64557
1791120474755720,2026-10-04T13:27:54.755720+00:00,162,18,3519835573,2,86,42,0,50050050,6,255,255,255,402951793809.6424
1791120474770676,2026-10-04T13:27:54.770676+00:00,162,18,3519850532,2,86,42,0,50050050,6,255,255,255,402951808765.63245
1791120474784603,2026-10-04T13:27:54.784603+00:00,162,18,3519864426,2,86,42,0,50050050,6,255,255,255,402951822692.62317
1791120474793343,2026-10-04T13:27:54.793343+00:00,162,18,3519873196,2,86,42,0,50050050,6,255,255,255,402951831432.6173
1791120474807055,2026-10-04T13:27:54.807055+00:00,162,18,3519886907,2,86,42,0,50050050,6,255,255,255,402951845144.6082
1791120474822183,2026-10-04T13:27:54.822183+00:00,162,18,3519902017,2,86,42,0,50050050,6,255,255,255,402951860272.5981
1791120474837003,2026-10-04T13:27:54.837003+00:00,162,18,3519916875,2,86,42,0,50050050,6,255,255,255,402951875092.58826
1791120474852028,2026-10-04T13:27:54.852028+00:00,162,18,3519931883,2,86,42,0,50050050,6,255,255,255,402951890117.57825
1791120474867056,2026-10-04T13:27:54.867056+00:00,162,18,3519946894,2,86,42,0,50050050,6,255,255,255,402951905145.56824
1791120474873297,2026-10-04T13:27:54.873297+00:00,162,83,3519953159,2,86,42,0,50050050,6,255,255,255,402951911386.5641
1791120474875783,2026-10-04T13:27:54.875783+00:00,162,18,3519955644,2,86,42,0,50050050,6,255,255,255,402951913872.56244
1791120474897266,2026-10-04T13:27:54.897266+00:00,162,18,3519977093,2,86,42,0,50050050,6,255,255,255,402951935355.5481
1791120474919592,2026-10-04T13:27:54.919592+00:00,162,18,3519999453,2,86,42,0,50050050,6,255,255,255,402951957681.53326
1791120474919987,2026-10-04T13:27:54.919987+00:00,162,18,3519999862,2,86,42,0,50050050,6,255,255,255,402951958076.53296
1791120474934566,2026-10-04T13:27:54.934566+00:00,162,18,3520014421,2,86,42,0,50050050,6,255,255,255,402951972655.52325
1791120474949513,2026-10-04T13:27:54.949513+00:00,162,18,3520029370,2,86,42,0,50050050,6,255,255,255,402951987602.5133
1791120474964549,2026-10-04T13:27:54.964549+00:00,162,18,3520044406,2,86,42,0,50050050,6,255,255,255,402952002638.5033
1791120474999498,2026-10-04T13:27:54.999498+00:00,162,83,3520079343,2,86,42,0,50050050,6,255,255,255,402952037587.48004
1791120475002031,2026-10-04T13:27:55.002031+00:00,162,18,3520081894,2,86,42,0,50050050,6,255,255,255,402952040120.47833
1791120475017123,2026-10-04T13:27:55.017123+00:00,162,18,3520096986,2,86,42,0,50050050,6,255,255,255,402952055212.46826
1791120475032115,2026-10-04T13:27:55.032115+00:00,162,18,3520111964,2,86,42,0,50050050,6,255,255,255,402952070204.4583
1791120475054463,2026-10-04T13:27:55.054463+00:00,162,18,3520134329,2,86,42,0,50050050,6,255,255,255,402952092552.4434
1791120475119722,2026-10-04T13:27:55.119722+00:00,162,83,3520199557,2,86,42,0,50050050,6,255,255,255,402952157811.39996
1791120475123249,2026-10-04T13:27:55.123249+00:00,162,18,3520203104,2,86,42,0,50050050,6,255,255,255,402952161338.3976
1791120475137021,2026-10-04T13:27:55.137021+00:00,162,18,3520216887,2,86,42,0,50050050,6,255,255,255,402952175110.3884
1791120475152292,2026-10-04T13:27:55.152292+00:00,162,18,3520232150,2,86,42,0,50050050,6,255,255,255,402952190381.37823
1791120475167006,2026-10-04T13:27:55.167006+00:00,162,18,3520246867,2,86,42,0,50050050,6,255,255,255,402952205095.36847
1791120475182040,2026-10-04T13:27:55.182040+00:00,162,18,3520261900,2,86,42,0,50050050,6,255,255,255,402952220129.35846
1791120475197029,2026-10-04T13:27:55.197029+00:00,162,18,3520276881,2,86,42,0,50050050,6,255,255,255,402952235118.34845
1791120475212063,2026-10-04T13:27:55.212063+00:00,162,18,3520291923,2,86,42,0,50050050,6,255,255,255,402952250152.33844
1791120475228276,2026-10-04T13:27:55.228276+00:00,162,18,3520308124,2,86,42,0,50050050,6,255,255,255,402952266365.32764
1791120475231111,2026-10-04T13:27:55.231111+00:00,162,83,3520310952,2,86,42,0,50050050,6,255,255,255,402952269200.32574
1791120475241999,2026-10-04T13:27:55.241999+00:00,162,18,3520321861,2,86,42,0,50050050,6,255,255,255,402952280088.3185
1791120475257052,2026-10-04T13:27:55.257052+00:00,162,18,3520336901,2,86,42,0,50050050,6,255,255,255,402952295141.3085
1791120475272053,2026-10-04T13:27:55.272053+00:00,162,18,3520351895,2,86,42,0,50050050,6,255,255,255,402952310142.29846
1791120475287153,2026-10-04T13:27:55.287153+00:00,162,18,3520367014,2,86,42,0,50050050,6,255,255,255,402952325242.28845
1791120475302538,2026-10-04T13:27:55.302538+00:00,162,18,3520382333,2,86,42,0,50050050,6,255,255,255,402952340627.2782
1791120475316965,2026-10-04T13:27:55.316965+00:00,162,18,3520396831,2,86,42,0,50050050,6,255,255,255,402952355054.26855
1791120475332054,2026-10-04T13:27:55.332054+00:00,162,18,3520411912,2,86,42,0,50050050,6,255,255,255,402952370143.25854
1791120475340729,2026-10-04T13:27:55.340729+00:00,162,18,3520420577,2,86,42,0,50050050,6,255,255,255,402952378818.25275
1791120475350818,2026-10-04T13:27:55.350818+00:00,162,83,3520430656,2,86,42,0,50050050,6,255,255,255,402952388907.24603
1791120475354645,2026-10-04T13:27:55.354645+00:00,162,18,3520434507,2,86,42,0,50050050,6,255,255,255,402952392734.24347
1791120475369490,2026-10-04T13:27:55.369490+00:00,162,18,3520449353,2,86,42,0,50050050,6,255,255,255,402952407579.2336
1791120475384515,2026-10-04T13:27:55.384515+00:00,162,18,3520464365,2,86,42,0,50050050,6,255,255,255,402952422604.2236
1791120475399492,2026-10-04T13:27:55.399492+00:00,162,18,3520479351,2,86,42,0,50050050,6,255,255,255,402952437581.2136
1791120475416054,2026-10-04T13:27:55.416054+00:00,162,18,3520495845,2,86,42,0,50050050,6,255,255,255,402952454143.2026
1791120475429526,2026-10-04T13:27:55.429526+00:00,162,18,3520509383,2,86,42,0,50050050,6,255,255,255,402952467615.1936
1791120475444559,2026-10-04T13:27:55.444559+00:00,162,18,3520524410,2,86,42,0,50050050,6,255,255,255,402952482648.1836
1791120475456190,2026-10-04T13:27:55.456190+00:00,162,83,3520536007,2,86,42,0,50050050,6,255,255,255,402952494279.17584
1791120475459663,2026-10-04T13:27:55.459663+00:00,162,18,3520539536,2,86,42,0,50050050,6,255,255,255,402952497752.1735
1791120475474526,2026-10-04T13:27:55.474526+00:00,162,18,3520554382,2,86,42,0,50050050,6,255,255,255,402952512615.16364
1791120475489553,2026-10-04T13:27:55.489553+00:00,162,18,3520569396,2,86,42,0,50050050,6,255,255,255,402952527642.1536
1791120475505633,2026-10-04T13:27:55.505633+00:00,162,18,3520585500,2,86,42,0,50050050,6,255,255,255,402952543722.14294
1791120475519553,2026-10-04T13:27:55.519553+00:00,162,18,3520599408,2,86,42,0,50050050,6,255,255,255,402952557642.13367
1791120475528226,2026-10-04T13:27:55.528226+00:00,162,18,3520608079,2,86,42,0,50050050,6,255,255,255,402952566315.12787
1791120475542023,2026-10-04T13:27:55.542023+00:00,162,18,3520621882,2,86,42,0,50050050,6,255,255,255,402952580112.1187
1791120475557124,2026-10-04T13:27:55.557124+00:00,162,18,3520636964,2,86,42,0,50050050,6,255,255,255,402952595213.10864
1791120475567536,2026-10-04T13:27:55.567536+00:00,162,83,3520647385,2,86,42,0,50050050,6,255,255,255,402952605625.1017
1791120475572048,2026-10-04T13:27:55.572048+00:00,162,18,3520651910,2,86,42,0,50050050,6,255,255,255,402952610137.0987
1791120475587008,2026-10-04T13:27:55.587008+00:00,162,18,3520666869,2,86,42,0,50050050,6,255,255,255,402952625097.08875
1791120475602032,2026-10-04T13:27:55.602032+00:00,162,18,3520681886,2,86,42,0,50050050,6,255,255,255,402952640121.07874
1791120475617033,2026-10-04T13:27:55.617033+00:00,162,18,3520696891,2,86,42,0,50050050,6,255,255,255,402952655122.0687
1791120475632046,2026-10-04T13:27:55.632046+00:00,162,18,3520711899,2,86,42,0,50050050,6,255,255,255,402952670135.0587
1791120475647097,2026-10-04T13:27:55.647097+00:00,162,18,3520726949,2,86,42,0,50050050,6,255,255,255,402952685186.0487
1791120475662001,2026-10-04T13:27:55.662001+00:00,162,18,3520741858,2,86,42,0,50050050,6,255,255,255,402952700090.03876
1791120475677054,2026-10-04T13:27:55.677054+00:00,162,18,3520756912,2,86,42,0,50050050,6,255,255,255,402952715143.02875
1791120475687179,2026-10-04T13:27:55.687179+00:00,162,83,3520766962,2,86,42,0,50050050,6,255,255,255,402952725268.02203
1791120475692008,2026-10-04T13:27:55.692008+00:00,162,18,3520771865,2,86,42,0,50050050,6,255,255,255,402952730097.0188
1791120475707097,2026-10-04T13:27:55.707097+00:00,162,18,3520786926,2,86,42,0,50050050,6,255,255,255,402952745186.0087
1791120475722079,2026-10-04T13:27:55.722079+00:00,162,18,3520801930,2,86,42,0,50050050,6,255,255,255,402952760167.9988
1791120475730683,2026-10-04T13:27:55.730683+00:00,162,18,3520810548,2,86,42,0,50050050,6,255,255,255,402952768771.99304
1791120475745803,2026-10-04T13:27:55.745803+00:00,162,18,3520825649,2,86,42,0,50050050,6,255,255,255,402952783891.983
1791120475759700,2026-10-04T13:27:55.759700+00:00,162,18,3520839545,2,86,42,0,50050050,6,255,255,255,402952797788.9737
1791120475774586,2026-10-04T13:27:55.774586+00:00,162,18,3520854445,2,86,42,0,50050050,6,255,255,255,402952812674.9638
1791120475789551,2026-10-04T13:27:55.789551+00:00,162,18,3520869404,2,86,42,0,50050050,6,255,255,255,402952827639.9538
1791120475804605,2026-10-04T13:27:55.804605+00:00,162,18,3520884455,2,86,42,0,50050050,6,255,255,255,402952842693.9438
1791120475805641,2026-10-04T13:27:55.805641+00:00,162,83,3520885503,2,86,42,0,50050050,6,255,255,255,402952843729.9431
1791120475819530,2026-10-04T13:27:55.819530+00:00,162,18,3520899395,2,86,42,0,50050050,6,255,255,255,402952857618.93384
1791120475880736,2026-10-04T13:27:55.880736+00:00,162,18,3520960592,2,86,42,0,50050050,6,255,255,255,402952918824.89307
1791120475909542,2026-10-04T13:27:55.909542+00:00,162,18,3520989403,2,86,42,0,50050050,6,255,255,255,402952947630.8739
1791120475919303,2026-10-04T13:27:55.919303+00:00,162,83,3520999145,2,86,42,0,50050050,6,255,255,255,402952957391.86743
1791120475931998,2026-10-04T13:27:55.931998+00:00,162,18,3521011860,2,86,42,0,50050050,6,255,255,255,402952970086.85895
1791120475932400,2026-10-04T13:27:55.932400+00:00,162,18,3521012276,2,86,42,0,50050050,6,255,255,255,402952970488.8587
1791120475969482,2026-10-04T13:27:55.969482+00:00,162,18,3521049341,2,86,42,0,50050050,6,255,255,255,402953007570.834
1791120476014590,2026-10-04T13:27:56.014590+00:00,162,18,3521094435,2,86,42,0,50050050,6,255,255,255,402953052678.80396
1791120476029516,2026-10-04T13:27:56.029516+00:00,162,18,3521109370,2,86,42,0,50050050,6,255,255,255,402953067604.794
1791120476044696,2026-10-04T13:27:56.044696+00:00,162,18,3521124558,2,86,42,0,50050050,6,255,255,255,402953082784.7839
1791120476045333,2026-10-04T13:27:56.045333+00:00,162,83,3521125215,2,86,42,0,50050050,6,255,255,255,402953083421.78345
1791120476067013,2026-10-04T13:27:56.067013+00:00,162,18,3521146870,2,87,42,0,50050050,14,255,255,255,402953105101.76904
1791120476082178,2026-10-04T13:27:56.082178+00:00,162,18,3521162033,2,87,42,0,50050050,14,255,255,255,402953120266.7589
1791120476098100,2026-10-04T13:27:56.098100+00:00,162,18,3521177964,2,87,42,0,50050050,14,255,255,255,402953136188.74835
1791120476112065,2026-10-04T13:27:56.112065+00:00,162,18,3521191915,2,87,42,0,50050050,14,255,255,255,402953150153.739
1791120476127079,2026-10-04T13:27:56.127079+00:00,162,18,3521206930,2,87,42,0,50050050,14,255,255,255,402953165167.729
1791120476143516,2026-10-04T13:27:56.143516+00:00,162,18,3521223371,2,87,42,0,50050050,14,255,255,255,402953181604.7181
1791120476158258,2026-10-04T13:27:56.158258+00:00,162,83,3521238115,2,87,42,0,50050050,14,255,255,255,402953196346.70825
1791120476158723,2026-10-04T13:27:56.158723+00:00,162,18,3521238594,2,87,42,0,50050050,14,255,255,255,402953196811.70795
1791120476172577,2026-10-04T13:27:56.172577+00:00,162,18,3521252377,2,87,42,0,50050050,14,255,255,255,402953210665.6987
1791120476187042,2026-10-04T13:27:56.187042+00:00,162,18,3521266906,2,87,42,0,50050050,14,255,255,255,402953225130.6891
1791120476201967,2026-10-04T13:27:56.201967+00:00,162,18,3521281842,2,87,42,0,50050050,14,255,255,255,402953240055.67914
1791120476217007,2026-10-04T13:27:56.217007+00:00,162,18,3521296865,2,87,42,0,50050050,14,255,255,255,402953255095.6691
1791120476232039,2026-10-04T13:27:56.232039+00:00,162,18,3521311887,2,87,42,0,50050050,14,255,255,255,402953270127.6591
1791120476247015,2026-10-04T13:27:56.247015+00:00,162,18,3521326877,2,87,42,0,50050050,14,255,255,255,402953285103.6492
1791120476262134,2026-10-04T13:27:56.262134+00:00,162,18,3521341898,2,87,42,0,50050050,14,255,255,255,402953300222.6391
1791120476277005,2026-10-04T13:27:56.277005+00:00,162,18,3521356863,2,87,42,0,50050050,14,255,255,255,402953315093.62915
1791120476281604,2026-10-04T13:27:56.281604+00:00,162,83,3521361449,2,87,42,0,50050050,14,255,255,255,402953319692.6261
1791120476292018,2026-10-04T13:27:56.292018+00:00,162,18,3521371876,2,87,42,0,50050050,14,255,255,255,402953330106.61914
1791120476307056,2026-10-04T13:27:56.307056+00:00,162,18,3521386915,2,87,42,0,50050050,14,255,255,255,402953345144.60913
1791120476322255,2026-10-04T13:27:56.322255+00:00,162,18,3521402082,2,87,42,0,50050050,14,255,255,255,402953360343.59906
1791120476337068,2026-10-04T13:27:56.337068+00:00,162,18,3521416923,2,87,42,0,50050050,14,255,255,255,402953375156.5892
1791120476352039,2026-10-04T13:27:56.352039+00:00,162,18,3521431893,2,87,42,0,50050050,14,255,255,255,402953390127.5792
1791120476367108,2026-10-04T13:27:56.367108+00:00,162,18,3521446900,2,87,42,0,50050050,14,255,255,255,402953405196.56915
1791120476382001,2026-10-04T13:27:56.382001+00:00,162,18,3521461859,2,87,42,0,50050050,14,255,255,255,402953420089.55927
1791120476397066,2026-10-04T13:27:56.397066+00:00,162,18,3521476916,2,87,42,0,50050050,14,255,255,255,402953435154.5492
1791120476400324,2026-10-04T13:27:56.400324+00:00,162,83,3521480177,2,87,42,0,50050050,14,255,255,255,402953438412.54706
1791120476412227,2026-10-04T13:27:56.412227+00:00,162,18,3521492053,2,87,42,0,50050050,14,255,255,255,402953450315.5391
1791120476427182,2026-10-04T13:27:56.427182+00:00,162,18,3521507033,2,87,42,0,50050050,14,255,255,255,402953465270.5292
1791120476441997,2026-10-04T13:27:56.441997+00:00,162,18,3521521868,2,87,42,0,50050050,14,255,255,255,402953480085.5193
1791120476450706,2026-10-04T13:27:56.450706+00:00,162,18,3521530562,2,87,42,0,50050050,14,255,255,255,402953488794.5135
1791120476464564,2026-10-04T13:27:56.464564+00:00,162,18,3521544411,2,87,42,0,50050050,14,255,255,255,402953502652.5043
1791120476479753,2026-10-04T13:27:56.479753+00:00,162,18,3521559607,2,87,42,0,50050050,14,255,255,255,402953517841.49414
1791120476488102,2026-10-04T13:27:56.488102+00:00,162,18,3521567959,2,87,42,0,50050050,14,255,255,255,402953526190.4886
1791120476502041,2026-10-04T13:27:56.502041+00:00,162,18,3521581897,2,87,42,0,50050050,14,255,255,255,402953540129.4793
1791120476517248,2026-10-04T13:27:56.517248+00:00,162,18,3521597104,2,87,42,0,50050050,14,255,255,255,402953555336.4692
1791120476519721,2026-10-04T13:27:56.519721+00:00,162,83,3521599557,2,87,42,0,50050050,14,255,255,255,402953557809.4675
1791120476532046,2026-10-04T13:27:56.532046+00:00,162,18,3521611907,2,87,42,0,50050050,14,255,255,255,402953570134.4593
1791120476547251,2026-10-04T13:27:56.547251+00:00,162,18,3521627100,2,87,42,0,50050050,14,255,255,255,402953585339.44916
1791120476562401,2026-10-04T13:27:56.562401+00:00,162,18,3521642209,2,87,42,0,50050050,14,255,255,255,402953600489.4391
1791120476577035,2026-10-04T13:27:56.577035+00:00,162,18,3521656887,2,87,42,0,50050050,14,255,255,255,402953615123.4293
1791120476592054,2026-10-04T13:27:56.592054+00:00,162,18,3521671917,2,87,42,0,50050050,14,255,255,255,402953630142.4193
1791120476607137,2026-10-04T13:27:56.607137+00:00,162,18,3521687008,2,87,42,0,50050050,14,255,255,255,402953645225.4093
1791120476622046,2026-10-04T13:27:56.622046+00:00,162,18,3521701897,2,87,42,0,50050050,14,255,255,255,402953660134.39935
1791120476630727,2026-10-04T13:27:56.630727+00:00,162,18,3521710583,2,87,42,0,50050050,14,255,255,255,402953668815.39355
1791120476636936,2026-10-04T13:27:56.636936+00:00,162,83,3521716798,2,87,42,0,50050050,14,255,255,255,402953675024.38947
1791120476644638,2026-10-04T13:27:56.644638+00:00,162,18,3521724475,2,87,42,0,50050050,14,255,255,255,402953682726.38434
1791120476659682,2026-10-04T13:27:56.659682+00:00,162,18,3521739533,2,87,42,0,50050050,14,255,255,255,402953697770.37427
1791120476674617,2026-10-04T13:27:56.674617+00:00,162,18,3521754452,2,87,42,0,50050050,14,255,255,255,402953712705.3644
1791120476689487,2026-10-04T13:27:56.689487+00:00,162,18,3521769346,2,87,42,0,50050050,14,255,255,255,402953727575.35443
1791120476704557,2026-10-04T13:27:56.704557+00:00,162,18,3521784427,2,87,42,0,50050050,14,255,255,255,402953742645.3444
1791120476719550,2026-10-04T13:27:56.719550+00:00,162,18,3521799403,2,87,42,0,50050050,14,255,255,255,402953757638.3344
1791120476734496,2026-10-04T13:27:56.734496+00:00,162,18,3521814343,2,87,42,0,50050050,14,255,255,255,402953772584.32446
1791120476749512,2026-10-04T13:27:56.749512+00:00,162,18,3521829372,2,87,42,0,50050050,14,255,255,255,402953787600.31445
1791120476758094,2026-10-04T13:27:56.758094+00:00,162,83,3521837957,2,87,42,0,50050050,14,255,255,255,402953796182.3088
1791120476764847,2026-10-04T13:27:56.764847+00:00,162,18,3521844712,2,87,42,0,50050050,14,255,255,255,402953802935.30426
1791120476779508,2026-10-04T13:27:56.779508+00:00,162,18,3521859357,2,87,42,0,50050050,14,255,255,255,402953817596.2945
1791120476794795,2026-10-04T13:27:56.794795+00:00,162,18,3521874637,2,87,42,0,50050050,14,255,255,255,402953832883.2843
1791120476809495,2026-10-04T13:27:56.809495+00:00,162,18,3521889349,2,87,42,0,50050050,14,255,255,255,402953847583.27454
1791120476824562,2026-10-04T13:27:56.824562+00:00,162,18,3521904408,2,87,42,0,50050050,14,255,255,255,402953862650.26447
1791120476839533,2026-10-04T13:27:56.839533+00:00,162,18,3521919382,2,87,42,0,50050050,14,255,255,255,402953877621.2545
1791120476854458,2026-10-04T13:27:56.854458+00:00,162,18,3521934320,2,87,42,0,50050050,14,255,255,255,402953892546.24457
1791120476869509,2026-10-04T13:27:56.869509+00:00,162,18,3521949366,2,87,42,0,50050050,14,255,255,255,402953907597.23456
1791120476885673,2026-10-04T13:27:56.885673+00:00,162,18,3521965509,2,87,42,0,50050050,14,255,255,255,402953923761.22375
1791120476886780,2026-10-04T13:27:56.886780+00:00,162,83,3521966645,2,87,42,0,50050050,14,255,255,255,402953924868.223
1791120476899513,2026-10-04T13:27:56.899513+00:00,162,18,3521979337,2,87,42,0,50050050,14,255,255,255,402953937601.21454
1791120476914622,2026-10-04T13:27:56.914622+00:00,162,18,3521994484,2,87,42,0,50050050,14,255,255,255,402953952710.2045
1791120476929525,2026-10-04T13:27:56.929525+00:00,162,18,3522009378,2,87,42,0,50050050,14,255,255,255,402953967613.1946
1791120476937043,2026-10-04T13:27:56.937043+00:00,162,18,3522016909,2,87,42,0,50050050,14,255,255,255,402953975131.1896
1791120476944564,2026-10-04T13:27:56.944564+00:00,162,18,3522024419,2,87,42,0,50050050,14,255,255,255,402953982652.1846
1791120476959904,2026-10-04T13:27:56.959904+00:00,162,18,3522039756,2,87,42,0,50050050,14,255,255,255,402953997992.1743
1791120476974555,2026-10-04T13:27:56.974555+00:00,162,18,3522054398,2,87,42,0,50050050,14,255,255,255,402954012643.1646
1791120476989499,2026-10-04T13:27:56.989499+00:00,162,18,3522069356,2,87,42,0,50050050,14,255,255,255,402954027587.1546
1791120477004504,2026-10-04T13:27:57.004504+00:00,162,18,3522084362,2,87,42,0,50050050,14,255,255,255,402954042592.14465
1791120477019517,2026-10-04T13:27:57.019517+00:00,162,18,3522099364,2,87,42,0,50050050,14,255,255,255,402954057605.13464
1791120477028139,2026-10-04T13:27:57.028139+00:00,162,83,3522107993,2,87,42,0,50050050,14,255,255,255,402954066227.1289
1791120477034572,2026-10-04T13:27:57.034572+00:00,162,18,3522114435,2,87,42,0,50050050,14,255,255,255,402954072660.12463
1791120477043326,2026-10-04T13:27:57.043326+00:00,162,18,3522123175,2,87,42,0,50050050,14,255,255,255,402954081414.1188
1791120477057068,2026-10-04T13:27:57.057068+00:00,162,18,3522136913,2,87,42,0,50050050,14,255,255,255,402954095156.1096
1791120477065636,2026-10-04T13:27:57.065636+00:00,162,18,3522145495,2,87,42,0,50050050,14,255,255,255,402954103724.10394
1791120477087148,2026-10-04T13:27:57.087148+00:00,162,18,3522166997,2,87,42,0,50050050,14,255,255,255,402954125236.0896
1791120477095623,2026-10-04T13:27:57.095623+00:00,162,18,3522175473,2,87,42,0,50050050,14,255,255,255,402954133711.0839
1791120477109652,2026-10-04T13:27:57.109652+00:00,162,18,3522189500,2,87,42,0,50050050,14,255,255,255,402954147740.0746
1791120477124695,2026-10-04T13:27:57.124695+00:00,162,18,3522204549,2,87,42,0,50050050,14,255,255,255,402954162783.0646
1791120477139554,2026-10-04T13:27:57.139554+00:00,162,18,3522219404,2,87,42,0,50050050,14,255,255,255,402954177642.0547
1791120477145335,2026-10-04T13:27:57.145335+00:00,162,83,3522225165,2,87,42,0,50050050,14,255,255,255,402954183423.05084
1791120477154607,2026-10-04T13:27:57.154607+00:00,162,18,3522234458,2,87,42,0,50050050,14,255,255,255,402954192695.0447
1791120477169757,2026-10-04T13:27:57.169757+00:00,162,18,3522249609,2,87,42,0,50050050,14,255,255,255,402954207845.0346
1791120477192392,2026-10-04T13:27:57.192392+00:00,162,18,3522272215,2,87,42,0,50050050,14,255,255,255,402954230480.01953
1791120477214502,2026-10-04T13:27:57.214502+00:00,162,18,3522294355,2,87,42,0,50050050,14,255,255,255,402954252590.00476
1791120477237037,2026-10-04T13:27:57.237037+00:00,162,18,3522316893,2,87,42,0,50050050,14,255,255,255,402954275124.98975
1791120477246848,2026-10-04T13:27:57.246848+00:00,162,18,3522326701,2,87,42,0,50050050,14,255,255,255,402954284935.9832
1791120477260074,2026-10-04T13:27:57.260074+00:00,162,18,3522339675,2,87,42,0,50050050,14,255,255,255,402954298161.9744
1791120477288305,2026-10-04T13:27:57.288305+00:00,162,83,3522368141,2,87,42,0,50050050,14,255,255,255,402954326392.9556
1791120477298183,2026-10-04T13:27:57.298183+00:00,162,18,3522378034,2,87,42,0,50050050,14,255,255,255,402954336270.94904
1791120477312124,2026-10-04T13:27:57.312124+00:00,162,18,3522391980,2,87,42,0,50050050,14,255,255,255,402954350211.93976
1791120477336152,2026-10-04T13:27:57.336152+00:00,162,18,3522415954,2,87,42,0,50050050,14,255,255,255,402954374239.92377
1791120477357072,2026-10-04T13:27:57.357072+00:00,162,18,3522436912,2,87,42,0,50050050,14,255,255,255,402954395159.90985
1791120477422641,2026-10-04T13:27:57.422641+00:00,162,83,3522502477,2,87,42,0,50050050,14,255,255,255,402954460728.86615
1791120477477283,2026-10-04T13:27:57.477283+00:00,162,18,3522557141,2,87,42,0,50050050,14,255,255,255,402954515370.8298
1791120477530658,2026-10-04T13:27:57.530658+00:00,162,18,3522610509,2,87,42,0,50050050,14,255,255,255,402954568745.7942
1791120477539590,2026-10-04T13:27:57.539590+00:00,162,83,3522619440,2,87,42,0,50050050,14,255,255,255,402954577677.78827
1791120477551988,2026-10-04T13:27:57.551988+00:00,162,18,3522631850,2,87,42,0,50050050,14,255,255,255,402954590075.78
1791120477560683,2026-10-04T13:27:57.560683+00:00,162,18,3522640542,2,87,42,0,50050050,14,255,255,255,402954598770.77423
1791120477575679,2026-10-04T13:27:57.575679+00:00,162,18,3522655534,2,87,42,0,50050050,14,255,255,255,402954613766.7642
1791120477590655,2026-10-04T13:27:57.590655+00:00,162,18,3522670519,2,87,42,0,50050050,14,255,255,255,402954628742.7543
1791120477605785,2026-10-04T13:27:57.605785+00:00,162,18,3522685629,2,87,42,0,50050050,14,255,255,255,402954643872.7442
1791120477619498,2026-10-04T13:27:57.619498+00:00,162,18,3522699348,2,87,42,0,50050050,14,255,255,255,402954657585.73505
1791120477642125,2026-10-04T13:27:57.642125+00:00,162,18,3522721977,2,87,42,0,50050050,14,255,255,255,402954680212.72
1791120477650766,2026-10-04T13:27:57.650766+00:00,162,18,3522730607,2,87,42,0,50050050,14,255,255,255,402954688853.71423
1791120477678664,2026-10-04T13:27:57.678664+00:00,162,83,3522758511,2,87,42,0,50050050,14,255,255,255,402954716751.6956
1791120477679432,2026-10-04T13:27:57.679432+00:00,162,18,3522759301,2,87,42,0,50050050,14,255,255,255,402954717519.6951
1791120477689710,2026-10-04T13:27:57.689710+00:00,162,18,3522769560,2,87,42,0,50050050,14,255,255,255,402954727797.6883
1791120477724485,2026-10-04T13:27:57.724485+00:00,162,18,3522804347,2,87,42,0,50050050,14,255,255,255,402954762572.6651
1791120477747048,2026-10-04T13:27:57.747048+00:00,162,18,3522826897,2,87,42,0,50050050,14,255,255,255,402954785135.6501
1791120477762091,2026-10-04T13:27:57.762091+00:00,162,18,3522841945,2,87,42,0,50050050,14,255,255,255,402954800178.6401
1791120477772353,2026-10-04T13:27:57.772353+00:00,162,18,3522852197,2,87,42,0,50050050,14,255,255,255,402954810440.63324
1791120477799529,2026-10-04T13:27:57.799529+00:00,162,18,3522879364,2,87,42,0,50050050,14,255,255,255,402954837616.6151
1791120477802425,2026-10-04T13:27:57.802425+00:00,162,83,3522882264,2,87,42,0,50050050,14,255,255,255,402954840512.6132
1791120477810034,2026-10-04T13:27:57.810034+00:00,162,18,3522889878,2,87,42,0,50050050,14,255,255,255,402954848121.60815
1791120477837056,2026-10-04T13:27:57.837056+00:00,162,18,3522916907,2,87,42,0,50050050,14,255,255,255,402954875143.59015
1791120477860828,2026-10-04T13:27:57.860828+00:00,162,18,3522940681,2,87,42,0,50050050,14,255,255,255,402954898915.5743
1791120477882070,2026-10-04T13:27:57.882070+00:00,162,18,3522961899,2,87,42,0,50050050,14,255,255,255,402954920157.5602
1791120477897252,2026-10-04T13:27:57.897252+00:00,162,18,3522977092,2,87,42,0,50050050,14,255,255,255,402954935339.55005
1791120477920773,2026-10-04T13:27:57.920773+00:00,162,18,3523000634,2,87,42,0,50050050,14,255,255,255,402954958860.53436
1791120477935672,2026-10-04T13:27:57.935672+00:00,162,18,3523015527,2,87,42,0,50050050,14,255,255,255,402954973759.5245
1791120477942488,2026-10-04T13:27:57.942488+00:00,162,18,3523022109,2,87,42,0,50050050,14,255,255,255,402954980575.5199
1791120477944892,2026-10-04T13:27:57.944892+00:00,162,83,3523024730,2,87,42,0,50050050,14,255,255,255,402954982979.5183
1791120477951106,2026-10-04T13:27:57.951106+00:00,162,18,3523030958,2,87,42,0,50050050,14,255,255,255,402954989193.51416
1791120477964587,2026-10-04T13:27:57.964587+00:00,162,18,3523044443,2,87,42,0,50050050,14,255,255,255,402955002674.5052
1791120477980844,2026-10-04T13:27:57.980844+00:00,162,18,3523060691,2,87,42,0,50050050,14,255,255,255,402955018931.4944
1791120477995613,2026-10-04T13:27:57.995613+00:00,162,18,3523075474,2,87,42,0,50050050,14,255,255,255,402955033700.48456
1791120478009579,2026-10-04T13:27:58.009579+00:00,162,18,3523089433,2,87,42,0,50050050,14,255,255,255,402955047666.4752
1791120478025196,2026-10-04T13:27:58.025196+00:00,162,18,3523104565,2,87,42,0,50050050,14,255,255,255,402955063283.46484
1791120478039578,2026-10-04T13:27:58.039578+00:00,162,18,3523119413,2,87,42,0,50050050,14,255,255,255,402955077665.45526
1791120478056399,2026-10-04T13:27:58.056399+00:00,162,18,3523136170,1,88,40,588277128,50050050,255,255,255,255,402955094486.44403
1791120478078184,2026-10-04T13:27:58.078184+00:00,162,18,3523158032,1,88,40,588277128,50050050,255,255,255,255,402955116271.42957
1791120478080134,2026-10-04T13:27:58.080134+00:00,162,83,3523159979,1,88,40,588277128,50050050,255,255,255,255,402955118221.4282
1791120478092373,2026-10-04T13:27:58.092373+00:00,162,18,3523172222,1,88,40,588277128,50050050,255,255,255,255,402955130460.4201
1791120478114482,2026-10-04T13:27:58.114482+00:00,162,18,3523194337,1,88,40,588277128,50050050,255,255,255,255,402955152569.4054
1791120478130865,2026-10-04T13:27:58.130865+00:00,162,18,3523210720,1,88,40,588277128,50050050,255,255,255,255,402955168952.3945
1791120478152202,2026-10-04T13:27:58.152202+00:00,162,18,3523232058,1,88,40,588277128,50050050,255,255,255,255,402955190289.38025
1791120478167110,2026-10-04T13:27:58.167110+00:00,162,18,3523246955,1,88,40,588277128,50050050,255,255,255,255,402955205197.3703
1791120478183343,2026-10-04T13:27:58.183343+00:00,162,18,3523263194,1,88,40,588277128,50050050,255,255,255,255,402955221430.3595
1791120478205851,2026-10-04T13:27:58.205851+00:00,162,18,3523285593,1,88,40,588277128,50050050,255,255,255,255,402955243938.34454
1791120478218352,2026-10-04T13:27:58.218352+00:00,162,83,3523298004,1,88,40,588277128,50050050,255,255,255,255,402955256439.3362
1791120478220891,2026-10-04T13:27:58.220891+00:00,162,18,3523300749,1,88,40,588277128,50050050,255,255,255,255,402955258978.3345
1791120478242358,2026-10-04T13:27:58.242358+00:00,162,18,3523322199,1,88,40,588277128,50050050,255,255,255,255,402955280445.3202
1791120478279616,2026-10-04T13:27:58.279616+00:00,162,18,3523359415,1,88,40,588277128,50050050,255,255,255,255,402955317703.2954
1791120478289205,2026-10-04T13:27:58.289205+00:00,162,18,3523368974,1,88,40,588277128,50050050,255,255,255,255,402955327292.289
1791120478309820,2026-10-04T13:27:58.309820+00:00,162,18,3523389643,1,88,40,588277128,50050050,255,255,255,255,402955347907.27527
1791120478324657,2026-10-04T13:27:58.324657+00:00,162,18,3523404446,1,88,40,588277128,50050050,255,255,255,255,402955362744.2654
1791120478362025,2026-10-04T13:27:58.362025+00:00,162,18,3523441879,1,88,40,588277128,50050050,255,255,255,255,402955400112.2405
1791120478363786,2026-10-04T13:27:58.363786+00:00,162,83,3523443643,1,88,40,588277128,50050050,255,255,255,255,402955401873.2393
1791120478371067,2026-10-04T13:27:58.371067+00:00,162,18,3523450930,1,88,40,588277128,50050050,255,255,255,255,402955409154.2345
1791120478399479,2026-10-04T13:27:58.399479+00:00,162,18,3523479334,1,88,40,588277128,50050050,255,255,255,255,402955437566.2156
1791120478414535,2026-10-04T13:27:58.414535+00:00,162,18,3523494391,1,88,40,588277128,50050050,255,255,255,255,402955452622.2055
1791120478429540,2026-10-04T13:27:58.429540+00:00,162,18,3523509389,1,88,40,588277128,50050050,255,255,255,255,402955467627.19556
1791120478467026,2026-10-04T13:27:58.467026+00:00,162,18,3523546881,1,88,40,588277128,50050050,255,255,255,255,402955505113.1706
1791120478482038,2026-10-04T13:27:58.482038+00:00,162,18,3523561887,1,88,40,588277128,50050050,255,255,255,255,402955520125.1606
1791120478495734,2026-10-04T13:27:58.495734+00:00,162,83,3523575575,1,88,40,588277128,50050050,255,255,255,255,402955533821.1514
1791120478497092,2026-10-04T13:27:58.497092+00:00,162,18,3523576955,1,88,40,588277128,50050050,255,255,255,255,402955535179.1505
1791120478519536,2026-10-04T13:27:58.519536+00:00,162,18,3523599394,1,88,40,588277128,50050050,255,255,255,255,402955557623.1356
1791120478528252,2026-10-04T13:27:58.528252+00:00,162,18,3523608107,1,88,40,588277128,50050050,255,255,255,255,402955566339.12976
1791120478542108,2026-10-04T13:27:58.542108+00:00,162,18,3523621967,1,88,40,588277128,50050050,255,255,255,255,402955580195.12054
1791120478550639,2026-10-04T13:27:58.550639+00:00,162,18,3523630496,1,88,40,588277128,50050050,255,255,255,255,402955588726.11487
1791120478564464,2026-10-04T13:27:58.564464+00:00,162,18,3523644318,1,88,40,588277128,50050050,255,255,255,255,402955602551.10565
1791120478595660,2026-10-04T13:27:58.595660+00:00,162,18,3523675521,1,88,40,588277128,50050050,255,255,255,255,402955633747.0849
1791120478597842,2026-10-04T13:27:58.597842+00:00,162,83,3523677700,1,88,40,588277128,50050050,255,255,255,255,402955635929.08344
1791120478609488,2026-10-04T13:27:58.609488+00:00,162,18,3523689341,1,88,40,588277128,50050050,255,255,255,255,402955647575.0757
1791120478632886,2026-10-04T13:27:58.632886+00:00,162,18,3523712590,1,88,40,588277128,50050050,255,255,255,255,402955670973.0601
1791120478662014,2026-10-04T13:27:58.662014+00:00,162,18,3523741868,1,88,40,588277128,50050050,255,255,255,255,402955700101.0407
1791120478677202,2026-10-04T13:27:58.677202+00:00,162,18,3523757058,1,88,40,588277128,50050050,255,255,255,255,402955715289.0306
1791120478699774,2026-10-04T13:27:58.699774+00:00,162,18,3523779442,1,88,40,588277128,50050050,255,255,255,255,402955737861.01556
1791120478709643,2026-10-04T13:27:58.709643+00:00,162,18,3523789481,1,88,40,588277128,50050050,255,255,255,255,402955747730.009
1791120478722159,2026-10-04T13:27:58.722159+00:00,162,18,3523802008,1,88,40,588277128,50050050,255,255,255,255,402955760246.0007
1791120478730614,2026-10-04T13:27:58.730614+00:00,162,18,3523810474,1,88,40,588277128,50050050,255,255,255,255,402955768700.995
1791120478738073,2026-10-04T13:27:58.738073+00:00,162,83,3523817923,1,88,40,588277128,50050050,255,255,255,255,402955776159.99005
1791120478752039,2026-10-04T13:27:58.752039+00:00,162,18,3523831897,1,88,40,588277128,50050050,255,255,255,255,402955790125.9807
1791120478775794,2026-10-04T13:27:58.775794+00:00,162,18,3523855618,1,88,40,588277128,50050050,255,255,255,255,402955813880.9649
1791120478812473,2026-10-04T13:27:58.812473+00:00,162,18,3523892298,1,88,40,588277128,50050050,255,255,255,255,402955850559.9405
1791120478820982,2026-10-04T13:27:58.820982+00:00,162,18,3523900821,1,88,40,588277128,50050050,255,255,255,255,402955859068.9348
1791120478841988,2026-10-04T13:27:58.841988+00:00,162,18,3523921852,1,88,40,588277128,50050050,255,255,255,255,402955880074.92084
1791120478850681,2026-10-04T13:27:58.850681+00:00,162,18,3523930543,1,88,40,588277128,50050050,255,255,255,255,402955888767.91504
1791120478864930,2026-10-04T13:27:58.864930+00:00,162,18,3523944746,1,88,40,588277128,50050050,255,255,255,255,402955903016.9056
1791120478882045,2026-10-04T13:27:58.882045+00:00,162,83,3523961871,1,88,40,588277128,50050050,255,255,255,255,402955920131.89417
1791120478887258,2026-10-04T13:27:58.887258+00:00,162,18,3523967111,1,88,40,588277128,50050050,255,255,255,255,402955925344.8907
1791120478896670,2026-10-04T13:27:58.896670+00:00,162,18,3523976517,1,88,40,588277128,50050050,255,255,255,255,402955934756.8844
1791120478909862,2026-10-04T13:27:58.909862+00:00,162,18,3523989689,1,88,40,588277128,50050050,255,255,255,255,402955947948.8756
1791120478924457,2026-10-04T13:27:58.924457+00:00,162,18,3524004311,1,88,40,588277128,50050050,255,255,255,255,402955962543.8659
1791120478933603,2026-10-04T13:27:58.933603+00:00,162,18,3524013436,1,88,40,588277128,50050050,255,255,255,255,402955971689.8598
1791120478962159,2026-10-04T13:27:58.962159+00:00,162,18,3524042020,1,88,40,588277128,50050050,255,255,255,255,402956000245.8408
1791120478962702,2026-10-04T13:27:58.962702+00:00,162,18,3524042568,1,88,40,588277128,50050050,255,255,255,255,402956000788.84045
1791120478985611,2026-10-04T13:27:58.985611+00:00,162,18,3524065466,1,88,40,588277128,50050050,255,255,255,255,402956023697.8252
1791120479007153,2026-10-04T13:27:59.007153+00:00,162,18,3524086986,1,88,40,588277128,50050050,255,255,255,255,402956045239.81085
1791120479017350,2026-10-04T13:27:59.017350+00:00,162,18,3524097171,1,88,40,588277128,50050050,255,255,255,255,402956055436.804
1791120479025755,2026-10-04T13:27:59.025755+00:00,162,83,3524105570,1,88,40,588277128,50050050,255,255,255,255,402956063841.79846
1791120479029633,2026-10-04T13:27:59.029633+00:00,162,18,3524109476,1,88,40,588277128,50050050,255,255,255,255,402956067719.79584
1791120479044545,2026-10-04T13:27:59.044545+00:00,162,18,3524124395,1,88,40,588277128,50050050,255,255,255,255,402956082631.78595
1791120479074573,2026-10-04T13:27:59.074573+00:00,162,18,3524154411,1,89,40,591330141,50050050,255,255,255,255,402956112659.7659
1791120479112024,2026-10-04T13:27:59.112024+00:00,162,18,3524191882,1,89,40,591330141,50050050,255,255,255,255,402956150110.74097
1791120479130160,2026-10-04T13:27:59.130160+00:00,162,83,3524210011,1,89,40,591330141,50050050,255,255,255,255,402956168246.7289
1791120479157034,2026-10-04T13:27:59.157034+00:00,162,18,3524236874,1,89,40,591330141,50050050,255,255,255,255,402956195120.711
1791120479172081,2026-10-04T13:27:59.172081+00:00,162,18,3524251945,1,89,40,591330141,50050050,255,255,255,255,402956210167.701
1791120479187131,2026-10-04T13:27:59.187131+00:00,162,18,3524266993,1,89,40,591330141,50050050,255,255,255,255,402956225217.691
1791120479210371,2026-10-04T13:27:59.210371+00:00,162,18,3524289898,1,89,40,591330141,50050050,255,255,255,255,402956248457.6755
1791120479224442,2026-10-04T13:27:59.224442+00:00,162,18,3524304299,1,89,40,591330141,50050050,255,255,255,255,402956262528.66614
1791120479239592,2026-10-04T13:27:59.239592+00:00,162,18,3524319444,1,89,40,591330141,50050050,255,255,255,255,402956277678.656
1791120479269442,2026-10-04T13:27:59.269442+00:00,162,83,3524348967,1,89,40,591330141,50050050,255,255,255,255,402956307528.63617
1791120479270014,2026-10-04T13:27:59.270014+00:00,162,18,3524349871,1,89,40,591330141,50050050,255,255,255,255,402956308100.63574
1791120479292157,2026-10-04T13:27:59.292157+00:00,162,18,3524372005,1,89,40,591330141,50050050,255,255,255,255,402956330243.62103
1791120479322641,2026-10-04T13:27:59.322641+00:00,162,18,3524402440,1,89,40,591330141,50050050,255,255,255,255,402956360727.6007
1791120479352076,2026-10-04T13:27:59.352076+00:00,162,18,3524431933,1,89,40,591330141,50050050,255,255,255,255,402956390162.5811
1791120479361807,2026-10-04T13:27:59.361807+00:00,162,18,3524441661,1,89,40,591330141,50050050,255,255,255,255,402956399893.57465
1791120479376045,2026-10-04T13:27:59.376045+00:00,162,83,3524455888,1,89,40,591330141,50050050,255,255,255,255,402956414131.5651
1791120479382151,2026-10-04T13:27:59.382151+00:00,162,18,3524462012,1,89,40,591330141,50050050,255,255,255,255,402956420237.5611
1791120479411978,2026-10-04T13:27:59.411978+00:00,162,18,3524491840,1,89,40,591330141,50050050,255,255,255,255,402956450064.5412
1791120479443278,2026-10-04T13:27:59.443278+00:00,162,18,3524523072,1,89,40,591330141,50050050,255,255,255,255,402956481364.5204
1791120479457023,2026-10-04T13:27:59.457023+00:00,162,18,3524536885,1,89,40,591330141,50050050,255,255,255,255,402956495109.5112
1791120479465602,2026-10-04T13:27:59.465602+00:00,162,18,3524545466,1,89,40,591330141,50050050,255,255,255,255,402956503688.5055
1791120479487287,2026-10-04T13:27:59.487287+00:00,162,18,3524567135,1,89,40,591330141,50050050,255,255,255,255,402956525373.491
1791120479510658,2026-10-04T13:27:59.510658+00:00,162,18,3524590504,1,89,40,591330141,50050050,255,255,255,255,402956548744.47546
1791120479524657,2026-10-04T13:27:59.524657+00:00,162,18,3524604492,1,89,40,591330141,50050050,255,255,255,255,402956562743.4662
1791120479554547,2026-10-04T13:27:59.554547+00:00,162,18,3524634391,1,89,40,591330141,50050050,255,255,255,255,402956592633.4462
1791120479563262,2026-10-04T13:27:59.563262+00:00,162,18,3524643108,1,89,40,591330141,50050050,255,255,255,255,402956601348.4404
1791120479577238,2026-10-04T13:27:59.577238+00:00,162,18,3524657038,1,89,40,591330141,50050050,255,255,255,255,402956615324.43115
1791120479607246,2026-10-04T13:27:59.607246+00:00,162,18,3524687068,1,89,40,591330141,50050050,255,255,255,255,402956645332.41113
1791120479644489,2026-10-04T13:27:59.644489+00:00,162,18,3524724344,1,89,40,591330141,50050050,255,255,255,255,402956682575.38635
1791120479659599,2026-10-04T13:27:59.659599+00:00,162,18,3524739459,1,89,40,591330141,50050050,255,255,255,255,402956697685.3763
1791120479674430,2026-10-04T13:27:59.674430+00:00,162,18,3524754288,1,89,40,591330141,50050050,255,255,255,255,402956712516.3664
1791120479719472,2026-10-04T13:27:59.719472+00:00,162,18,3524799339,1,89,40,591330141,50050050,255,255,255,255,402956757558.3364
1791120479757142,2026-10-04T13:27:59.757142+00:00,162,18,3524836999,1,89,40,591330141,50050050,255,255,255,255,402956795228.31134
1791120479771976,2026-10-04T13:27:59.771976+00:00,162,18,3524851835,1,89,40,591330141,50050050,255,255,255,255,402956810062.30145
1791120479788077,2026-10-04T13:27:59.788077+00:00,162,18,3524867938,1,89,40,591330141,50050050,255,255,255,255,402956826163.2907
1791120479816999,2026-10-04T13:27:59.816999+00:00,162,18,3524896857,1,89,40,591330141,50050050,255,255,255,255,402956855085.2715
1791120479854418,2026-10-04T13:27:59.854418+00:00,162,18,3524934274,1,89,40,591330141,50050050,255,255,255,255,402956892504.2465
1791120479863433,2026-10-04T13:27:59.863433+00:00,162,18,3524943275,1,89,40,591330141,50050050,255,255,255,255,402956901519.24054
1791120479899575,2026-10-04T13:27:59.899575+00:00,162,18,3524979413,1,89,40,591330141,50050050,255,255,255,255,402956937661.21643
1791120479922172,2026-10-04T13:27:59.922172+00:00,162,18,3525002009,1,89,40,591330141,50050050,255,255,255,255,402956960258.2014
1791120479944822,2026-10-04T13:27:59.944822+00:00,162,18,3525024640,1,89,40,591330141,50050050,255,255,255,255,402956982908.18634
1791120479959649,2026-10-04T13:27:59.959649+00:00,162,18,3525039507,1,89,40,591330141,50050050,255,255,255,255,402956997735.17645
1791120480019424,2026-10-04T13:28:00.019424+00:00,162,18,3525099280,1,89,40,591330141,50050050,255,255,255,255,402957057510.13666
1791120480020015,2026-10-04T13:28:00.020015+00:00,162,18,3525099882,1,89,40,591330141,50050050,255,255,255,255,402957058101.1362
1791120480034442,2026-10-04T13:28:00.034442+00:00,162,18,3525114303,1,89,40,591330141,50050050,255,255,255,255,402957072528.12665
1791120480049491,2026-10-04T13:28:00.049491+00:00,162,18,3525129357,1,89,40,591330141,50050050,255,255,255,255,402957087577.11664
1791120480064398,2026-10-04T13:28:00.064398+00:00,162,18,3525144261,1,89,40,591330141,50050050,255,255,255,255,402957102484.1067
1791120480079512,2026-10-04T13:28:00.079512+00:00,162,18,3525159333,1,90,40,594333084,50050050,255,255,255,255,402957117598.0966
1791120480094482,2026-10-04T13:28:00.094482+00:00,162,18,3525174321,1,90,40,594333084,50050050,255,255,255,255,402957132568.0867
1791120480109565,2026-10-04T13:28:00.109565+00:00,162,18,3525189430,1,90,40,594333084,50050050,255,255,255,255,402957147651.0766
1791120480124402,2026-10-04T13:28:00.124402+00:00,162,18,3525204267,1,90,40,594333084,50050050,255,255,255,255,402957162488.0667
1791120480139437,2026-10-04T13:28:00.139437+00:00,162,18,3525219291,1,90,40,594333084,50050050,255,255,255,255,402957177523.0567
1791120480154433,2026-10-04T13:28:00.154433+00:00,162,18,3525234279,1,90,40,594333084,50050050,255,255,255,255,402957192519.0467
1791120480169439,2026-10-04T13:28:00.169439+00:00,162,18,3525249295,1,90,40,594333084,50050050,255,255,255,255,402957207525.03674
1791120480184521,2026-10-04T13:28:00.184521+00:00,162,18,3525264371,1,90,40,594333084,50050050,255,255,255,255,402957222607.0267
1791120480199634,2026-10-04T13:28:00.199634+00:00,162,18,3525279476,1,90,40,594333084,50050050,255,255,255,255,402957237720.0166
1791120480214534,2026-10-04T13:28:00.214534+00:00,162,18,3525294391,1,90,40,594333084,50050050,255,255,255,255,402957252620.0067
1791120480230120,2026-10-04T13:28:00.230120+00:00,162,18,3525309291,1,90,40,594333084,50050050,255,255,255,255,402957268205.99634
1791120480245261,2026-10-04T13:28:00.245261+00:00,162,18,3525325023,1,90,40,594333084,50050050,255,255,255,255,402957283346.9862
1791120480259537,2026-10-04T13:28:00.259537+00:00,162,18,3525339394,1,90,40,594333084,50050050,255,255,255,255,402957297622.97675
1791120480274428,2026-10-04T13:28:00.274428+00:00,162,18,3525354291,1,90,40,594333084,50050050,255,255,255,255,402957312513.9668
1791120480289410,2026-10-04T13:28:00.289410+00:00,162,18,3525369269,1,90,40,594333084,50050050,255,255,255,255,402957327495.95685
1791120480304524,2026-10-04T13:28:00.304524+00:00,162,18,3525384385,1,90,40,594333084,50050050,255,255,255,255,402957342609.9468
1791120480319369,2026-10-04T13:28:00.319369+00:00,162,18,3525399231,1,90,40,594333084,50050050,255,255,255,255,402957357454.9369
1791120480334403,2026-10-04T13:28:00.334403+00:00,162,18,3525414266,1,90,40,594333084,50050050,255,255,255,255,402957372488.9269
1791120480349390,2026-10-04T13:28:00.349390+00:00,162,18,3525429251,1,90,40,594333084,50050050,255,255,255,255,402957387475.9169
1791120480364394,2026-10-04T13:28:00.364394+00:00,162,18,3525444255,1,90,40,594333084,50050050,255,255,255,255,402957402479.90686
1791120480379393,2026-10-04T13:28:00.379393+00:00,162,18,3525459253,1,90,40,594333084,50050050,255,255,255,255,402957417478.8969
1791120480388340,2026-10-04T13:28:00.388340+00:00,162,83,3525468181,1,90,40,594333084,50050050,255,255,255,255,402957426425.8909
1791120480394392,2026-10-04T13:28:00.394392+00:00,162,18,3525474253,1,90,40,594333084,50050050,255,255,255,255,402957432477.8869
1791120480409449,2026-10-04T13:28:00.409449+00:00,162,18,3525489310,1,90,40,594333084,50050050,255,255,255,255,402957447534.8769
1791120480424435,2026-10-04T13:28:00.424435+00:00,162,18,3525504296,1,90,40,594333084,50050050,255,255,255,255,402957462520.8669
1791120480439545,2026-10-04T13:28:00.439545+00:00,162,18,3525519254,1,90,40,594333084,50050050,255,255,255,255,402957477630.8568
1791120480454423,2026-10-04T13:28:00.454423+00:00,162,18,3525534283,1,90,40,594333084,50050050,255,255,255,255,402957492508.8469
1791120480469556,2026-10-04T13:28:00.469556+00:00,162,18,3525549385,1,90,40,594333084,50050050,255,255,255,255,402957507641.83685
1791120480484387,2026-10-04T13:28:00.484387+00:00,162,18,3525564250,1,90,40,594333084,50050050,255,255,255,255,402957522472.82697
1791120480499382,2026-10-04T13:28:00.499382+00:00,162,18,3525579241,1,90,40,594333084,50050050,255,255,255,255,402957537467.81696
1791120480508105,2026-10-04T13:28:00.508105+00:00,162,18,3525587969,1,90,40,594333084,50050050,255,255,255,255,402957546190.81116
1791120480521976,2026-10-04T13:28:00.521976+00:00,162,18,3525601837,1,90,40,594333084,50050050,255,255,255,255,402957560061.80194
1791120480536942,2026-10-04T13:28:00.536942+00:00,162,18,3525616806,1,90,40,594333084,50050050,255,255,255,255,402957575027.79193
1791120480551933,2026-10-04T13:28:00.551933+00:00,162,18,3525631794,1,90,40,594333084,50050050,255,255,255,255,402957590018.782
1791120480566995,2026-10-04T13:28:00.566995+00:00,162,18,3525646858,1,90,40,594333084,50050050,255,255,255,255,402957605080.7719
1791120480581954,2026-10-04T13:28:00.581954+00:00,162,18,3525661815,1,90,40,594333084,50050050,255,255,255,255,402957620039.76196
1791120480597030,2026-10-04T13:28:00.597030+00:00,162,18,3525676894,1,90,40,594333084,50050050,255,255,255,255,402957635115.75195
1791120480612039,2026-10-04T13:28:00.612039+00:00,162,18,3525691903,1,90,40,594333084,50050050,255,255,255,255,402957650124.74194
1791120480626956,2026-10-04T13:28:00.626956+00:00,162,18,3525706810,1,90,40,594333084,50050050,255,255,255,255,402957665041.732
1791120480641962,2026-10-04T13:28:00.641962+00:00,162,18,3525721818,1,90,40,594333084,50050050,255,255,255,255,402957680047.722
1791120480656928,2026-10-04T13:28:00.656928+00:00,162,18,3525736789,1,90,40,594333084,50050050,255,255,255,255,402957695013.71204
1791120480671940,2026-10-04T13:28:00.671940+00:00,162,18,3525751802,1,90,40,594333084,50050050,255,255,255,255,402957710025.702
1791120480686942,2026-10-04T13:28:00.686942+00:00,162,18,3525766803,1,90,40,594333084,50050050,255,255,255,255,402957725027.6921
1791120480701930,2026-10-04T13:28:00.701930+00:00,162,18,3525781794,1,90,40,594333084,50050050,255,255,255,255,402957740015.68207
1791120480716961,2026-10-04T13:28:00.716961+00:00,162,18,3525796825,1,90,40,594333084,50050050,255,255,255,255,402957755046.67206
1791120480732046,2026-10-04T13:28:00.732046+00:00,162,18,3525811914,1,90,40,594333084,50050050,255,255,255,255,402957770131.662
1791120480746996,2026-10-04T13:28:00.746996+00:00,162,18,3525826860,1,90,40,594333084,50050050,255,255,255,255,402957785081.65204
1791120480763135,2026-10-04T13:28:00.763135+00:00,162,18,3525842994,1,90,40,594333084,50050050,255,255,255,255,402957801220.6413
1791120480776983,2026-10-04T13:28:00.776983+00:00,162,18,3525856842,1,90,40,594333084,50050050,255,255,255,255,402957815068.6321
1791120480791949,2026-10-04T13:28:00.791949+00:00,162,18,3525871809,1,90,40,594333084,50050050,255,255,255,255,402957830034.62213
1791120480806981,2026-10-04T13:28:00.806981+00:00,162,18,3525886844,1,90,40,594333084,50050050,255,255,255,255,402957845066.6121
1791120480821948,2026-10-04T13:28:00.821948+00:00,162,18,3525901805,1,90,40,594333084,50050050,255,255,255,255,402957860033.6021
1791120480836952,2026-10-04T13:28:00.836952+00:00,162,18,3525916812,1,90,40,594333084,50050050,255,255,255,255,402957875037.59216
1791120480851952,2026-10-04T13:28:00.851952+00:00,162,18,3525931808,1,90,40,594333084,50050050,255,255,255,255,402957890037.58215
1791120480867101,2026-10-04T13:28:00.867101+00:00,162,18,3525946962,1,90,40,594333084,50050050,255,255,255,255,402957905186.5721
1791120480882057,2026-10-04T13:28:00.882057+00:00,162,18,3525961923,1,90,40,594333084,50050050,255,255,255,255,402957920142.56213
1791120480897183,2026-10-04T13:28:00.897183+00:00,162,18,3525977044,1,90,40,594333084,50050050,255,255,255,255,402957935268.552
1791120480912079,2026-10-04T13:28:00.912079+00:00,162,18,3525991940,1,90,40,594333084,50050050,255,255,255,255,402957950164.5421
1791120480926953,2026-10-04T13:28:00.926953+00:00,162,18,3526006814,1,90,40,594333084,50050050,255,255,255,255,402957965038.5322
1791120480942003,2026-10-04T13:28:00.942003+00:00,162,18,3526021866,1,90,40,594333084,50050050,255,255,255,255,402957980088.52216
1791120480956942,2026-10-04T13:28:00.956942+00:00,162,18,3526036803,1,90,40,594333084,50050050,255,255,255,255,402957995027.5122
1791120480972070,2026-10-04T13:28:00.972070+00:00,162,18,3526051933,1,90,40,594333084,50050050,255,255,255,255,402958010155.50214
1791120480986988,2026-10-04T13:28:00.986988+00:00,162,18,3526066851,1,90,40,594333084,50050050,255,255,255,255,402958025073.4922
1791120481001947,2026-10-04T13:28:01.001947+00:00,162,18,3526081807,1,90,40,594333084,50050050,255,255,255,255,402958040032.48224
1791120481010526,2026-10-04T13:28:01.010526+00:00,162,18,3526090392,1,90,40,594333084,50050050,255,255,255,255,402958048611.47656
1791120481024421,2026-10-04T13:28:01.024421+00:00,162,18,3526104281,1,90,40,594333084,50050050,255,255,255,255,402958062506.4673
1791120481024915,2026-10-04T13:28:01.024915+00:00,162,18,3526104786,1,90,40,594333084,50050050,255,255,255,255,402958063000.467
1791120481039418,2026-10-04T13:28:01.039418+00:00,162,18,3526119276,1,90,40,594333084,50050050,255,255,255,255,402958077503.4573
1791120481054512,2026-10-04T13:28:01.054512+00:00,162,18,3526134298,1,90,40,594333084,50050050,255,255,255,255,402958092597.44727
1791120481069429,2026-10-04T13:28:01.069429+00:00,162,18,3526149285,2,91,42,0,50050050,255,255,255,255,402958107514.4373
1791120481084488,2026-10-04T13:28:01.084488+00:00,162,18,3526164350,2,91,42,0,50050050,255,255,255,255,402958122573.4273
1791120481099456,2026-10-04T13:28:01.099456+00:00,162,18,3526179247,2,91,42,0,50050050,255,255,255,255,402958137541.4173
1791120481114457,2026-10-04T13:28:01.114457+00:00,162,18,3526194320,2,91,42,0,50050050,255,255,255,255,402958152542.40735
1791120481129904,2026-10-04T13:28:01.129904+00:00,162,18,3526209744,2,91,42,0,50050050,255,255,255,255,402958167989.39703
1791120481144364,2026-10-04T13:28:01.144364+00:00,162,18,3526224226,2,91,42,0,50050050,255,255,255,255,402958182449.3874
1791120481159499,2026-10-04T13:28:01.159499+00:00,162,18,3526239356,2,91,42,0,50050050,255,255,255,255,402958197584.3773
1791120481174462,2026-10-04T13:28:01.174462+00:00,162,18,3526254322,2,91,42,0,50050050,255,255,255,255,402958212547.3674
1791120481189460,2026-10-04T13:28:01.189460+00:00,162,18,3526269325,2,91,42,0,50050050,255,255,255,255,402958227545.35736
1791120481204492,2026-10-04T13:28:01.204492+00:00,162,18,3526284359,2,91,42,0,50050050,255,255,255,255,402958242577.34735
1791120481219471,2026-10-04T13:28:01.219471+00:00,162,18,3526299339,2,91,42,0,50050050,255,255,255,255,402958257556.3374
1791120481234444,2026-10-04T13:28:01.234444+00:00,162,18,3526314309,2,91,42,0,50050050,255,255,255,255,402958272529.3274
1791120481249362,2026-10-04T13:28:01.249362+00:00,162,18,3526329229,2,91,42,0,50050050,255,255,255,255,402958287447.31744
1791120481264362,2026-10-04T13:28:01.264362+00:00,162,18,3526344223,2,91,42,0,50050050,255,255,255,255,402958302447.3075
1791120481279440,2026-10-04T13:28:01.279440+00:00,162,18,3526359302,2,91,42,0,50050050,255,255,255,255,402958317525.2974
1791120481294483,2026-10-04T13:28:01.294483+00:00,162,18,3526374348,2,91,42,0,50050050,255,255,255,255,402958332568.2874
1791120481309385,2026-10-04T13:28:01.309385+00:00,162,18,3526389250,2,91,42,0,50050050,255,255,255,255,402958347470.27747
1791120481324492,2026-10-04T13:28:01.324492+00:00,162,18,3526404353,2,91,42,0,50050050,255,255,255,255,402958362577.26746
1791120481339408,2026-10-04T13:28:01.339408+00:00,162,18,3526419277,2,91,42,0,50050050,255,255,255,255,402958377493.2575
1791120481354382,2026-10-04T13:28:01.354382+00:00,162,18,3526434236,2,91,42,0,50050050,255,255,255,255,402958392467.2475
1791120481369362,2026-10-04T13:28:01.369362+00:00,162,18,3526449229,2,91,42,0,50050050,255,255,255,255,402958407447.23755
1791120481384437,2026-10-04T13:28:01.384437+00:00,162,18,3526464300,2,91,42,0,50050050,255,255,255,255,402958422522.2275
1791120481399450,2026-10-04T13:28:01.399450+00:00,162,18,3526479318,2,91,42,0,50050050,255,255,255,255,402958437535.2175
1791120481414374,2026-10-04T13:28:01.414374+00:00,162,18,3526494231,2,91,42,0,50050050,255,255,255,255,402958452459.2076
1791120481429407,2026-10-04T13:28:01.429407+00:00,162,18,3526509270,2,91,42,0,50050050,255,255,255,255,402958467492.1976
1791120481444368,2026-10-04T13:28:01.444368+00:00,162,18,3526524228,2,91,42,0,50050050,255,255,255,255,402958482453.1876
1791120481459475,2026-10-04T13:28:01.459475+00:00,162,18,3526539334,2,91,42,0,50050050,255,255,255,255,402958497560.17755
1791120481474394,2026-10-04T13:28:01.474394+00:00,162,18,3526554250,2,91,42,0,50050050,255,255,255,255,402958512479.1676
1791120481487058,2026-10-04T13:28:01.487058+00:00,162,83,3526566907,2,91,42,0,50050050,255,255,255,255,402958525143.1592
1791120481489386,2026-10-04T13:28:01.489386+00:00,162,18,3526569253,2,91,42,0,50050050,255,255,255,255,402958527471.1576
1791120481504468,2026-10-04T13:28:01.504468+00:00,162,18,3526584320,2,91,42,0,50050050,255,255,255,255,402958542553.1476
1791120481519385,2026-10-04T13:28:01.519385+00:00,162,18,3526599233,2,91,42,0,50050050,255,255,255,255,402958557470.13763
1791120481534375,2026-10-04T13:28:01.534375+00:00,162,18,3526614238,2,91,42,0,50050050,255,255,255,255,402958572460.1276
1791120481549394,2026-10-04T13:28:01.549394+00:00,162,18,3526629243,2,91,42,0,50050050,255,255,255,255,402958587479.1176
1791120481564430,2026-10-04T13:28:01.564430+00:00,162,18,3526644294,2,91,42,0,50050050,255,255,255,255,402958602515.1076
1791120481579442,2026-10-04T13:28:01.579442+00:00,162,18,3526659289,2,91,42,0,50050050,255,255,255,255,402958617527.09766
1791120481594418,2026-10-04T13:28:01.594418+00:00,162,18,3526674276,2,91,42,0,50050050,255,255,255,255,402958632503.08765
1791120481607079,2026-10-04T13:28:01.607079+00:00,162,83,3526686919,2,91,42,0,50050050,255,255,255,255,402958645164.0792
1791120481609625,2026-10-04T13:28:01.609625+00:00,162,18,3526689484,2,91,42,0,50050050,255,255,255,255,402958647710.0775
1791120481624427,2026-10-04T13:28:01.624427+00:00,162,18,3526704247,2,91,42,0,50050050,255,255,255,255,402958662512.0677
1791120481639386,2026-10-04T13:28:01.639386+00:00,162,18,3526719245,2,91,42,0,50050050,255,255,255,255,402958677471.0577
1791120481654380,2026-10-04T13:28:01.654380+00:00,162,18,3526734244,2,91,42,0,50050050,255,255,255,255,402958692465.0477
1791120481669430,2026-10-04T13:28:01.669430+00:00,162,18,3526749290,2,91,42,0,50050050,255,255,255,255,402958707515.0377
1791120481684443,2026-10-04T13:28:01.684443+00:00,162,18,3526764245,2,91,42,0,50050050,255,255,255,255,402958722528.0277
1791120481699373,2026-10-04T13:28:01.699373+00:00,162,18,3526779238,2,91,42,0,50050050,255,255,255,255,402958737458.01776
1791120481714369,2026-10-04T13:28:01.714369+00:00,162,18,3526794225,2,91,42,0,50050050,255,255,255,255,402958752454.00775
1791120481729418,2026-10-04T13:28:01.729418+00:00,162,18,3526809277,2,91,42,0,50050050,255,255,255,255,402958767502.99774
1791120481740796,2026-10-04T13:28:01.740796+00:00,162,83,3526820581,2,91,42,0,50050050,255,255,255,255,402958778880.9902
1791120481744376,2026-10-04T13:28:01.744376+00:00,162,18,3526824242,2,91,42,0,50050050,255,255,255,255,402958782460.9878
1791120481759601,2026-10-04T13:28:01.759601+00:00,162,18,3526839461,2,91,42,0,50050050,255,255,255,255,402958797685.97766
1791120481774446,2026-10-04T13:28:01.774446+00:00,162,18,3526854314,2,91,42,0,50050050,255,255,255,255,402958812530.9678
1791120481789428,2026-10-04T13:28:01.789428+00:00,162,18,3526869291,2,91,42,0,50050050,255,255,255,255,402958827512.95776
1791120481804368,2026-10-04T13:28:01.804368+00:00,162,18,3526884229,2,91,42,0,50050050,255,255,255,255,402958842452.9478
1791120481819369,2026-10-04T13:28:01.819369+00:00,162,18,3526899229,2,91,42,0,50050050,255,255,255,255,402958857453.9378
1791120481834358,2026-10-04T13:28:01.834358+00:00,162,18,3526914224,2,91,42,0,50050050,255,255,255,255,402958872442.92786
1791120481843030,2026-10-04T13:28:01.843030+00:00,162,18,3526922892,2,91,42,0,50050050,255,255,255,255,402958881114.92206
1791120481857169,2026-10-04T13:28:01.857169+00:00,162,18,3526937023,2,91,42,0,50050050,255,255,255,255,402958895253.91266
1791120481865632,2026-10-04T13:28:01.865632+00:00,162,18,3526945496,2,91,42,0,50050050,255,255,255,255,402958903716.90704
1791120481867144,2026-10-04T13:28:01.867144+00:00,162,83,3526947012,2,91,42,0,50050050,255,255,255,255,402958905228.906
1791120481879435,2026-10-04T13:28:01.879435+00:00,162,18,3526959293,2,91,42,0,50050050,255,255,255,255,402958917519.8978
1791120481887772,2026-10-04T13:28:01.887772+00:00,162,18,3526967434,2,91,42,0,50050050,255,255,255,255,402958925856.8923
1791120481901969,2026-10-04T13:28:01.901969+00:00,162,18,3526981817,2,91,42,0,50050050,255,255,255,255,402958940053.8828
1791120481916992,2026-10-04T13:28:01.916992+00:00,162,18,3526996851,2,91,42,0,50050050,255,255,255,255,402958955076.8728
1791120481932068,2026-10-04T13:28:01.932068+00:00,162,18,3527011925,2,91,42,0,50050050,255,255,255,255,402958970152.8628
1791120481947015,2026-10-04T13:28:01.947015+00:00,162,18,3527026866,2,91,42,0,50050050,255,255,255,255,402958985099.85284
1791120481961933,2026-10-04T13:28:01.961933+00:00,162,18,3527041799,2,91,42,0,50050050,255,255,255,255,402959000017.8429
1791120481976957,2026-10-04T13:28:01.976957+00:00,162,18,3527056825,2,91,42,0,50050050,255,255,255,255,402959015041.8329
1791120481991920,2026-10-04T13:28:01.991920+00:00,162,18,3527071782,2,91,42,0,50050050,255,255,255,255,402959030004.82294
1791120481993398,2026-10-04T13:28:01.993398+00:00,162,83,3527073258,2,91,42,0,50050050,255,255,255,255,402959031482.8219
1791120482008063,2026-10-04T13:28:02.008063+00:00,162,18,3527087925,2,91,42,0,50050050,255,255,255,255,402959046147.81213
1791120482021960,2026-10-04T13:28:02.021960+00:00,162,18,3527101811,2,91,42,0,50050050,255,255,255,255,402959060044.8029
1791120482029471,2026-10-04T13:28:02.029471+00:00,162,18,3527109331,2,91,42,0,50050050,255,255,255,255,402959067555.7979
1791120482036953,2026-10-04T13:28:02.036953+00:00,162,18,3527116815,2,91,42,0,50050050,255,255,255,255,402959075037.7929
1791120482051956,2026-10-04T13:28:02.051956+00:00,162,18,3527131818,2,91,42,0,50050050,255,255,255,255,402959090040.7829
1791120482067057,2026-10-04T13:28:02.067057+00:00,162,18,3527146915,2,92,42,0,50050050,14,255,255,255,402959105141.7729
1791120482081920,2026-10-04T13:28:02.081920+00:00,162,18,3527161778,2,92,42,0,50050050,14,255,255,255,402959120004.76294
1791120482097108,2026-10-04T13:28:02.097108+00:00,162,18,3527176970,2,92,42,0,50050050,14,255,255,255,402959135192.75287
1791120482112903,2026-10-04T13:28:02.112903+00:00,162,18,3527191901,2,92,42,0,50050050,14,255,255,255,402959150987.7423
1791120482126936,2026-10-04T13:28:02.126936+00:00,162,18,3527206783,2,92,42,0,50050050,14,255,255,255,402959165020.733
1791120482128953,2026-10-04T13:28:02.128953+00:00,162,83,3527208810,2,92,42,0,50050050,14,255,255,255,402959167037.7316
1791120482142008,2026-10-04T13:28:02.142008+00:00,162,18,3527221859,2,92,42,0,50050050,14,255,255,255,402959180092.72296
1791120482156968,2026-10-04T13:28:02.156968+00:00,162,18,3527236820,2,92,42,0,50050050,14,255,255,255,402959195052.713
1791120482171978,2026-10-04T13:28:02.171978+00:00,162,18,3527251836,2,92,42,0,50050050,14,255,255,255,402959210062.703
1791120482187121,2026-10-04T13:28:02.187121+00:00,162,18,3527266978,2,92,42,0,50050050,14,255,255,255,402959225205.69293
1791120482201957,2026-10-04T13:28:02.201957+00:00,162,18,3527281808,2,92,42,0,50050050,14,255,255,255,402959240041.68304
1791120482217147,2026-10-04T13:28:02.217147+00:00,162,18,3527297008,2,92,42,0,50050050,14,255,255,255,402959255231.6729
1791120482232006,2026-10-04T13:28:02.232006+00:00,162,18,3527311854,2,92,42,0,50050050,14,255,255,255,402959270090.663
1791120482248020,2026-10-04T13:28:02.248020+00:00,162,18,3527327875,2,92,42,0,50050050,14,255,255,255,402959286104.65234
1791120482257935,2026-10-04T13:28:02.257935+00:00,162,83,3527337784,2,92,42,0,50050050,14,255,255,255,402959296019.64575
1791120482262089,2026-10-04T13:28:02.262089+00:00,162,18,3527341931,2,92,42,0,50050050,14,255,255,255,402959300173.64294
1791120482277011,2026-10-04T13:28:02.277011+00:00,162,18,3527356863,2,92,42,0,50050050,14,255,255,255,402959315095.63306
1791120482292008,2026-10-04T13:28:02.292008+00:00,162,18,3527371862,2,92,42,0,50050050,14,255,255,255,402959330092.62305
1791120482306946,2026-10-04T13:28:02.306946+00:00,162,18,3527386801,2,92,42,0,50050050,14,255,255,255,402959345030.6131
1791120482321964,2026-10-04T13:28:02.321964+00:00,162,18,3527401821,2,92,42,0,50050050,14,255,255,255,402959360048.6031
1791120482336982,2026-10-04T13:28:02.336982+00:00,162,18,3527416835,2,92,42,0,50050050,14,255,255,255,402959375066.5931
1791120482351958,2026-10-04T13:28:02.351958+00:00,162,18,3527431813,2,92,42,0,50050050,14,255,255,255,402959390042.5831
1791120482367053,2026-10-04T13:28:02.367053+00:00,162,18,3527446905,2,92,42,0,50050050,14,255,255,255,402959405137.57306
1791120482382011,2026-10-04T13:28:02.382011+00:00,162,18,3527461861,2,92,42,0,50050050,14,255,255,255,402959420095.5631
1791120482395048,2026-10-04T13:28:02.395048+00:00,162,83,3527474878,2,92,42,0,50050050,14,255,255,255,402959433132.55444
1791120482397123,2026-10-04T13:28:02.397123+00:00,162,18,3527476978,2,92,42,0,50050050,14,255,255,255,402959435207.55304
1791120482411928,2026-10-04T13:28:02.411928+00:00,162,18,3527491785,2,92,42,0,50050050,14,255,255,255,402959450012.54315
1791120482426946,2026-10-04T13:28:02.426946+00:00,162,18,3527506803,2,92,42,0,50050050,14,255,255,255,402959465030.5332
1791120482441954,2026-10-04T13:28:02.441954+00:00,162,18,3527521809,2,92,42,0,50050050,14,255,255,255,402959480038.5232
1791120482456975,2026-10-04T13:28:02.456975+00:00,162,18,3527536813,2,92,42,0,50050050,14,255,255,255,402959495059.5132
1791120482472039,2026-10-04T13:28:02.472039+00:00,162,18,3527551875,2,92,42,0,50050050,14,255,255,255,402959510123.5031
1791120482486965,2026-10-04T13:28:02.486965+00:00,162,18,3527566812,2,92,42,0,50050050,14,255,255,255,402959525049.4932
1791120482501927,2026-10-04T13:28:02.501927+00:00,162,18,3527581788,2,92,42,0,50050050,14,255,255,255,402959540011.4832
1791120482516974,2026-10-04T13:28:02.516974+00:00,162,18,3527596804,2,92,42,0,50050050,14,255,255,255,402959555058.4732
1791120482530828,2026-10-04T13:28:02.530828+00:00,162,83,3527610672,2,92,42,0,50050050,14,255,255,255,402959568912.464
1791120482531917,2026-10-04T13:28:02.531917+00:00,162,18,3527611789,2,92,42,0,50050050,14,255,255,255,402959570001.46326
1791120482546954,2026-10-04T13:28:02.546954+00:00,162,18,3527626810,2,92,42,0,50050050,14,255,255,255,402959585038.45325
1791120482562003,2026-10-04T13:28:02.562003+00:00,162,18,3527641860,2,92,42,0,50050050,14,255,255,255,402959600087.44324
1791120482576920,2026-10-04T13:28:02.576920+00:00,162,18,3527656780,2,92,42,0,50050050,14,255,255,255,402959615004.4333
1791120482592225,2026-10-04T13:28:02.592225+00:00,162,18,3527672067,2,92,42,0,50050050,14,255,255,255,402959630309.4231
1791120482606958,2026-10-04T13:28:02.606958+00:00,162,18,3527686809,2,92,42,0,50050050,14,255,255,255,402959645042.41327
1791120482621938,2026-10-04T13:28:02.621938+00:00,162,18,3527701801,2,92,42,0,50050050,14,255,255,255,402959660022.4033
1791120482636948,2026-10-04T13:28:02.636948+00:00,162,18,3527716808,2,92,42,0,50050050,14,255,255,255,402959675032.3933
1791120482651966,2026-10-04T13:28:02.651966+00:00,162,18,3527731819,2,92,42,0,50050050,14,255,255,255,402959690050.3833
1791120482659718,2026-10-04T13:28:02.659718+00:00,162,83,3527739580,2,92,42,0,50050050,14,255,255,255,402959697802.3781
1791120482667033,2026-10-04T13:28:02.667033+00:00,162,18,3527746894,2,92,42,0,50050050,14,255,255,255,402959705117.3733
1791120482681953,2026-10-04T13:28:02.681953+00:00,162,18,3527761811,2,92,42,0,50050050,14,255,255,255,402959720037.36334
1791120482696945,2026-10-04T13:28:02.696945+00:00,162,18,3527776801,2,92,42,0,50050050,14,255,255,255,402959735029.35333
1791120482711953,2026-10-04T13:28:02.711953+00:00,162,18,3527791813,2,92,42,0,50050050,14,255,255,255,402959750037.3433
1791120482726971,2026-10-04T13:28:02.726971+00:00,162,18,3527806829,2,92,42,0,50050050,14,255,255,255,402959765055.3334
1791120482741935,2026-10-04T13:28:02.741935+00:00,162,18,3527821791,2,92,42,0,50050050,14,255,255,255,402959780019.32336
1791120482757027,2026-10-04T13:28:02.757027+00:00,162,18,3527836834,2,92,42,0,50050050,14,255,255,255,402959795111.31335
1791120482771969,2026-10-04T13:28:02.771969+00:00,162,18,3527851824,2,92,42,0,50050050,14,255,255,255,402959810053.3034
1791120482786986,2026-10-04T13:28:02.786986+00:00,162,18,3527866846,2,92,42,0,50050050,14,255,255,255,402959825070.2934
1791120482790100,2026-10-04T13:28:02.790100+00:00,162,83,3527869956,2,92,42,0,50050050,14,255,255,255,402959828184.2913
1791120482801970,2026-10-04T13:28:02.801970+00:00,162,18,3527881829,2,92,42,0,50050050,14,255,255,255,402959840054.2834
1791120482816941,2026-10-04T13:28:02.816941+00:00,162,18,3527896798,2,92,42,0,50050050,14,255,255,255,402959855025.27344
1791120482833067,2026-10-04T13:28:02.833067+00:00,162,18,3527912919,2,92,42,0,50050050,14,255,255,255,402959871151.2627
1791120482846915,2026-10-04T13:28:02.846915+00:00,162,18,3527926776,2,92,42,0,50050050,14,255,255,255,402959884999.2535
1791120482861999,2026-10-04T13:28:02.861999+00:00,162,18,3527941864,2,92,42,0,50050050,14,255,255,255,402959900083.2434
1791120482876996,2026-10-04T13:28:02.876996+00:00,162,18,3527956856,2,92,42,0,50050050,14,255,255,255,402959915080.23346
1791120482891939,2026-10-04T13:28:02.891939+00:00,162,18,3527971799,2,92,42,0,50050050,14,255,255,255,402959930023.22345
1791120482907074,2026-10-04T13:28:02.907074+00:00,162,18,3527986925,2,92,42,0,50050050,14,255,255,255,402959945158.2134
1791120482914600,2026-10-04T13:28:02.914600+00:00,162,83,3527994457,2,92,42,0,50050050,14,255,255,255,402959952684.2084
1791120482922083,2026-10-04T13:28:02.922083+00:00,162,18,3528001842,2,92,42,0,50050050,14,255,255,255,402959960167.2034
1791120482936946,2026-10-04T13:28:02.936946+00:00,162,18,3528016803,2,92,42,0,50050050,14,255,255,255,402959975030.1935
1791120482953016,2026-10-04T13:28:02.953016+00:00,162,18,3528032860,2,92,42,0,50050050,14,255,255,255,402959991100.1828
1791120482967000,2026-10-04T13:28:02.967000+00:00,162,18,3528046858,2,92,42,0,50050050,14,255,255,255,402960005084.17346
1791120482981936,2026-10-04T13:28:02.981936+00:00,162,18,3528061792,2,92,42,0,50050050,14,255,255,255,402960020020.1635
1791120482996940,2026-10-04T13:28:02.996940+00:00,162,18,3528076776,2,92,42,0,50050050,14,255,255,255,402960035024.15356
1791120483012628,2026-10-04T13:28:03.012628+00:00,162,18,3528092438,2,92,42,0,50050050,14,255,255,255,402960050712.14307
1791120483026957,2026-10-04T13:28:03.026957+00:00,162,18,3528106813,2,92,42,0,50050050,14,255,255,255,402960065041.13354
1791120483034373,2026-10-04T13:28:03.034373+00:00,162,18,3528114224,2,92,42,0,50050050,14,255,255,255,402960072457.1286
1791120483041992,2026-10-04T13:28:03.041992+00:00,162,18,3528121849,2,92,42,0,50050050,14,255,255,255,402960080076.12354
1791120483046807,2026-10-04T13:28:03.046807+00:00,162,83,3528126654,2,92,42,0,50050050,14,255,255,255,402960084891.12036
1791120483056947,2026-10-04T13:28:03.056947+00:00,162,18,3528136801,2,92,42,0,50050050,14,255,255,255,402960095031.1136
1791120483072030,2026-10-04T13:28:03.072030+00:00,162,18,3528151878,2,92,42,0,50050050,14,255,255,255,402960110114.1035
1791120483087156,2026-10-04T13:28:03.087156+00:00,162,18,3528166999,2,92,42,0,50050050,14,255,255,255,402960125240.09344
1791120483101928,2026-10-04T13:28:03.101928+00:00,162,18,3528181788,2,92,42,0,50050050,14,255,255,255,402960140012.0836
1791120483117039,2026-10-04T13:28:03.117039+00:00,162,18,3528196895,2,92,42,0,50050050,14,255,255,255,402960155123.07355
1791120483132043,2026-10-04T13:28:03.132043+00:00,162,18,3528211891,2,92,42,0,50050050,14,255,255,255,402960170127.06354
1791120483148026,2026-10-04T13:28:03.148026+00:00,162,18,3528227886,2,92,42,0,50050050,14,255,255,255,402960186110.0529
1791120483161986,2026-10-04T13:28:03.161986+00:00,162,18,3528241839,2,92,42,0,50050050,14,255,255,255,402960200070.04364
1791120483176986,2026-10-04T13:28:03.176986+00:00,162,18,3528256835,2,92,42,0,50050050,14,255,255,255,402960215070.0336
1791120483181636,2026-10-04T13:28:03.181636+00:00,162,83,3528261483,2,92,42,0,50050050,14,255,255,255,402960219720.0305
1791120483192021,2026-10-04T13:28:03.192021+00:00,162,18,3528271858,2,92,42,0,50050050,14,255,255,255,402960230105.0236
1791120483206957,2026-10-04T13:28:03.206957+00:00,162,18,3528286806,2,92,42,0,50050050,14,255,255,255,402960245041.0137
1791120483222125,2026-10-04T13:28:03.222125+00:00,162,18,3528301976,2,92,42,0,50050050,14,255,255,255,402960260209.00354
1791120483236973,2026-10-04T13:28:03.236973+00:00,162,18,3528316822,2,92,42,0,50050050,14,255,255,255,402960275056.99365
1791120483252025,2026-10-04T13:28:03.252025+00:00,162,18,3528331875,2,92,42,0,50050050,14,255,255,255,402960290108.98364
1791120483266976,2026-10-04T13:28:03.266976+00:00,162,18,3528346834,2,92,42,0,50050050,14,255,255,255,402960305059.9737
1791120483281847,2026-10-04T13:28:03.281847+00:00,162,18,3528361701,2,92,42,0,50050050,14,255,255,255,402960319930.9638
1791120483296917,2026-10-04T13:28:03.296917+00:00,162,18,3528376767,2,92,42,0,50050050,14,255,255,255,402960335000.95374
1791120483301812,2026-10-04T13:28:03.301812+00:00,162,83,3528381559,2,92,42,0,50050050,14,255,255,255,402960339895.9505
1791120483311834,2026-10-04T13:28:03.311834+00:00,162,18,3528391694,2,92,42,0,50050050,14,255,255,255,402960349917.94385
1791120483327138,2026-10-04T13:28:03.327138+00:00,162,18,3528406993,2,92,42,0,50050050,14,255,255,255,402960365221.93365
1791120483341881,2026-10-04T13:28:03.341881+00:00,162,18,3528421734,2,92,42,0,50050050,14,255,255,255,402960379964.9238
1791120483356958,2026-10-04T13:28:03.356958+00:00,162,18,3528436794,2,92,42,0,50050050,14,255,255,255,402960395041.91376
1791120483371876,2026-10-04T13:28:03.371876+00:00,162,18,3528451712,2,92,42,0,50050050,14,255,255,255,402960409959.9038
1791120483386849,2026-10-04T13:28:03.386849+00:00,162,18,3528466704,2,92,42,0,50050050,14,255,255,255,402960424932.89386
1791120483401874,2026-10-04T13:28:03.401874+00:00,162,18,3528481722,2,92,42,0,50050050,14,255,255,255,402960439957.88385
1791120483416897,2026-10-04T13:28:03.416897+00:00,162,18,3528496757,2,92,42,0,50050050,14,255,255,255,402960454980.87384
1791120483417700,2026-10-04T13:28:03.417700+00:00,162,83,3528497567,2,92,42,0,50050050,14,255,255,255,402960455783.8733
1791120483431826,2026-10-04T13:28:03.431826+00:00,162,18,3528511689,2,92,42,0,50050050,14,255,255,255,402960469909.8639
1791120483446925,2026-10-04T13:28:03.446925+00:00,162,18,3528526781,2,92,42,0,50050050,14,255,255,255,402960485008.8538
1791120483461875,2026-10-04T13:28:03.461875+00:00,162,18,3528541726,2,92,42,0,50050050,14,255,255,255,402960499958.8439
1791120483476832,2026-10-04T13:28:03.476832+00:00,162,18,3528556690,2,92,42,0,50050050,14,255,255,255,402960514915.8339
1791120483491830,2026-10-04T13:28:03.491830+00:00,162,18,3528571689,2,92,42,0,50050050,14,255,255,255,402960529913.8239
1791120483506851,2026-10-04T13:28:03.506851+00:00,162,18,3528586710,2,92,42,0,50050050,14,255,255,255,402960544934.8139
1791120483521910,2026-10-04T13:28:03.521910+00:00,162,18,3528601764,2,92,42,0,50050050,14,255,255,255,402960559993.8039
1791120483536925,2026-10-04T13:28:03.536925+00:00,162,18,3528616778,2,92,42,0,50050050,14,255,255,255,402960575008.7939
1791120483541647,2026-10-04T13:28:03.541647+00:00,162,83,3528621493,2,92,42,0,50050050,14,255,255,255,402960579730.7908
1791120483551888,2026-10-04T13:28:03.551888+00:00,162,18,3528631752,2,92,42,0,50050050,14,255,255,255,402960589971.78394
1791120483566848,2026-10-04T13:28:03.566848+00:00,162,18,3528646707,2,92,42,0,50050050,14,255,255,255,402960604931.774
1791120483581896,2026-10-04T13:28:03.581896+00:00,162,18,3528661741,2,92,42,0,50050050,14,255,255,255,402960619979.764
1791120483596916,2026-10-04T13:28:03.596916+00:00,162,18,3528676760,2,92,42,0,50050050,14,255,255,255,402960634999.75397
1791120483611946,2026-10-04T13:28:03.611946+00:00,162,18,3528691800,2,92,42,0,50050050,14,255,255,255,402960650029.74396
1791120483626853,2026-10-04T13:28:03.626853+00:00,162,18,3528706710,2,92,42,0,50050050,14,255,255,255,402960664936.734
1791120483642976,2026-10-04T13:28:03.642976+00:00,162,18,3528722835,2,92,42,0,50050050,14,255,255,255,402960681059.72327
1791120483656860,2026-10-04T13:28:03.656860+00:00,162,18,3528736713,2,92,42,0,50050050,14,255,255,255,402960694943.71405
1791120483672097,2026-10-04T13:28:03.672097+00:00,162,18,3528751954,2,92,42,0,50050050,14,255,255,255,402960710180.70386
1791120483674850,2026-10-04T13:28:03.674850+00:00,162,83,3528754691,2,92,42,0,50050050,14,255,255,255,402960712933.702
1791120483686856,2026-10-04T13:28:03.686856+00:00,162,18,3528766714,2,92,42,0,50050050,14,255,255,255,402960724939.69403
1791120483701893,2026-10-04T13:28:03.701893+00:00,162,18,3528781748,2,92,42,0,50050050,14,255,255,255,402960739976.684
1791120483716943,2026-10-04T13:28:03.716943+00:00,162,18,3528796800,2,92,42,0,50050050,14,255,255,255,402960755026.674
1791120483731971,2026-10-04T13:28:03.731971+00:00,162,18,3528811830,2,92,42,0,50050050,14,255,255,255,402960770054.664
1791120483746901,2026-10-04T13:28:03.746901+00:00,162,18,3528826763,2,92,42,0,50050050,14,255,255,255,402960784984.65405
1791120483761854,2026-10-04T13:28:03.761854+00:00,162,18,3528841700,2,92,42,0,50050050,14,255,255,255,402960799937.6441
1791120483776867,2026-10-04T13:28:03.776867+00:00,162,18,3528856725,2,92,42,0,50050050,14,255,255,255,402960814950.6341
1791120483791840,2026-10-04T13:28:03.791840+00:00,162,18,3528871694,2,92,42,0,50050050,14,255,255,255,402960829923.62415
1791120483806970,2026-10-04T13:28:03.806970+00:00,162,18,3528886826,2,92,42,0,50050050,14,255,255,255,402960845053.6141
1791120483810994,2026-10-04T13:28:03.810994+00:00,162,83,3528890840,2,92,42,0,50050050,14,255,255,255,402960849077.6114
1791120483821869,2026-10-04T13:28:03.821869+00:00,162,18,3528901725,2,92,42,0,50050050,14,255,255,255,402960859952.6041
1791120483836932,2026-10-04T13:28:03.836932+00:00,162,18,3528916777,2,92,42,0,50050050,14,255,255,255,402960875015.5941
1791120483851880,2026-10-04T13:28:03.851880+00:00,162,18,3528931736,2,92,42,0,50050050,14,255,255,255,402960889963.5841
1791120483866819,2026-10-04T13:28:03.866819+00:00,162,18,3528946674,2,92,42,0,50050050,14,255,255,255,402960904902.57416
1791120483881860,2026-10-04T13:28:03.881860+00:00,162,18,3528961707,2,92,42,0,50050050,14,255,255,255,402960919943.56415
1791120483896896,2026-10-04T13:28:03.896896+00:00,162,18,3528976751,2,92,42,0,50050050,14,255,255,255,402960934979.55414
1791120483911856,2026-10-04T13:28:03.911856+00:00,162,18,3528991711,2,92,42,0,50050050,14,255,255,255,402960949939.5442
1791120483926867,2026-10-04T13:28:03.926867+00:00,162,18,3529006726,2,92,42,0,50050050,14,255,255,255,402960964950.5342
1791120483941866,2026-10-04T13:28:03.941866+00:00,162,18,3529021722,2,92,42,0,50050050,14,255,255,255,402960979949.52423
1791120483946012,2026-10-04T13:28:03.946012+00:00,162,83,3529025863,2,92,42,0,50050050,14,255,255,255,402960984095.5214
1791120483956817,2026-10-04T13:28:03.956817+00:00,162,18,3529036676,2,92,42,0,50050050,14,255,255,255,402960994900.5142
1791120483971903,2026-10-04T13:28:03.971903+00:00,162,18,3529051755,2,92,42,0,50050050,14,255,255,255,402961009986.5042
1791120483987016,2026-10-04T13:28:03.987016+00:00,162,18,3529066871,2,92,42,0,50050050,14,255,255,255,402961025099.49414
1791120484001842,2026-10-04T13:28:04.001842+00:00,162,18,3529081701,2,92,42,0,50050050,14,255,255,255,402961039925.48425
1791120484016837,2026-10-04T13:28:04.016837+00:00,162,18,3529096696,2,92,42,0,50050050,14,255,255,255,402961054920.47424
1791120484031895,2026-10-04T13:28:04.031895+00:00,162,18,3529111752,2,92,42,0,50050050,14,255,255,255,402961069978.46423
1791120484039319,2026-10-04T13:28:04.039319+00:00,162,18,3529119183,2,92,42,0,50050050,14,255,255,255,402961077402.4593
1791120484046824,2026-10-04T13:28:04.046824+00:00,162,18,3529126685,2,92,42,0,50050050,14,255,255,255,402961084907.4543
1791120484061854,2026-10-04T13:28:04.061854+00:00,162,18,3529141709,2,92,42,0,50050050,14,255,255,255,402961099937.4443
1791120484076863,2026-10-04T13:28:04.076863+00:00,162,18,3529156720,2,92,42,0,50050050,14,255,255,255,402961114946.43427
1791120484078752,2026-10-04T13:28:04.078752+00:00,162,83,3529158610,2,92,42,0,50050050,14,255,255,255,402961116835.43304
1791120484091901,2026-10-04T13:28:04.091901+00:00,162,18,3529171761,2,92,42,0,50050050,14,255,255,255,402961129984.42426
1791120484106888,2026-10-04T13:28:04.106888+00:00,162,18,3529186741,2,92,42,0,50050050,14,255,255,255,402961144971.4143
1791120484121991,2026-10-04T13:28:04.121991+00:00,162,18,3529201839,2,92,42,0,50050050,14,255,255,255,402961160074.40424
1791120484136837,2026-10-04T13:28:04.136837+00:00,162,18,3529216698,2,92,42,0,50050050,14,255,255,255,402961174920.39435
1791120484151865,2026-10-04T13:28:04.151865+00:00,162,18,3529231715,2,92,42,0,50050050,14,255,255,255,402961189948.38434
1791120484166801,2026-10-04T13:28:04.166801+00:00,162,18,3529246661,2,92,42,0,50050050,14,255,255,255,402961204884.3744
1791120484181904,2026-10-04T13:28:04.181904+00:00,162,18,3529261754,2,92,42,0,50050050,14,255,255,255,402961219987.3643
1791120484196867,2026-10-04T13:28:04.196867+00:00,162,18,3529276717,2,92,42,0,50050050,14,255,255,255,402961234950.3544
1791120484207767,2026-10-04T13:28:04.207767+00:00,162,83,3529287616,2,92,42,0,50050050,14,255,255,255,402961245850.3471
1791120484211814,2026-10-04T13:28:04.211814+00:00,162,18,3529291677,2,92,42,0,50050050,14,255,255,255,402961249897.3444
1791120484226993,2026-10-04T13:28:04.226993+00:00,162,18,3529306854,2,92,42,0,50050050,14,255,255,255,402961265076.3343
1791120484241937,2026-10-04T13:28:04.241937+00:00,162,18,3529321781,2,92,42,0,50050050,14,255,255,255,402961280020.32434
1791120484256882,2026-10-04T13:28:04.256882+00:00,162,18,3529336737,2,92,42,0,50050050,14,255,255,255,402961294965.3144
1791120484271855,2026-10-04T13:28:04.271855+00:00,162,18,3529351712,2,92,42,0,50050050,14,255,255,255,402961309938.30444
1791120484286854,2026-10-04T13:28:04.286854+00:00,162,18,3529366715,2,92,42,0,50050050,14,255,255,255,402961324937.29443
1791120484301888,2026-10-04T13:28:04.301888+00:00,162,18,3529381749,2,92,42,0,50050050,14,255,255,255,402961339971.2844
1791120484317440,2026-10-04T13:28:04.317440+00:00,162,18,3529397151,2,92,42,0,50050050,14,255,255,255,402961355523.27405
1791120484331867,2026-10-04T13:28:04.331867+00:00,162,18,3529411715,2,92,42,0,50050050,14,255,255,255,402961369950.26447
1791120484337895,2026-10-04T13:28:04.337895+00:00,162,83,3529417696,2,92,42,0,50050050,14,255,255,255,402961375978.26044
1791120484348033,2026-10-04T13:28:04.348033+00:00,162,18,3529427888,2,92,42,0,50050050,14,255,255,255,402961386116.25366
1791120484361874,2026-10-04T13:28:04.361874+00:00,162,18,3529441725,2,92,42,0,50050050,14,255,255,255,402961399957.24445
1791120484376928,2026-10-04T13:28:04.376928+00:00,162,18,3529456783,2,92,42,0,50050050,14,255,255,255,402961415011.23444
1791120484393087,2026-10-04T13:28:04.393087+00:00,162,18,3529472942,2,92,42,0,50050050,14,255,255,255,402961431170.2237
1791120484406867,2026-10-04T13:28:04.406867+00:00,162,18,3529486710,2,92,42,0,50050050,14,255,255,255,402961444950.2145
1791120484415577,2026-10-04T13:28:04.415577+00:00,162,18,3529495435,2,92,42,0,50050050,14,255,255,255,402961453660.2087
1791120484429385,2026-10-04T13:28:04.429385+00:00,162,18,3529509229,2,92,42,0,50050050,14,255,255,255,402961467468.1995
1791120484444329,2026-10-04T13:28:04.444329+00:00,162,18,3529524189,2,92,42,0,50050050,14,255,255,255,402961482412.1896
1791120484459426,2026-10-04T13:28:04.459426+00:00,162,18,3529539281,2,92,42,0,50050050,14,255,255,255,402961497509.1795
1791120484474359,2026-10-04T13:28:04.474359+00:00,162,18,3529554210,2,92,42,0,50050050,14,255,255,255,402961512442.16956
1791120484478031,2026-10-04T13:28:04.478031+00:00,162,83,3529557883,2,92,42,0,50050050,14,255,255,255,402961516114.1671
1791120484489433,2026-10-04T13:28:04.489433+00:00,162,18,3529569290,2,92,42,0,50050050,14,255,255,255,402961527516.1595
1791120484504373,2026-10-04T13:28:04.504373+00:00,162,18,3529584221,2,92,42,0,50050050,14,255,255,255,402961542456.14954
1791120484519340,2026-10-04T13:28:04.519340+00:00,162,18,3529599188,2,92,42,0,50050050,14,255,255,255,402961557423.1396
1791120484534648,2026-10-04T13:28:04.534648+00:00,162,18,3529614501,2,92,42,0,50050050,14,255,255,255,402961572731.1294
1791120484549411,2026-10-04T13:28:04.549411+00:00,162,18,3529629273,2,92,42,0,50050050,14,255,255,255,402961587494.11957
1791120484564365,2026-10-04T13:28:04.564365+00:00,162,18,3529644215,2,92,42,0,50050050,14,255,255,255,402961602448.1096
1791120484579356,2026-10-04T13:28:04.579356+00:00,162,18,3529659207,2,92,42,0,50050050,14,255,255,255,402961617439.0996
1791120484594388,2026-10-04T13:28:04.594388+00:00,162,18,3529674244,2,92,42,0,50050050,14,255,255,255,402961632471.0896
1791120484604521,2026-10-04T13:28:04.604521+00:00,162,83,3529684372,2,92,42,0,50050050,14,255,255,255,402961642604.0829
1791120484609411,2026-10-04T13:28:04.609411+00:00,162,18,3529689265,2,92,42,0,50050050,14,255,255,255,402961647494.0796
1791120484624371,2026-10-04T13:28:04.624371+00:00,162,18,3529704227,2,92,42,0,50050050,14,255,255,255,402961662454.06964
1791120484639395,2026-10-04T13:28:04.639395+00:00,162,18,3529719229,2,92,42,0,50050050,14,255,255,255,402961677478.05963
1791120484654418,2026-10-04T13:28:04.654418+00:00,162,18,3529734264,2,92,42,0,50050050,14,255,255,255,402961692501.0496
1791120484663186,2026-10-04T13:28:04.663186+00:00,162,18,3529743044,2,92,42,0,50050050,14,255,255,255,402961701269.04376
1791120484676926,2026-10-04T13:28:04.676926+00:00,162,18,3529756775,2,92,42,0,50050050,14,255,255,255,402961715009.03467
1791120484685732,2026-10-04T13:28:04.685732+00:00,162,18,3529765594,2,92,42,0,50050050,14,255,255,255,402961723815.02875
1791120484699475,2026-10-04T13:28:04.699475+00:00,162,18,3529779328,2,92,42,0,50050050,14,255,255,255,402961737558.0196
1791120484715343,2026-10-04T13:28:04.715343+00:00,162,18,3529794760,2,92,42,0,50050050,14,255,255,255,402961753426.00903
1791120484727614,2026-10-04T13:28:04.727614+00:00,162,83,3529807459,2,92,42,0,50050050,14,255,255,255,402961765697.00085
1791120484729326,2026-10-04T13:28:04.729326+00:00,162,18,3529809190,2,92,42,0,50050050,14,255,255,255,402961767408.99976
1791120484744362,2026-10-04T13:28:04.744362+00:00,162,18,3529824208,2,92,42,0,50050050,14,255,255,255,402961782444.98975
1791120484759918,2026-10-04T13:28:04.759918+00:00,162,18,3529839762,2,92,42,0,50050050,14,255,255,255,402961798000.9794
1791120484774327,2026-10-04T13:28:04.774327+00:00,162,18,3529854185,2,92,42,0,50050050,14,255,255,255,402961812409.9698
1791120484789471,2026-10-04T13:28:04.789471+00:00,162,18,3529869195,2,92,42,0,50050050,14,255,255,255,402961827553.95966
1791120484804354,2026-10-04T13:28:04.804354+00:00,162,18,3529884198,2,92,42,0,50050050,14,255,255,255,402961842436.94977
1791120484819335,2026-10-04T13:28:04.819335+00:00,162,18,3529899197,2,92,42,0,50050050,14,255,255,255,402961857417.9398
1791120484828064,2026-10-04T13:28:04.828064+00:00,162,18,3529907929,2,92,42,0,50050050,14,255,255,255,402961866146.93396
1791120484841935,2026-10-04T13:28:04.841935+00:00,162,18,3529921792,2,92,42,0,50050050,14,255,255,255,402961880017.92474
1791120484856828,2026-10-04T13:28:04.856828+00:00,162,18,3529936679,2,92,42,0,50050050,14,255,255,255,402961894910.9148
1791120484861401,2026-10-04T13:28:04.861401+00:00,162,83,3529941237,2,92,42,0,50050050,14,255,255,255,402961899483.91174
1791120484871919,2026-10-04T13:28:04.871919+00:00,162,18,3529951779,2,92,42,0,50050050,14,255,255,255,402961910001.9048
1791120484886893,2026-10-04T13:28:04.886893+00:00,162,18,3529966747,2,92,42,0,50050050,14,255,255,255,402961924975.8948
1791120484901860,2026-10-04T13:28:04.901860+00:00,162,18,3529981704,2,92,42,0,50050050,14,255,255,255,402961939942.8848
1791120484916907,2026-10-04T13:28:04.916907+00:00,162,18,3529996764,2,92,42,0,50050050,14,255,255,255,402961954989.8748
1791120484931810,2026-10-04T13:28:04.931810+00:00,162,18,3530011667,2,92,42,0,50050050,14,255,255,255,402961969892.86487
1791120484946825,2026-10-04T13:28:04.946825+00:00,162,18,3530026681,2,92,42,0,50050050,14,255,255,255,402961984907.85486
1791120484962040,2026-10-04T13:28:04.962040+00:00,162,18,3530041892,2,92,42,0,50050050,14,255,255,255,402962000122.8447
1791120484976932,2026-10-04T13:28:04.976932+00:00,162,18,3530056785,2,92,42,0,50050050,14,255,255,255,402962015014.83484
1791120484992001,2026-10-04T13:28:04.992001+00:00,162,18,3530071840,2,92,42,0,50050050,14,255,255,255,402962030083.82477
1791120484999157,2026-10-04T13:28:04.999157+00:00,162,83,3530079008,2,92,42,0,50050050,14,255,255,255,402962037239.82
1791120485006830,2026-10-04T13:28:05.006830+00:00,162,18,3530086679,2,92,42,0,50050050,14,255,255,255,402962044912.81494
1791120485021937,2026-10-04T13:28:05.021937+00:00,162,18,3530101792,2,92,42,0,50050050,14,255,255,255,402962060019.8049
1791120485036850,2026-10-04T13:28:05.036850+00:00,162,18,3530116701,2,92,42,0,50050050,14,255,255,255,402962074932.7949
1791120485044445,2026-10-04T13:28:05.044445+00:00,162,18,3530124295,2,92,42,0,50050050,14,255,255,255,402962082527.78986
1791120485051939,2026-10-04T13:28:05.051939+00:00,162,18,3530131794,2,92,42,0,50050050,14,255,255,255,402962090021.78485
1791120485066870,2026-10-04T13:28:05.066870+00:00,162,18,3530146722,2,92,42,0,50050050,14,255,255,255,402962104952.7749
1791120485081983,2026-10-04T13:28:05.081983+00:00,162,18,3530161833,2,92,42,0,50050050,14,255,255,255,402962120065.76483
1791120485096976,2026-10-04T13:28:05.096976+00:00,162,18,3530176832,2,92,42,0,50050050,14,255,255,255,402962135058.7549
1791120485111908,2026-10-04T13:28:05.111908+00:00,162,18,3530191765,2,92,42,0,50050050,14,255,255,255,402962149990.74493
1791120485126929,2026-10-04T13:28:05.126929+00:00,162,18,3530206768,2,92,42,0,50050050,14,255,255,255,402962165011.7349
1791120485136026,2026-10-04T13:28:05.136026+00:00,162,83,3530215879,2,92,42,0,50050050,14,255,255,255,402962174108.7289
1791120485141905,2026-10-04T13:28:05.141905+00:00,162,18,3530221764,2,92,42,0,50050050,14,255,255,255,402962179987.725
1791120485156848,2026-10-04T13:28:05.156848+00:00,162,18,3530236698,2,92,42,0,50050050,14,255,255,255,402962194930.715
1791120485171888,2026-10-04T13:28:05.171888+00:00,162,18,3530251735,2,92,42,0,50050050,14,255,255,255,402962209970.70496
1791120485186859,2026-10-04T13:28:05.186859+00:00,162,18,3530266713,2,92,42,0,50050050,14,255,255,255,402962224941.695
1791120485201838,2026-10-04T13:28:05.201838+00:00,162,18,3530281684,2,92,42,0,50050050,14,255,255,255,402962239920.68506
1791120485216906,2026-10-04T13:28:05.216906+00:00,162,18,3530296721,2,92,42,0,50050050,14,255,255,255,402962254988.675
1791120485231981,2026-10-04T13:28:05.231981+00:00,162,18,3530311838,2,92,42,0,50050050,14,255,255,255,402962270063.665
1791120485246868,2026-10-04T13:28:05.246868+00:00,162,18,3530326713,2,92,42,0,50050050,14,255,255,255,402962284950.655
1791120485261848,2026-10-04T13:28:05.261848+00:00,162,18,3530341701,2,92,42,0,50050050,14,255,255,255,402962299930.6451
1791120485269187,2026-10-04T13:28:05.269187+00:00,162,83,3530348909,2,92,42,0,50050050,14,255,255,255,402962307269.6402
1791120485276829,2026-10-04T13:28:05.276829+00:00,162,18,3530356683,2,92,42,0,50050050,14,255,255,255,402962314911.6351
1791120485291873,2026-10-04T13:28:05.291873+00:00,162,18,3530371718,2,92,42,0,50050050,14,255,255,255,402962329955.62506
1791120485306895,2026-10-04T13:28:05.306895+00:00,162,18,3530386747,2,92,42,0,50050050,14,255,255,255,402962344977.61505
1791120485321926,2026-10-04T13:28:05.321926+00:00,162,18,3530401782,2,92,42,0,50050050,14,255,255,255,402962360008.60504
1791120485336833,2026-10-04T13:28:05.336833+00:00,162,18,3530416687,2,92,42,0,50050050,14,255,255,255,402962374915.59515
1791120485351845,2026-10-04T13:28:05.351845+00:00,162,18,3530431693,2,92,42,0,50050050,14,255,255,255,402962389927.58514
1791120485366862,2026-10-04T13:28:05.366862+00:00,162,18,3530446701,2,92,42,0,50050050,14,255,255,255,402962404944.57513
1791120485381942,2026-10-04T13:28:05.381942+00:00,162,18,3530461788,2,92,42,0,50050050,14,255,255,255,402962420024.56506
1791120485392098,2026-10-04T13:28:05.392098+00:00,162,83,3530471932,2,92,42,0,50050050,14,255,255,255,402962430180.5583
1791120485396831,2026-10-04T13:28:05.396831+00:00,162,18,3530476689,2,92,42,0,50050050,14,255,255,255,402962434913.5552
1791120485411975,2026-10-04T13:28:05.411975+00:00,162,18,3530491824,2,92,42,0,50050050,14,255,255,255,402962450057.5451
1791120485426871,2026-10-04T13:28:05.426871+00:00,162,18,3530506723,2,92,42,0,50050050,14,255,255,255,402962464953.53516
1791120485441871,2026-10-04T13:28:05.441871+00:00,162,18,3530521719,2,92,42,0,50050050,14,255,255,255,402962479953.52515
1791120485457014,2026-10-04T13:28:05.457014+00:00,162,18,3530536865,2,92,42,0,50050050,14,255,255,255,402962495096.5151
1791120485471893,2026-10-04T13:28:05.471893+00:00,162,18,3530551733,2,92,42,0,50050050,14,255,255,255,402962509975.5052
1791120485486862,2026-10-04T13:28:05.486862+00:00,162,18,3530566709,2,92,42,0,50050050,14,255,255,255,402962524944.4952
1791120485493484,2026-10-04T13:28:05.493484+00:00,162,83,3530573314,2,92,42,0,50050050,14,255,255,255,402962531566.4908
1791120485501828,2026-10-04T13:28:05.501828+00:00,162,18,3530581673,2,92,42,0,50050050,14,255,255,255,402962539910.4852
1791120485516959,2026-10-04T13:28:05.516959+00:00,162,18,3530596809,2,92,42,0,50050050,14,255,255,255,402962555041.47516
1791120485531924,2026-10-04T13:28:05.531924+00:00,162,18,3530611759,2,92,42,0,50050050,14,255,255,255,402962570006.4652
1791120485546934,2026-10-04T13:28:05.546934+00:00,162,18,3530626779,2,92,42,0,50050050,14,255,255,255,402962585016.4552
1791120485561907,2026-10-04T13:28:05.561907+00:00,162,18,3530641747,2,92,42,0,50050050,14,255,255,255,402962599989.44525
1791120485576964,2026-10-04T13:28:05.576964+00:00,162,18,3530656810,2,92,42,0,50050050,14,255,255,255,402962615046.4352
1791120485591988,2026-10-04T13:28:05.591988+00:00,162,18,3530671834,2,92,42,0,50050050,14,255,255,255,402962630070.4252
1791120485606925,2026-10-04T13:28:05.606925+00:00,162,18,3530686771,2,92,42,0,50050050,14,255,255,255,402962645007.4152
1791120485621930,2026-10-04T13:28:05.621930+00:00,162,18,3530701772,2,92,42,0,50050050,14,255,255,255,402962660012.4053
1791120485633815,2026-10-04T13:28:05.633815+00:00,162,83,3530713531,2,92,42,0,50050050,14,255,255,255,402962671897.39734
1791120485636906,2026-10-04T13:28:05.636906+00:00,162,18,3530716767,2,92,42,0,50050050,14,255,255,255,402962674988.39526
1791120485651882,2026-10-04T13:28:05.651882+00:00,162,18,3530731727,2,92,42,0,50050050,14,255,255,255,402962689964.3853
1791120485667084,2026-10-04T13:28:05.667084+00:00,162,18,3530746925,2,92,42,0,50050050,14,255,255,255,402962705166.3752
1791120485681925,2026-10-04T13:28:05.681925+00:00,162,18,3530761765,2,92,42,0,50050050,14,255,255,255,402962720007.3653
1791120485697008,2026-10-04T13:28:05.697008+00:00,162,18,3530776859,2,92,42,0,50050050,14,255,255,255,402962735090.3552
1791120485711892,2026-10-04T13:28:05.711892+00:00,162,18,3530791740,2,92,42,0,50050050,14,255,255,255,402962749974.34534
1791120485727115,2026-10-04T13:28:05.727115+00:00,162,18,3530806949,2,92,42,0,50050050,14,255,255,255,402962765197.3352
1791120485741850,2026-10-04T13:28:05.741850+00:00,162,18,3530821699,2,92,42,0,50050050,14,255,255,255,402962779932.3254
1791120485756892,2026-10-04T13:28:05.756892+00:00,162,18,3530836739,2,92,42,0,50050050,14,255,255,255,402962794974.31537
1791120485771877,2026-10-04T13:28:05.771877+00:00,162,18,3530851718,2,92,42,0,50050050,14,255,255,255,402962809959.30536
1791120485783939,2026-10-04T13:28:05.783939+00:00,162,83,3530863626,2,92,42,0,50050050,14,255,255,255,402962822021.29736
1791120485787134,2026-10-04T13:28:05.787134+00:00,162,18,3530866986,2,92,42,0,50050050,14,255,255,255,402962825216.2952
1791120485801855,2026-10-04T13:28:05.801855+00:00,162,18,3530881702,2,92,42,0,50050050,14,255,255,255,402962839937.2854
1791120485816978,2026-10-04T13:28:05.816978+00:00,162,18,3530896803,2,92,42,0,50050050,14,255,255,255,402962855060.2753
1791120485831982,2026-10-04T13:28:05.831982+00:00,162,18,3530911818,2,92,42,0,50050050,14,255,255,255,402962870064.2653
1791120485846902,2026-10-04T13:28:05.846902+00:00,162,18,3530926709,2,92,42,0,50050050,14,255,255,255,402962884984.25543
1791120485862016,2026-10-04T13:28:05.862016+00:00,162,18,3530941862,2,92,42,0,50050050,14,255,255,255,402962900098.24536
1791120485876848,2026-10-04T13:28:05.876848+00:00,162,18,3530956689,2,92,42,0,50050050,14,255,255,255,402962914930.2355
1791120485884841,2026-10-04T13:28:05.884841+00:00,162,83,3530964679,2,92,42,0,50050050,14,255,255,255,402962922923.23016
1791120485891991,2026-10-04T13:28:05.891991+00:00,162,18,3530971841,2,92,42,0,50050050,14,255,255,255,402962930073.2254
1791120485906888,2026-10-04T13:28:05.906888+00:00,162,18,3530986736,2,92,42,0,50050050,14,255,255,255,402962944970.21545
1791120485921960,2026-10-04T13:28:05.921960+00:00,162,18,3531001809,2,92,42,0,50050050,14,255,255,255,402962960042.20544
1791120485936883,2026-10-04T13:28:05.936883+00:00,162,18,3531016726,2,92,42,0,50050050,14,255,255,255,402962974965.1955
1791120485951877,2026-10-04T13:28:05.951877+00:00,162,18,3531031723,2,92,42,0,50050050,14,255,255,255,402962989959.1855
1791120485960539,2026-10-04T13:28:05.960539+00:00,162,18,3531040390,2,92,42,0,50050050,14,255,255,255,402962998621.17975
1791120485974379,2026-10-04T13:28:05.974379+00:00,162,18,3531054222,2,92,42,0,50050050,14,255,255,255,402963012461.17053
1791120485987585,2026-10-04T13:28:05.987585+00:00,162,83,3531067411,2,92,42,0,50050050,14,255,255,255,402963025667.1617
1791120485989346,2026-10-04T13:28:05.989346+00:00,162,18,3531069199,2,92,42,0,50050050,14,255,255,255,402963027428.1605
1791120486004420,2026-10-04T13:28:06.004420+00:00,162,18,3531084265,2,92,42,0,50050050,14,255,255,255,402963042502.1505
1791120486019455,2026-10-04T13:28:06.019455+00:00,162,18,3531099288,2,92,42,0,50050050,14,255,255,255,402963057537.1405
1791120486034411,2026-10-04T13:28:06.034411+00:00,162,18,3531114251,2,92,42,0,50050050,14,255,255,255,402963072493.1305
1791120486049545,2026-10-04T13:28:06.049545+00:00,162,18,3531129387,2,92,42,0,50050050,14,255,255,255,402963087627.1204
1791120486050135,2026-10-04T13:28:06.050135+00:00,162,18,3531129990,2,92,42,0,50050050,14,255,255,255,402963088217.12006
1791120486064460,2026-10-04T13:28:06.064460+00:00,162,18,3531144302,2,92,42,0,50050050,14,255,255,255,402963102542.11053
1791120486079591,2026-10-04T13:28:06.079591+00:00,162,18,3531159417,2,92,42,0,50050050,14,255,255,255,402963117673.1004
1791120486094669,2026-10-04T13:28:06.094669+00:00,162,83,3531174500,2,92,42,0,50050050,14,255,255,255,402963132751.0904
1791120486095474,2026-10-04T13:28:06.095474+00:00,162,18,3531175328,2,92,42,0,50050050,14,255,255,255,402963133556.08984
1791120486109538,2026-10-04T13:28:06.109538+00:00,162,18,3531189382,2,92,42,0,50050050,14,255,255,255,402963147620.0805
1791120486124431,2026-10-04T13:28:06.124431+00:00,162,18,3531204268,2,92,42,0,50050050,14,255,255,255,402963162513.07056
1791120486139437,2026-10-04T13:28:06.139437+00:00,162,18,3531219271,2,92,42,0,50050050,14,255,255,255,402963177519.06055
1791120486154447,2026-10-04T13:28:06.154447+00:00,162,18,3531234292,2,92,42,0,50050050,14,255,255,255,402963192529.0506
1791120486169454,2026-10-04T13:28:06.169454+00:00,162,18,3531249296,2,92,42,0,50050050,14,255,255,255,402963207536.0406
1791120486184473,2026-10-04T13:28:06.184473+00:00,162,18,3531264303,2,92,42,0,50050050,14,255,255,255,402963222555.0306
1791120486197289,2026-10-04T13:28:06.197289+00:00,162,83,3531277117,2,92,42,0,50050050,14,255,255,255,402963235371.02203
1791120486199385,2026-10-04T13:28:06.199385+00:00,162,18,3531279233,2,92,42,0,50050050,14,255,255,255,402963237467.0206
1791120486214410,2026-10-04T13:28:06.214410+00:00,162,18,3531294246,2,92,42,0,50050050,14,255,255,255,402963252492.0106
1791120486229449,2026-10-04T13:28:06.229449+00:00,162,18,3531309282,2,92,42,0,50050050,14,255,255,255,402963267531.0006
1791120486244728,2026-10-04T13:28:06.244728+00:00,162,18,3531324557,2,92,42,0,50050050,14,255,255,255,402963282809.9904
1791120486259439,2026-10-04T13:28:06.259439+00:00,162,18,3531339283,2,92,42,0,50050050,14,255,255,255,402963297520.98065
1791120486274438,2026-10-04T13:28:06.274438+00:00,162,18,3531354281,2,92,42,0,50050050,14,255,255,255,402963312519.97064
1791120486289400,2026-10-04T13:28:06.289400+00:00,162,18,3531369230,2,92,42,0,50050050,14,255,255,255,402963327481.9607
1791120486304001,2026-10-04T13:28:06.304001+00:00,162,83,3531383828,2,92,42,0,50050050,14,255,255,255,402963342082.951
1791120486304546,2026-10-04T13:28:06.304546+00:00,162,18,3531384396,2,92,42,0,50050050,14,255,255,255,402963342627.9506
1791120486319357,2026-10-04T13:28:06.319357+00:00,162,18,3531399202,2,92,42,0,50050050,14,255,255,255,402963357438.94073
1791120486334582,2026-10-04T13:28:06.334582+00:00,162,18,3531414392,2,92,42,0,50050050,14,255,255,255,402963372663.9306
1791120486350089,2026-10-04T13:28:06.350089+00:00,162,18,3531429920,2,92,42,0,50050050,14,255,255,255,402963388170.9203
1791120486364408,2026-10-04T13:28:06.364408+00:00,162,18,3531444255,2,92,42,0,50050050,14,255,255,255,402963402489.91077
1791120486379432,2026-10-04T13:28:06.379432+00:00,162,18,3531459271,2,92,42,0,50050050,14,255,255,255,402963417513.90076
1791120486394678,2026-10-04T13:28:06.394678+00:00,162,18,3531474520,2,92,42,0,50050050,14,255,255,255,402963432759.89056
1791120486410072,2026-10-04T13:28:06.410072+00:00,162,18,3531489901,2,92,42,0,50050050,14,255,255,255,402963448153.8803
1791120486414172,2026-10-04T13:28:06.414172+00:00,162,83,3531494006,2,92,42,0,50050050,14,255,255,255,402963452253.8776
1791120486424408,2026-10-04T13:28:06.424408+00:00,162,18,3531504255,2,92,42,0,50050050,14,255,255,255,402963462489.8708
1791120486439509,2026-10-04T13:28:06.439509+00:00,162,18,3531519358,2,92,42,0,50050050,14,255,255,255,402963477590.8607
1791120486454424,2026-10-04T13:28:06.454424+00:00,162,18,3531534265,2,92,42,0,50050050,14,255,255,255,402963492505.85077
1791120486469372,2026-10-04T13:28:06.469372+00:00,162,18,3531549216,2,92,42,0,50050050,14,255,255,255,402963507453.8408
1791120486478043,2026-10-04T13:28:06.478043+00:00,162,18,3531557890,2,92,42,0,50050050,14,255,255,255,402963516124.8351
1791120486492039,2026-10-04T13:28:06.492039+00:00,162,18,3531571878,2,92,42,0,50050050,14,255,255,255,402963530120.82574
1791120486506862,2026-10-04T13:28:06.506862+00:00,162,18,3531586699,2,92,42,0,50050050,14,255,255,255,402963544943.81586
1791120486515269,2026-10-04T13:28:06.515269+00:00,162,83,3531595105,2,92,42,0,50050050,14,255,255,255,402963553350.81024
1791120486522011,2026-10-04T13:28:06.522011+00:00,162,18,3531601857,2,92,42,0,50050050,14,255,255,255,402963560092.8058
1791120486536880,2026-10-04T13:28:06.536880+00:00,162,18,3531616724,2,92,42,0,50050050,14,255,255,255,402963574961.7959
1791120486545566,2026-10-04T13:28:06.545566+00:00,162,18,3531625409,2,92,42,0,50050050,14,255,255,255,402963583647.7901
1791120486559544,2026-10-04T13:28:06.559544+00:00,162,18,3531639378,2,92,42,0,50050050,14,255,255,255,402963597625.78076
1791120486574404,2026-10-04T13:28:06.574404+00:00,162,18,3531654209,2,92,42,0,50050050,14,255,255,255,402963612485.7709
1791120486589406,2026-10-04T13:28:06.589406+00:00,162,18,3531669252,2,92,42,0,50050050,14,255,255,255,402963627487.76086
1791120486604517,2026-10-04T13:28:06.604517+00:00,162,18,3531684304,2,92,42,0,50050050,14,255,255,255,402963642598.7508
1791120486619422,2026-10-04T13:28:06.619422+00:00,162,18,3531699254,2,92,42,0,50050050,14,255,255,255,402963657503.7409
1791120486620490,2026-10-04T13:28:06.620490+00:00,162,83,3531700331,2,92,42,0,50050050,14,255,255,255,402963658571.7402
1791120486634395,2026-10-04T13:28:06.634395+00:00,162,18,3531714237,2,92,42,0,50050050,14,255,255,255,402963672476.7309
1791120486649368,2026-10-04T13:28:06.649368+00:00,162,18,3531729215,2,92,42,0,50050050,14,255,255,255,402963687449.72095
1791120486664385,2026-10-04T13:28:06.664385+00:00,162,18,3531744223,2,92,42,0,50050050,14,255,255,255,402963702466.71094
1791120486679370,2026-10-04T13:28:06.679370+00:00,162,18,3531759211,2,92,42,0,50050050,14,255,255,255,402963717451.701
1791120486694345,2026-10-04T13:28:06.694345+00:00,162,18,3531774197,2,92,42,0,50050050,14,255,255,255,402963732426.691
1791120486709513,2026-10-04T13:28:06.709513+00:00,162,18,3531789350,2,92,42,0,50050050,14,255,255,255,402963747594.6809
1791120486724624,2026-10-04T13:28:06.724624+00:00,162,18,3531804440,2,92,42,0,50050050,14,255,255,255,402963762705.67084
1791120486731821,2026-10-04T13:28:06.731821+00:00,162,83,3531811669,2,92,42,0,50050050,14,255,255,255,402963769902.666
1791120486739422,2026-10-04T13:28:06.739422+00:00,162,18,3531819266,2,92,42,0,50050050,14,255,255,255,402963777503.66095
1791120486754386,2026-10-04T13:28:06.754386+00:00,162,18,3531834228,2,92,42,0,50050050,14,255,255,255,402963792467.651
1791120486769553,2026-10-04T13:28:06.769553+00:00,162,18,3531849385,2,92,42,0,50050050,14,255,255,255,402963807634.6409
1791120486784482,2026-10-04T13:28:06.784482+00:00,162,18,3531864307,2,92,42,0,50050050,14,255,255,255,402963822563.631
1791120486799351,2026-10-04T13:28:06.799351+00:00,162,18,3531879195,2,92,42,0,50050050,14,255,255,255,402963837432.62103
1791120486814513,2026-10-04T13:28:06.814513+00:00,162,18,3531894332,2,92,42,0,50050050,14,255,255,255,402963852594.61096
1791120486829377,2026-10-04T13:28:06.829377+00:00,162,18,3531909225,2,92,42,0,50050050,14,255,255,255,402963867458.6011
1791120486840073,2026-10-04T13:28:06.840073+00:00,162,83,3531919912,2,92,42,0,50050050,14,255,255,255,402963878154.59393
1791120486844355,2026-10-04T13:28:06.844355+00:00,162,18,3531924206,2,92,42,0,50050050,14,255,255,255,402963882436.59106
1791120486859527,2026-10-04T13:28:06.859527+00:00,162,18,3531939321,2,92,42,0,50050050,14,255,255,255,402963897608.581
1791120486874469,2026-10-04T13:28:06.874469+00:00,162,18,3531954304,2,92,42,0,50050050,14,255,255,255,402963912550.57104
1791120486889364,2026-10-04T13:28:06.889364+00:00,162,18,3531969207,2,92,42,0,50050050,14,255,255,255,402963927445.5611
1791120486904357,2026-10-04T13:28:06.904357+00:00,162,18,3531984201,2,92,42,0,50050050,14,255,255,255,402963942438.55115
1791120486919583,2026-10-04T13:28:06.919583+00:00,162,18,3531999422,2,92,42,0,50050050,14,255,255,255,402963957664.54095
1791120486934356,2026-10-04T13:28:06.934356+00:00,162,18,3532014198,2,92,42,0,50050050,14,255,255,255,402963972437.5311
1791120486949450,2026-10-04T13:28:06.949450+00:00,162,18,3532029260,2,92,42,0,50050050,14,255,255,255,402963987531.52106
1791120486964392,2026-10-04T13:28:06.964392+00:00,162,18,3532044234,2,92,42,0,50050050,14,255,255,255,402964002473.5111
1791120486979431,2026-10-04T13:28:06.979431+00:00,162,18,3532059268,2,92,42,0,50050050,14,255,255,255,402964017512.5011
1791120486992955,2026-10-04T13:28:06.992955+00:00,162,83,3532072781,2,92,42,0,50050050,14,255,255,255,402964031036.4921
1791120486994333,2026-10-04T13:28:06.994333+00:00,162,18,3532074176,2,92,42,0,50050050,14,255,255,255,402964032414.4912
1791120487009443,2026-10-04T13:28:07.009443+00:00,162,18,3532089276,2,92,42,0,50050050,14,255,255,255,402964047524.48114
1791120487024373,2026-10-04T13:28:07.024373+00:00,162,18,3532104217,2,92,42,0,50050050,14,255,255,255,402964062454.4712
1791120487039430,2026-10-04T13:28:07.039430+00:00,162,18,3532119267,2,92,42,0,50050050,14,255,255,255,402964077511.4612
1791120487054487,2026-10-04T13:28:07.054487+00:00,162,18,3532134329,2,92,42,0,50050050,14,255,255,255,402964092568.4511
1791120487055045,2026-10-04T13:28:07.055045+00:00,162,18,3532134906,2,92,42,0,50050050,14,255,255,255,402964093126.45074
1791120487069392,2026-10-04T13:28:07.069392+00:00,162,18,3532149234,2,92,42,0,50050050,14,255,255,255,402964107473.4412
1791120487084404,2026-10-04T13:28:07.084404+00:00,162,18,3532164235,2,92,42,0,50050050,14,255,255,255,402964122485.4312
1791120487099458,2026-10-04T13:28:07.099458+00:00,162,18,3532179292,2,92,42,0,50050050,14,255,255,255,402964137539.4212
1791120487106025,2026-10-04T13:28:07.106025+00:00,162,83,3532185857,2,92,42,0,50050050,14,255,255,255,402964144106.4168
1791120487114456,2026-10-04T13:28:07.114456+00:00,162,18,3532194300,2,92,42,0,50050050,14,255,255,255,402964152537.4112
1791120487129368,2026-10-04T13:28:07.129368+00:00,162,18,3532209209,2,92,42,0,50050050,14,255,255,255,402964167449.40125
1791120487144530,2026-10-04T13:28:07.144530+00:00,162,18,3532224373,2,92,42,0,50050050,14,255,255,255,402964182611.3912
1791120487159519,2026-10-04T13:28:07.159519+00:00,162,18,3532239361,2,92,42,0,50050050,14,255,255,255,402964197600.38116
1791120487174784,2026-10-04T13:28:07.174784+00:00,162,18,3532254599,2,92,42,0,50050050,14,255,255,255,402964212865.37103
1791120487189387,2026-10-04T13:28:07.189387+00:00,162,18,3532269232,2,92,42,0,50050050,14,255,255,255,402964227468.36127
1791120487204389,2026-10-04T13:28:07.204389+00:00,162,18,3532284228,2,92,42,0,50050050,14,255,255,255,402964242470.3513
1791120487215061,2026-10-04T13:28:07.215061+00:00,162,83,3532294894,2,92,42,0,50050050,14,255,255,255,402964253142.3442
1791120487219824,2026-10-04T13:28:07.219824+00:00,162,18,3532299676,2,92,42,0,50050050,14,255,255,255,402964257905.341
1791120487234371,2026-10-04T13:28:07.234371+00:00,162,18,3532314219,2,92,42,0,50050050,14,255,255,255,402964272452.3313
1791120487251163,2026-10-04T13:28:07.251163+00:00,162,18,3532330968,2,92,42,0,50050050,14,255,255,255,402964289244.3201
1791120487264384,2026-10-04T13:28:07.264384+00:00,162,18,3532344225,2,92,42,0,50050050,14,255,255,255,402964302465.31134
1791120487279434,2026-10-04T13:28:07.279434+00:00,162,18,3532359276,2,92,42,0,50050050,14,255,255,255,402964317515.30133
1791120487294508,2026-10-04T13:28:07.294508+00:00,162,18,3532374339,2,92,42,0,50050050,14,255,255,255,402964332589.29126
1791120487309487,2026-10-04T13:28:07.309487+00:00,162,18,3532389332,2,92,42,0,50050050,14,255,255,255,402964347568.2813
1791120487318188,2026-10-04T13:28:07.318188+00:00,162,18,3532398003,2,92,42,0,50050050,14,255,255,255,402964356269.2755
1791120487331947,2026-10-04T13:28:07.331947+00:00,162,18,3532411788,2,92,42,0,50050050,14,255,255,255,402964370028.26636
1791120487346895,2026-10-04T13:28:07.346895+00:00,162,18,3532426739,2,92,42,0,50050050,14,255,255,255,402964384976.2564
1791120487361911,2026-10-04T13:28:07.361911+00:00,162,18,3532441748,2,92,42,0,50050050,14,255,255,255,402964399992.2464
1791120487363442,2026-10-04T13:28:07.363442+00:00,162,83,3532443294,2,92,42,0,50050050,14,255,255,255,402964401523.24536
1791120487376903,2026-10-04T13:28:07.376903+00:00,162,18,3532456746,2,92,42,0,50050050,14,255,255,255,402964414984.2364
1791120487391915,2026-10-04T13:28:07.391915+00:00,162,18,3532471755,2,92,42,0,50050050,14,255,255,255,402964429996.2264
1791120487407015,2026-10-04T13:28:07.407015+00:00,162,18,3532486852,2,92,42,0,50050050,14,255,255,255,402964445096.2163
1791120487421896,2026-10-04T13:28:07.421896+00:00,162,18,3532501738,2,92,42,0,50050050,14,255,255,255,402964459977.2064
1791120487437445,2026-10-04T13:28:07.437445+00:00,162,18,3532517290,2,92,42,0,50050050,14,255,255,255,402964475526.19604
1791120487451870,2026-10-04T13:28:07.451870+00:00,162,18,3532531705,2,92,42,0,50050050,14,255,255,255,402964489951.18646
1791120487467104,2026-10-04T13:28:07.467104+00:00,162,18,3532546945,2,92,42,0,50050050,14,255,255,255,402964505185.17633
1791120487482144,2026-10-04T13:28:07.482144+00:00,162,18,3532561978,2,92,42,0,50050050,14,255,255,255,402964520225.1663
1791120487485241,2026-10-04T13:28:07.485241+00:00,162,83,3532565062,2,92,42,0,50050050,14,255,255,255,402964523322.16425
1791120487496978,2026-10-04T13:28:07.496978+00:00,162,18,3532576828,2,92,42,0,50050050,14,255,255,255,402964535059.15643
1791120487511974,2026-10-04T13:28:07.511974+00:00,162,18,3532591814,2,92,42,0,50050050,14,255,255,255,402964550055.1464
1791120487526888,2026-10-04T13:28:07.526888+00:00,162,18,3532606723,2,92,42,0,50050050,14,255,255,255,402964564969.1365
1791120487541908,2026-10-04T13:28:07.541908+00:00,162,18,3532621752,2,92,42,0,50050050,14,255,255,255,402964579989.1265
1791120487556957,2026-10-04T13:28:07.556957+00:00,162,18,3532636790,2,92,42,0,50050050,14,255,255,255,402964595038.11646
1791120487572029,2026-10-04T13:28:07.572029+00:00,162,18,3532651876,2,92,42,0,50050050,14,255,255,255,402964610110.10645
1791120487580622,2026-10-04T13:28:07.580622+00:00,162,18,3532660470,2,92,42,0,50050050,14,255,255,255,402964618703.1007
1791120487594344,2026-10-04T13:28:07.594344+00:00,162,18,3532674187,2,92,42,0,50050050,14,255,255,255,402964632425.09155
1791120487609504,2026-10-04T13:28:07.609504+00:00,162,18,3532689349,2,92,42,0,50050050,14,255,255,255,402964647585.0815
1791120487624485,2026-10-04T13:28:07.624485+00:00,162,18,3532704326,2,92,42,0,50050050,14,255,255,255,402964662566.0715
1791120487633273,2026-10-04T13:28:07.633273+00:00,162,83,3532713118,2,92,42,0,50050050,14,255,255,255,402964671354.0657
1791120487639376,2026-10-04T13:28:07.639376+00:00,162,18,3532719231,2,92,42,0,50050050,14,255,255,255,402964677457.0616
1791120487654379,2026-10-04T13:28:07.654379+00:00,162,18,3532734221,2,92,42,0,50050050,14,255,255,255,402964692460.0516
1791120487669402,2026-10-04T13:28:07.669402+00:00,162,18,3532749244,2,92,42,0,50050050,14,255,255,255,402964707483.04156
1791120487684470,2026-10-04T13:28:07.684470+00:00,162,18,3532764318,2,92,42,0,50050050,14,255,255,255,402964722551.03156
1791120487699459,2026-10-04T13:28:07.699459+00:00,162,18,3532779282,2,92,42,0,50050050,14,255,255,255,402964737540.02155
1791120487714394,2026-10-04T13:28:07.714394+00:00,162,18,3532794233,2,92,42,0,50050050,14,255,255,255,402964752475.0116
1791120487729417,2026-10-04T13:28:07.729417+00:00,162,18,3532809226,2,92,42,0,50050050,14,255,255,255,402964767498.0016
1791120487735221,2026-10-04T13:28:07.735221+00:00,162,83,3532815030,2,92,42,0,50050050,14,255,255,255,402964773301.99774
1791120487744407,2026-10-04T13:28:07.744407+00:00,162,18,3532824250,2,92,42,0,50050050,14,255,255,255,402964782487.99164
1791120487759577,2026-10-04T13:28:07.759577+00:00,162,18,3532839417,2,92,42,0,50050050,14,255,255,255,402964797657.9815
1791120487774645,2026-10-04T13:28:07.774645+00:00,162,18,3532854481,2,92,42,0,50050050,14,255,255,255,402964812725.9715
1791120487789403,2026-10-04T13:28:07.789403+00:00,162,18,3532869242,2,92,42,0,50050050,14,255,255,255,402964827483.9617
1791120487804536,2026-10-04T13:28:07.804536+00:00,162,18,3532884369,2,92,42,0,50050050,14,255,255,255,402964842616.9516
1791120487819421,2026-10-04T13:28:07.819421+00:00,162,18,3532899249,2,92,42,0,50050050,14,255,255,255,402964857501.94165
1791120487834439,2026-10-04T13:28:07.834439+00:00,162,18,3532914213,2,92,42,0,50050050,14,255,255,255,402964872519.93164
1791120487849361,2026-10-04T13:28:07.849361+00:00,162,18,3532929203,2,92,42,0,50050050,14,255,255,255,402964887441.92175
1791120487864366,2026-10-04T13:28:07.864366+00:00,162,18,3532944208,2,92,42,0,50050050,14,255,255,255,402964902446.91174
1791120487879412,2026-10-04T13:28:07.879412+00:00,162,18,3532959251,2,92,42,0,50050050,14,255,255,255,402964917492.90173
1791120487894366,2026-10-04T13:28:07.894366+00:00,162,18,3532974211,2,92,42,0,50050050,14,255,255,255,402964932446.8917
1791120487909646,2026-10-04T13:28:07.909646+00:00,162,18,3532989476,2,92,42,0,50050050,14,255,255,255,402964947726.8816
1791120487924343,2026-10-04T13:28:07.924343+00:00,162,18,3533004183,2,92,42,0,50050050,14,255,255,255,402964962423.87177
1791120487933144,2026-10-04T13:28:07.933144+00:00,162,18,3533012989,2,92,42,0,50050050,14,255,255,255,402964971224.8659
1791120487946939,2026-10-04T13:28:07.946939+00:00,162,18,3533026778,2,92,42,0,50050050,14,255,255,255,402964985019.85675
1791120487961943,2026-10-04T13:28:07.961943+00:00,162,18,3533041787,2,92,42,0,50050050,14,255,255,255,402965000023.84674
1791120487976835,2026-10-04T13:28:07.976835+00:00,162,18,3533056678,2,92,42,0,50050050,14,255,255,255,402965014915.83685
1791120487991871,2026-10-04T13:28:07.991871+00:00,162,18,3533071714,2,92,42,0,50050050,14,255,255,255,402965029951.8268
1791120488006983,2026-10-04T13:28:08.006983+00:00,162,18,3533086832,2,92,42,0,50050050,14,255,255,255,402965045063.8168
1791120488021981,2026-10-04T13:28:08.021981+00:00,162,18,3533101827,2,92,42,0,50050050,14,255,255,255,402965060061.80676
1791120488037184,2026-10-04T13:28:08.037184+00:00,162,18,3533117018,2,92,42,0,50050050,14,255,255,255,402965075264.79663
1791120488051822,2026-10-04T13:28:08.051822+00:00,162,18,3533131665,2,92,42,0,50050050,14,255,255,255,402965089902.78687
1791120488059395,2026-10-04T13:28:08.059395+00:00,162,18,3533139238,2,92,42,0,50050050,14,255,255,255,402965097475.78186
1791120488066843,2026-10-04T13:28:08.066843+00:00,162,18,3533146687,2,92,42,0,50050050,14,255,255,255,402965104923.77686
1791120488081833,2026-10-04T13:28:08.081833+00:00,162,18,3533161675,2,92,42,0,50050050,14,255,255,255,402965119913.7669
1791120488096829,2026-10-04T13:28:08.096829+00:00,162,18,3533176672,2,92,42,0,50050050,14,255,255,255,402965134909.7569
1791120488112014,2026-10-04T13:28:08.112014+00:00,162,18,3533191850,2,92,42,0,50050050,14,255,255,255,402965150094.74677
1791120488126882,2026-10-04T13:28:08.126882+00:00,162,18,3533206724,2,92,42,0,50050050,14,255,255,255,402965164962.7369
1791120488142903,2026-10-04T13:28:08.142903+00:00,162,18,3533222538,2,92,42,0,50050050,14,255,255,255,402965180983.7262
1791120488156899,2026-10-04T13:28:08.156899+00:00,162,18,3533236739,2,92,42,0,50050050,14,255,255,255,402965194979.7169
1791120488171888,2026-10-04T13:28:08.171888+00:00,162,18,3533251729,2,92,42,0,50050050,14,255,255,255,402965209968.7069
1791120488188112,2026-10-04T13:28:08.188112+00:00,162,18,3533267932,2,92,42,0,50050050,14,255,255,255,402965226192.6961
1791120488201877,2026-10-04T13:28:08.201877+00:00,162,18,3533281728,2,92,42,0,50050050,14,255,255,255,402965239957.68695
1791120488216791,2026-10-04T13:28:08.216791+00:00,162,18,3533296639,2,92,42,0,50050050,14,255,255,255,402965254871.677
1791120488231810,2026-10-04T13:28:08.231810+00:00,162,18,3533311659,2,92,42,0,50050050,14,255,255,255,402965269890.667
1791120488247194,2026-10-04T13:28:08.247194+00:00,162,18,3533327044,2,92,42,0,50050050,14,255,255,255,402965285274.65674
1791120488262172,2026-10-04T13:28:08.262172+00:00,162,18,3533342023,2,92,42,0,50050050,14,255,255,255,402965300252.6468
1791120488276834,2026-10-04T13:28:08.276834+00:00,162,18,3533356685,2,92,42,0,50050050,14,255,255,255,402965314914.637
1791120488291804,2026-10-04T13:28:08.291804+00:00,162,18,3533371655,2,92,42,0,50050050,14,255,255,255,402965329884.6271
1791120488306806,2026-10-04T13:28:08.306806+00:00,162,18,3533386656,2,92,42,0,50050050,14,255,255,255,402965344886.61707
1791120488321791,2026-10-04T13:28:08.321791+00:00,162,18,3533401642,2,92,42,0,50050050,14,255,255,255,402965359871.60706
1791120488337203,2026-10-04T13:28:08.337203+00:00,162,18,3533416996,2,92,42,0,50050050,14,255,255,255,402965375283.5968
1791120488352257,2026-10-04T13:28:08.352257+00:00,162,18,3533432112,2,92,42,0,50050050,14,255,255,255,402965390337.5868
1791120488366971,2026-10-04T13:28:08.366971+00:00,162,18,3533446824,2,92,42,0,50050050,14,255,255,255,402965405051.57697
1791120488381800,2026-10-04T13:28:08.381800+00:00,162,18,3533461648,2,92,42,0,50050050,14,255,255,255,402965419880.56714
1791120488396839,2026-10-04T13:28:08.396839+00:00,162,18,3533476662,2,92,42,0,50050050,14,255,255,255,402965434919.55707
1791120488411812,2026-10-04T13:28:08.411812+00:00,162,18,3533491662,2,92,42,0,50050050,14,255,255,255,402965449892.5471
1791120488426817,2026-10-04T13:28:08.426817+00:00,162,18,3533506668,2,92,42,0,50050050,14,255,255,255,402965464897.5371
1791120488441875,2026-10-04T13:28:08.441875+00:00,162,18,3533521721,2,92,42,0,50050050,14,255,255,255,402965479955.5271
1791120488456808,2026-10-04T13:28:08.456808+00:00,162,18,3533536657,2,92,42,0,50050050,14,255,255,255,402965494888.51715
1791120488471788,2026-10-04T13:28:08.471788+00:00,162,18,3533551642,2,92,42,0,50050050,14,255,255,255,402965509868.5072
1791120488486859,2026-10-04T13:28:08.486859+00:00,162,18,3533566709,2,92,42,0,50050050,14,255,255,255,402965524939.49713
1791120488502219,2026-10-04T13:28:08.502219+00:00,162,18,3533581731,2,92,42,0,50050050,14,255,255,255,402965540299.48694
1791120488516875,2026-10-04T13:28:08.516875+00:00,162,18,3533596732,2,92,42,0,50050050,14,255,255,255,402965554955.4772
1791120488531779,2026-10-04T13:28:08.531779+00:00,162,18,3533611637,2,92,42,0,50050050,14,255,255,255,402965569859.4672
1791120488546745,2026-10-04T13:28:08.546745+00:00,162,18,3533626603,2,92,42,0,50050050,14,255,255,255,402965584825.4573
1791120488561755,2026-10-04T13:28:08.561755+00:00,162,18,3533641613,2,92,42,0,50050050,14,255,255,255,402965599835.44727
1791120488576774,2026-10-04T13:28:08.576774+00:00,162,18,3533656606,2,92,42,0,50050050,14,255,255,255,402965614854.43726
1791120488591733,2026-10-04T13:28:08.591733+00:00,162,18,3533671592,2,92,42,0,50050050,14,255,255,255,402965629813.4273
1791120488606751,2026-10-04T13:28:08.606751+00:00,162,18,3533686605,2,92,42,0,50050050,14,255,255,255,402965644831.4173
1791120488621758,2026-10-04T13:28:08.621758+00:00,162,18,3533701611,2,92,42,0,50050050,14,255,255,255,402965659838.4073
1791120488636961,2026-10-04T13:28:08.636961+00:00,162,18,3533716827,2,92,42,0,50050050,14,255,255,255,402965675041.39716
1791120488651762,2026-10-04T13:28:08.651762+00:00,162,18,3533731617,2,92,42,0,50050050,14,255,255,255,402965689842.3873
1791120488666753,2026-10-04T13:28:08.666753+00:00,162,18,3533746611,2,92,42,0,50050050,14,255,255,255,402965704833.3773
1791120488681723,2026-10-04T13:28:08.681723+00:00,162,18,3533761582,2,92,42,0,50050050,14,255,255,255,402965719803.3674
1791120488697988,2026-10-04T13:28:08.697988+00:00,162,18,3533777847,2,92,42,0,50050050,14,255,255,255,402965736068.3565
1791120488711724,2026-10-04T13:28:08.711724+00:00,162,18,3533791587,2,92,42,0,50050050,14,255,255,255,402965749804.34735
1791120488726718,2026-10-04T13:28:08.726718+00:00,162,18,3533806578,2,92,42,0,50050050,14,255,255,255,402965764798.3374
1791120488741781,2026-10-04T13:28:08.741781+00:00,162,18,3533821634,2,92,42,0,50050050,14,255,255,255,402965779861.32733
1791120488756728,2026-10-04T13:28:08.756728+00:00,162,18,3533836589,2,92,42,0,50050050,14,255,255,255,402965794808.3174
1791120488771715,2026-10-04T13:28:08.771715+00:00,162,18,3533851582,2,92,42,0,50050050,14,255,255,255,402965809795.30743
1791120488786723,2026-10-04T13:28:08.786723+00:00,162,18,3533866586,2,92,42,0,50050050,14,255,255,255,402965824803.2974
1791120488801707,2026-10-04T13:28:08.801707+00:00,162,18,3533881573,2,92,42,0,50050050,14,255,255,255,402965839787.2874
1791120488816824,2026-10-04T13:28:08.816824+00:00,162,18,3533896687,2,92,42,0,50050050,14,255,255,255,402965854904.2774
1791120488822325,2026-10-04T13:28:08.822325+00:00,162,83,3533902185,2,92,42,0,50050050,14,255,255,255,402965860405.2737
1791120488825354,2026-10-04T13:28:08.825354+00:00,162,18,3533905227,2,92,42,0,50050050,14,255,255,255,402965863434.27167
1791120488839214,2026-10-04T13:28:08.839214+00:00,162,18,3533919078,2,92,42,0,50050050,14,255,255,255,402965877294.26245
1791120488847323,2026-10-04T13:28:08.847323+00:00,162,18,3533927182,2,92,42,0,50050050,14,255,255,255,402965885403.2571
1791120488861749,2026-10-04T13:28:08.861749+00:00,162,18,3533941621,2,92,42,0,50050050,14,255,255,255,402965899829.24744
1791120488876742,2026-10-04T13:28:08.876742+00:00,162,18,3533956595,2,92,42,0,50050050,14,255,255,255,402965914822.2375
1791120488891724,2026-10-04T13:28:08.891724+00:00,162,18,3533971586,2,92,42,0,50050050,14,255,255,255,402965929804.2275
1791120488900414,2026-10-04T13:28:08.900414+00:00,162,18,3533980279,2,92,42,0,50050050,14,255,255,255,402965938494.2217
1791120488914194,2026-10-04T13:28:08.914194+00:00,162,18,3533994059,2,92,42,0,50050050,14,255,255,255,402965952274.2125
1791120488929254,2026-10-04T13:28:08.929254+00:00,162,18,3534009119,2,92,42,0,50050050,14,255,255,255,402965967334.2025
1791120488945106,2026-10-04T13:28:08.945106+00:00,162,0,3534024969,0,0,0,0,0,0,0,0,0,402965983186.19196
1791120488947441,2026-10-04T13:28:08.947441+00:00,162,0,3534027307,0,0,0,0,0,0,0,0,0,402965985521.19037
1791120488949468,2026-10-04T13:28:08.949468+00:00,162,0,3534029336,0,0,0,0,0,0,0,0,0,402965987548.189
1791120488951435,2026-10-04T13:28:08.951435+00:00,162,0,3534031303,0,0,0,0,0,0,0,0,0,402965989515.18774
