host_us,frame_index,phase,led0,run_id,camera_rows,union_mask,union_count,pose_valid,tracking_result,pose_dt_us
402863610519,1,5,255,2,4,0x0,0,0,200,-786.0
402863627396,2,0,255,3,4,0x0,0,0,200,-428.0
402863644158,3,0,255,3,4,0x0,0,0,200,377.0
402863660654,4,0,255,3,4,0x0,0,0,200,887.0
402863676903,5,0,255,3,4,0x0,0,0,200,725.0
402863693245,6,0,255,3,4,0x0,0,0,200,216.0
402863710237,7,0,255,3,4,0x0,0,0,200,-724.0
402863727921,8,0,255,3,4,0x0,0,0,200,-287.0
402863743474,9,1,255,4,4,0x0,0,0,200,-35.0
402863760218,10,1,255,4,4,0x0,0,0,200,-704.0
402863777133,11,1,255,4,4,0x0,0,0,200,496.0
402863793509,12,1,255,4,4,0x0,0,0,200,101.0
402863810261,13,1,255,4,4,0x0,0,0,200,-786.0
402863826831,14,1,255,4,4,0x0,0,0,200,636.0
402863843891,15,1,255,4,4,0x0,0,0,200,-239.0
402863860110,16,1,255,4,4,0x0,0,0,200,-620.0
402863876864,17,1,255,4,4,0x0,0,0,200,573.0
402863893651,18,1,255,4,4,0x0,0,0,200,-188.0
402863910323,19,1,255,4,4,0x0,0,0,200,-751.0
402863927031,20,1,255,4,4,0x0,0,0,200,409.0
402863943795,21,1,255,4,4,0x0,0,0,200,-350.0
402863960307,22,1,255,4,4,0x0,0,0,200,-789.0
402863976896,23,1,255,4,4,0x0,0,0,200,579.0
402863993588,24,1,255,4,4,0x0,0,0,200,-50.0
402864010417,25,1,255,4,4,0x0,0,0,200,-902.0
402864027151,26,1,255,4,4,0x0,0,0,200,324.0
402864044402,27,1,255,4,4,0x0,0,0,200,-772.0
402864060560,28,1,255,4,4,0x0,0,0,200,980.0
402864076986,29,1,255,4,4,0x0,0,0,200,519.0
402864093774,30,1,255,4,4,0x0,0,0,200,-244.0
402864110367,31,1,255,4,4,0x0,0,0,200,-371.0
402864127150,32,1,255,4,4,0x0,0,0,200,534.0
402864144029,33,1,255,4,4,0x0,0,0,200,-466.0
402864160393,34,1,255,4,4,0x0,0,0,200,-789.0
402864177297,35,1,255,4,4,0x0,0,0,200,209.0
402864195202,36,1,255,4,4,0x0,0,0,200,500.0
402864210855,37,1,255,4,4,0x0,0,0,200,602.0
402864227131,38,1,255,5,4,0x0,0,0,200,498.0
402864244094,39,1,255,5,4,0x0,0,0,200,-149.0
402864515919,40,1,255,5,4,0x7ec0,8,0,200,-289.0
402864528783,41,1,255,5,4,0x7ec0,8,0,200,865.0
402864545229,42,1,255,5,4,0x7ec0,8,0,200,340.0
402864561990,43,1,255,5,4,0x7ec0,8,0,200,-439.0
402864578841,44,1,255,5,4,0x7ec0,8,0,200,670.0
402864595158,45,1,255,5,4,0x7ec0,8,0,200,383.0
402864678474,46,1,255,5,4,0x7ec0,8,0,200,527.0
402864694622,47,1,255,5,4,0x7400,4,0,200,351.0
402864711363,48,1,255,5,4,0x7e80,7,0,200,-363.0
402864728047,49,1,255,5,4,0x7e80,7,0,200,-977.0
402864744947,50,1,255,5,4,0x0,0,0,200,88.0
402864761286,51,1,255,5,4,0x0,0,0,200,-289.0
402864778744,52,1,255,5,4,0x0,0,0,200,245.0
402864795144,53,1,255,5,4,0x0,0,0,200,-157.0
402864811089,54,1,255,5,4,0x0,0,0,200,-104.0
402864828334,55,1,255,5,4,0x0,0,0,200,810.0
402864844516,56,1,255,5,4,0x0,0,0,200,426.0
402864861260,57,1,255,5,4,0x0,0,0,200,-241.0
402864877912,58,1,255,5,4,0x0,0,0,200,-975.0
402864894346,59,1,255,5,4,0x0,0,0,200,634.0
402864911282,60,1,255,5,4,0x0,0,0,200,-311.0
402864927803,61,1,255,5,4,0x0,0,0,200,-750.0
402864944562,62,1,255,5,4,0x0,0,0,200,443.0
402864961401,63,1,255,5,4,0x0,0,0,200,-372.0
402864977827,64,1,255,5,4,0x0,0,0,200,-853.0
402864994794,65,1,255,5,4,0x0,0,0,200,177.0
402865011333,66,1,255,5,4,0x0,0,0,200,-271.0
402865028079,67,1,255,5,4,0x0,0,0,200,860.0
402865044963,68,1,255,5,4,0x0,0,0,200,-5.0
402865061305,69,1,255,5,4,0x0,0,0,200,-294.0
402865078005,70,1,255,5,4,0x0,0,0,200,961.0
402865094679,71,1,255,5,4,0x0,0,0,200,318.0
402865111368,72,1,255,5,4,0x0,0,0,200,-283.0
402865128050,73,1,255,5,4,0x0,0,0,200,1009.0
402865145086,74,1,255,5,4,0x0,0,0,200,-99.0
402865161557,75,1,255,5,4,0x0,0,0,200,-576.0
402865178221,76,1,255,5,4,0x0,0,0,200,763.0
402865194855,77,1,255,5,4,0x0,0,0,200,107.0
402865211424,78,1,255,5,4,0x0,0,0,200,-323.0
402865228449,79,1,255,5,4,0x0,0,0,200,513.0
402865245047,80,1,255,6,4,0x0,0,0,200,-94.0
402865261604,81,1,255,6,4,0x0,0,0,200,-551.0
402865278049,82,1,255,6,4,0x0,0,0,200,912.0
402865294904,83,1,255,6,4,0x0,0,0,200,48.0
402865311528,84,1,255,6,4,0x0,0,0,200,-396.0
402865328237,85,1,255,6,4,0x0,0,0,200,757.0
402865344986,86,1,255,6,4,0x0,0,0,200,18.0
402865361502,87,1,255,6,4,0x0,0,0,200,-502.0
402865378281,88,1,255,6,4,0x0,0,0,200,703.0
402865395166,89,1,255,6,4,0x0,0,0,200,-114.0
402865411680,90,1,255,6,4,0x0,0,0,200,-625.0
402865428320,91,1,255,6,4,0x0,0,0,200,705.0
402865445027,92,1,255,6,4,0x0,0,0,200,-73.0
402865461781,93,1,255,6,4,0x0,0,0,200,-807.0
402865478564,94,1,255,6,4,0x0,0,0,200,376.0
402865495223,95,1,255,6,4,0x0,0,0,200,-208.0
402865511796,96,1,255,6,4,0x0,0,0,200,-827.0
402865528379,97,1,255,6,4,0x0,0,0,200,625.0
402865545175,98,1,255,6,4,0x0,0,0,200,-128.0
402865561993,99,1,255,6,4,0x0,0,0,200,-963.0
402865578489,100,1,255,6,4,0x0,0,0,200,534.0
402865595369,101,1,255,6,4,0x0,0,0,200,-145.0
402865611735,102,1,255,6,4,0x0,0,0,200,-677.0
402865628514,103,1,255,6,4,0x0,0,0,200,545.0
402865645318,104,1,255,6,4,0x0,0,0,200,-246.0
402865661832,105,1,255,6,4,0x0,0,0,200,-878.0
402865678730,106,1,255,6,4,0x0,0,0,200,279.0
402865695405,107,1,255,6,4,0x0,0,0,200,-352.0
402865711953,108,1,255,6,4,0x0,0,0,200,-878.0
402865728577,109,1,255,6,4,0x0,0,0,200,413.0
402865745422,110,1,255,6,4,0x0,0,0,200,-447.0
402865762403,111,1,255,6,4,0x0,0,0,200,576.0
402865778766,112,1,255,6,4,0x0,0,0,200,215.0
402865795468,113,1,255,6,4,0x0,0,0,200,-476.0
402865812024,114,1,255,6,4,0x0,0,0,200,985.0
402865828695,115,1,255,6,4,0x0,0,0,200,331.0
402865845497,116,1,255,6,4,0x0,0,0,200,-281.0
402865862077,117,1,255,6,4,0x0,0,0,200,902.0
402865878824,118,1,255,6,4,0x0,0,0,200,154.0
402865895590,119,1,255,6,4,0x0,0,0,200,-529.0
402865912337,120,1,255,6,4,0x0,0,0,200,627.0
402865928919,121,1,255,6,4,0x0,0,0,200,63.0
402865945537,122,1,255,6,4,0x0,0,0,200,-512.0
402865962376,123,1,255,6,4,0x0,0,0,200,644.0
402865979030,124,1,255,6,4,0x0,0,0,200,-7.0
402865995425,125,1,255,6,4,0x0,0,0,200,-254.0
402866012372,126,1,255,6,4,0x0,0,0,200,647.0
402866029012,127,1,255,6,4,0x0,0,0,200,-15.0
402866045530,128,1,255,6,4,0x0,0,0,200,-593.0
402866062493,129,1,255,6,4,0x0,0,0,200,516.0
402866079082,130,1,255,6,4,0x0,0,0,200,-89.0
402866095846,131,1,255,6,4,0x0,0,0,200,-798.0
402866112445,132,1,255,6,4,0x0,0,0,200,584.0
402866128951,133,1,255,6,4,0x0,0,0,200,99.0
402866145842,134,1,255,6,4,0x0,0,0,200,-500.0
402866162543,135,1,255,6,4,0x0,0,0,200,473.0
402866179169,136,1,255,6,4,0x0,0,0,200,-137.0
402866195789,137,1,255,6,4,0x0,0,0,200,-767.0
402866212644,138,1,255,6,4,0x0,0,0,200,413.0
402866229325,139,1,255,6,4,0x0,0,0,200,-263.0
402866245793,140,1,255,7,4,0x0,0,0,200,-833.0
402866262521,141,1,255,7,4,0x0,0,0,200,521.0
402866279358,142,1,255,7,4,0x0,0,0,200,-279.0
402866295931,143,1,255,7,4,0x0,0,0,200,-888.0
402866312667,144,1,255,7,4,0x0,0,0,200,321.0
402866329318,145,1,255,7,4,0x0,0,0,200,-274.0
402866346040,146,1,255,7,4,0x0,0,0,200,930.0
402866362885,147,1,255,7,4,0x0,0,0,200,177.0
402866379408,148,1,255,7,4,0x0,0,0,200,-409.0
402866396087,149,1,255,7,4,0x0,0,0,200,901.0
402866412965,150,1,255,7,4,0x0,0,0,200,108.0
402866429316,151,1,255,7,4,0x0,0,0,200,-286.0
402866446132,152,1,255,7,4,0x0,0,0,200,887.0
402866462628,153,1,255,7,4,0x0,0,0,200,399.0
402866479596,154,1,255,7,4,0x0,0,0,200,-561.0
402866496220,155,1,255,7,4,0x0,0,0,200,1093.0
402866512772,156,1,255,7,4,0x0,0,0,200,254.0
402866529605,157,1,255,7,4,0x0,0,0,200,-315.0
402866547779,158,1,255,7,4,0x0,0,0,200,-762.0
402866563909,159,1,255,7,4,0x0,0,0,200,-834.0
402866580522,160,1,255,7,4,0x0,0,0,200,576.0
402866597316,161,1,255,7,4,0x0,0,0,200,-283.0
402866613723,162,1,255,7,4,0x0,0,0,200,-717.0
402866630414,163,1,255,7,4,0x0,0,0,200,566.0
402866647909,164,1,255,7,4,0x0,0,0,200,-840.0
402866663941,165,1,255,7,4,0x0,0,0,200,-910.0
402866680637,166,1,255,7,4,0x0,0,0,200,354.0
402866697316,167,1,255,7,4,0x0,0,0,200,-306.0
402866714324,168,1,255,7,4,0x0,0,0,200,746.0
402866730572,169,1,255,7,4,0x0,0,0,200,522.0
402866746528,170,1,255,7,4,0x0,0,0,200,480.0
402866762946,171,1,255,7,4,0x0,0,0,200,92.0
402866779932,172,1,255,7,4,0x0,0,0,200,-853.0
402866797209,173,1,255,7,4,0x0,0,0,200,-145.0
402866813937,174,1,255,7,4,0x0,0,0,200,-910.0
402866830802,175,1,255,7,4,0x0,0,0,200,243.0
402866847499,176,1,255,7,4,0x0,0,0,200,-524.0
402866864214,177,1,255,7,4,0x0,0,0,200,780.0
402866880783,178,1,255,7,4,0x0,0,0,200,254.0
402866897274,179,1,255,7,4,0x0,0,0,200,-260.0
402866914098,180,1,255,7,4,0x0,0,0,200,884.0
402866929880,181,1,255,7,4,0x0,0,0,200,-882.0
402866946630,182,1,255,7,4,0x0,0,0,200,483.0
402866963472,183,1,255,7,4,0x0,0,0,200,-295.0
402866979985,184,1,255,7,4,0x0,0,0,200,-928.0
402866996778,185,1,255,7,4,0x0,0,0,200,250.0
402867013494,186,1,255,7,4,0x0,0,0,200,-506.0
402867029934,187,1,255,7,4,0x0,0,0,200,-837.0
402867046847,188,1,255,7,4,0x0,0,0,200,235.0
402867063920,189,1,255,7,4,0x0,0,0,200,-839.0
402867081168,190,1,255,7,4,0x0,0,0,200,-117.0
402867096724,191,1,255,7,4,0x0,0,0,200,392.0
402867113680,192,1,255,7,4,0x0,0,0,200,-560.0
402867130134,193,1,255,7,4,0x0,0,0,200,862.0
402867146899,194,1,255,7,4,0x0,0,0,200,146.0
402867163629,195,1,255,7,4,0x0,0,0,200,-545.0
402867180327,196,1,255,7,4,0x0,0,0,200,808.0
402867197079,197,1,255,7,4,0x0,0,0,200,97.0
402867213672,198,1,255,7,4,0x0,0,0,200,-569.0
402867230316,199,1,255,7,4,0x0,0,0,200,776.0
402867247253,200,1,255,8,4,0x0,0,0,200,-95.0
402867263641,201,1,255,8,4,0x0,0,0,200,-560.0
402867280546,202,1,255,8,4,0x0,0,0,200,551.0
402867297103,203,1,255,8,4,0x0,0,0,200,-43.0
402867313666,204,1,255,8,4,0x0,0,0,200,-608.0
402867330485,205,1,255,8,4,0x0,0,0,200,575.0
402867347120,206,1,255,8,4,0x0,0,0,200,-70.0
402867363784,207,1,255,8,4,0x0,0,0,200,-729.0
402867380449,208,1,255,8,4,0x0,0,0,200,568.0
402867397114,209,1,255,8,4,0x0,0,0,200,100.0
402867413714,210,1,255,8,4,0x0,0,0,200,-565.0
402867430454,211,1,255,8,4,0x0,0,0,200,603.0
402867447266,212,1,255,8,4,0x0,0,0,200,-218.0
402867463863,213,1,255,8,4,0x0,0,0,200,-779.0
402867480537,214,1,255,8,4,0x0,0,0,200,517.0
402867497307,215,1,255,8,4,0x0,0,0,200,-199.0
402867513881,216,1,255,8,4,0x0,0,0,200,193.0
402867530717,217,1,255,8,4,0x0,0,0,200,-318.0
402867547288,218,1,255,8,4,0x0,0,0,200,728.0
402867564175,219,1,255,8,4,0x0,0,0,200,-190.0
402867580607,220,1,255,8,4,0x0,0,0,200,-621.0
402867597338,221,1,255,8,4,0x0,0,0,200,675.0
402867614208,222,1,255,8,4,0x0,0,0,200,-159.0
402867630648,223,1,255,8,4,0x0,0,0,200,-583.0
402867647558,224,1,255,8,4,0x0,0,0,200,454.0
402867663929,225,1,255,8,4,0x0,0,0,200,108.0
402867680759,226,1,255,8,4,0x0,0,0,200,-725.0
402867697629,227,1,255,8,4,0x0,0,0,200,353.0
402867714023,228,1,255,8,4,0x0,0,0,200,-3.0
402867730623,229,1,255,8,4,0x0,0,0,200,-359.0
402867747456,230,1,255,8,4,0x0,0,0,200,510.0
402867764155,231,1,255,8,4,0x0,0,0,200,-184.0
402867781010,232,1,255,8,4,0x0,0,0,200,-911.0
402867797613,233,1,255,8,4,0x0,0,0,200,459.0
402867814187,234,1,255,8,4,0x0,0,0,200,-169.0
402867830905,235,1,255,8,4,0x0,0,0,200,-861.0
402867847691,236,1,255,8,4,0x0,0,0,200,282.0
402867864187,237,1,255,8,4,0x0,0,0,200,-167.0
402867880801,238,1,255,8,4,0x0,0,0,200,-685.0
402867897520,239,1,255,8,4,0x0,0,0,200,507.0
402867914382,240,1,255,8,4,0x0,0,0,200,-365.0
402867931029,241,1,255,8,4,0x0,0,0,200,-939.0
402867947683,242,1,255,8,4,0x0,0,0,200,355.0
402867964393,243,1,255,8,4,0x0,0,0,200,-292.0
402867981135,244,1,255,8,4,0x0,0,0,200,-943.0
402867997655,245,1,255,8,4,0x0,0,0,200,353.0
402868014387,246,1,255,8,4,0x0,0,0,200,-284.0
402868031194,247,1,255,8,4,0x0,0,0,200,841.0
402868047980,248,1,255,8,4,0x0,0,0,200,82.0
402868064701,249,1,255,8,4,0x0,0,0,200,-639.0
402868081219,250,1,255,8,4,0x0,0,0,200,912.0
402868097661,251,1,255,8,4,0x0,0,0,200,334.0
402868114470,252,1,255,8,4,0x0,0,0,200,-503.0
402868131139,253,1,255,8,4,0x0,0,0,200,-1076.0
402868148028,254,1,255,8,4,0x0,0,0,200,213.0
402868165464,255,1,255,8,4,0x0,0,0,200,-733.0
402868181215,256,1,255,8,4,0x0,0,0,200,-210.0
402868197934,257,1,255,8,4,0x0,0,0,200,-929.0
402868214665,258,1,255,8,4,0x0,0,0,200,359.0
402868231202,259,1,255,8,4,0x0,0,0,200,-213.0
402868247968,260,1,255,9,4,0x0,0,0,200,-943.0
402868264432,261,1,255,9,4,0x0,0,0,200,709.0
402868281391,262,1,255,9,4,0x0,0,0,200,-362.0
402868297980,263,1,255,9,4,0x0,0,0,200,-816.0
402868314641,264,1,255,9,4,0x0,0,0,200,319.0
402868331408,265,1,255,9,4,0x0,0,0,200,-375.0
402868348035,266,1,255,9,4,0x0,0,0,200,932.0
402868364692,267,1,255,9,4,0x0,0,0,200,387.0
402868381467,268,1,255,9,4,0x0,0,0,200,-448.0
402868397924,269,1,255,9,4,0x0,0,0,200,-903.0
402868414757,270,1,255,9,4,0x0,0,0,200,274.0
402868431395,271,1,255,9,4,0x0,0,0,200,-338.0
402868448196,272,1,255,9,4,0x0,0,0,200,865.0
402868464685,273,1,255,9,4,0x0,0,0,200,332.0
402868481445,274,1,255,9,4,0x0,0,0,200,-437.0
402868498154,275,1,255,9,4,0x0,0,0,200,878.0
402868514879,276,1,255,9,4,0x0,0,0,200,105.0
402868531495,277,1,255,9,4,0x0,0,0,200,-426.0
402868548203,278,1,255,9,4,0x0,0,0,200,822.0
402868564802,279,1,255,9,4,0x0,0,0,200,205.0
402868581560,280,1,255,9,4,0x0,0,0,200,-507.0
402868598319,281,1,255,9,4,0x0,0,0,200,693.0
402868614826,282,1,255,9,4,0x0,0,0,200,178.0
402868631596,283,1,255,9,4,0x0,0,0,200,-543.0
402868648492,284,1,255,9,4,0x0,0,0,200,669.0
402868664999,285,1,255,9,4,0x0,0,0,200,6.0
402868681863,286,1,255,9,4,0x0,0,0,200,-775.0
402868698359,287,1,255,9,4,0x0,0,0,200,679.0
402868715002,288,1,255,9,4,0x0,0,0,200,23.0
402868731562,289,1,255,9,4,0x0,0,0,200,-446.0
402868748389,290,1,255,9,4,0x0,0,0,200,593.0
402868765036,291,1,255,9,4,0x0,0,0,200,9.0
402868781869,292,1,255,9,4,0x0,0,0,200,-850.0
402868798508,293,1,255,9,4,0x0,0,0,200,482.0
402868815149,294,1,255,9,4,0x0,0,0,200,-139.0
402868831684,295,1,255,9,4,0x0,0,0,200,-449.0
402868848431,296,1,255,9,4,0x0,0,0,200,570.0
402868865135,297,1,255,9,4,0x0,0,0,200,-144.0
402868881819,298,1,255,9,4,0x0,0,0,200,-781.0
402868898634,299,1,255,9,4,0x0,0,0,200,387.0
402868915147,300,1,255,9,4,0x0,0,0,200,-4.0
402868931909,301,1,255,9,4,0x0,0,0,200,-895.0
402868948878,302,1,255,9,4,0x0,0,0,200,195.0
402868965354,303,1,255,9,4,0x0,0,0,200,-268.0
402868981795,304,1,255,9,4,0x0,0,0,200,-787.0
402868998580,305,1,255,9,4,0x0,0,0,200,375.0
402869015407,306,1,255,9,4,0x0,0,0,200,-309.0
402869032069,307,1,255,9,4,0x0,0,0,200,-898.0
402869048707,308,1,255,9,4,0x0,0,0,200,366.0
402869065548,309,1,255,9,4,0x0,0,0,200,-536.0
402869081961,310,1,255,9,4,0x0,0,0,200,-869.0
402869099055,311,1,255,9,4,0x0,0,0,200,-73.0
402869115525,312,1,255,9,4,0x0,0,0,200,-343.0
402869132122,313,1,255,9,4,0x0,0,0,200,955.0
402869148772,314,1,255,9,4,0x0,0,0,200,330.0
402869165451,315,1,255,9,4,0x0,0,0,200,-320.0
402869182232,316,1,255,9,4,0x0,0,0,200,987.0
402869198707,317,1,255,9,4,0x0,0,0,200,403.0
402869215556,318,1,255,9,4,0x0,0,0,200,-526.0
402869232214,319,1,255,9,4,0x0,0,0,200,908.0
402869249047,320,1,255,9,4,0x0,0,0,200,-7.0
402869265652,321,1,255,10,4,0x0,0,0,200,-248.0
402869282157,322,1,255,10,4,0x0,0,0,200,929.0
402869299036,323,1,255,10,4,0x0,0,0,200,101.0
402869315662,324,1,255,10,4,0x0,0,0,200,-473.0
402869332480,325,1,255,10,4,0x0,0,0,200,595.0
402869349106,326,1,255,10,4,0x0,0,0,200,-39.0
402869365795,327,1,255,10,4,0x0,0,0,200,-692.0
402869382203,328,1,255,10,4,0x0,0,0,200,892.0
402869399248,329,1,255,10,4,0x0,0,0,200,-136.0
402869415731,330,1,255,10,4,0x0,0,0,200,358.0
402869432603,331,1,255,10,4,0x0,0,0,200,-549.0
402869449440,332,1,255,10,4,0x0,0,0,200,550.0
402869465636,333,1,255,10,4,0x0,0,0,200,425.0
402869482620,334,1,255,10,4,0x0,0,0,200,-324.0
402869511838,335,1,255,10,4,0x0,0,0,200,-332.0
402869515953,336,1,255,10,4,0x0,0,0,200,-950.0
402869532477,337,1,255,10,4,0x0,0,0,200,519.0
402869549205,338,1,255,10,4,0x0,0,0,200,-112.0
402869565700,339,1,255,10,4,0x0,0,0,200,-609.0
402869582689,340,1,255,10,4,0x0,0,0,200,377.0
402869599239,341,1,255,10,4,0x0,0,0,200,-187.0
402869615859,342,1,255,10,4,0x0,0,0,200,-876.0
402869632504,343,1,255,10,4,0x0,0,0,200,715.0
402869649543,344,1,255,10,4,0x0,0,0,200,-447.0
402869665836,345,1,255,10,4,0x0,0,0,200,-641.0
402869682615,346,1,255,10,4,0x0,0,0,200,528.0
402869699566,347,1,255,10,4,0x0,0,0,200,-494.0
402869715934,348,1,255,10,4,0x0,0,0,200,-850.0
402869732733,349,1,255,10,4,0x0,0,0,200,262.0
402869749512,350,1,255,10,4,0x0,0,0,200,-341.0
402869765901,351,1,255,10,4,0x0,0,0,200,-843.0
402869782812,352,1,255,10,4,0x0,0,0,200,225.0
402869799536,353,1,255,10,4,0x0,0,0,200,-538.0
402869816088,354,1,255,10,4,0x0,0,0,200,-950.0
402869832932,355,1,255,10,4,0x0,0,0,200,102.0
402869849586,356,1,255,10,4,0x0,0,0,200,-374.0
402869866072,357,1,255,10,4,0x0,0,0,200,-975.0
402869882905,358,1,255,10,4,0x0,0,0,200,90.0
402869899422,359,1,255,10,4,0x0,0,0,200,-446.0
402869916178,360,1,255,10,4,0x0,0,0,200,906.0
402869932896,361,1,255,10,4,0x0,0,0,200,122.0
402869949566,362,1,255,10,4,0x0,0,0,200,-521.0
402869966351,363,1,255,10,4,0x0,0,0,200,635.0
402869982888,364,1,255,10,4,0x0,0,0,200,167.0
402869999815,365,1,255,10,4,0x0,0,0,200,-714.0
402870016369,366,1,255,10,4,0x0,0,0,200,760.0
402870032895,367,1,255,10,4,0x0,0,0,200,93.0
402870049896,368,1,255,10,4,0x0,0,0,200,-824.0
402870066253,369,1,255,10,4,0x0,0,0,200,861.0
402870083190,370,1,255,10,4,0x0,0,0,200,-157.0
402870099669,371,1,255,10,4,0x0,0,0,200,-539.0
402870116507,372,1,255,10,4,0x0,0,0,200,524.0
402870133152,373,1,255,10,4,0x0,0,0,200,-147.0
402870149643,374,1,255,10,4,0x0,0,0,200,-573.0
402870166469,375,1,255,10,4,0x0,0,0,200,602.0
402870183123,376,1,255,10,4,0x0,0,0,200,-138.0
402870199966,377,1,255,10,4,0x0,0,0,200,-884.0
402870216512,378,1,255,10,4,0x0,0,0,200,687.0
402870233162,379,1,255,10,4,0x0,0,0,200,-140.0
402870249970,380,1,255,10,4,0x0,0,0,200,-882.0
402870266400,381,1,255,11,4,0x0,0,0,200,604.0
402870283195,382,1,255,11,4,0x0,0,0,200,-184.0
402870300284,383,1,255,11,4,0x0,0,0,200,769.0
402870316456,384,1,255,11,4,0x0,0,0,200,564.0
402870333509,385,1,255,11,4,0x0,0,0,200,-368.0
402870349930,386,1,255,11,4,0x0,0,0,200,-928.0
402870366713,387,1,255,11,4,0x0,0,0,200,465.0
402870383496,388,1,255,11,4,0x0,0,0,200,-454.0
402870399910,389,1,255,11,4,0x0,0,0,200,-847.0
402870416725,390,1,255,11,4,0x0,0,0,200,253.0
402870433178,391,1,255,11,4,0x0,0,0,200,-155.0
402870450080,392,1,255,11,4,0x0,0,0,200,952.0
402870466769,393,1,255,11,4,0x0,0,0,200,188.0
402870483416,394,1,255,11,4,0x0,0,0,200,-444.0
402870500221,395,1,255,11,4,0x0,0,0,200,776.0
402870516770,396,1,255,11,4,0x0,0,0,200,353.0
402870533410,397,1,255,11,4,0x0,0,0,200,-279.0
402870550112,398,1,255,11,4,0x0,0,0,200,919.0
402870566884,399,1,255,11,4,0x0,0,0,200,86.0
402870583581,400,1,255,11,4,0x0,0,0,200,-602.0
402870600468,401,1,255,11,4,0x0,0,0,200,547.0
402870616755,402,1,255,11,4,0x0,0,0,200,270.0
402870633465,403,1,255,11,4,0x0,0,0,200,-485.0
402870650233,404,1,255,11,4,0x0,0,0,200,830.0
402870666965,405,1,255,11,4,0x0,0,0,200,116.0
402870683815,406,1,255,11,4,0x0,0,0,200,-736.0
402870700129,407,1,255,11,4,0x0,0,0,200,-1085.0
402870717013,408,1,255,11,4,0x0,0,0,200,-3.0
402870733524,409,1,255,11,4,0x0,0,0,200,-468.0
402870750230,410,1,255,11,4,0x0,0,0,200,774.0
402870767127,411,1,255,11,4,0x0,0,0,200,-126.0
402870783792,412,1,255,11,4,0x0,0,0,200,-587.0
402870800354,413,1,255,11,4,0x0,0,0,200,850.0
402870817129,414,1,255,11,4,0x0,0,0,200,88.0
402870833643,415,1,255,11,4,0x0,0,0,200,-324.0
402870850513,416,1,255,11,4,0x0,0,0,200,663.0
402870867266,417,1,255,11,4,0x0,0,0,200,-134.0
402870883870,418,1,255,11,4,0x0,0,0,200,-712.0
402870900723,419,1,255,11,4,0x0,0,0,200,544.0
402870917033,420,1,255,11,4,0x0,0,0,200,125.0
402870933877,421,1,255,11,4,0x0,0,0,200,-561.0
402870950507,422,1,255,11,4,0x0,0,0,200,752.0
402870967284,423,1,255,11,4,0x0,0,0,200,-139.0
402870983922,424,1,255,11,4,0x0,0,0,200,-603.0
402871000729,425,1,255,11,4,0x0,0,0,200,454.0
402871017185,426,1,255,11,4,0x0,0,0,200,91.0
402871033848,427,1,255,11,4,0x0,0,0,200,-582.0
402871050890,428,1,255,11,4,0x0,0,0,200,243.0
402871067294,429,1,255,11,4,0x0,0,0,200,-142.0
402871084036,430,1,255,11,4,0x0,0,0,200,-834.0
402871100649,431,1,255,11,4,0x0,0,0,200,497.0
402871117614,432,1,255,11,4,0x0,0,0,200,-379.0
402871133951,433,1,255,11,4,0x0,0,0,200,-756.0
402871150695,434,1,255,11,4,0x0,0,0,200,516.0
402871167277,435,1,255,11,4,0x0,0,0,200,-111.0
402871184089,436,1,255,11,4,0x0,0,0,200,-863.0
402871200993,437,1,255,11,4,0x0,0,0,200,213.0
402871217336,438,1,255,11,4,0x0,0,0,200,-171.0
402871233995,439,1,255,11,4,0x0,0,0,200,-776.0
402871250797,440,1,255,11,4,0x0,0,0,200,435.0
402871267895,441,1,255,12,4,0x0,0,0,200,-690.0
402871284152,442,1,255,12,4,0x0,0,0,200,-884.0
402871300796,443,1,255,12,4,0x0,0,0,200,526.0
402871317596,444,1,255,12,4,0x0,0,0,200,-470.0
402871334151,445,1,255,12,4,0x0,0,0,200,-861.0
402871350936,446,1,255,12,4,0x0,0,0,200,200.0
402871367556,447,1,255,12,4,0x0,0,0,200,-426.0
402871384320,448,1,255,12,4,0x0,0,0,200,926.0
402871400970,449,1,255,12,4,0x0,0,0,200,156.0
402871417690,450,1,255,12,4,0x0,0,0,200,-421.0
402871434152,451,1,255,12,4,0x0,0,0,200,-871.0
402871451080,452,1,255,12,4,0x0,0,0,200,91.0
402871467640,453,1,255,12,4,0x0,0,0,200,-479.0
402871484654,454,1,255,12,4,0x0,0,0,200,568.0
402871501081,455,1,255,12,4,0x0,0,0,200,64.0
402871517596,456,1,255,12,4,0x0,0,0,200,-455.0
402871534403,457,1,255,12,4,0x0,0,0,200,754.0
402871551108,458,1,255,12,4,0x0,0,0,200,82.0
402871567716,459,1,255,12,4,0x0,0,0,200,-452.0
402871584484,460,1,255,12,4,0x0,0,0,200,685.0
402871601196,461,1,255,12,4,0x0,0,0,200,62.0
402871617930,462,1,255,12,4,0x0,0,0,200,-659.0
402871634519,463,1,255,12,4,0x0,0,0,200,749.0
402871651206,464,1,255,12,4,0x0,0,0,200,69.0
402871668037,465,1,255,12,4,0x0,0,0,200,-755.0
402871684606,466,1,255,12,4,0x0,0,0,200,640.0
402871701307,467,1,255,12,4,0x0,0,0,200,-89.0
402871717842,468,1,255,12,4,0x0,0,0,200,-609.0
402871734435,469,1,255,12,4,0x0,0,0,200,714.0
402871751440,470,1,255,12,4,0x0,0,0,200,-270.0
402871767879,471,1,255,12,4,0x0,0,0,200,-689.0
402871784831,472,1,255,12,4,0x0,0,0,200,318.0
402871801478,473,1,255,12,4,0x0,0,0,200,-145.0
402871817983,474,1,255,12,4,0x0,0,0,200,-809.0
402871834688,475,1,255,12,4,0x0,0,0,200,529.0
402871851461,476,1,255,12,4,0x0,0,0,200,-288.0
402871868173,477,1,255,12,4,0x0,0,0,200,-953.0
402871884830,478,1,255,12,4,0x0,0,0,200,357.0
402871901410,479,1,255,12,4,0x0,0,0,200,-216.0
402871918293,480,1,255,12,4,0x0,0,0,200,865.0
402871934754,481,1,255,12,4,0x0,0,0,200,457.0
402871951673,482,1,255,12,4,0x0,0,0,200,-277.0
402871969319,483,1,255,12,4,0x0,0,0,200,-102.0
402871985065,484,1,255,12,4,0x0,0,0,200,97.0
402872001619,485,1,255,12,4,0x0,0,0,200,-438.0
402872018364,486,1,255,12,4,0x0,0,0,200,789.0
402872034852,487,1,255,12,4,0x0,0,0,200,293.0
402872051597,488,1,255,12,4,0x0,0,0,200,-470.0
402872068190,489,1,255,12,4,0x0,0,0,200,-924.0
402872085128,490,1,255,12,4,0x0,0,0,200,85.0
402872101618,491,1,255,12,4,0x0,0,0,200,-419.0
402872118250,492,1,255,12,4,0x0,0,0,200,1020.0
402872135040,493,1,255,12,4,0x0,0,0,200,169.0
402872152093,494,1,255,12,4,0x0,0,0,200,-574.0
402872168406,495,1,255,12,4,0x0,0,0,200,745.0
402872185067,496,1,255,12,4,0x0,0,0,200,91.0
402872201845,497,1,255,12,4,0x0,0,0,200,-390.0
402872218407,498,1,255,12,4,0x0,0,0,200,771.0
402872235387,499,1,255,12,4,0x0,0,0,200,-197.0
402872251956,500,1,255,12,4,0x0,0,0,200,-681.0
402872268478,501,1,255,13,4,0x0,0,0,200,706.0
402872285144,502,1,255,13,4,0x0,0,0,200,73.0
402872301892,503,1,255,13,4,0x0,0,0,200,-721.0
402872318562,504,1,255,13,4,0x0,0,0,200,597.0
402872335378,505,1,255,13,4,0x0,0,0,200,-195.0
402872352050,506,1,255,13,4,0x0,0,0,200,-517.0
402872368419,507,1,255,13,4,0x0,0,0,200,767.0
402872385393,508,1,255,13,4,0x0,0,0,200,-173.0
402872401838,509,1,255,13,4,0x0,0,0,200,-641.0
402872418650,510,1,255,13,4,0x0,0,0,200,596.0
402872435359,511,1,255,13,4,0x0,0,0,200,-129.0
402872452072,512,1,255,13,4,0x0,0,0,200,-840.0
402872468795,513,1,255,13,4,0x0,0,0,200,398.0
402872485376,514,1,255,13,4,0x0,0,0,200,-107.0
402872501954,515,1,255,13,4,0x0,0,0,200,-744.0
402872518850,516,1,255,13,4,0x0,0,0,200,319.0
402872535382,517,1,255,13,4,0x0,0,0,200,-147.0
402872552224,518,1,255,13,4,0x0,0,0,200,906.0
402872568812,519,1,255,13,4,0x0,0,0,200,320.0
402872585638,520,1,255,13,4,0x0,0,0,200,-252.0
402872602594,521,1,255,13,4,0x0,0,0,200,585.0
402872618950,522,1,255,13,4,0x0,0,0,200,271.0
402872635548,523,1,255,13,4,0x0,0,0,200,-311.0
402872652225,524,1,255,13,4,0x0,0,0,200,-978.0
402872669014,525,1,255,13,4,0x0,0,0,200,397.0
402872685734,526,1,255,13,4,0x0,0,0,200,-476.0
402872702360,527,1,255,13,4,0x0,0,0,200,888.0
402872719155,528,1,255,13,4,0x0,0,0,200,288.0
402872735742,529,1,255,13,4,0x0,0,0,200,-528.0
402872752650,530,1,255,13,4,0x0,0,0,200,556.0
402872769141,531,1,255,13,4,0x0,0,0,200,112.0
402872785791,532,1,255,13,4,0x0,0,0,200,-551.0
402872802638,533,1,255,13,4,0x0,0,0,200,603.0
402872819908,534,1,255,13,4,0x0,0,0,200,-344.0
402872836435,535,1,255,13,4,0x0,0,0,200,-746.0
402872852879,536,1,255,13,4,0x0,0,0,200,430.0
402872869351,537,1,255,13,4,0x0,0,0,200,-46.0
402872885905,538,1,255,13,4,0x0,0,0,200,-607.0
402872902820,539,1,255,13,4,0x0,0,0,200,410.0
402872919223,540,1,255,13,4,0x0,0,0,200,-4.0
402872935924,541,1,255,13,4,0x0,0,0,200,-398.0
402872952645,542,1,255,13,4,0x0,0,0,200,578.0
402872969248,543,1,255,13,4,0x0,0,0,200,-28.0
402872986238,544,1,255,13,4,0x0,0,0,200,-671.0
402873002773,545,1,255,13,4,0x0,0,0,200,484.0
402873019425,546,1,255,13,4,0x0,0,0,200,-187.0
402873035955,547,1,255,13,4,0x0,0,0,200,-767.0
402873052906,548,1,255,13,4,0x0,0,0,200,347.0
402873069475,549,1,255,13,4,0x0,0,0,200,-76.0
402873086096,550,1,255,13,4,0x0,0,0,200,-848.0
402873103107,551,1,255,13,4,0x0,0,0,200,213.0
402873119680,552,1,255,13,4,0x0,0,0,200,-212.0
402873136399,553,1,255,13,4,0x0,0,0,200,-672.0
402873153317,554,1,255,13,4,0x0,0,0,200,1054.0
402873169692,555,1,255,13,4,0x0,0,0,200,648.0
402873186160,556,1,255,13,4,0x0,0,0,200,152.0
402873203103,557,1,255,13,4,0x0,0,0,200,-646.0
402873219806,558,1,255,13,4,0x0,0,0,200,395.0
402873236192,559,1,255,13,4,0x0,0,0,200,95.0
402873253426,560,1,255,13,4,0x0,0,0,200,187.0
402873269956,561,1,255,14,4,0x0,0,0,200,-679.0
402873286614,562,1,255,14,4,0x0,0,0,200,-275.0
402873303374,563,1,255,14,4,0x0,0,0,200,-783.0
402873319812,564,1,255,14,4,0x0,0,0,200,458.0
402873336610,565,1,255,14,4,0x0,0,0,200,750.0
402873353483,566,1,255,14,4,0x0,0,0,200,-152.0
402873369801,567,1,255,14,4,0x0,0,0,200,-513.0
402873386435,568,1,255,14,4,0x0,0,0,200,765.0
402873402994,569,1,255,14,4,0x0,0,0,200,289.0
402873420111,570,1,255,14,4,0x0,0,0,200,-829.0
402873436570,571,1,255,14,4,0x0,0,0,200,716.0
402873453274,572,1,255,14,4,0x0,0,0,200,22.0
402873470121,573,1,255,14,4,0x0,0,0,200,-778.0
402873486592,574,1,255,14,4,0x0,0,0,200,742.0
402873503616,575,1,255,14,4,0x0,0,0,200,-288.0
402873519877,576,1,255,14,4,0x0,0,0,200,-598.0
402873536958,577,1,255,14,4,0x0,0,0,200,387.0
402873553629,578,1,255,14,4,0x0,0,0,200,-302.0
402873570215,579,1,255,14,4,0x0,0,0,200,-481.0
402873586781,580,1,255,14,4,0x0,0,0,200,476.0
402873603378,581,1,255,14,4,0x0,0,0,200,1035.0
402873620186,582,1,255,14,4,0x0,0,0,200,35.0
402873636805,583,1,255,14,4,0x0,0,0,200,-482.0
402873653555,584,1,255,14,4,0x0,0,0,200,926.0
402873670255,585,1,255,14,4,0x0,0,0,200,138.0
402873686950,586,1,255,14,4,0x0,0,0,200,-580.0
402873703740,587,1,255,14,4,0x0,0,0,200,684.0
402873720528,588,1,255,14,4,0x0,0,0,200,-200.0
402873736883,589,1,255,14,4,0x0,0,0,200,434.0
402873753625,590,1,255,14,4,0x0,0,0,200,-280.0
402873770216,591,1,255,14,4,0x0,0,0,200,-915.0
402873787196,592,1,255,14,4,0x0,0,0,200,240.0
402873803986,593,1,255,14,4,0x0,0,0,200,-465.0
402873820119,594,1,255,14,4,0x0,0,0,200,-828.0
402873837180,595,1,255,14,4,0x0,0,0,200,201.0
402873853822,596,1,255,14,4,0x0,0,0,200,-506.0
402873870312,597,1,255,14,4,0x0,0,0,200,-494.0
402873887300,598,1,255,14,4,0x0,0,0,200,-848.0
402873904030,599,1,255,14,4,0x0,0,0,200,1411.0
402873920659,600,1,255,14,4,0x0,0,0,200,727.0
402873937368,601,1,255,14,4,0x0,0,0,200,61.0
402873954201,602,1,255,14,4,0x0,0,0,200,215.0
402873970634,603,1,255,14,4,0x0,0,0,200,731.0
402873987190,604,1,255,14,4,0x0,0,0,200,190.0
402874003944,605,1,255,14,4,0x0,0,0,200,353.0
402874020745,606,1,255,14,4,0x0,0,0,200,-310.0
402874037385,607,1,255,14,4,0x0,0,0,200,-50.0
402874054233,608,1,255,14,4,0x0,0,0,200,140.0
402874070560,609,1,255,14,4,0x0,0,0,200,-189.0
402874087271,610,1,255,14,4,0x0,0,0,200,-496.0
402874104092,611,1,255,14,4,0x0,0,0,200,-1112.0
402874120676,612,1,255,14,4,0x0,0,0,200,661.0
402874137590,613,1,255,14,4,0x0,0,0,200,-159.0
402874154667,614,1,255,14,4,0x0,0,0,200,-634.0
402874170770,615,1,255,14,4,0x0,0,0,200,-322.0
402874187779,616,1,255,14,4,0x0,0,0,200,641.0
402874204227,617,1,255,14,4,0x0,0,0,200,176.0
402874221183,618,1,255,14,4,0x0,0,0,200,-778.0
402874237564,619,1,255,14,4,0x0,0,0,200,-377.0
402874254808,620,1,255,14,4,0x0,0,0,200,651.0
402874271149,621,1,255,15,4,0x0,0,0,200,278.0
402874287671,622,1,255,15,4,0x0,0,0,200,610.0
402874304215,623,1,255,15,4,0x0,0,0,200,296.0
402874321417,624,1,255,15,4,0x0,0,0,200,-932.0
402874337615,625,1,255,15,4,0x0,0,0,200,-259.0
402874354368,626,1,255,15,4,0x0,0,0,200,992.0
402874371254,627,1,255,15,4,0x0,0,0,200,259.0
402874388139,628,1,255,15,4,0x0,0,0,200,-655.0
402874404513,629,1,255,15,4,0x0,0,0,200,886.0
402874421408,630,1,255,15,4,0x0,0,0,200,-685.0
402874438338,631,1,255,15,4,0x0,0,0,200,-826.0
402874454858,632,1,255,15,4,0x0,0,0,200,-428.0
402874471460,633,1,255,15,4,0x0,0,0,200,129.0
402874488117,634,1,255,15,4,0x0,0,0,200,-719.0
402874504482,635,1,255,15,4,0x0,0,0,200,854.0
402874521469,636,1,255,15,4,0x0,0,0,200,-68.0
402874538479,637,1,255,15,4,0x0,0,0,200,-926.0
402874554741,638,1,255,15,4,0x0,0,0,200,-912.0
402874571435,639,1,255,15,4,0x0,0,0,200,-940.0
402874588294,640,1,255,15,4,0x0,0,0,200,-874.0
402874605101,641,1,255,15,4,0x0,0,0,200,-534.0
402874621570,642,1,255,15,4,0x0,0,0,200,-81.0
402874638159,643,1,255,15,4,0x0,0,0,200,231.0
402874654675,644,1,255,15,4,0x0,0,0,200,-295.0
402874671356,645,1,255,15,4,0x0,0,0,200,-945.0
402874688233,646,1,255,15,4,0x0,0,0,200,184.0
402874704690,647,1,255,15,4,0x0,0,0,200,-137.0
402874721593,648,1,255,15,4,0x0,0,0,200,664.0
402874738343,649,1,255,15,4,0x0,0,0,200,270.0
402874755279,650,1,255,15,4,0x0,0,0,200,-622.0
402874771498,651,1,255,15,4,0x0,0,0,200,882.0
402874788742,652,1,255,15,4,0x0,0,0,200,781.0
402874805008,653,1,255,15,4,0x0,0,0,200,474.0
402874821520,654,1,255,15,4,0x0,0,0,200,-44.0
402874838987,655,1,255,15,4,0x0,0,0,200,515.0
402874855101,656,1,255,15,4,0x0,0,0,200,408.0
402874871386,657,1,255,15,4,0x0,0,0,200,-47.0
402874889060,658,1,255,15,4,0x0,0,0,200,-502.0
402874905182,659,1,255,15,4,0x0,0,0,200,412.0
402874921579,660,1,255,15,4,0x0,0,0,200,788.0
402874938986,661,1,255,15,4,0x0,0,0,200,-93.0
402874955044,662,1,255,15,4,0x0,0,0,200,404.0
402874971491,663,1,255,15,4,0x0,0,0,200,-127.0
402874988736,664,1,255,15,4,0x0,0,0,200,-26.0
402875005230,665,1,255,15,4,0x0,0,0,200,172.0
402875021764,666,1,255,15,4,0x0,0,0,200,702.0
402875038582,667,1,255,15,4,0x0,0,0,200,-1079.0
402875055355,668,1,255,15,4,0x0,0,0,200,-970.0
402875071943,669,1,255,15,4,0x0,0,0,200,520.0
402875088940,670,1,255,15,4,0x0,0,0,200,598.0
402875105224,671,1,255,15,4,0x0,0,0,200,461.0
402875121857,672,1,255,15,4,0x0,0,0,200,-408.0
402875138750,673,1,255,15,4,0x0,0,0,200,-348.0
402875155368,674,1,255,15,4,0x0,0,0,200,-855.0
402875172157,675,1,255,15,4,0x0,0,0,200,393.0
402875188702,676,1,255,15,4,0x0,0,0,200,812.0
402875205455,677,1,255,15,4,0x0,0,0,200,318.0
402875222151,678,1,255,15,4,0x0,0,0,200,309.0
402875238670,679,1,255,15,4,0x0,0,0,200,799.0
402875255558,680,1,255,15,4,0x0,0,0,200,35.0
402875272466,681,1,255,16,4,0x0,0,0,200,249.0
402875288918,682,1,255,16,4,0x0,0,0,200,565.0
402875305509,683,1,255,16,4,0x0,0,0,200,-683.0
402875322094,684,1,255,16,4,0x0,0,0,200,355.0
402875338963,685,1,255,16,4,0x0,0,0,200,613.0
402875355787,686,1,255,16,4,0x0,0,0,200,-987.0
402875372001,687,1,255,16,4,0x0,0,0,200,453.0
402875388809,688,1,255,16,4,0x0,0,0,200,579.0
402875405446,689,1,255,16,4,0x0,0,0,200,-662.0
402875422258,690,1,255,16,4,0x0,0,0,200,-759.0
402875439308,691,1,255,16,4,0x0,0,0,200,1167.0
402875455420,692,1,255,16,4,0x0,0,0,200,-12.0
402875472371,693,1,255,16,4,0x0,0,0,200,61.0
402875488738,694,1,255,16,4,0x0,0,0,200,925.0
402875505967,695,1,255,16,4,0x0,0,0,200,516.0
402875522373,696,1,255,16,4,0x0,0,0,200,1037.0
402875540058,697,1,255,16,4,0x0,0,0,200,-583.0
402875556079,698,1,255,16,4,0x0,0,0,200,409.0
402875572354,699,1,255,16,4,0x0,0,0,200,338.0
402875589306,700,1,255,16,4,0x0,0,0,200,-235.0
402875605926,701,1,255,16,4,0x0,0,0,200,-1068.0
402875622331,702,1,255,16,4,0x0,0,0,200,196.0
402875639593,703,1,255,16,4,0x0,0,0,200,-60.0
402875656146,704,1,255,16,4,0x0,0,0,200,415.0
402875672469,705,1,255,16,4,0x0,0,0,200,1007.0
402875689208,706,1,255,16,4,0x0,0,0,200,-810.0
402875706209,707,1,255,16,4,0x0,0,0,200,-1449.0
402875722861,708,1,255,16,4,0x0,0,0,200,567.0
402875739283,709,1,255,16,4,0x0,0,0,200,-714.0
402875755946,710,1,255,16,4,0x0,0,0,200,-346.0
402875772592,711,1,255,16,4,0x0,0,0,200,718.0
402875789274,712,1,255,16,4,0x0,0,0,200,-651.0
402875806308,713,1,255,16,4,0x0,0,0,200,-438.0
402875822486,714,1,255,16,4,0x0,0,0,200,934.0
402875839446,715,1,255,16,4,0x0,0,0,200,-74.0
402875856149,716,1,255,16,4,0x0,0,0,200,316.0
402875872792,717,1,255,16,4,0x0,0,0,200,-134.0
402875889197,718,1,255,16,4,0x0,0,0,200,-601.0
402875906120,719,1,255,16,4,0x0,0,0,200,296.0
402875922717,720,1,255,16,4,0x0,0,0,200,-210.0
402875939502,721,1,255,16,4,0x0,0,0,200,354.0
402875956015,722,1,255,16,4,0x0,0,0,200,423.0
402875972597,723,1,255,16,4,0x0,0,0,200,883.0
402875989934,724,1,255,16,4,0x0,0,0,200,522.0
402876005949,725,1,255,16,4,0x0,0,0,200,511.0
402876023128,726,1,255,16,4,0x0,0,0,200,527.0
402876039319,727,1,255,16,4,0x0,0,0,200,170.0
402876056336,728,1,255,16,4,0x0,0,0,200,-937.0
402876073030,729,1,255,16,4,0x0,0,0,200,415.0
402876089287,730,1,255,16,4,0x0,0,0,200,-759.0
402876106284,731,1,255,16,4,0x0,0,0,200,889.0
402876123360,732,1,255,16,4,0x0,0,0,200,28.0
402876139715,733,1,255,16,4,0x0,0,0,200,-578.0
402876156161,734,1,255,16,4,0x0,0,0,200,361.0
402876172931,735,1,255,16,4,0x0,0,0,200,591.0
402876189647,736,1,255,16,4,0x0,0,0,200,912.0
402876206118,737,1,255,16,4,0x0,0,0,200,-662.0
402876222947,738,1,255,16,4,0x0,0,0,200,549.0
402876240354,739,1,255,16,4,0x0,0,0,200,-293.0
402876257019,740,1,255,16,4,0x0,0,0,200,-703.0
402876273253,741,1,255,16,4,0x0,0,0,200,275.0
402876290178,742,1,255,17,4,0x0,0,0,200,320.0
402876306631,743,1,255,17,4,0x0,0,0,200,1043.0
402876323888,744,1,255,17,4,0x0,0,0,200,-953.0
402876339939,745,1,255,17,4,0x0,0,0,200,-286.0
402876356742,746,1,255,17,4,0x0,0,0,200,683.0
402876373653,747,1,255,17,4,0x0,0,0,200,992.0
402876389902,748,1,255,17,4,0x0,0,0,200,245.0
402876406627,749,1,255,17,4,0x0,0,0,200,-16.0
402876423795,750,1,255,17,4,0x0,0,0,200,1173.0
402876440409,751,1,255,17,4,0x0,0,0,200,1144.0
402876457335,752,1,255,17,4,0x0,0,0,200,-1133.0
402876473653,753,1,255,17,4,0x0,0,0,200,-103.0
402876490200,754,1,255,17,4,0x0,0,0,200,318.0
402876506554,755,1,255,17,4,0x0,0,0,200,923.0
402876523507,756,1,255,17,4,0x0,0,0,200,322.0
402876540512,757,1,255,17,4,0x0,0,0,200,-26.0
402876556962,758,1,255,17,4,0x0,0,0,200,-104.0
402876573696,759,1,255,17,4,0x0,0,0,200,785.0
402876590888,760,1,255,17,4,0x0,0,0,200,-368.0
402876607063,761,1,255,17,4,0x0,0,0,200,523.0
402876623853,762,1,255,17,4,0x0,0,0,200,-930.0
402876640220,763,1,255,17,4,0x0,0,0,200,281.0
402876657222,764,1,255,17,4,0x0,0,0,200,646.0
402876673383,765,1,255,17,4,0x0,0,0,200,-738.0
402876690382,766,1,255,17,4,0x0,0,0,200,466.0
402876707007,767,1,255,17,4,0x0,0,0,200,679.0
402876723368,768,1,255,17,4,0x0,0,0,200,-1694.0
402876740212,769,1,255,17,4,0x0,0,0,200,233.0
402876757345,770,1,255,17,4,0x0,0,0,200,360.0
402876773689,771,1,255,17,4,0x0,0,0,200,-203.0
402876790366,772,1,255,17,4,0x0,0,0,200,1101.0
402876807372,773,1,255,17,4,0x0,0,0,200,394.0
402876823623,774,1,255,17,4,0x0,0,0,200,-89.0
402876840621,775,1,255,17,4,0x0,0,0,200,-728.0
402876857378,776,1,255,17,4,0x0,0,0,200,228.0
402876874003,777,1,255,17,4,0x0,0,0,200,-445.0
402876890265,778,1,255,17,4,0x0,0,0,200,201.0
402876906817,779,1,255,17,4,0x0,0,0,200,705.0
402876924263,780,1,255,17,4,0x0,0,0,200,-833.0
402876940673,781,1,255,17,4,0x0,0,0,200,782.0
402876957424,782,1,255,17,4,0x0,0,0,200,38.0
402876974171,783,1,255,17,4,0x0,0,0,200,-1475.0
402876990936,784,1,255,17,4,0x0,0,0,200,-1081.0
402877007284,785,1,255,17,4,0x0,0,0,200,1288.0
402877024050,786,1,255,17,4,0x0,0,0,200,568.0
402877040860,787,1,255,17,4,0x0,0,0,200,671.0
402877057584,788,1,255,17,4,0x0,0,0,200,480.0
402877073989,789,1,255,17,4,0x0,0,0,200,1015.0
402877090742,790,1,255,17,4,0x0,0,0,200,1167.0
402877107470,791,1,255,17,4,0x0,0,0,200,62.0
402877124157,792,1,255,17,4,0x0,0,0,200,-1242.0
402877141717,793,1,255,17,4,0x0,0,0,200,896.0
402877157940,794,1,255,17,4,0x0,0,0,200,-275.0
402877174441,795,1,255,17,4,0x0,0,0,200,-582.0
402877191253,796,1,255,17,4,0x0,0,0,200,-868.0
402877208054,797,1,255,17,4,0x0,0,0,200,543.0
402877224535,798,1,255,17,4,0x0,0,0,200,4.0
402877241258,799,1,255,17,4,0x0,0,0,200,-838.0
402877257521,800,1,255,17,4,0x0,0,0,200,-32.0
402877274740,801,1,255,17,4,0x0,0,0,200,-133.0
402877290881,802,1,255,18,4,0x0,0,0,200,671.0
402877308163,803,1,255,18,4,0x0,0,0,200,-568.0
402877324428,804,1,255,18,4,0x0,0,0,200,-715.0
402877341316,805,1,255,18,4,0x0,0,0,200,-825.0
402877358347,806,1,255,18,4,0x0,0,0,200,1201.0
402877374333,807,1,255,18,4,0x0,0,0,200,277.0
402877391578,808,1,255,18,4,0x0,0,0,200,-934.0
402877407526,809,1,255,18,4,0x0,0,0,200,221.0
402877424397,810,1,255,18,4,0x0,0,0,200,501.0
402877441520,811,1,255,18,4,0x0,0,0,200,1051.0
402877458729,812,1,255,18,4,0x0,0,0,200,-698.0
402877474496,813,1,255,18,4,0x0,0,0,200,1146.0
402877491101,814,1,255,18,4,0x0,0,0,200,-1073.0
402877507661,815,1,255,18,4,0x0,0,0,200,-1272.0
402877525030,816,1,255,18,4,0x0,0,0,200,-656.0
402877541545,817,1,255,18,4,0x0,0,0,200,-499.0
402877559299,818,1,255,18,4,0x0,0,0,200,-1450.0
402877574625,819,1,255,18,4,0x0,0,0,200,101.0
402877591786,820,1,255,18,4,0x0,0,0,200,-520.0
402877608212,821,1,255,18,4,0x0,0,0,200,-1351.0
402877624613,822,1,255,18,4,0x0,0,0,200,72.0
402877641724,823,1,255,18,4,0x0,0,0,200,1102.0
402877658715,824,1,255,18,4,0x0,0,0,200,-716.0
402877675526,825,1,255,18,4,0x0,0,0,200,1077.0
402877692538,826,1,255,18,4,0x0,0,0,200,-341.0
402877708754,827,1,255,18,4,0x0,0,0,200,1826.0
402877724982,828,1,255,18,4,0x0,0,0,200,770.0
402877742507,829,1,255,18,4,0x0,0,0,200,618.0
402877759225,830,1,255,18,4,0x0,0,0,200,458.0
402877774938,831,1,255,18,4,0x0,0,0,200,-230.0
402877791713,832,1,255,18,4,0x0,0,0,200,1447.0
402877808447,833,1,255,18,4,0x0,0,0,200,228.0
402877825337,834,1,255,18,4,0x0,0,0,200,-213.0
402877841770,835,1,255,18,4,0x0,0,0,200,-890.0
402877858431,836,1,255,18,4,0x0,0,0,200,433.0
402877876296,837,1,255,18,4,0x0,0,0,200,1021.0
402877891611,838,1,255,18,4,0x0,0,0,200,288.0
402877908459,839,1,255,18,4,0x0,0,0,200,348.0
402877925863,840,1,255,18,4,0x0,0,0,200,-406.0
402877942240,841,1,255,18,4,0x0,0,0,200,530.0
402877958661,842,1,255,18,4,0x0,0,0,200,-106.0
402877975481,843,1,255,18,4,0x0,0,0,200,-1658.0
402877992256,844,1,255,18,4,0x0,0,0,200,-510.0
402878008391,845,1,255,18,4,0x0,0,0,200,-805.0
402878025396,846,1,255,18,4,0x0,0,0,200,225.0
402878042506,847,1,255,18,4,0x0,0,0,200,37.0
402878058732,848,1,255,18,4,0x0,0,0,200,-80.0
402878075511,849,1,255,18,4,0x0,0,0,200,43.0
402878092575,850,1,255,18,4,0x0,0,0,200,-61.0
402878109924,851,1,255,18,4,0x0,0,0,200,-1179.0
402878125728,852,1,255,18,4,0x0,0,0,200,912.0
402878142607,853,1,255,18,4,0x0,0,0,200,-776.0
402878158970,854,1,255,18,4,0x0,0,0,200,1130.0
402878176035,855,1,255,18,4,0x0,0,0,200,-323.0
402878192006,856,1,255,18,4,0x0,0,0,200,230.0
402878208716,857,1,255,18,4,0x0,0,0,200,1868.0
402878225673,858,1,255,18,4,0x0,0,0,200,861.0
402878242488,859,1,255,18,4,0x0,0,0,200,1461.0
402878259087,860,1,255,18,4,0x0,0,0,200,-149.0
402878275468,861,1,255,18,4,0x0,0,0,200,483.0
402878292711,862,1,255,19,4,0x0,0,0,200,271.0
402878308864,863,1,255,19,4,0x0,0,0,200,-412.0
402878326110,864,1,255,19,4,0x0,0,0,200,558.0
402878342742,865,1,255,19,4,0x0,0,0,200,1119.0
402878359188,866,1,255,19,4,0x0,0,0,200,-1458.0
402878375727,867,1,255,19,4,0x0,0,0,200,1431.0
402878392779,868,1,255,19,4,0x0,0,0,200,177.0
402878409434,869,1,255,19,4,0x0,0,0,200,-1093.0
402878426187,870,1,255,19,4,0x0,0,0,200,884.0
402878442740,871,1,255,19,4,0x0,0,0,200,-1016.0
402878459659,872,1,255,19,4,0x0,0,0,200,1181.0
402878477094,873,1,255,19,4,0x0,0,0,200,-828.0
402878492606,874,1,255,19,4,0x0,0,0,200,-731.0
402878509159,875,1,255,19,4,0x0,0,0,200,-467.0
402878526257,876,1,255,19,4,0x0,0,0,200,1174.0
402878542572,877,1,255,19,4,0x0,0,0,200,232.0
402878559998,878,1,255,19,4,0x0,0,0,200,676.0
402878575603,879,1,255,19,4,0x0,0,0,200,-6.0
402878592732,880,1,255,19,4,0x0,0,0,200,907.0
402878609128,881,1,255,19,4,0x0,0,0,200,-505.0
402878626118,882,1,255,19,4,0x0,0,0,200,-371.0
402878642832,883,1,255,19,4,0x0,0,0,200,-82.0
402878659858,884,1,255,19,4,0x0,0,0,200,-862.0
402878676221,885,1,255,19,4,0x0,0,0,200,422.0
402878693212,886,1,255,19,4,0x0,0,0,200,-643.0
402878709222,887,1,255,19,4,0x0,0,0,200,-318.0
402878725838,888,1,255,19,4,0x0,0,0,200,-929.0
402878742651,889,1,255,19,4,0x0,0,0,200,-54.0
402878760041,890,1,255,19,4,0x0,0,0,200,-251.0
402878776862,891,1,255,19,4,0x0,0,0,200,1029.0
402878792759,892,1,255,19,4,0x0,0,0,200,982.0
402878809379,893,1,255,19,4,0x0,0,0,200,203.0
402878825987,894,1,255,19,4,0x0,0,0,200,582.0
402878844031,895,1,255,19,4,0x0,0,0,200,-280.0
402878859509,896,1,255,19,4,0x0,0,0,200,267.0
402878876349,897,1,255,19,4,0x0,0,0,200,582.0
402878893007,898,1,255,19,4,0x0,0,0,200,619.0
402878909308,899,1,255,19,4,0x0,0,0,200,-791.0
402878926943,900,1,255,19,4,0x0,0,0,200,727.0
402878943111,901,1,255,19,4,0x0,0,0,200,-909.0
402878960170,902,1,255,19,4,0x0,0,0,200,1368.0
402878977144,903,1,255,19,4,0x0,0,0,200,319.0
402878992482,904,1,255,19,4,0x0,0,0,200,-1504.0
402879009547,905,1,255,19,4,0x0,0,0,200,-744.0
402879026161,906,1,255,19,4,0x0,0,0,200,541.0
402879043198,907,1,255,19,4,0x0,0,0,200,-1452.0
402879059922,908,1,255,19,4,0x0,0,0,200,-78.0
402879076655,909,1,255,19,4,0x0,0,0,200,-1052.0
402879092980,910,1,255,19,4,0x0,0,0,200,560.0
402879109493,911,1,255,19,4,0x0,0,0,200,421.0
402879125905,912,1,255,19,4,0x0,0,0,200,1776.0
402879143163,913,1,255,19,4,0x0,0,0,200,-376.0
402879160384,914,1,255,19,4,0x0,0,0,200,-710.0
402879176272,915,1,255,19,4,0x0,0,0,200,1188.0
402879193128,916,1,255,19,4,0x0,0,0,200,-267.0
402879210984,917,1,255,19,4,0x0,0,0,200,-219.0
402879226827,918,1,255,19,4,0x0,0,0,200,1459.0
402879243495,919,1,255,19,4,0x0,0,0,200,-864.0
402879260006,920,1,255,19,4,0x0,0,0,200,-918.0
402879276612,921,1,255,19,4,0x0,0,0,200,370.0
402879293867,922,1,255,20,4,0x0,0,0,200,-721.0
402879310475,923,1,255,20,4,0x0,0,0,200,840.0
402879326948,924,1,255,20,4,0x0,0,0,200,196.0
402879343841,925,1,255,20,4,0x0,0,0,200,1559.0
402879360237,926,1,255,20,4,0x0,0,0,200,699.0
402879376929,927,1,255,20,4,0x0,0,0,200,-598.0
402879393381,928,1,255,20,4,0x0,0,0,200,-113.0
402879409912,929,1,255,20,4,0x0,0,0,200,320.0
402879426912,930,1,255,20,4,0x0,0,0,200,-991.0
402879444462,931,1,255,20,4,0x0,0,0,200,-592.0
402879460320,932,1,255,20,4,0x0,0,0,200,1067.0
402879477564,933,1,255,20,4,0x0,0,0,200,719.0
402879493200,934,1,255,20,4,0x0,0,0,200,776.0
402879509863,935,1,255,20,4,0x0,0,0,200,972.0
402879527679,936,1,255,20,4,0x0,0,0,200,-917.0
402879543519,937,1,255,20,4,0x0,0,0,200,-1030.0
402879560664,938,1,255,20,4,0x0,0,0,200,-186.0
402879577224,939,1,255,20,4,0x0,0,0,200,1181.0
402879593859,940,1,255,20,4,0x0,0,0,200,-587.0
402879610370,941,1,255,20,4,0x0,0,0,200,-35.0
402879627297,942,1,255,20,4,0x0,0,0,200,999.0
402879644220,943,1,255,20,4,0x0,0,0,200,-962.0
402879662755,944,1,255,20,4,0x0,0,0,200,-1457.0
402879677068,945,1,255,20,4,0x0,0,0,200,-995.0
402879693891,946,1,255,20,4,0x0,0,0,200,-321.0
402879710550,947,1,255,20,4,0x0,0,0,200,38.0
402879727174,948,1,255,20,4,0x0,0,0,200,357.0
402879744085,949,1,255,20,4,0x0,0,0,200,260.0
402879760278,950,1,255,20,4,0x0,0,0,200,246.0
402879777009,951,1,255,20,4,0x0,0,0,200,-732.0
402879793797,952,1,255,20,4,0x0,0,0,200,543.0
402879811178,953,1,255,20,4,0x0,0,0,200,-970.0
402879826993,954,1,255,20,4,0x0,0,0,200,612.0
402879843617,955,1,255,20,4,0x0,0,0,200,530.0
402879860962,956,1,255,20,4,0x0,0,0,200,291.0
402879877796,957,1,255,20,4,0x0,0,0,200,-315.0
402879894034,958,1,255,20,4,0x0,0,0,200,-757.0
402879910124,959,1,255,20,4,0x0,0,0,200,994.0
402879926906,960,1,255,20,4,0x0,0,0,200,946.0
402879944016,961,1,255,20,4,0x0,0,0,200,1762.0
402879961233,962,1,255,20,4,0x0,0,0,200,1082.0
402879977791,963,1,255,20,4,0x0,0,0,200,-502.0
402879994169,964,1,255,20,4,0x0,0,0,200,-472.0
402880010377,965,1,255,20,4,0x0,0,0,200,883.0
402880027280,966,1,255,20,4,0x0,0,0,200,11.0
402880044933,967,1,255,20,4,0x0,0,0,200,193.0
402880061450,968,1,255,20,4,0x0,0,0,200,-147.0
402880076995,969,1,255,20,4,0x0,0,0,200,235.0
402880093919,970,1,255,20,4,0x0,0,0,200,-685.0
402880111338,971,1,255,20,4,0x0,0,0,200,-602.0
402880127396,972,1,255,20,4,0x0,0,0,200,944.0
402880144383,973,1,255,20,4,0x0,0,0,200,-865.0
402880161082,974,1,255,20,4,0x0,0,0,200,-428.0
402880178024,975,1,255,20,4,0x0,0,0,200,-1807.0
402880194068,976,1,255,20,4,0x0,0,0,200,-964.0
402880210662,977,1,255,20,4,0x0,0,0,200,811.0
402880227964,978,1,255,20,4,0x0,0,0,200,637.0
402880244185,979,1,255,20,4,0x0,0,0,200,30.0
402880261912,980,1,255,20,4,0x0,0,0,200,-1132.0
402880278185,981,1,255,20,4,0x0,0,0,200,946.0
402880294126,982,1,255,20,4,0x0,0,0,200,1005.0
402880311340,983,1,255,21,4,0x0,0,0,200,-531.0
402880328057,984,1,255,21,4,0x0,0,0,200,1265.0
402880345470,985,1,255,21,4,0x0,0,0,200,-865.0
402880361351,986,1,255,21,4,0x0,0,0,200,959.0
402880377667,987,1,255,21,4,0x0,0,0,200,-1415.0
402880394776,988,1,255,21,4,0x0,0,0,200,941.0
402880411038,989,1,255,21,4,0x0,0,0,200,1816.0
402880427962,990,1,255,21,4,0x0,0,0,200,-831.0
402880445079,991,1,255,21,4,0x0,0,0,200,1232.0
402880461660,992,1,255,21,4,0x0,0,0,200,-290.0
402880478391,993,1,255,21,4,0x0,0,0,200,-900.0
402880494975,994,1,255,21,4,0x0,0,0,200,-839.0
402880511282,995,1,255,21,4,0x0,0,0,200,-1092.0
402880527500,996,1,255,21,4,0x0,0,0,200,765.0
402880545126,997,1,255,21,4,0x0,0,0,200,1222.0
402880562440,998,1,255,21,4,0x0,0,0,200,-208.0
402880578195,999,1,255,21,4,0x0,0,0,200,-410.0
402880594853,1000,1,255,21,4,0x0,0,0,200,315.0
402880612066,1001,1,255,21,4,0x0,0,0,200,-1146.0
402880628068,1002,1,255,21,4,0x0,0,0,200,629.0
402880645191,1003,1,255,21,4,0x0,0,0,200,75.0
402880661390,1004,1,255,21,4,0x0,0,0,200,-1018.0
402880678090,1005,1,255,21,4,0x0,0,0,200,-917.0
402880694534,1006,1,255,21,4,0x0,0,0,200,-1084.0
402880711381,1007,1,255,21,4,0x0,0,0,200,-875.0
402880728136,1008,1,255,21,4,0x0,0,0,200,271.0
402880744866,1009,1,255,21,4,0x0,0,0,200,1243.0
402880761441,1010,1,255,21,4,0x0,0,0,200,-198.0
402880778078,1011,1,255,21,4,0x0,0,0,200,1316.0
402880795125,1012,1,255,21,4,0x0,0,0,200,-643.0
402880811313,1013,1,255,21,4,0x0,0,0,200,-377.0
402880827489,1014,1,255,21,4,0x0,0,0,200,890.0
402880846191,1015,1,255,21,4,0x0,0,0,200,290.0
402880862019,1016,1,255,21,4,0x0,0,0,200,210.0
402880877985,1017,1,255,21,4,0x0,0,0,200,226.0
402880896171,1018,1,255,21,4,0x0,0,0,200,1135.0
402880911187,1019,1,255,21,4,0x0,0,0,200,1.0
402880928600,1020,1,255,21,4,0x0,0,0,200,873.0
402880944877,1021,1,255,21,4,0x0,0,0,200,303.0
402880961931,1022,1,255,21,4,0x0,0,0,200,1283.0
402880978680,1023,1,255,21,4,0x0,0,0,200,-202.0
402880996371,1024,1,255,21,4,0x0,0,0,200,0.0
402881011534,1025,1,255,21,4,0x0,0,0,200,-344.0
402881028195,1026,1,255,21,4,0x0,0,0,200,225.0
402881044918,1027,1,255,21,4,0x0,0,0,200,282.0
402881062562,1028,1,255,21,4,0x0,0,0,200,-761.0
402881079484,1029,1,255,21,4,0x0,0,0,200,834.0
402881094970,1030,1,255,21,4,0x0,0,0,200,1357.0
402881112030,1031,1,255,21,4,0x0,0,0,200,-483.0
402881128074,1032,1,255,21,4,0x0,0,0,200,1123.0
402881146251,1033,1,255,21,4,0x0,0,0,200,911.0
402881162559,1034,1,255,21,4,0x0,0,0,200,-1092.0
402881178328,1035,1,255,21,4,0x0,0,0,200,1013.0
402881195446,1036,1,255,21,4,0x0,0,0,200,-667.0
402881212162,1037,1,255,21,4,0x0,0,0,200,-984.0
402881228761,1038,1,255,21,4,0x0,0,0,200,591.0
402881244900,1039,1,255,21,4,0x0,0,0,200,-1605.0
402881262352,1040,1,255,21,4,0x0,0,0,200,834.0
402881278213,1041,1,255,21,4,0x0,0,0,200,-882.0
402881295405,1042,1,255,21,4,0x0,0,0,200,497.0
402881312094,1043,1,255,22,4,0x0,0,0,200,-775.0
402881328830,1044,1,255,22,4,0x0,0,0,200,-830.0
402881345515,1045,1,255,22,4,0x0,0,0,200,799.0
402881362820,1046,1,255,22,4,0x0,0,0,200,-267.0
402881378444,1047,1,255,22,4,0x0,0,0,200,754.0
402881395779,1048,1,255,22,4,0x0,0,0,200,-483.0
402881412044,1049,1,255,22,4,0x0,0,0,200,1247.0
402881428974,1050,1,255,22,4,0x0,0,0,200,-684.0
402881445924,1051,1,255,22,4,0x0,0,0,200,-436.0
402881462221,1052,1,255,22,4,0x0,0,0,200,490.0
402881478833,1053,1,255,22,4,0x0,0,0,200,1372.0
402881496203,1054,1,255,22,4,0x0,0,0,200,-911.0
402881512316,1055,1,255,22,4,0x0,0,0,200,1100.0
402881528818,1056,1,255,22,4,0x0,0,0,200,405.0
402881545616,1057,1,255,22,4,0x0,0,0,200,-1044.0
402881562793,1058,1,255,22,4,0x0,0,0,200,-435.0
402881578942,1059,1,255,22,4,0x0,0,0,200,1271.0
402881595829,1060,1,255,22,4,0x0,0,0,200,521.0
402881613695,1061,1,255,22,4,0x0,0,0,200,816.0
402881628726,1062,1,255,22,4,0x0,0,0,200,613.0
402881646142,1063,1,255,22,4,0x0,0,0,200,-817.0
402881662790,1064,1,255,22,4,0x0,0,0,200,-1455.0
402881678786,1065,1,255,22,4,0x0,0,0,200,410.0
402881695539,1066,1,255,22,4,0x0,0,0,200,-764.0
402881712202,1067,1,255,22,4,0x0,0,0,200,-931.0
402881728552,1068,1,255,22,4,0x0,0,0,200,179.0
402881746066,1069,1,255,22,4,0x0,0,0,200,304.0
402881762605,1070,1,255,22,4,0x0,0,0,200,24.0
402881779076,1071,1,255,22,4,0x0,0,0,200,1207.0
402881795572,1072,1,255,22,4,0x0,0,0,200,70.0
402881812389,1073,1,255,22,4,0x0,0,0,200,612.0
402881829303,1074,1,255,22,4,0x0,0,0,200,-730.0
402881845834,1075,1,255,22,4,0x0,0,0,200,390.0
402881862331,1076,1,255,22,4,0x0,0,0,200,-33.0
402881878961,1077,1,255,22,4,0x0,0,0,200,1261.0
402881895902,1078,1,255,22,4,0x0,0,0,200,296.0
402881912621,1079,1,255,22,4,0x0,0,0,200,-1317.0
402881929468,1080,1,255,22,4,0x0,0,0,200,531.0
402881946532,1081,1,255,22,4,0x0,0,0,200,-319.0
402881963539,1082,1,255,22,4,0x0,0,0,200,919.0
402881980537,1083,1,255,22,4,0x0,0,0,200,-1097.0
402881995627,1084,1,255,22,4,0x0,0,0,200,526.0
402882012949,1085,1,255,22,4,0x0,0,0,200,-558.0
402882029888,1086,1,255,22,4,0x0,0,0,200,92.0
402882047751,1087,1,255,22,4,0x0,0,0,200,-396.0
402882063321,1088,1,255,22,4,0x0,0,0,200,866.0
402882079522,1089,1,255,22,4,0x0,0,0,200,-668.0
402882096036,1090,1,255,22,4,0x0,0,0,200,-747.0
402882112598,1091,1,255,22,4,0x0,0,0,200,764.0
402882129218,1092,1,255,22,4,0x0,0,0,200,-741.0
402882146493,1093,1,255,22,4,0x0,0,0,200,646.0
402882163158,1094,1,255,22,4,0x0,0,0,200,7.0
402882179614,1095,1,255,22,4,0x0,0,0,200,-377.0
402882196670,1096,1,255,22,4,0x0,0,0,200,570.0
402882213727,1097,1,255,22,4,0x0,0,0,200,456.0
402882230251,1098,1,255,22,4,0x0,0,0,200,1091.0
402882246531,1099,1,255,22,4,0x0,0,0,200,-294.0
402882263475,1100,1,255,22,4,0x0,0,0,200,747.0
402882279384,1101,1,255,22,4,0x0,0,0,200,1050.0
402882296312,1102,1,255,22,4,0x0,0,0,200,-892.0
402882312996,1103,1,255,22,4,0x0,0,0,200,-844.0
402882329918,1104,1,255,23,4,0x0,0,0,200,452.0
402882347913,1105,1,255,23,4,0x0,0,0,200,1239.0
402882363136,1106,1,255,23,4,0x0,0,0,200,1067.0
402882379550,1107,1,255,23,4,0x0,0,0,200,-310.0
402882396295,1108,1,255,23,4,0x0,0,0,200,-20.0
402882412914,1109,1,255,23,4,0x0,0,0,200,-878.0
402882430278,1110,1,255,23,4,0x0,0,0,200,1015.0
402882446417,1111,1,255,23,4,0x0,0,0,200,748.0
402882465011,1112,1,255,23,4,0x0,0,0,200,-860.0
402882479911,1113,1,255,23,4,0x0,0,0,200,-759.0
402882496577,1114,1,255,23,4,0x0,0,0,200,552.0
402882513064,1115,1,255,23,4,0x0,0,0,200,-1335.0
402882529550,1116,1,255,23,4,0x0,0,0,200,-218.0
402882546459,1117,1,255,23,4,0x0,0,0,200,-865.0
402882563806,1118,1,255,23,4,0x0,0,0,200,-489.0
402882579685,1119,1,255,23,4,0x0,0,0,200,-1361.0
402882596976,1120,1,255,23,4,0x0,0,0,200,-722.0
402882613411,1121,1,255,23,4,0x0,0,0,200,791.0
402882629984,1122,1,255,23,4,0x0,0,0,200,-758.0
402882647237,1123,1,255,23,4,0x0,0,0,200,850.0
402882663730,1124,1,255,23,4,0x0,0,0,200,-600.0
402882679670,1125,1,255,23,4,0x0,0,0,200,-604.0
402882696400,1126,1,255,23,4,0x0,0,0,200,625.0
402882713812,1127,1,255,23,4,0x0,0,0,200,561.0
402882730745,1128,1,255,23,4,0x0,0,0,200,567.0
402882746571,1129,1,255,23,4,0x0,0,0,200,-253.0
402882764283,1130,1,255,23,4,0x0,0,0,200,-86.0
402882781161,1131,1,255,23,4,0x0,0,0,200,1473.0
402882796463,1132,1,255,23,4,0x0,0,0,200,-1035.0
402882813257,1133,1,255,23,4,0x0,0,0,200,942.0
402882829859,1134,1,255,23,4,0x0,0,0,200,1306.0
402882847377,1135,1,255,23,4,0x0,0,0,200,-779.0
402882863570,1136,1,255,23,4,0x0,0,0,200,713.0
402882880063,1137,1,255,23,4,0x0,0,0,200,-480.0
402882896568,1138,1,255,23,4,0x0,0,0,200,737.0
402882913551,1139,1,255,23,4,0x0,0,0,200,-923.0
402882929866,1140,1,255,23,4,0x0,0,0,200,357.0
402882946684,1141,1,255,23,4,0x0,0,0,200,-1461.0
402882963990,1142,1,255,23,4,0x0,0,0,200,1354.0
402882980176,1143,1,255,23,4,0x0,0,0,200,1050.0
402882997112,1144,1,255,23,4,0x0,0,0,200,-903.0
402883013456,1145,1,255,23,4,0x0,0,0,200,789.0
402883029975,1146,1,255,23,4,0x0,0,0,200,346.0
402883046907,1147,1,255,23,4,0x0,0,0,200,333.0
402883064019,1148,1,255,23,4,0x0,0,0,200,-567.0
402883080630,1149,1,255,23,4,0x0,0,0,200,941.0
402883097049,1150,1,255,23,4,0x0,0,0,200,-390.0
402883113910,1151,1,255,23,4,0x0,0,0,200,195.0
402883130127,1152,1,255,23,4,0x0,0,0,200,1215.0
402883147287,1153,1,255,23,4,0x0,0,0,200,-670.0
402883164610,1154,1,255,23,4,0x0,0,0,200,-1151.0
402883180314,1155,1,255,23,4,0x0,0,0,200,309.0
402883197251,1156,1,255,23,4,0x0,0,0,200,1069.0
402883213815,1157,1,255,23,4,0x0,0,0,200,-452.0
402883231653,1158,1,255,23,4,0x0,0,0,200,791.0
402883246997,1159,1,255,23,4,0x0,0,0,200,1240.0
402883263987,1160,1,255,23,4,0x0,0,0,200,400.0
402883280263,1161,1,255,23,4,0x0,0,0,200,-107.0
402883297505,1162,1,255,23,4,0x0,0,0,200,-982.0
402883314244,1163,1,255,23,4,0x0,0,0,200,-823.0
402883330179,1164,1,255,24,4,0x0,0,0,200,1092.0
402883347134,1165,1,255,24,4,0x0,0,0,200,-517.0
402883363940,1166,1,255,24,4,0x0,0,0,200,700.0
402883380204,1167,1,255,24,4,0x0,0,0,200,-419.0
402883398138,1168,1,255,24,4,0x0,0,0,200,-690.0
402883414107,1169,1,255,24,4,0x0,0,0,200,-841.0
402883430929,1170,1,255,24,4,0x0,0,0,200,-407.0
402883448084,1171,1,255,24,4,0x0,0,0,200,909.0
402883464093,1172,1,255,24,4,0x0,0,0,200,1250.0
402883480572,1173,1,255,24,4,0x0,0,0,200,635.0
402883497073,1174,1,255,24,4,0x0,0,0,200,-943.0
402883514515,1175,1,255,24,4,0x0,0,0,200,-823.0
402883530965,1176,1,255,24,4,0x0,0,0,200,250.0
402883547708,1177,1,255,24,4,0x0,0,0,200,-1380.0
402883564453,1178,1,255,24,4,0x0,0,0,200,-1.0
402883580876,1179,1,255,24,4,0x0,0,0,200,-559.0
402883597407,1180,1,255,24,4,0x0,0,0,200,1035.0
402883615264,1181,1,255,24,4,0x0,0,0,200,-928.0
402883630589,1182,1,255,24,4,0x0,0,0,200,470.0
402883647650,1183,1,255,24,4,0x0,0,0,200,-479.0
402883664181,1184,1,255,24,4,0x0,0,0,200,-991.0
402883680605,1185,1,255,24,4,0x0,0,0,200,743.0
402883697434,1186,1,255,24,4,0x0,0,0,200,-1192.0
402883714007,1187,1,255,24,4,0x0,0,0,200,1273.0
402883730607,1188,1,255,24,4,0x0,0,0,200,-299.0
402883747521,1189,1,255,24,4,0x0,0,0,200,975.0
402883764264,1190,1,255,24,4,0x0,0,0,200,381.0
402883780800,1191,1,255,24,4,0x0,0,0,200,-268.0
402883797421,1192,1,255,24,4,0x0,0,0,200,885.0
402883814022,1193,1,255,24,4,0x0,0,0,200,-733.0
402883830869,1194,1,255,24,4,0x0,0,0,200,-54.0
402883847807,1195,1,255,24,4,0x0,0,0,200,623.0
402883864818,1196,1,255,24,4,0x0,0,0,200,422.0
402883881435,1197,1,255,24,4,0x0,0,0,200,-699.0
402883897977,1198,1,255,24,4,0x0,0,0,200,274.0
402883914081,1199,1,255,24,4,0x0,0,0,200,26.0
402883931170,1200,1,255,24,4,0x0,0,0,200,79.0
402883947779,1201,1,255,24,4,0x0,0,0,200,-311.0
402883965454,1202,1,255,24,4,0x0,0,0,200,208.0
402883981410,1203,1,255,24,4,0x0,0,0,200,1030.0
402883998448,1204,1,255,24,4,0x0,0,0,200,-334.0
402884014488,1205,1,255,24,4,0x0,0,0,200,-248.0
402884031053,1206,1,255,24,4,0x0,0,0,200,1260.0
402884048131,1207,1,255,24,4,0x0,0,0,200,205.0
402884064711,1208,1,255,24,4,0x0,0,0,200,-500.0
402884081110,1209,1,255,24,4,0x0,0,0,200,-1073.0
402884098044,1210,1,255,24,4,0x0,0,0,200,-767.0
402884114573,1211,1,255,24,4,0x0,0,0,200,-1260.0
402884131553,1212,1,255,24,4,0x0,0,0,200,-980.0
402884148240,1213,1,255,24,4,0x0,0,0,200,923.0
402884164856,1214,1,255,24,4,0x0,0,0,200,-493.0
402884181411,1215,1,255,24,4,0x0,0,0,200,-1075.0
402884198146,1216,1,255,24,4,0x0,0,0,200,392.0
402884215249,1217,1,255,24,4,0x0,0,0,200,1082.0
402884231889,1218,1,255,24,4,0x0,0,0,200,-82.0
402884248417,1219,1,255,24,4,0x0,0,0,200,-64.0
402884265162,1220,1,255,24,4,0x0,0,0,200,944.0
402884282615,1221,1,255,24,4,0x0,0,0,200,657.0
402884297942,1222,1,255,24,4,0x0,0,0,200,1431.0
402884314874,1223,1,255,24,4,0x0,0,0,200,123.0
402884331070,1224,1,255,25,4,0x0,0,0,200,1560.0
402884348509,1225,1,255,25,4,0x0,0,0,200,-755.0
402884365144,1226,1,255,25,4,0x0,0,0,200,247.0
402884381370,1227,1,255,25,4,0x0,0,0,200,904.0
402884398203,1228,1,255,25,4,0x0,0,0,200,-1073.0
402884415148,1229,1,255,25,4,0x0,0,0,200,-956.0
402884432145,1230,1,255,25,4,0x0,0,0,200,1359.0
402884448870,1231,1,255,25,4,0x0,0,0,200,-661.0
402884465690,1232,1,255,25,4,0x0,0,0,200,536.0
402884481528,1233,1,255,25,4,0x0,0,0,200,672.0
402884499022,1234,1,255,25,4,0x0,0,0,200,1358.0
402884514966,1235,1,255,25,4,0x0,0,0,200,288.0
402884532564,1236,1,255,25,4,0x0,0,0,200,747.0
402884548602,1237,1,255,25,4,0x0,0,0,200,-417.0
402884565218,1238,1,255,25,4,0x0,0,0,200,948.0
402884582138,1239,1,255,25,4,0x0,0,0,200,1035.0
402884598073,1240,1,255,25,4,0x0,0,0,200,1521.0
402884615560,1241,1,255,25,4,0x0,0,0,200,-1306.0
402884632261,1242,1,255,25,4,0x0,0,0,200,289.0
402884648919,1243,1,255,25,4,0x0,0,0,200,-1116.0
402884665104,1244,1,255,25,4,0x0,0,0,200,-657.0
402884681906,1245,1,255,25,4,0x0,0,0,200,195.0
402884698518,1246,1,255,25,4,0x0,0,0,200,-1208.0
402884715629,1247,1,255,25,4,0x0,0,0,200,-505.0
402884732344,1248,1,255,25,4,0x0,0,0,200,845.0
402884748850,1249,1,255,25,4,0x0,0,0,200,-1195.0
402884765540,1250,1,255,25,4,0x0,0,0,200,-1329.0
402884782019,1251,1,255,25,4,0x0,0,0,200,1349.0
402884798601,1252,1,255,25,4,0x0,0,0,200,800.0
402884815287,1253,1,255,25,4,0x0,0,0,200,283.0
402884832222,1254,1,255,25,4,0x0,0,0,200,30.0
402884849024,1255,1,255,25,4,0x0,0,0,200,1415.0
402884865693,1256,1,255,25,4,0x0,0,0,200,-1446.0
402884882127,1257,1,255,25,4,0x0,0,0,200,217.0
402884898984,1258,1,255,25,4,0x0,0,0,200,-1412.0
402884915642,1259,1,255,25,4,0x0,0,0,200,-36.0
402884932277,1260,1,255,25,4,0x0,0,0,200,1024.0
402884949907,1261,1,255,25,4,0x0,0,0,200,-1258.0
402884966081,1262,1,255,25,4,0x0,0,0,200,1371.0
402884981857,1263,1,255,25,4,0x0,0,0,200,554.0
402884999091,1264,1,255,25,4,0x0,0,0,200,-676.0
402885015974,1265,1,255,25,4,0x0,0,0,200,300.0
402885032223,1266,1,255,25,4,0x0,0,0,200,-778.0
402885049067,1267,1,255,25,4,0x0,0,0,200,212.0
402885065447,1268,1,255,25,4,0x0,0,0,200,1057.0
402885082985,1269,1,255,25,4,0x0,0,0,200,-714.0
402885098972,1270,1,255,25,4,0x0,0,0,200,1159.0
402885115611,1271,1,255,25,4,0x0,0,0,200,-1248.0
402885131995,1272,1,255,25,4,0x0,0,0,200,207.0
402885148917,1273,1,255,25,4,0x0,0,0,200,-727.0
402885166962,1274,1,255,25,4,0x0,0,0,200,302.0
402885182329,1275,1,255,25,4,0x0,0,0,200,229.0
402885199084,1276,1,255,25,4,0x0,0,0,200,1535.0
402885215341,1277,1,255,25,4,0x0,0,0,200,-204.0
402885232652,1278,1,255,25,4,0x0,0,0,200,-959.0
402885249288,1279,1,255,25,4,0x0,0,0,200,1023.0
402885265801,1280,1,255,25,4,0x0,0,0,200,-518.0
402885282320,1281,1,255,25,4,0x0,0,0,200,30.0
402885299638,1282,1,255,25,4,0x0,0,0,200,-1143.0
402885315948,1283,1,255,25,4,0x0,0,0,200,836.0
402885332469,1284,1,255,26,4,0x0,0,0,200,-1058.0
402885348883,1285,1,255,26,4,0x0,0,0,200,647.0
402885366221,1286,1,255,26,4,0x0,0,0,200,1264.0
402885382204,1287,1,255,26,4,0x0,0,0,200,632.0
402885398888,1288,1,255,26,4,0x0,0,0,200,1387.0
402885415640,1289,1,255,26,4,0x0,0,0,200,1282.0
402885433175,1290,1,255,26,4,0x0,0,0,200,299.0
402885449396,1291,1,255,26,4,0x0,0,0,200,-1341.0
402885466913,1292,1,255,26,4,0x0,0,0,200,550.0
402885482767,1293,1,255,26,4,0x0,0,0,200,-831.0
402885499006,1294,1,255,26,4,0x0,0,0,200,198.0
402885516031,1295,1,255,26,4,0x0,0,0,200,-740.0
402885533099,1296,1,255,26,4,0x0,0,0,200,314.0
402885549628,1297,1,255,26,4,0x0,0,0,200,-949.0
402885566586,1298,1,255,26,4,0x0,0,0,200,776.0
402885582239,1299,1,255,26,4,0x0,0,0,200,985.0
402885600023,1300,1,255,26,4,0x0,0,0,200,-1824.0
402885616600,1301,1,255,26,4,0x0,0,0,200,596.0
402885632866,1302,1,255,26,4,0x0,0,0,200,1298.0
402885649806,1303,1,255,26,4,0x0,0,0,200,432.0
402885667092,1304,1,255,26,4,0x0,0,0,200,1275.0
402885683305,1305,1,255,26,4,0x0,0,0,200,-784.0
402885699537,1306,1,255,26,4,0x0,0,0,200,-1188.0
402885715906,1307,1,255,26,4,0x0,0,0,200,-634.0
402885733178,1308,1,255,26,4,0x0,0,0,200,8.0
402885749847,1309,1,255,26,4,0x0,0,0,200,-1503.0
402885766396,1310,1,255,26,4,0x0,0,0,200,-208.0
402885782849,1311,1,255,26,4,0x0,0,0,200,1613.0
402885799477,1312,1,255,26,4,0x0,0,0,200,-126.0
402885816594,1313,1,255,26,4,0x0,0,0,200,-335.0
402885833239,1314,1,255,26,4,0x0,0,0,200,1560.0
402885850028,1315,1,255,26,4,0x0,0,0,200,1279.0
402885871234,1316,1,255,26,4,0x0,0,0,200,224.0
402885882802,1317,1,255,26,4,0x0,0,0,200,267.0
402885900174,1318,1,255,26,4,0x0,0,0,200,397.0
402885916626,1319,1,255,26,4,0x0,0,0,200,-824.0
402885932855,1320,1,255,26,4,0x0,0,0,200,277.0
402885950317,1321,1,255,26,4,0x0,0,0,200,-852.0
402885966494,1322,1,255,26,4,0x0,0,0,200,918.0
402885983341,1323,1,255,26,4,0x0,0,0,200,-749.0
402885999966,1324,1,255,26,4,0x0,0,0,200,1349.0
402886016382,1325,1,255,26,4,0x0,0,0,200,-51.0
402886034176,1326,1,255,26,4,0x0,0,0,200,-915.0
402886049895,1327,1,255,26,4,0x0,0,0,200,-1252.0
402886066444,1328,1,255,26,4,0x0,0,0,200,891.0
402886083237,1329,1,255,26,4,0x0,0,0,200,919.0
402886099831,1330,1,255,26,4,0x0,0,0,200,282.0
402886116967,1331,1,255,26,4,0x0,0,0,200,-599.0
402886133411,1332,1,255,26,4,0x0,0,0,200,29.0
402886150153,1333,1,255,26,4,0x0,0,0,200,-556.0
402886166601,1334,1,255,26,4,0x0,0,0,200,1065.0
402886183410,1335,1,255,26,4,0x0,0,0,200,733.0
402886200066,1336,1,255,26,4,0x0,0,0,200,1291.0
402886216935,1337,1,255,26,4,0x0,0,0,200,1267.0
402886233484,1338,1,255,26,4,0x0,0,0,200,-94.0
402886250368,1339,1,255,26,4,0x0,0,0,200,-765.0
402886267087,1340,1,255,26,4,0x0,0,0,200,468.0
402886283761,1341,1,255,26,4,0x0,0,0,200,-548.0
402886300305,1342,1,255,26,4,0x0,0,0,200,961.0
402886316792,1343,1,255,26,4,0x0,0,0,200,1661.0
402886333476,1344,1,255,26,4,0x0,0,0,200,-93.0
402886350816,1345,1,255,27,4,0x0,0,0,200,-588.0
402886367212,1346,1,255,27,4,0x0,0,0,200,48.0
402886383510,1347,1,255,27,4,0x0,0,0,200,654.0
402886400239,1348,1,255,27,4,0x0,0,0,200,1038.0
402886416912,1349,1,255,27,4,0x0,0,0,200,-667.0
402886434677,1350,1,255,27,4,0x0,0,0,200,766.0
402886450845,1351,1,255,27,4,0x0,0,0,200,-1496.0
402886466982,1352,1,255,27,4,0x0,0,0,200,442.0
402886483776,1353,1,255,27,4,0x0,0,0,200,-1519.0
402886500734,1354,1,255,27,4,0x0,0,0,200,-67.0
402886517941,1355,1,255,27,4,0x0,0,0,200,-1245.0
402886533377,1356,1,255,27,4,0x0,0,0,200,839.0
402886550564,1357,1,255,27,4,0x0,0,0,200,-1480.0
402886567342,1358,1,255,27,4,0x0,0,0,200,1117.0
402886583876,1359,1,255,27,4,0x0,0,0,200,-704.0
402886599960,1360,1,255,27,4,0x0,0,0,200,916.0
402886616848,1361,1,255,27,4,0x0,0,0,200,-598.0
402886634078,1362,1,255,27,4,0x0,0,0,200,-1351.0
402886650701,1363,1,255,27,4,0x0,0,0,200,-1337.0
402886667761,1364,1,255,27,4,0x0,0,0,200,-192.0
402886683595,1365,1,255,27,4,0x0,0,0,200,-355.0
402886700397,1366,1,255,27,4,0x0,0,0,200,967.0
402886719502,1367,1,255,27,4,0x0,0,0,200,737.0
402886734036,1368,1,255,27,4,0x0,0,0,200,1178.0
402886751643,1369,1,255,27,4,0x0,0,0,200,707.0
402886767780,1370,1,255,27,4,0x0,0,0,200,-1562.0
402886783599,1371,1,255,27,4,0x0,0,0,200,1900.0
402886800767,1372,1,255,27,4,0x0,0,0,200,1219.0
402886816803,1373,1,255,27,4,0x0,0,0,200,1002.0
402886834196,1374,1,255,27,4,0x0,0,0,200,1092.0
402886851037,1375,1,255,27,4,0x0,0,0,200,-116.0
402886868358,1376,1,255,27,4,0x0,0,0,200,-765.0
402886884391,1377,1,255,27,4,0x0,0,0,200,-616.0
402886900480,1378,1,255,27,4,0x0,0,0,200,1284.0
402886917775,1379,1,255,27,4,0x0,0,0,200,1338.0
402886934611,1380,1,255,27,4,0x0,0,0,200,-1162.0
402886951340,1381,1,255,27,4,0x0,0,0,200,-951.0
402886967125,1382,1,255,27,4,0x0,0,0,200,1046.0
402886983940,1383,1,255,27,4,0x0,0,0,200,1138.0
402887000221,1384,1,255,27,4,0x0,0,0,200,788.0
402887018874,1385,1,255,27,4,0x0,0,0,200,-1302.0
402887033970,1386,1,255,27,4,0x0,0,0,200,-792.0
402887051427,1387,1,255,27,4,0x0,0,0,200,711.0
402887067180,1388,1,255,27,4,0x0,0,0,200,991.0
402887084102,1389,1,255,27,4,0x0,0,0,200,-83.0
402887100766,1390,1,255,27,4,0x0,0,0,200,752.0
402887117387,1391,1,255,27,4,0x0,0,0,200,297.0
402887134397,1392,1,255,27,4,0x0,0,0,200,-424.0
402887150554,1393,1,255,27,4,0x0,0,0,200,-1072.0
402887167626,1394,1,255,27,4,0x0,0,0,200,-318.0
402887184358,1395,1,255,27,4,0x0,0,0,200,-363.0
402887200442,1396,1,255,27,4,0x0,0,0,200,675.0
402887217255,1397,1,255,27,4,0x0,0,0,200,-253.0
402887234935,1398,1,255,27,4,0x0,0,0,200,-362.0
402887250688,1399,1,255,27,4,0x0,0,0,200,-851.0
402887268323,1400,1,255,27,4,0x0,0,0,200,842.0
402887284754,1401,1,255,27,4,0x0,0,0,200,-726.0
402887300970,1402,1,255,27,4,0x0,0,0,200,-630.0
402887317417,1403,1,255,27,4,0x0,0,0,200,605.0
402887334490,1404,1,255,27,4,0x0,0,0,200,572.0
402887350771,1405,1,255,28,4,0x0,0,0,200,323.0
402887367660,1406,1,255,28,4,0x0,0,0,200,445.0
402887383578,1407,1,255,28,4,0x0,0,0,200,1192.0
402887400753,1408,1,255,28,4,0x0,0,0,200,674.0
402887416984,1409,1,255,28,4,0x0,0,0,200,-13.0
402887434832,1410,1,255,28,4,0x0,0,0,200,1149.0
402887451643,1411,1,255,28,4,0x0,0,0,200,-1373.0
402887467544,1412,1,255,28,4,0x0,0,0,200,-685.0
402887484021,1413,1,255,28,4,0x0,0,0,200,-1398.0
402887500405,1414,1,255,28,4,0x0,0,0,200,754.0
402887517521,1415,1,255,28,4,0x0,0,0,200,-543.0
402887534349,1416,1,255,28,4,0x0,0,0,200,-359.0
402887550805,1417,1,255,28,4,0x0,0,0,200,-778.0
402887567239,1418,1,255,28,4,0x0,0,0,200,712.0
402887583856,1419,1,255,28,4,0x0,0,0,200,265.0
402887600834,1420,1,255,28,4,0x0,0,0,200,-892.0
402887617583,1421,1,255,28,4,0x0,0,0,200,336.0
402887633898,1422,1,255,28,4,0x0,0,0,200,310.0
402887650597,1423,1,255,28,4,0x0,0,0,200,276.0
402887667431,1424,1,255,28,4,0x0,0,0,200,-512.0
402887684053,1425,1,255,28,4,0x0,0,0,200,-867.0
402887700667,1426,1,255,28,4,0x0,0,0,200,357.0
402887717086,1427,1,255,28,4,0x0,0,0,200,-148.0
402887734183,1428,1,255,28,4,0x0,0,0,200,677.0
402887750753,1429,1,255,28,4,0x0,0,0,200,163.0
402887767722,1430,1,255,28,4,0x0,0,0,200,-605.0
402887783998,1431,1,255,28,4,0x0,0,0,200,924.0
402887800660,1432,1,255,28,4,0x0,0,0,200,254.0
402887817396,1433,1,255,28,4,0x0,0,0,200,-523.0
402887834191,1434,1,255,28,4,0x0,0,0,200,830.0
402887850701,1435,1,255,28,4,0x0,0,0,200,174.0
402887867528,1436,1,255,28,4,0x0,0,0,200,-693.0
402887884006,1437,1,255,28,4,0x0,0,0,200,105.0
402887900878,1438,1,255,28,4,0x0,0,0,200,-1002.0
402887917478,1439,1,255,28,4,0x0,0,0,200,380.0
402887934064,1440,1,255,28,4,0x0,0,0,200,-44.0
402887950774,1441,1,255,28,4,0x0,0,0,200,15.0
402887968050,1442,1,255,28,4,0x0,0,0,200,820.0
402887984237,1443,1,255,28,4,0x0,0,0,200,805.0
402888001488,1444,1,255,28,4,0x0,0,0,200,-666.0
402888017404,1445,1,255,28,4,0x0,0,0,200,-500.0
402888034244,1446,1,255,28,4,0x0,0,0,200,558.0
402888051123,1447,1,255,28,4,0x0,0,0,200,-4.0
402888067688,1448,1,255,28,4,0x0,0,0,200,209.0
402888084366,1449,1,255,28,4,0x0,0,0,200,-454.0
402888101336,1450,1,255,28,4,0x0,0,0,200,519.0
402888118244,1451,1,255,28,4,0x0,0,0,200,-340.0
402888134271,1452,1,255,28,4,0x0,0,0,200,-408.0
402888151256,1453,1,255,28,4,0x0,0,0,200,613.0
402888168074,1454,1,255,28,4,0x0,0,0,200,-259.0
402888184622,1455,1,255,28,4,0x0,0,0,200,-729.0
402888201056,1456,1,255,28,4,0x0,0,0,200,1040.0
402888218097,1457,1,255,28,4,0x0,0,0,200,-275.0
402888234727,1458,1,255,28,4,0x0,0,0,200,-668.0
402888251350,1459,1,255,28,4,0x0,0,0,200,490.0
402888268112,1460,1,255,28,4,0x0,0,0,200,-249.0
402888284856,1461,1,255,28,4,0x0,0,0,200,990.0
402888301607,1462,1,255,28,4,0x0,0,0,200,319.0
402888317783,1463,1,255,28,4,0x0,0,0,200,123.0
402888334727,1464,1,255,28,4,0x0,0,0,200,-857.0
402888351178,1465,1,255,29,4,0x0,0,0,200,861.0
402888369890,1466,1,255,29,4,0x0,0,0,200,-1336.0
402888384773,1467,1,255,29,4,0x0,0,0,200,189.0
402888401662,1468,1,255,29,4,0x0,0,0,200,-821.0
402888418005,1469,1,255,29,4,0x0,0,0,200,3.0
402888435104,1470,1,255,29,4,0x0,0,0,200,772.0
402888451457,1471,1,255,29,4,0x0,0,0,200,-1418.0
402888468430,1472,1,255,29,4,0x0,0,0,200,408.0
402888484801,1473,1,255,29,4,0x0,0,0,200,-582.0
402888501372,1474,1,255,29,4,0x0,0,0,200,623.0
402888518915,1475,1,255,29,4,0x0,0,0,200,-336.0
402888534935,1476,1,255,29,4,0x0,0,0,200,130.0
402888551717,1477,1,255,29,4,0x0,0,0,200,-880.0
402888568393,1478,1,255,29,4,0x0,0,0,200,475.0
402888584939,1479,1,255,29,4,0x0,0,0,200,18.0
402888601485,1480,1,255,29,4,0x0,0,0,200,-366.0
402888618295,1481,1,255,29,4,0x0,0,0,200,643.0
402888635001,1482,1,255,29,4,0x0,0,0,200,154.0
402890150474,1483,1,255,30,4,0x0,0,0,200,1461.0
402890169414,1484,1,255,30,4,0x0,0,0,200,-879.0
402890186714,1485,1,255,30,4,0x0,0,0,200,228.0
402890202880,1486,1,255,30,4,0x0,0,0,200,42.0
402890219798,1487,1,255,30,4,0x0,0,0,200,-706.0
402890236795,1488,1,255,30,4,0x0,0,0,200,459.0
402890253351,1489,1,255,30,4,0x0,0,0,200,540.0
402890269712,1490,1,255,30,4,0x0,0,0,200,186.0
402890286368,1491,1,255,30,4,0x0,0,0,200,-407.0
402890303144,1492,1,255,30,4,0x0,0,0,200,719.0
402890319899,1493,1,255,30,4,0x0,0,0,200,120.0
402890336889,1494,1,255,30,4,0x0,0,0,200,-913.0
402890353572,1495,1,255,30,4,0x0,0,0,200,288.0
402890370627,1496,1,255,31,4,0x0,0,0,200,292.0
402890386571,1497,1,255,31,4,0x0,0,0,200,368.0
402890403241,1498,1,255,31,4,0x0,0,0,200,-391.0
402890420243,1499,1,255,31,4,0x0,0,0,200,-310.0
402890436455,1500,1,255,31,4,0x0,0,0,200,465.0
402890453371,1501,1,255,31,4,0x0,0,0,200,-470.0
402890469931,1502,1,255,31,4,0x0,0,0,200,-892.0
402890488102,1503,1,255,31,4,0x0,0,0,200,738.0
402890503490,1504,1,255,31,4,0x0,0,0,200,-423.0
402890520157,1505,1,255,31,4,0x0,0,0,200,790.0
402890536550,1506,1,255,31,4,0x0,0,0,200,315.0
402890553708,1507,1,255,31,4,0x0,0,0,200,-689.0
402890570568,1508,1,255,31,4,0x0,0,0,200,1421.0
402890586574,1509,1,255,31,4,0x0,0,0,200,-658.0
402890603789,1510,1,255,31,4,0x0,0,0,200,274.0
402890620222,1511,1,255,31,4,0x0,0,0,200,-192.0
402890637082,1512,1,255,31,4,0x0,0,0,200,895.0
402890653257,1513,1,255,31,4,0x0,0,0,200,1040.0
402890670399,1514,1,255,31,4,0x0,0,0,200,497.0
402890686823,1515,1,255,31,4,0x0,0,0,200,126.0
402890703414,1516,1,255,31,4,0x0,0,0,200,-545.0
402890720360,1517,1,255,31,4,0x0,0,0,200,483.0
402890736877,1518,1,255,31,4,0x0,0,0,200,142.0
402890754271,1519,1,255,31,4,0x0,0,0,200,761.0
402890770308,1520,1,255,31,4,0x0,0,0,200,537.0
402890787065,1521,1,255,31,4,0x0,0,0,200,-111.0
402890803436,1522,1,255,31,4,0x0,0,0,200,-570.0
402890820303,1523,1,255,31,4,0x0,0,0,200,-1016.0
402890837210,1524,1,255,31,4,0x0,0,0,200,-156.0
402890853814,1525,1,255,31,4,0x0,0,0,200,174.0
402890870598,1526,1,255,31,4,0x0,0,0,200,-1085.0
402890887088,1527,1,255,31,4,0x0,0,0,200,858.0
402890903884,1528,1,255,31,4,0x0,0,0,200,1023.0
402890920284,1529,1,255,31,4,0x0,0,0,200,593.0
402890937040,1530,1,255,31,4,0x0,0,0,200,-176.0
402890953902,1531,1,255,31,4,0x0,0,0,200,-998.0
402890970761,1532,1,255,31,4,0x0,0,0,200,158.0
402890987151,1533,1,255,31,4,0x0,0,0,200,-222.0
402891003898,1534,1,255,31,4,0x0,0,0,200,188.0
402891020749,1535,1,255,31,4,0x0,0,0,200,-545.0
402891037196,1536,1,255,31,4,0x0,0,0,200,743.0
402891053991,1537,1,255,31,4,0x0,0,0,200,901.0
402891070769,1538,1,255,31,4,0x0,0,0,200,172.0
402891087262,1539,1,255,31,4,0x0,0,0,200,-404.0
402891103924,1540,1,255,31,4,0x0,0,0,200,-979.0
402891121241,1541,1,255,31,4,0x0,0,0,200,-367.0
402891137095,1542,1,255,31,4,0x0,0,0,200,-191.0
402891154186,1543,1,255,31,4,0x0,0,0,200,-260.0
402891170782,1544,1,255,31,4,0x0,0,0,200,-782.0
402891187504,1545,1,255,31,4,0x0,0,0,200,-444.0
402891203902,1546,1,255,31,4,0x0,0,0,200,957.0
402891220528,1547,1,255,31,4,0x0,0,0,200,385.0
402891237368,1548,1,255,31,4,0x0,0,0,200,648.0
402891254420,1549,1,255,31,4,0x0,0,0,200,-426.0
402891270854,1550,1,255,31,4,0x0,0,0,200,-584.0
402891287606,1551,1,255,31,4,0x0,0,0,200,-707.0
402891303939,1552,1,255,31,4,0x0,0,0,200,929.0
402891320803,1553,1,255,31,4,0x0,0,0,200,136.0
402891337666,1554,1,255,31,4,0x0,0,0,200,-376.0
402891354314,1555,1,255,31,4,0x0,0,0,200,-924.0
402891370900,1556,1,255,32,4,0x0,0,0,200,-983.0
402891387721,1557,1,255,32,4,0x0,0,0,200,-799.0
402891404197,1558,1,255,32,4,0x0,0,0,200,-236.0
402891420910,1559,1,255,32,4,0x0,0,0,200,-693.0
402891437575,1560,1,255,32,4,0x0,0,0,200,-463.0
402891454463,1561,1,255,32,4,0x0,0,0,200,1465.0
402891471061,1562,1,255,32,4,0x0,0,0,200,-722.0
402891487855,1563,1,255,32,4,0x0,0,0,200,41.0
402891504108,1564,1,255,32,4,0x0,0,0,200,-235.0
402891520901,1565,1,255,32,4,0x0,0,0,200,-940.0
402891537702,1566,1,255,32,4,0x0,0,0,200,340.0
402891554329,1567,1,255,32,4,0x0,0,0,200,-460.0
402891570964,1568,1,255,32,4,0x0,0,0,200,996.0
402891587902,1569,1,255,32,4,0x0,0,0,200,-43.0
402891604326,1570,1,255,32,4,0x0,0,0,200,-377.0
402891621127,1571,1,255,32,4,0x0,0,0,200,-1112.0
402891637868,1572,1,255,32,4,0x0,0,0,200,-733.0
402891654443,1573,1,255,32,4,0x0,0,0,200,444.0
402891671108,1574,1,255,32,4,0x0,0,0,200,-136.0
402891687780,1575,1,255,32,4,0x0,0,0,200,-866.0
402891704305,1576,1,255,32,4,0x0,0,0,200,610.0
402891721411,1577,1,255,32,4,0x0,0,0,200,-490.0
402891737791,1578,1,255,32,4,0x0,0,0,200,-893.0
402891754515,1579,1,255,32,4,0x0,0,0,200,362.0
402891771859,1580,1,255,32,4,0x0,0,0,200,-849.0
402891788034,1581,1,255,32,4,0x0,0,0,200,877.0
402891804771,1582,1,255,32,4,0x0,0,0,200,124.0
402891821291,1583,1,255,32,4,0x0,0,0,200,-288.0
402891838120,1584,1,255,32,4,0x0,0,0,200,-138.0
402891855033,1585,1,255,32,4,0x0,0,0,200,-605.0
402891871761,1586,1,255,32,4,0x0,0,0,200,1188.0
402891887900,1587,1,255,32,4,0x0,0,0,200,26.0
402891904778,1588,1,255,32,4,0x0,0,0,200,-764.0
402891922395,1589,1,255,32,4,0x0,0,0,200,-394.0
402891938244,1590,1,255,32,4,0x0,0,0,200,-208.0
402891954840,1591,1,255,32,4,0x0,0,0,200,43.0
402891971794,1592,1,255,32,4,0x0,0,0,200,-911.0
402891988151,1593,1,255,32,4,0x0,0,0,200,1102.0
402892005108,1594,1,255,32,4,0x0,0,0,200,-664.0
402892021564,1595,1,255,32,4,0x0,0,0,200,-556.0
402892038066,1596,1,255,32,4,0x0,0,0,200,-57.0
402892054737,1597,1,255,32,4,0x0,0,0,200,-882.0
402892072762,1598,1,255,32,4,0x0,0,0,200,-312.0
402892088170,1599,1,255,32,4,0x0,0,0,200,723.0
402892104976,1600,1,255,32,4,0x0,0,0,200,-1.0
402892121698,1601,1,255,32,4,0x0,0,0,200,-815.0
402892138165,1602,1,255,32,4,0x0,0,0,200,1066.0
402892155382,1603,1,255,32,4,0x0,0,0,200,-417.0
402892174208,1604,1,255,32,4,0x0,0,0,200,-748.0
402892188432,1605,1,255,32,4,0x0,0,0,200,675.0
402892205000,1606,1,255,32,4,0x0,0,0,200,45.0
402892221866,1607,1,255,32,4,0x0,0,0,200,-924.0
402892238279,1608,1,255,32,4,0x0,0,0,200,691.0
402892255007,1609,1,255,32,4,0x0,0,0,200,-81.0
402892272005,1610,1,255,32,4,0x0,0,0,200,946.0
402892288396,1611,1,255,32,4,0x0,0,0,200,485.0
402892305811,1612,1,255,32,4,0x0,0,0,200,282.0
402892322009,1613,1,255,32,4,0x0,0,0,200,20.0
402892338389,1614,1,255,32,4,0x0,0,0,200,-415.0
402892355098,1615,1,255,32,4,0x0,0,0,200,797.0
402892371971,1616,1,255,33,4,0x0,0,0,200,154.0
402892388406,1617,1,255,33,4,0x0,0,0,200,-429.0
402892405529,1618,1,255,33,4,0x0,0,0,200,-310.0
402892421817,1619,1,255,33,4,0x0,0,0,200,-930.0
402892438766,1620,1,255,33,4,0x0,0,0,200,-804.0
402892455173,1621,1,255,33,4,0x0,0,0,200,-226.0
402892471959,1622,1,255,33,4,0x0,0,0,200,-18.0
402892488520,1623,1,255,33,4,0x0,0,0,200,-313.0
402892505144,1624,1,255,33,4,0x0,0,0,200,-257.0
402892522115,1625,1,255,33,4,0x0,0,0,200,797.0
402892539161,1626,1,255,33,4,0x0,0,0,200,743.0
402892555366,1627,1,255,33,4,0x0,0,0,200,546.0
402892572063,1628,1,255,33,4,0x0,0,0,200,-76.0
402892588547,1629,1,255,33,4,0x0,0,0,200,-676.0
402892605374,1630,1,255,33,4,0x0,0,0,200,716.0
402892621845,1631,1,255,33,4,0x0,0,0,200,24.0
402892638738,1632,1,255,33,4,0x0,0,0,200,-698.0
402892655617,1633,1,255,33,4,0x0,0,0,200,-719.0
402892672521,1634,1,255,33,4,0x0,0,0,200,368.0
402892688740,1635,1,255,33,4,0x0,0,0,200,218.0
402892705397,1636,1,255,33,4,0x0,0,0,200,464.0
402892722088,1637,1,255,33,4,0x0,0,0,200,843.0
402892739223,1638,1,255,33,4,0x0,0,0,200,293.0
402892755525,1639,1,255,33,4,0x0,0,0,200,371.0
402892772555,1640,1,255,33,4,0x0,0,0,200,383.0
402892789073,1641,1,255,33,4,0x0,0,0,200,-169.0
402892805448,1642,1,255,33,4,0x0,0,0,200,-457.0
402892822901,1643,1,255,33,4,0x0,0,0,200,136.0
402892840313,1644,1,255,33,4,0x0,0,0,200,661.0
402892855743,1645,1,255,33,4,0x0,0,0,200,-791.0
402892873098,1646,1,255,33,4,0x0,0,0,200,828.0
402892888866,1647,1,255,33,4,0x0,0,0,200,465.0
402892905864,1648,1,255,33,4,0x0,0,0,200,247.0
402892922375,1649,1,255,33,4,0x0,0,0,200,566.0
402892939008,1650,1,255,33,4,0x0,0,0,200,-71.0
402892955797,1651,1,255,33,4,0x0,0,0,200,-812.0
402892972383,1652,1,255,33,4,0x0,0,0,200,452.0
402892989147,1653,1,255,33,4,0x0,0,0,200,-191.0
402893005806,1654,1,255,33,4,0x0,0,0,200,227.0
402893022373,1655,1,255,33,4,0x0,0,0,200,-497.0
402893039580,1656,1,255,33,4,0x0,0,0,200,458.0
402893055914,1657,1,255,33,4,0x0,0,0,200,94.0
402893072481,1658,1,255,33,4,0x0,0,0,200,395.0
402893089064,1659,1,255,33,4,0x0,0,0,200,-144.0
402893107026,1660,1,255,33,4,0x0,0,0,200,1000.0
402893122912,1661,1,255,33,4,0x0,0,0,200,-783.0
402893139175,1662,1,255,33,4,0x0,0,0,200,-714.0
402893155782,1663,1,255,33,4,0x0,0,0,200,119.0
402893172790,1664,1,255,33,4,0x0,0,0,200,162.0
402893189344,1665,1,255,33,4,0x0,0,0,200,-501.0
402893206119,1666,1,255,33,4,0x0,0,0,200,-213.0
402893222665,1667,1,255,33,4,0x0,0,0,200,230.0
402893239275,1668,1,255,33,4,0x0,0,0,200,671.0
402893256135,1669,1,255,33,4,0x0,0,0,200,-252.0
402893273004,1670,1,255,33,4,0x0,0,0,200,-130.0
402893289551,1671,1,255,33,4,0x0,0,0,200,-433.0
402893306174,1672,1,255,33,4,0x0,0,0,200,-284.0
402893322687,1673,1,255,33,4,0x0,0,0,200,-695.0
402893340098,1674,1,255,33,4,0x0,0,0,200,-172.0
402893356091,1675,1,255,33,4,0x0,0,0,200,131.0
402893372960,1676,1,255,34,4,0x0,0,0,200,926.0
402893389735,1677,1,255,34,4,0x0,0,0,200,170.0
402893406043,1678,1,255,34,4,0x0,0,0,200,-179.0
402893422950,1679,1,255,34,4,0x0,0,0,200,68.0
402893439681,1680,1,255,34,4,0x0,0,0,200,-667.0
402893456664,1681,1,255,34,4,0x0,0,0,200,-592.0
402893472994,1682,1,255,34,4,0x0,0,0,200,-896.0
402893489806,1683,1,255,34,4,0x0,0,0,200,227.0
402893506260,1684,1,255,34,4,0x0,0,0,200,-346.0
402893522927,1685,1,255,34,4,0x0,0,0,200,929.0
402893539814,1686,1,255,34,4,0x0,0,0,200,113.0
402893556434,1687,1,255,34,4,0x0,0,0,200,-569.0
402893573194,1688,1,255,34,4,0x0,0,0,200,699.0
402893589691,1689,1,255,34,4,0x0,0,0,200,-628.0
402893606485,1690,1,255,34,4,0x0,0,0,200,481.0
402893622954,1691,1,255,34,4,0x0,0,0,200,-60.0
402893639909,1692,1,255,34,4,0x0,0,0,200,-460.0
402893656415,1693,1,255,34,4,0x0,0,0,200,548.0
402893673283,1694,1,255,34,4,0x0,0,0,200,750.0
402893689741,1695,1,255,34,4,0x0,0,0,200,241.0
402893706436,1696,1,255,34,4,0x0,0,0,200,-491.0
402893723730,1697,1,255,34,4,0x0,0,0,200,-673.0
402893739781,1698,1,255,34,4,0x0,0,0,200,-891.0
402893756405,1699,1,255,34,4,0x0,0,0,200,543.0
402893773092,1700,1,255,34,4,0x0,0,0,200,-145.0
402893790632,1701,1,255,34,4,0x0,0,0,200,-1137.0
402893806647,1702,1,255,34,4,0x0,0,0,200,-566.0
402893823654,1703,1,255,34,4,0x0,0,0,200,306.0
402893839927,1704,1,255,34,4,0x0,0,0,200,-13.0
402893856732,1705,1,255,34,4,0x0,0,0,200,-841.0
402893874162,1706,1,255,34,4,0x0,0,0,200,734.0
402893889893,1707,1,255,34,4,0x0,0,0,200,-877.0
402893906717,1708,1,255,34,4,0x0,0,0,200,161.0
402893923507,1709,1,255,34,4,0x0,0,0,200,461.0
402893940021,1710,1,255,34,4,0x0,0,0,200,-142.0
402893956653,1711,1,255,34,4,0x0,0,0,200,-793.0
402893973629,1712,1,255,34,4,0x0,0,0,200,285.0
402893990215,1713,1,255,34,4,0x0,0,0,200,711.0
402894006845,1714,1,255,34,4,0x0,0,0,200,394.0
402894023575,1715,1,255,34,4,0x0,0,0,200,321.0
402894040116,1716,1,255,34,4,0x0,0,0,200,-98.0
402894056777,1717,1,255,34,4,0x0,0,0,200,-787.0
402894073454,1718,1,255,34,4,0x0,0,0,200,723.0
402894090194,1719,1,255,34,4,0x0,0,0,200,-245.0
402894106971,1720,1,255,34,4,0x0,0,0,200,-108.0
402894123536,1721,1,255,34,4,0x0,0,0,200,-669.0
402894140545,1722,1,255,34,4,0x0,0,0,200,-563.0
402894157079,1723,1,255,34,4,0x0,0,0,200,-119.0
402894173755,1724,1,255,34,4,0x0,0,0,200,173.0
402894190429,1725,1,255,34,4,0x0,0,0,200,456.0
402894207099,1726,1,255,34,4,0x0,0,0,200,-232.0
402894223696,1727,1,255,34,4,0x0,0,0,200,-811.0
402894240588,1728,1,255,34,4,0x0,0,0,200,344.0
402894256999,1729,1,255,34,4,0x0,0,0,200,-142.0
402894273867,1730,1,255,34,4,0x0,0,0,200,-924.0
402894290532,1731,1,255,34,4,0x0,0,0,200,509.0
402894307005,1732,1,255,34,4,0x0,0,0,200,-49.0
402894323781,1733,1,255,34,4,0x0,0,0,200,-730.0
402894340259,1734,1,255,34,4,0x0,0,0,200,673.0
402894357643,1735,1,255,34,4,0x0,0,0,200,-502.0
402894373909,1736,1,255,35,4,0x0,0,0,200,-536.0
402894390677,1737,1,255,35,4,0x0,0,0,200,232.0
402894407181,1738,1,255,35,4,0x0,0,0,200,820.0
402894423720,1739,1,255,35,4,0x0,0,0,200,136.0
402894440482,1740,1,255,35,4,0x0,0,0,200,382.0
402894457569,1741,1,255,35,4,0x0,0,0,200,-585.0
402894473918,1742,1,255,35,4,0x0,0,0,200,-971.0
402894490513,1743,1,255,35,4,0x0,0,0,200,-521.0
402894507508,1744,1,255,35,4,0x0,0,0,200,-579.0
402894523832,1745,1,255,35,4,0x0,0,0,200,39.0
402894540665,1746,1,255,35,4,0x0,0,0,200,-681.0
402894557407,1747,1,255,35,4,0x0,0,0,200,435.0
402894574087,1748,1,255,35,4,0x0,0,0,200,-198.0
402894590620,1749,1,255,35,4,0x0,0,0,200,349.0
402894607940,1750,1,255,35,4,0x0,0,0,200,-810.0
402894624292,1751,1,255,35,4,0x0,0,0,200,617.0
402894640518,1752,1,255,35,4,0x0,0,0,200,385.0
402894657359,1753,1,255,35,4,0x0,0,0,200,551.0
402894674192,1754,1,255,35,4,0x0,0,0,200,-332.0
402894690932,1755,1,255,35,4,0x0,0,0,200,-832.0
402894707668,1756,1,255,35,4,0x0,0,0,200,606.0
402894724109,1757,1,255,35,4,0x0,0,0,200,-45.0
402894740797,1758,1,255,35,4,0x0,0,0,200,-764.0
402894757509,1759,1,255,35,4,0x0,0,0,200,-421.0
402894774392,1760,1,255,35,4,0x0,0,0,200,-350.0
402894791119,1761,1,255,35,4,0x0,0,0,200,-184.0
402894807561,1762,1,255,35,4,0x0,0,0,200,-726.0
402894824126,1763,1,255,35,4,0x0,0,0,200,-224.0
402894840894,1764,1,255,35,4,0x0,0,0,200,-871.0
402894857725,1765,1,255,35,4,0x0,0,0,200,1229.0
402894874716,1766,1,255,35,4,0x0,0,0,200,-549.0
402894890886,1767,1,255,35,4,0x0,0,0,200,-965.0
402894907802,1768,1,255,35,4,0x0,0,0,200,149.0
402894924259,1769,1,255,35,4,0x0,0,0,200,621.0
402894940836,1770,1,255,35,4,0x0,0,0,200,-899.0
402894957727,1771,1,255,35,4,0x0,0,0,200,234.0
402894974601,1772,1,255,35,4,0x0,0,0,200,-404.0
402894990991,1773,1,255,35,4,0x0,0,0,200,-1042.0
402895007814,1774,1,255,35,4,0x0,0,0,200,146.0
402895024555,1775,1,255,35,4,0x0,0,0,200,-418.0
402895041090,1776,1,255,35,4,0x0,0,0,200,976.0
402895057756,1777,1,255,35,4,0x0,0,0,200,213.0
402895074425,1778,1,255,35,4,0x0,0,0,200,-388.0
402895091211,1779,1,255,35,4,0x0,0,0,200,643.0
402895107669,1780,1,255,35,4,0x0,0,0,200,585.0
402895124735,1781,1,255,35,4,0x0,0,0,200,-823.0
402895141050,1782,1,255,35,4,0x0,0,0,200,903.0
402895158827,1783,1,255,35,4,0x0,0,0,200,-374.0
402895174751,1784,1,255,35,4,0x0,0,0,200,-776.0
402895191541,1785,1,255,35,4,0x0,0,0,200,740.0
402895208458,1786,1,255,35,4,0x0,0,0,200,-473.0
402895224716,1787,1,255,35,4,0x0,0,0,200,134.0
402895241166,1788,1,255,35,4,0x0,0,0,200,-221.0
402895257992,1789,1,255,35,4,0x0,0,0,200,-82.0
402895275328,1790,1,255,35,4,0x0,0,0,200,144.0
402895291469,1791,1,255,35,4,0x0,0,0,200,-1017.0
402895308463,1792,1,255,35,4,0x0,0,0,200,616.0
402895324729,1793,1,255,35,4,0x0,0,0,200,199.0
402895341783,1794,1,255,35,4,0x0,0,0,200,-556.0
402895358121,1795,1,255,35,4,0x0,0,0,200,-136.0
402895374835,1796,1,255,35,4,0x0,0,0,200,-581.0
402895392242,1797,1,255,36,4,0x0,0,0,200,-20.0
402895408469,1798,1,255,36,4,0x0,0,0,200,-470.0
402895425154,1799,1,255,36,4,0x0,0,0,200,-1048.0
402895441925,1800,1,255,36,4,0x0,0,0,200,176.0
402895458188,1801,1,255,36,4,0x0,0,0,200,-304.0
402895474975,1802,1,255,36,4,0x0,0,0,200,-62.0
402895491403,1803,1,255,36,4,0x0,0,0,200,-519.0
402895508426,1804,1,255,36,4,0x0,0,0,200,492.0
402895525020,1805,1,255,36,4,0x0,0,0,200,266.0
402895541468,1806,1,255,36,4,0x0,0,0,200,-359.0
402895558223,1807,1,255,36,4,0x0,0,0,200,-1337.0
402895575072,1808,1,255,36,4,0x0,0,0,200,897.0
402895591571,1809,1,255,36,4,0x0,0,0,200,495.0
402895608482,1810,1,255,36,4,0x0,0,0,200,-404.0
402895625001,1811,1,255,36,4,0x0,0,0,200,-538.0
402895642033,1812,1,255,36,4,0x0,0,0,200,907.0
402895658576,1813,1,255,36,4,0x0,0,0,200,369.0
402895675047,1814,1,255,36,4,0x0,0,0,200,822.0
402895691922,1815,1,255,36,4,0x0,0,0,200,1280.0
402895708493,1816,1,255,36,4,0x0,0,0,200,427.0
402895725064,1817,1,255,36,4,0x0,0,0,200,-194.0
402895741855,1818,1,255,36,4,0x0,0,0,200,284.0
402895758506,1819,1,255,36,4,0x0,0,0,200,440.0
402895775487,1820,1,255,36,4,0x0,0,0,200,-592.0
402895791827,1821,1,255,36,4,0x0,0,0,200,277.0
402895808494,1822,1,255,36,4,0x0,0,0,200,480.0
402895825721,1823,1,255,36,4,0x0,0,0,200,-676.0
402895842259,1824,1,255,36,4,0x0,0,0,200,-121.0
402895858769,1825,1,255,36,4,0x0,0,0,200,528.0
402895875820,1826,1,255,36,4,0x0,0,0,200,-979.0
402895892117,1827,1,255,36,4,0x0,0,0,200,-180.0
402895908748,1828,1,255,36,4,0x0,0,0,200,170.0
402895925318,1829,1,255,36,4,0x0,0,0,200,-470.0
402895942116,1830,1,255,36,4,0x0,0,0,200,784.0
402895959065,1831,1,255,36,4,0x0,0,0,200,-793.0
402895975413,1832,1,255,36,4,0x0,0,0,200,556.0
402895992565,1833,1,255,36,4,0x0,0,0,200,-374.0
402896008807,1834,1,255,36,4,0x0,0,0,200,163.0
402896025453,1835,1,255,36,4,0x0,0,0,200,-449.0
402896042145,1836,1,255,36,4,0x0,0,0,200,723.0
402896058819,1837,1,255,36,4,0x0,0,0,200,123.0
402896075552,1838,1,255,36,4,0x0,0,0,200,424.0
402896092263,1839,1,255,36,4,0x0,0,0,200,131.0
402896109021,1840,1,255,36,4,0x0,0,0,200,-122.0
402896125657,1841,1,255,36,4,0x0,0,0,200,-771.0
402896142218,1842,1,255,36,4,0x0,0,0,200,685.0
402896159100,1843,1,255,36,4,0x0,0,0,200,-217.0
402896175861,1844,1,255,36,4,0x0,0,0,200,-801.0
402896192802,1845,1,255,36,4,0x0,0,0,200,-666.0
402896208884,1846,1,255,36,4,0x0,0,0,200,-866.0
402896225405,1847,1,255,36,4,0x0,0,0,200,457.0
402896242736,1848,1,255,36,4,0x0,0,0,200,-511.0
402896259121,1849,1,255,36,4,0x0,0,0,200,870.0
402896275632,1850,1,255,36,4,0x0,0,0,200,328.0
402896292546,1851,1,255,36,4,0x0,0,0,200,420.0
402896309190,1852,1,255,36,4,0x0,0,0,200,-302.0
402896325894,1853,1,255,36,4,0x0,0,0,200,239.0
402896342692,1854,1,255,36,4,0x0,0,0,200,-514.0
402896359166,1855,1,255,36,4,0x0,0,0,200,778.0
402896376179,1856,1,255,36,4,0x0,0,0,200,1012.0
402896392467,1857,1,255,37,4,0x0,0,0,200,-525.0
402896409273,1858,1,255,37,4,0x0,0,0,200,1243.0
402896425901,1859,1,255,37,4,0x0,0,0,200,248.0
402896442446,1860,1,255,37,4,0x0,0,0,200,497.0
402896459584,1861,1,255,37,4,0x0,0,0,200,-543.0
402896476035,1862,1,255,37,4,0x0,0,0,200,-525.0
402896492464,1863,1,255,37,4,0x0,0,0,200,401.0
402896509247,1864,1,255,37,4,0x0,0,0,200,917.0
402896526788,1865,1,255,37,4,0x0,0,0,200,659.0
402896542806,1866,1,255,37,4,0x0,0,0,200,-792.0
402896559377,1867,1,255,37,4,0x0,0,0,200,649.0
402896576374,1868,1,255,37,4,0x0,0,0,200,-386.0
402896592960,1869,1,255,37,4,0x0,0,0,200,-690.0
402896609553,1870,1,255,37,4,0x0,0,0,200,-609.0
402896626073,1871,1,255,37,4,0x0,0,0,200,821.0
402896642767,1872,1,255,37,4,0x0,0,0,200,-769.0
402896659345,1873,1,255,37,4,0x0,0,0,200,572.0
402896676513,1874,1,255,37,4,0x0,0,0,200,-592.0
402896692675,1875,1,255,37,4,0x0,0,0,200,-664.0
402896709494,1876,1,255,37,4,0x0,0,0,200,457.0
402896726222,1877,1,255,37,4,0x0,0,0,200,-321.0
402896742786,1878,1,255,37,4,0x0,0,0,200,-904.0
402896759928,1879,1,255,37,4,0x0,0,0,200,259.0
402896776154,1880,1,255,37,4,0x0,0,0,200,872.0
402896792657,1881,1,255,37,4,0x0,0,0,200,-472.0
402896809661,1882,1,255,37,4,0x0,0,0,200,-794.0
402896826162,1883,1,255,37,4,0x0,0,0,200,-287.0
402896843299,1884,1,255,37,4,0x0,0,0,200,-64.0
402896859763,1885,1,255,37,4,0x0,0,0,200,-780.0
402896876898,1886,1,255,37,4,0x0,0,0,200,-378.0
402896893012,1887,1,255,37,4,0x0,0,0,200,-108.0
402896909901,1888,1,255,37,4,0x0,0,0,200,-1013.0
402896926843,1889,1,255,37,4,0x0,0,0,200,184.0
402896942986,1890,1,255,37,4,0x0,0,0,200,-82.0
402896959854,1891,1,255,37,4,0x0,0,0,200,-980.0
402896977142,1892,1,255,37,4,0x0,0,0,200,146.0
402896992982,1893,1,255,37,4,0x0,0,0,200,151.0
402897009936,1894,1,255,37,4,0x0,0,0,200,993.0
402897026387,1895,1,255,37,4,0x0,0,0,200,622.0
402897043242,1896,1,255,37,4,0x0,0,0,200,-234.0
402897060064,1897,1,255,37,4,0x0,0,0,200,-577.0
402897076693,1898,1,255,37,4,0x0,0,0,200,-594.0
402897092965,1899,1,255,37,4,0x0,0,0,200,24.0
402897109803,1900,1,255,37,4,0x0,0,0,200,519.0
402897126713,1901,1,255,37,4,0x0,0,0,200,-775.0
402897143232,1902,1,255,37,4,0x0,0,0,200,-1041.0
402897160033,1903,1,255,37,4,0x0,0,0,200,873.0
402897176487,1904,1,255,37,4,0x0,0,0,200,371.0
402897193323,1905,1,255,37,4,0x0,0,0,200,-374.0
402897210890,1906,1,255,37,4,0x0,0,0,200,-642.0
402897226741,1907,1,255,37,4,0x0,0,0,200,-627.0
402897243390,1908,1,255,37,4,0x0,0,0,200,723.0
402897260091,1909,1,255,37,4,0x0,0,0,200,-18.0
402897276593,1910,1,255,37,4,0x0,0,0,200,366.0
402897293106,1911,1,255,37,4,0x0,0,0,200,-235.0
402897310344,1912,1,255,37,4,0x0,0,0,200,-295.0
402897327313,1913,1,255,37,4,0x0,0,0,200,820.0
402897343452,1914,1,255,37,4,0x0,0,0,200,-370.0
402897360252,1915,1,255,37,4,0x0,0,0,200,-1045.0
402897376865,1916,1,255,37,4,0x0,0,0,200,-360.0
402897393234,1917,1,255,38,4,0x0,0,0,200,746.0
402897410048,1918,1,255,38,4,0x0,0,0,200,-124.0
402897427072,1919,1,255,38,4,0x0,0,0,200,-167.0
402897443517,1920,1,255,38,4,0x0,0,0,200,383.0
402897460255,1921,1,255,38,4,0x0,0,0,200,-323.0
402897476861,1922,1,255,38,4,0x0,0,0,200,-949.0
402897493549,1923,1,255,38,4,0x0,0,0,200,-583.0
402897510167,1924,1,255,38,4,0x0,0,0,200,842.0
402897526924,1925,1,255,38,4,0x0,0,0,200,-29.0
402897543670,1926,1,255,38,4,0x0,0,0,200,-750.0
402897560206,1927,1,255,38,4,0x0,0,0,200,757.0
402897577376,1928,1,255,38,4,0x0,0,0,200,-342.0
402897593550,1929,1,255,38,4,0x0,0,0,200,-442.0
402897610417,1930,1,255,38,4,0x0,0,0,200,500.0
402897626904,1931,1,255,38,4,0x0,0,0,200,-13.0
402897643727,1932,1,255,38,4,0x0,0,0,200,-811.0
402897660558,1933,1,255,38,4,0x0,0,0,200,293.0
402897677157,1934,1,255,38,4,0x0,0,0,200,-126.0
402897693864,1935,1,255,38,4,0x0,0,0,200,-803.0
402897710308,1936,1,255,38,4,0x0,0,0,200,535.0
402897727106,1937,1,255,38,4,0x0,0,0,200,-161.0
402897743924,1938,1,255,38,4,0x0,0,0,200,-802.0
402897760363,1939,1,255,38,4,0x0,0,0,200,470.0
402897777071,1940,1,255,38,4,0x0,0,0,200,-178.0
402897794166,1941,1,255,38,4,0x0,0,0,200,821.0
402897810405,1942,1,255,38,4,0x0,0,0,200,-819.0
402897827244,1943,1,255,38,4,0x0,0,0,200,-426.0
402897843937,1944,1,255,38,4,0x0,0,0,200,172.0
402897860488,1945,1,255,38,4,0x0,0,0,200,-473.0
402897877705,1946,1,255,38,4,0x0,0,0,200,-1059.0
402897893733,1947,1,255,38,4,0x0,0,0,200,-509.0
402897910678,1948,1,255,38,4,0x0,0,0,200,569.0
402897927260,1949,1,255,38,4,0x0,0,0,200,-224.0
402897944286,1950,1,255,38,4,0x0,0,0,200,-200.0
402897960666,1951,1,255,38,4,0x0,0,0,200,-584.0
402897977316,1952,1,255,38,4,0x0,0,0,200,-1237.0
402897994063,1953,1,255,38,4,0x0,0,0,200,-888.0
402898011499,1954,1,255,38,4,0x0,0,0,200,227.0
402898027922,1955,1,255,38,4,0x0,0,0,200,-476.0
402898044224,1956,1,255,38,4,0x0,0,0,200,-92.0
402898060894,1957,1,255,38,4,0x0,0,0,200,-862.0
402898077768,1958,1,255,38,4,0x0,0,0,200,-651.0
402898094145,1959,1,255,38,4,0x0,0,0,200,-735.0
402898110685,1960,1,255,38,4,0x0,0,0,200,536.0
402898127440,1961,1,255,38,4,0x0,0,0,200,-400.0
402898144016,1962,1,255,38,4,0x0,0,0,200,-919.0
402898160930,1963,1,255,38,4,0x0,0,0,200,473.0
402898177581,1964,1,255,38,4,0x0,0,0,200,-507.0
402898194245,1965,1,255,38,4,0x0,0,0,200,839.0
402898211562,1966,1,255,38,4,0x0,0,0,200,917.0
402898227499,1967,1,255,38,4,0x0,0,0,200,609.0
402898244243,1968,1,255,38,4,0x0,0,0,200,1091.0
402898261142,1969,1,255,38,4,0x0,0,0,200,-907.0
402898278005,1970,1,255,38,4,0x0,0,0,200,1236.0
402898294407,1971,1,255,38,4,0x0,0,0,200,-313.0
402898310974,1972,1,255,38,4,0x0,0,0,200,-868.0
402898327978,1973,1,255,38,4,0x0,0,0,200,-646.0
402898344511,1974,1,255,38,4,0x0,0,0,200,702.0
402898361430,1975,1,255,38,4,0x0,0,0,200,-233.0
402898378034,1976,1,255,38,4,0x0,0,0,200,190.0
402898394809,1977,1,255,39,4,0x0,0,0,200,-632.0
402898411288,1978,1,255,39,4,0x0,0,0,200,793.0
402898427950,1979,1,255,39,4,0x0,0,0,200,-436.0
402898444532,1980,1,255,39,4,0x0,0,0,200,559.0
402898461380,1981,1,255,39,4,0x0,0,0,200,-227.0
402898478030,1982,1,255,39,4,0x0,0,0,200,-923.0
402898494755,1983,1,255,39,4,0x0,0,0,200,-1117.0
402898511531,1984,1,255,39,4,0x0,0,0,200,-936.0
402898527761,1985,1,255,39,4,0x0,0,0,200,-679.0
402898544761,1986,1,255,39,4,0x0,0,0,200,414.0
402898561401,1987,1,255,39,4,0x0,0,0,200,-216.0
402898577998,1988,1,255,39,4,0x0,0,0,200,129.0
402898595069,1989,1,255,39,4,0x0,0,0,200,-954.0
402898611324,1990,1,255,39,4,0x0,0,0,200,-175.0
402898628700,1991,1,255,39,4,0x0,0,0,200,-514.0
402898644715,1992,1,255,39,4,0x0,0,0,200,358.0
402898661474,1993,1,255,39,4,0x0,0,0,200,655.0
402898677999,1994,1,255,39,4,0x0,0,0,200,125.0
402898695823,1995,1,255,39,4,0x0,0,0,200,1326.0
402898711390,1996,1,255,39,4,0x0,0,0,200,714.0
402898728070,1997,1,255,39,4,0x0,0,0,200,22.0
402898745557,1998,1,255,39,4,0x0,0,0,200,-495.0
402898761788,1999,1,255,39,4,0x0,0,0,200,329.0
402898778097,2000,1,255,39,4,0x0,0,0,200,-66.0
402898794694,2001,1,255,39,4,0x0,0,0,200,312.0
402898811565,2002,1,255,39,4,0x0,0,0,200,-485.0
402898828253,2003,1,255,39,4,0x0,0,0,200,-595.0
402898845178,2004,1,255,39,4,0x0,0,0,200,-165.0
402898861593,2005,1,255,39,4,0x0,0,0,200,955.0
402898878323,2006,1,255,39,4,0x0,0,0,200,893.0
402898895074,2007,1,255,39,4,0x0,0,0,200,-30.0
402898912664,2008,1,255,39,4,0x0,0,0,200,-1120.0
402898928528,2009,1,255,39,4,0x0,0,0,200,557.0
402898945091,2010,1,255,39,4,0x0,0,0,200,-9.0
402898961475,2011,1,255,39,4,0x0,0,0,200,641.0
402898978494,2012,1,255,39,4,0x0,0,0,200,-238.0
402898994933,2013,1,255,39,4,0x0,0,0,200,-592.0
402899011668,2014,1,255,39,4,0x0,0,0,200,-464.0
402899028595,2015,1,255,39,4,0x0,0,0,200,-1367.0
402899045128,2016,1,255,39,4,0x0,0,0,200,-92.0
402899062095,2017,1,255,39,4,0x0,0,0,200,-14.0
402899078630,2018,1,255,39,4,0x0,0,0,200,-396.0
402899095018,2019,1,255,39,4,0x0,0,0,200,-560.0
402899112010,2020,1,255,39,4,0x0,0,0,200,135.0
402899128755,2021,1,255,39,4,0x0,0,0,200,-191.0
402899145617,2022,1,255,39,4,0x0,0,0,200,-1124.0
402899162148,2023,1,255,39,4,0x0,0,0,200,-32.0
402899178778,2024,1,255,39,4,0x0,0,0,200,-620.0
402899195323,2025,1,255,39,4,0x0,0,0,200,-260.0
402899211726,2026,1,255,39,4,0x0,0,0,200,515.0
402899228631,2027,1,255,39,4,0x0,0,0,200,459.0
402899245233,2028,1,255,39,4,0x0,0,0,200,958.0
402899261768,2029,1,255,39,4,0x0,0,0,200,-681.0
402899279121,2030,1,255,39,4,0x0,0,0,200,-989.0
402899295546,2031,1,255,39,4,0x0,0,0,200,481.0
402899312069,2032,1,255,39,4,0x0,0,0,200,119.0
402899328633,2033,1,255,39,4,0x0,0,0,200,412.0
402899345316,2034,1,255,39,4,0x0,0,0,200,-305.0
402899362228,2035,1,255,39,4,0x0,0,0,200,818.0
402899379493,2036,1,255,39,4,0x0,0,0,200,-675.0
402899395326,2037,1,255,39,4,0x0,0,0,200,762.0
402899412031,2038,1,255,40,4,0x0,0,0,200,48.0
402899428610,2039,1,255,40,4,0x0,0,0,200,-578.0
402899445477,2040,1,255,40,4,0x0,0,0,200,567.0
402899462161,2041,1,255,40,4,0x0,0,0,200,-95.0
402899478902,2042,1,255,40,4,0x0,0,0,200,-525.0
402899495903,2043,1,255,40,4,0x0,0,0,200,172.0
402899512571,2044,1,255,40,4,0x0,0,0,200,-427.0
402899529160,2045,1,255,40,4,0x0,0,0,200,167.0
402899545661,2046,1,255,40,4,0x0,0,0,200,-654.0
402899562493,2047,1,255,40,4,0x0,0,0,200,-304.0
402899579361,2048,1,255,40,4,0x0,0,0,200,634.0
402899595815,2049,1,255,40,4,0x0,0,0,200,362.0
402899612419,2050,1,255,40,4,0x0,0,0,200,-88.0
402899628931,2051,1,255,40,4,0x0,0,0,200,139.0
402899645880,2052,1,255,40,4,0x0,0,0,200,-817.0
402899662605,2053,1,255,40,4,0x0,0,0,200,-497.0
402899679065,2054,1,255,40,4,0x0,0,0,200,-951.0
402899695856,2055,1,255,40,4,0x0,0,0,200,185.0
402899712348,2056,1,255,40,4,0x0,0,0,200,-173.0
402899728908,2057,1,255,40,4,0x0,0,0,200,252.0
402899745776,2058,1,255,40,4,0x0,0,0,200,-613.0
402899762452,2059,1,255,40,4,0x0,0,0,200,-232.0
402899779130,2060,1,255,40,4,0x0,0,0,200,957.0
402899795888,2061,1,255,40,4,0x0,0,0,200,248.0
402899812512,2062,1,255,40,4,0x0,0,0,200,-447.0
402899829179,2063,1,255,40,4,0x0,0,0,200,954.0
402899845987,2064,1,255,40,4,0x0,0,0,200,-888.0
402899862485,2065,1,255,40,4,0x0,0,0,200,522.0
402899879903,2066,1,255,40,4,0x0,0,0,200,267.0
402899895922,2067,1,255,40,4,0x0,0,0,200,228.0
402899912733,2068,1,255,40,4,0x0,0,0,200,-598.0
402899929393,2069,1,255,40,4,0x0,0,0,200,932.0
402899945858,2070,1,255,40,4,0x0,0,0,200,-819.0
402899962717,2071,1,255,40,4,0x0,0,0,200,355.0
402899979272,2072,1,255,40,4,0x0,0,0,200,812.0
402899995817,2073,1,255,40,4,0x0,0,0,200,290.0
402900012951,2074,1,255,40,4,0x0,0,0,200,-831.0
402900029100,2075,1,255,40,4,0x0,0,0,200,1036.0
402900046068,2076,1,255,40,4,0x0,0,0,200,-988.0
402900062946,2077,1,255,40,4,0x0,0,0,200,-830.0
402900079478,2078,1,255,40,4,0x0,0,0,200,-403.0
402900096056,2079,1,255,40,4,0x0,0,0,200,112.0
402900113027,2080,1,255,40,4,0x0,0,0,200,-655.0
402900129286,2081,1,255,40,4,0x0,0,0,200,951.0
402900750442,2082,1,255,41,4,0x0,0,0,200,928.0
402900753353,2083,1,255,41,4,0x0,0,0,200,-249.0
402900780510,2084,1,255,41,4,0x0,0,0,200,-146.0
402900797418,2085,1,255,41,4,0x0,0,0,200,791.0
402900814212,2086,1,255,41,4,0x0,0,0,200,528.0
402900830363,2087,1,255,41,4,0x0,0,0,200,766.0
402900847126,2088,1,255,41,4,0x0,0,0,200,390.0
402900863665,2089,1,255,41,4,0x0,0,0,200,-1129.0
402900880263,2090,1,255,41,4,0x0,0,0,200,995.0
402900897312,2091,1,255,41,4,0x0,0,0,200,-257.0
402900913540,2092,1,255,41,4,0x0,0,0,200,-412.0
402900930159,2093,1,255,41,4,0x0,0,0,200,-58.0
402900947210,2094,1,255,41,4,0x0,0,0,200,1020.0
402900964805,2095,1,255,41,4,0x0,0,0,200,-537.0
402900980484,2096,1,255,41,4,0x0,0,0,200,-320.0
402900996991,2097,1,255,41,4,0x0,0,0,200,-566.0
402901013515,2098,1,255,41,4,0x0,0,0,200,618.0
402901030690,2099,1,255,41,4,0x0,0,0,200,-652.0
402901046838,2100,1,255,41,4,0x0,0,0,200,-735.0
402901063813,2101,1,255,41,4,0x0,0,0,200,-774.0
402901080438,2102,1,255,41,4,0x0,0,0,200,597.0
402901097010,2103,1,255,41,4,0x0,0,0,200,149.0
402901114085,2104,1,255,41,4,0x0,0,0,200,373.0
402901130248,2105,1,255,41,4,0x0,0,0,200,824.0
402901146959,2106,1,255,41,4,0x0,0,0,200,164.0
402901163794,2107,1,255,41,4,0x0,0,0,200,391.0
402901180422,2108,1,255,41,4,0x0,0,0,200,623.0
402901197079,2109,1,255,41,4,0x0,0,0,200,-721.0
402901214204,2110,1,255,41,4,0x0,0,0,200,204.0
402901230644,2111,1,255,41,4,0x0,0,0,200,-461.0
402901247245,2112,1,255,41,4,0x0,0,0,200,-186.0
402901263863,2113,1,255,41,4,0x0,0,0,200,-796.0
402901280534,2114,1,255,41,4,0x0,0,0,200,549.0
402901297414,2115,1,255,41,4,0x0,0,0,200,-349.0
402901314662,2116,1,255,41,4,0x0,0,0,200,-1183.0
402901331542,2117,1,255,41,4,0x0,0,0,200,-235.0
402901347212,2118,1,255,41,4,0x0,0,0,200,-84.0
402901364028,2119,1,255,41,4,0x0,0,0,200,153.0
402901380825,2120,1,255,41,4,0x0,0,0,200,-728.0
402901397319,2121,1,255,41,4,0x0,0,0,200,739.0
402901414395,2122,1,255,42,4,0x0,0,0,200,740.0
402901431144,2123,1,255,42,4,0x0,0,0,200,344.0
402901447692,2124,1,255,42,4,0x0,0,0,200,-1232.0
402901464739,2125,1,255,42,4,0x0,0,0,200,377.0
402901480995,2126,1,255,42,4,0x0,0,0,200,136.0
402901497470,2127,1,255,42,4,0x0,0,0,200,-458.0
402901515420,2128,1,255,42,4,0x0,0,0,200,-316.0
402901530904,2129,1,255,42,4,0x0,0,0,200,-578.0
402901548087,2130,1,255,42,4,0x0,0,0,200,257.0
402901564357,2131,1,255,42,4,0x0,0,0,200,-344.0
402901581093,2132,1,255,42,4,0x0,0,0,200,142.0
402901597855,2133,1,255,42,4,0x0,0,0,200,283.0
402901614183,2134,1,255,42,4,0x0,0,0,200,934.0
402901630928,2135,1,255,42,4,0x0,0,0,200,93.0
402901647672,2136,1,255,42,4,0x0,0,0,200,-580.0
402901664832,2137,1,255,42,4,0x0,0,0,200,307.0
402901681066,2138,1,255,42,4,0x0,0,0,200,8.0
402901698153,2139,1,255,42,4,0x0,0,0,200,-846.0
402901714425,2140,1,255,42,4,0x0,0,0,200,-95.0
402901731033,2141,1,255,42,4,0x0,0,0,200,1179.0
402901747841,2142,1,255,42,4,0x0,0,0,200,479.0
402901764671,2143,1,255,42,4,0x0,0,0,200,378.0
402901781242,2144,1,255,42,4,0x0,0,0,200,904.0
402901797968,2145,1,255,42,4,0x0,0,0,200,70.0
402901814477,2146,1,255,42,4,0x0,0,0,200,-313.0
402901831090,2147,1,255,42,4,0x0,0,0,200,1113.0
402901848332,2148,1,255,42,4,0x0,0,0,200,-345.0
402901864505,2149,1,255,42,4,0x0,0,0,200,-838.0
402901881272,2150,1,255,42,4,0x0,0,0,200,804.0
402901898344,2151,1,255,42,4,0x0,0,0,200,-910.0
402901914532,2152,1,255,42,4,0x0,0,0,200,-949.0
402901931363,2153,1,255,42,4,0x0,0,0,200,246.0
402901948002,2154,1,255,42,4,0x0,0,0,200,-71.0
402901966683,2155,1,255,42,4,0x0,0,0,200,237.0
402901982069,2156,1,255,42,4,0x0,0,0,200,-161.0
402901997948,2157,1,255,42,4,0x0,0,0,200,-131.0
402902014384,2158,1,255,42,4,0x0,0,0,200,-389.0
402902031239,2159,1,255,42,4,0x0,0,0,200,778.0
402902048339,2160,1,255,42,4,0x0,0,0,200,-704.0
402902066390,2161,1,255,42,4,0x0,0,0,200,-114.0
402902083673,2162,1,255,42,4,0x7480,5,0,200,-255.0
402902099226,2163,1,255,42,4,0x7480,5,1,200,1606.0
402902116029,2164,1,255,42,4,0x7c80,6,1,200,665.0
402902132958,2165,1,255,42,4,0x7c80,6,1,200,526.0
402902149211,2166,1,255,42,4,0x7c80,6,1,200,-871.0
402902165414,2167,1,255,42,4,0x7c80,6,1,200,720.0
402902182272,2168,1,255,42,4,0x7c80,6,1,200,-422.0
402902198623,2169,1,255,42,4,0x7c80,6,1,200,-61.0
402902215527,2170,1,255,42,4,0x7c80,6,1,200,618.0
402902232302,2171,1,255,42,4,0x7c80,6,1,200,-662.0
402902249695,2172,1,255,42,4,0x7c80,6,1,200,-697.0
402902266076,2173,1,255,42,4,0x7c80,6,1,200,-676.0
402902282433,2174,1,255,42,4,0x7c80,6,1,200,-600.0
402902298967,2175,1,255,42,4,0x7c80,6,1,200,-29.0
402902315717,2176,1,255,42,4,0x7cc0,7,1,200,1229.0
402902332637,2177,1,255,42,4,0x7cc0,7,1,200,-1026.0
402902348953,2178,1,255,42,4,0x7cc0,7,1,200,437.0
402902365975,2179,1,255,42,4,0x7cc0,7,1,200,-361.0
402902382263,2180,1,255,42,4,0x7cc0,7,1,200,-213.0
402902400409,2181,1,255,42,4,0x7cc0,7,1,200,1237.0
402902416446,2182,1,255,43,4,0x7ec0,8,1,200,242.0
402902432205,2183,1,255,43,4,0x7ec0,8,1,200,-336.0
402902449936,2184,1,255,43,4,0x7cc0,7,1,200,195.0
402902465295,2185,1,255,43,4,0x54c0,5,1,200,-614.0
402902482691,2186,1,255,43,4,0x54c0,5,1,200,-258.0
402902498727,2187,1,255,43,4,0x54c0,5,1,200,578.0
402902515488,2188,1,255,43,4,0x5480,4,1,200,696.0
402902532352,2189,1,255,43,4,0x54c2,6,1,200,568.0
402902549114,2190,1,255,43,4,0x54c2,6,1,200,-99.0
402902565834,2191,1,255,43,4,0x54c2,6,1,200,-243.0
402902583278,2192,1,255,43,4,0x54c2,6,1,200,1200.0
402902598988,2193,1,255,43,4,0x54c2,6,1,200,91.0
402902615892,2194,1,255,43,4,0x54c2,6,1,200,1123.0
402902632536,2195,1,255,43,4,0x54c2,6,1,200,275.0
402902648817,2196,1,255,43,4,0x54c2,6,1,200,188.0
402902665802,2197,1,255,43,4,0x54c2,6,1,200,-157.0
402902682437,2198,1,255,43,4,0x54c2,6,1,200,-262.0
402902700516,2199,1,255,43,4,0x5482,5,1,200,947.0
402902716348,2200,1,255,43,4,0x54c2,6,1,200,-1030.0
402902732728,2201,1,255,43,4,0x54c2,6,1,200,-529.0
402902749003,2202,1,255,43,4,0x54c2,6,1,200,544.0
402902766014,2203,1,255,43,4,0x54ca,7,1,200,-867.0
402902782975,2204,1,255,43,4,0x54ca,7,1,200,-383.0
402902799066,2205,1,255,43,4,0x54ca,7,1,200,546.0
402902816079,2206,1,255,43,4,0x54ca,7,1,200,911.0
402902832796,2207,1,255,43,4,0x54ca,7,1,200,439.0
402902849823,2208,1,255,43,4,0x54ca,7,1,200,-1474.0
402902867037,2209,1,255,43,4,0x54ca,7,1,200,-882.0
402902882696,2210,1,255,43,4,0x54ca,7,1,200,-279.0
402902899324,2211,1,255,43,4,0x54ca,7,1,200,-199.0
402902916368,2212,1,255,43,4,0x54ca,7,1,200,-1342.0
402902933158,2213,1,255,43,4,0x54ca,7,1,200,104.0
402902949623,2214,1,255,43,4,0x54ca,7,1,200,-848.0
402902966575,2215,1,255,43,4,0x54fa,9,1,200,-370.0
402902983221,2216,1,255,43,4,0x54fa,9,1,200,411.0
402902999811,2217,1,255,43,4,0x54fa,9,1,200,1493.0
402903016256,2218,1,255,43,4,0x54fa,9,1,200,659.0
402903032987,2219,1,255,43,4,0x54fa,9,1,200,-93.0
402903050214,2220,1,255,43,4,0x54fa,9,1,200,647.0
402903066422,2221,1,255,43,4,0x54fa,9,1,200,-75.0
402903085153,2222,1,255,43,4,0x54fa,9,1,200,-400.0
402903099899,2223,1,255,43,4,0x54fa,9,1,200,557.0
402903116828,2224,1,255,43,4,0x54fa,9,1,200,845.0
402903133140,2225,1,255,43,4,0x54fa,9,1,200,121.0
402903149659,2226,1,255,43,4,0x54fa,9,1,200,1140.0
402903166712,2227,1,255,43,4,0x54fa,9,1,200,53.0
402903183470,2228,1,255,43,4,0x54fa,9,1,200,734.0
402903200810,2229,1,255,43,4,0x54fa,9,1,200,-553.0
402903218343,2230,1,255,43,4,0x54fa,9,1,200,507.0
402903233053,2231,1,255,43,4,0x54fa,9,1,200,-849.0
402903250341,2232,1,255,43,4,0x50fa,8,1,200,877.0
402903266377,2233,1,255,43,4,0x54fa,9,1,200,872.0
402903283440,2234,1,255,43,4,0x50fa,8,1,200,1291.0
402903300091,2235,1,255,43,4,0x50fa,8,1,200,-320.0
402903316868,2236,1,255,43,4,0x547a,8,1,200,-1457.0
402903333414,2237,1,255,43,4,0x507a,7,1,200,905.0
402903350717,2238,1,255,43,4,0x547a,8,1,200,1229.0
402903366796,2239,1,255,43,4,0x547a,8,1,200,892.0
402903385289,2240,1,255,43,4,0x547a,8,1,200,-62.0
402903400108,2241,1,255,43,4,0x547a,8,1,200,69.0
402903417501,2242,1,255,44,4,0x547a,8,1,200,-171.0
402903433802,2243,1,255,44,4,0x507a,7,1,200,-816.0
402903450011,2244,1,255,44,4,0x507a,7,1,200,-390.0
402903467027,2245,1,255,44,4,0x507a,7,1,200,-28.0
402903483874,2246,1,255,44,4,0x507a,7,1,200,364.0
402903500647,2247,1,255,44,4,0x507a,7,1,200,264.0
402903517223,2248,1,255,44,4,0x507a,7,1,200,-344.0
402903533593,2249,1,255,44,4,0x507a,7,1,200,297.0
402903550403,2250,1,255,44,4,0x507a,7,1,200,989.0
402903566973,2251,1,255,44,4,0x507a,7,1,200,741.0
402903583505,2252,1,255,44,4,0x507a,7,1,200,-371.0
402903600662,2253,1,255,44,4,0x507a,7,1,200,-1262.0
402903617085,2254,1,255,44,4,0x507a,7,1,200,-1095.0
402903633548,2255,1,255,44,4,0x507a,7,1,200,973.0
402903650589,2256,1,255,44,4,0x547a,8,1,200,-105.0
402903667565,2257,1,255,44,4,0x547a,8,1,200,-813.0
402903684181,2258,1,255,44,4,0x507a,7,1,200,-1163.0
402903700566,2259,1,255,44,4,0x547a,8,1,200,-918.0
402903717011,2260,1,255,44,4,0x547a,8,1,200,727.0
402903734869,2261,1,255,44,4,0x547a,8,1,200,-147.0
402903750719,2262,1,255,44,4,0x547a,8,1,200,-189.0
402903767125,2263,1,255,44,4,0x547a,8,1,200,-579.0
402903784528,2264,1,255,44,4,0x547a,8,1,200,1255.0
402903800626,2265,1,255,44,4,0x547a,8,1,200,1357.0
402903817783,2266,1,255,44,4,0x547a,8,1,200,993.0
402903834079,2267,1,255,44,4,0x547a,8,1,200,-1317.0
402903850651,2268,1,255,44,4,0x547a,8,1,200,1044.0
402903867702,2269,1,255,44,4,0x547a,8,1,200,-115.0
402903884518,2270,1,255,44,4,0x547a,8,1,200,1193.0
402903900905,2271,1,255,44,4,0x547a,8,1,200,684.0
402903918347,2272,1,255,44,4,0x547a,8,1,200,257.0
402903933855,2273,1,255,44,4,0x547a,8,1,200,-349.0
402903952675,2274,1,255,44,4,0x547a,8,1,200,-757.0
402903967598,2275,1,255,44,4,0x547a,8,1,200,963.0
402903984461,2276,1,255,44,4,0x547a,8,1,200,217.0
402904000799,2277,1,255,44,4,0x547a,8,1,200,728.0
402904017429,2278,1,255,44,4,0x547a,8,1,200,115.0
402904034537,2279,1,255,44,4,0x547a,8,1,200,-981.0
402904051819,2280,1,255,44,4,0x547a,8,1,200,924.0
402904068096,2281,1,255,44,4,0x547a,8,1,200,-272.0
402904084348,2282,1,255,44,4,0x547a,8,1,200,-817.0
402904101140,2283,1,255,44,4,0x547a,8,1,200,1306.0
402904118065,2284,1,255,44,4,0x547a,8,1,200,-526.0
402904133882,2285,1,255,44,4,0x547a,8,1,200,1.0
402904151070,2286,1,255,44,4,0x547a,8,1,200,575.0
402904167661,2287,1,255,44,4,0x547a,8,1,200,-206.0
402904185439,2288,1,255,44,4,0x547a,8,1,200,-1089.0
402904201369,2289,1,255,44,4,0x547a,8,1,200,-851.0
402904217631,2290,1,255,44,4,0x547a,8,1,200,-831.0
402904234194,2291,1,255,44,4,0x547a,8,1,200,430.0
402904251234,2292,1,255,44,4,0x547a,8,1,200,1379.0
402904267826,2293,1,255,44,4,0x547a,8,1,200,771.0
402904285309,2294,1,255,44,4,0x547a,8,1,200,-643.0
402904301150,2295,1,255,44,4,0x547a,8,1,200,-242.0
402904318174,2296,1,255,44,4,0x547a,8,1,200,327.0
402904334650,2297,1,255,44,4,0x547a,8,1,200,74.0
402904351525,2298,1,255,44,4,0x547a,8,1,200,-1014.0
402904367789,2299,1,255,44,4,0x547a,8,1,200,762.0
402904384422,2300,1,255,44,4,0x547a,8,1,200,-838.0
402904400889,2301,1,255,44,4,0x547a,8,1,200,679.0
402904419345,2302,1,255,44,4,0x547a,8,1,200,-793.0
402904434857,2303,1,255,45,4,0x547a,8,1,200,631.0
402904451707,2304,1,255,45,4,0x547a,8,1,200,1075.0
402904467939,2305,1,255,45,4,0x547a,8,1,200,521.0
402904484833,2306,1,255,45,4,0x547a,8,1,200,-805.0
402904501245,2307,1,255,45,4,0x547a,8,1,200,575.0
402904518785,2308,1,255,45,4,0x547a,8,1,200,-115.0
402904535566,2309,1,255,45,4,0x547a,8,1,200,268.0
402904551478,2310,1,255,45,4,0x547a,8,1,200,-236.0
402904568775,2311,1,255,45,4,0x547a,8,1,200,499.0
402904585583,2312,1,255,45,4,0x547a,8,1,200,1009.0
402904601716,2313,1,255,45,4,0x547a,8,1,200,-321.0
402904618153,2314,1,255,45,4,0x547a,8,1,200,-1027.0
402904634902,2315,1,255,45,4,0x547a,8,1,200,1142.0
402904652132,2316,1,255,45,4,0x547a,8,1,200,-611.0
402904668377,2317,1,255,45,4,0x547a,8,1,200,-35.0
402904684988,2318,1,255,45,4,0x547a,8,1,200,243.0
402904702212,2319,1,255,45,4,0x547a,8,1,200,-416.0
402904718825,2320,1,255,45,4,0x547a,8,1,200,368.0
402904735561,2321,1,255,45,4,0x547a,8,1,200,702.0
402904754200,2322,1,255,45,4,0x547a,8,1,200,188.0
402904769115,2323,1,255,45,4,0x547a,8,1,200,-689.0
402904785332,2324,1,255,45,4,0x547a,8,1,200,-923.0
402904802208,2325,1,255,45,4,0x547a,8,1,200,-991.0
402904819210,2326,1,255,45,4,0x547a,8,1,200,956.0
402904835654,2327,1,255,45,4,0x547a,8,1,200,898.0
402904853053,2328,1,255,45,4,0x547a,8,1,200,-434.0
402904869698,2329,1,255,45,4,0x547a,8,1,200,-165.0
402904886313,2330,1,255,45,4,0x547a,8,1,200,-130.0
402904901664,2331,1,255,45,4,0x547a,8,1,200,529.0
402904918306,2332,1,255,45,4,0x547a,8,1,200,399.0
402904935586,2333,1,255,45,4,0x547a,8,1,200,466.0
402904951867,2334,1,255,45,4,0x507a,7,1,200,624.0
402904968397,2335,1,255,45,4,0x507a,7,1,200,-13.0
402904985820,2336,1,255,45,4,0x507a,7,1,200,-101.0
402905002403,2337,1,255,45,4,0x547a,8,1,200,-388.0
402905018689,2338,1,255,45,4,0x507a,7,1,200,1.0
402905035241,2339,1,255,45,4,0x547a,8,1,200,612.0
402905052336,2340,1,255,45,4,0x547a,8,1,200,696.0
402905068304,2341,1,255,45,4,0x547a,8,1,200,-302.0
402905085560,2342,1,255,45,4,0x507a,7,1,200,-1188.0
402905102632,2343,2,255,46,4,0x507a,7,1,200,734.0
402905119261,2344,2,255,46,4,0x507a,7,1,200,-92.0
402905137666,2345,2,255,46,4,0x5478,7,1,200,1201.0
402905152303,2346,2,255,46,4,0x507a,7,1,200,-788.0
402905169382,2347,2,255,46,4,0x507a,7,1,200,-206.0
402905185932,2348,2,255,46,4,0x5078,6,1,200,-258.0
402905202003,2349,2,255,46,4,0x507a,7,1,200,-923.0
402905219039,2350,2,255,46,4,0x507a,7,1,200,242.0
402905238420,2351,2,255,46,4,0x5078,6,1,200,399.0
402905252660,2352,2,6,47,4,0x5478,7,1,200,563.0
402905270463,2353,2,6,47,4,0x5078,6,1,200,556.0
402905286100,2354,2,6,47,4,0x507a,7,1,200,-48.0
402905302145,2355,2,6,47,4,0x5078,6,1,200,77.0
402905319230,2356,2,6,47,4,0x507a,7,1,200,-87.0
402905335480,2357,2,6,47,4,0x5478,7,1,200,580.0
402905352544,2358,2,6,47,4,0x547a,8,1,200,490.0
402905370879,2359,2,6,47,4,0x5478,7,1,200,-1202.0
402905386028,2360,2,6,47,4,0x5478,7,1,200,12.0
402905402699,2361,2,6,47,4,0x5078,6,1,200,602.0
402905420767,2362,2,6,47,4,0x5478,7,1,200,-983.0
402905436610,2363,2,6,47,4,0x5478,7,1,200,-541.0
402905453557,2364,2,6,47,4,0x5078,6,1,200,597.0
402905469357,2365,2,6,47,4,0x5478,7,1,200,689.0
402905486420,2366,2,6,47,4,0x5078,6,1,200,-602.0
402905502444,2367,2,6,47,4,0x5478,7,1,200,868.0
402905519477,2368,2,6,47,4,0x5078,6,1,200,946.0
402905536052,2369,2,6,47,4,0x5478,7,1,200,1086.0
402905553207,2370,2,6,47,4,0x5478,7,1,200,-63.0
402905572228,2371,2,6,47,4,0x5478,7,1,200,-2.0
402905585975,2372,2,6,47,4,0x5078,6,1,200,-792.0
402905603439,2373,2,6,47,4,0x5078,6,1,200,-959.0
402905619260,2374,2,6,47,4,0x5068,5,1,200,-173.0
402905635992,2375,2,6,47,4,0x7070,6,1,200,-948.0
402905653256,2376,2,6,47,4,0x7478,8,1,200,-1165.0
402905669986,2377,2,6,47,4,0x7078,7,1,200,1349.0
402905686121,2378,2,6,47,4,0x7478,8,1,200,934.0
402905703047,2379,2,6,47,4,0x7078,7,1,200,35.0
402905720122,2380,2,6,47,4,0x7078,7,1,200,-870.0
402905736213,2381,2,6,47,4,0x7078,7,1,200,920.0
402905753699,2382,2,6,47,4,0x5078,6,1,200,470.0
402905769391,2383,2,6,47,4,0x5078,6,1,200,860.0
402905785900,2384,2,6,47,4,0x5078,6,1,200,181.0
402905802319,2385,2,6,47,4,0x5078,6,1,200,788.0
402905819111,2386,2,6,47,4,0x7078,7,1,200,928.0
402905835938,2387,2,6,47,4,0x7478,8,1,200,-923.0
402905853134,2388,2,6,47,4,0x7478,8,1,200,-629.0
402905869214,2389,2,6,47,4,0x7478,8,1,200,-179.0
402905886139,2390,2,6,47,4,0x7478,8,1,200,-909.0
402905903375,2391,2,6,47,4,0x7478,8,1,200,-1253.0
402905919577,2392,2,6,47,4,0x7478,8,1,200,522.0
402905935948,2393,2,6,47,4,0x7478,8,1,200,-631.0
402905952627,2394,2,6,47,4,0x7478,8,1,200,529.0
402905969362,2395,2,6,47,4,0x7478,8,1,200,-124.0
402905986560,2396,2,6,47,4,0x7478,8,1,200,-462.0
402906002933,2397,2,6,47,4,0x7478,8,1,200,-685.0
402906020564,2398,2,6,47,4,0x7478,8,1,200,558.0
402906036353,2399,2,6,47,4,0x7478,8,1,200,808.0
402906052544,2400,2,6,47,4,0x7478,8,1,200,515.0
402906069723,2401,2,6,47,4,0x7478,8,1,200,340.0
402906086576,2402,2,6,47,4,0x7470,7,1,200,498.0
402906104995,2403,2,14,48,4,0x7c60,7,1,200,304.0
402906120958,2404,2,14,48,4,0x7c60,7,1,200,199.0
402906138356,2405,2,14,48,4,0x7ee0,9,1,200,-246.0
402906154465,2406,2,14,48,4,0x7ec0,8,1,200,639.0
402906170574,2407,2,14,48,4,0x7fc0,9,1,200,486.0
402906186677,2408,2,14,48,4,0x7fc0,9,1,200,869.0
402906203370,2409,2,14,48,4,0x7fc0,9,1,200,647.0
402906219875,2410,2,14,48,4,0x7fc0,9,1,200,177.0
402906236661,2411,2,14,48,4,0x7f40,8,1,200,356.0
402906253466,2412,2,14,48,4,0x7fc0,9,1,200,-299.0
402906270028,2413,2,14,48,4,0x7f40,8,1,200,226.0
402906287087,2414,2,14,48,4,0x7fc1,10,1,200,279.0
402906303362,2415,2,14,48,4,0x7f81,9,1,200,701.0
402906320832,2416,2,14,48,4,0x7f81,9,1,200,-1207.0
402906336427,2417,2,14,48,4,0x7f81,9,1,200,662.0
402906353582,2418,2,14,48,4,0x7f81,9,1,200,538.0
402906369768,2419,2,14,48,4,0x7f81,9,1,200,-686.0
402906386344,2420,2,14,48,4,0x7f81,9,1,200,-178.0
402906403654,2421,2,14,48,4,0x7f81,9,1,200,888.0
402906421505,2422,2,14,48,4,0x7f81,9,1,200,663.0
402906436561,2423,2,14,48,4,0x7f81,9,1,200,813.0
402906453122,2424,2,14,48,4,0x7f81,9,1,200,-953.0
402906470307,2425,2,14,48,4,0x7f81,9,1,200,-149.0
402906487547,2426,2,14,48,4,0x7f81,9,1,200,-336.0
402906503663,2427,2,14,48,4,0x7f81,9,1,200,-466.0
402906521700,2428,2,14,48,4,0x7f81,9,1,200,-403.0
402906537121,2429,2,14,48,4,0x7f81,9,1,200,-19.0
402906554237,2430,2,14,48,4,0x7f81,9,1,200,860.0
402906570698,2431,2,14,48,4,0x7f81,9,1,200,1384.0
402906587472,2432,2,14,48,4,0x7f81,9,1,200,711.0
402906603905,2433,2,14,48,4,0x7f81,9,1,200,151.0
402906620742,2434,2,14,48,4,0x7f80,8,1,200,-1065.0
402906636949,2435,2,14,48,4,0x7f80,8,1,200,-794.0
402906653617,2436,2,14,48,4,0x7f80,8,1,200,-541.0
402906669947,2437,2,14,48,4,0x7f80,8,1,200,95.0
402906686606,2438,2,14,48,4,0x7f80,8,1,200,-581.0
402906703723,2439,2,14,48,4,0x7f80,8,1,200,-610.0
402906720390,2440,2,14,48,4,0x7f80,8,1,200,745.0
402906736917,2441,2,14,48,4,0x7f80,8,1,200,-884.0
402906753638,2442,2,14,48,4,0x7f80,8,1,200,-1194.0
402906770992,2443,2,14,48,4,0x7f80,8,1,200,-934.0
402906787051,2444,2,14,48,4,0x7f80,8,1,200,-1032.0
402906803761,2445,2,14,48,4,0x7f80,8,1,200,290.0
402906822594,2446,2,14,48,4,0x7f80,8,1,200,520.0
402906836996,2447,2,14,48,4,0x7f80,8,1,200,-954.0
402906853673,2448,2,14,48,4,0x7f80,8,1,200,-1282.0
402906870432,2449,2,14,48,4,0x7fc0,9,1,200,625.0
402906887261,2450,2,14,48,4,0x7fc0,9,1,200,759.0
402906903692,2451,2,14,48,4,0x7fc0,9,1,200,-638.0
402906920500,2452,2,14,48,4,0x7fc0,9,1,200,629.0
402906937668,2453,2,14,48,4,0x7fc0,9,1,200,481.0
402906954043,2454,2,14,48,4,0x7fc0,9,1,200,1232.0
402906970406,2455,2,14,48,4,0x7fc0,9,1,200,-383.0
402906987479,2456,2,14,48,4,0x7f40,8,1,200,581.0
402907003747,2457,2,14,48,4,0x7fc0,9,1,200,943.0
402907020778,2458,2,14,48,4,0x7fc0,9,1,200,-1045.0
402907037214,2459,2,14,48,4,0x7fc0,9,1,200,-142.0
402907053962,2460,2,14,48,4,0x7fc0,9,1,200,100.0
402907070600,2461,2,14,48,4,0x7fc0,9,1,200,-538.0
402907087746,2462,2,14,48,4,0x7fc0,9,1,200,423.0
402907106499,2463,2,14,48,4,0x7fc0,9,1,200,1602.0
402907121367,2464,2,12,49,4,0x7fc0,9,1,200,-320.0
402907137592,2465,2,12,49,4,0x7ec0,8,1,200,442.0
402907154753,2466,2,12,49,4,0x7fc0,9,1,200,620.0
402907171364,2467,2,12,49,4,0x7ec0,8,1,200,720.0
402907187254,2468,2,12,49,4,0x7ec0,8,1,200,-47.0
402907204377,2469,2,12,49,4,0x7fc0,9,1,200,682.0
402907221599,2470,2,12,49,4,0x7fc0,9,1,200,-385.0
402907237913,2471,2,12,49,4,0x7ec0,8,1,200,-660.0
402907254356,2472,2,12,49,4,0x7e40,7,1,200,-1150.0
402907270717,2473,2,12,49,4,0x7ec0,8,1,200,-662.0
402907287378,2474,2,12,49,4,0x7ec0,8,1,200,-268.0
402907304860,2475,2,12,49,4,0x7e40,7,1,200,988.0
402907321104,2476,2,12,49,4,0x7e60,8,1,200,95.0
402907337496,2477,2,12,49,4,0x7e60,8,1,200,660.0
402907354969,2478,2,12,49,4,0x7e60,8,1,200,66.0
402907370745,2479,2,12,49,4,0x7e60,8,1,200,515.0
402907387665,2480,2,12,49,4,0x7c60,7,1,200,-625.0
402907404341,2481,2,12,49,4,0x7c70,8,1,200,706.0
402907422883,2482,2,12,49,4,0x7c70,8,1,200,-860.0
402907437584,2483,2,12,49,4,0x7c78,9,1,200,-508.0
402907454822,2484,2,12,49,4,0x7078,7,1,200,682.0
402907470998,2485,2,12,49,4,0x7078,7,1,200,70.0
402907487476,2486,2,12,49,4,0x7078,7,1,200,-469.0
402907505386,2487,2,12,49,4,0x7078,7,1,200,710.0
402907520557,2488,2,12,49,4,0x7078,7,1,200,-199.0
402907537555,2489,2,12,49,4,0x7078,7,1,200,-196.0
402907554025,2490,2,12,49,4,0xf078,8,1,200,-905.0
402907570831,2491,2,12,49,4,0xf078,8,1,200,-815.0
402907587440,2492,2,12,49,4,0xc078,6,1,200,-413.0
402907604142,2493,2,12,49,4,0xc078,6,1,200,890.0
402907621972,2494,2,12,49,4,0xc078,6,1,200,150.0
402907637434,2495,2,12,49,4,0xc078,6,1,200,708.0
402907654762,2496,2,12,49,4,0xc07e,8,1,200,320.0
402907671398,2497,2,12,49,4,0xc07e,8,1,200,664.0
402907688011,2498,2,12,49,4,0xc07e,8,1,200,1040.0
402907704285,2499,2,12,49,4,0xc07e,8,1,200,724.0
402907721176,2500,2,12,49,4,0x407e,7,1,200,988.0
402907739061,2501,2,12,49,4,0x407e,7,1,200,79.0
402907756307,2502,2,12,49,4,0x407e,7,1,200,-496.0
402907771508,2503,2,12,49,4,0x407e,7,1,200,-351.0
402907787870,2504,2,12,49,4,0x407e,7,1,200,-863.0
402907804826,2505,2,12,49,4,0x407e,7,1,200,-752.0
402907821451,2506,2,12,49,4,0x7e,6,1,200,-186.0
402907838250,2507,2,12,49,4,0x7e,6,1,200,0.0
402907854734,2508,2,12,49,4,0x7e,6,1,200,-614.0
402907871510,2509,2,12,49,4,0x7e,6,1,200,825.0
402907888606,2510,2,12,49,4,0x7e,6,1,200,869.0
402907905036,2511,2,12,49,4,0x7e,6,1,200,1450.0
402907921490,2512,2,12,49,4,0x407e,7,1,200,-456.0
402907937863,2513,2,12,49,4,0x407e,7,1,200,168.0
402907954842,2514,2,12,49,4,0x7e,6,1,200,210.0
402907971898,2515,2,12,49,4,0x7e,6,1,200,1093.0
402907988576,2516,2,12,49,4,0x407e,7,1,200,526.0
402908004826,2517,2,12,49,4,0x7e,6,1,200,189.0
402908021535,2518,2,12,49,4,0x407e,7,1,200,501.0
402908037990,2519,2,12,49,4,0x407e,7,1,200,194.0
402908054604,2520,2,12,49,4,0x407e,7,1,200,-365.0
402908071716,2521,2,12,49,4,0x407e,7,1,200,-622.0
402908088414,2522,2,12,49,4,0x407e,7,1,200,720.0
402908106855,2523,2,12,49,4,0x7e,6,1,200,190.0
402908122518,2524,2,4,50,4,0x7e,6,1,200,661.0
402908138699,2525,2,4,50,4,0x7e,6,1,200,391.0
402908155948,2526,2,4,50,4,0x7e,6,1,200,1096.0
402908171726,2527,2,4,50,4,0x7e,6,1,200,-718.0
402908189120,2528,2,4,50,4,0x407e,7,1,200,1185.0
402908205386,2529,2,4,50,4,0x407e,7,1,200,-1114.0
402908221710,2530,2,4,50,4,0x407e,7,1,200,-651.0
402908238168,2531,2,4,50,4,0x407e,7,1,200,-122.0
402908255266,2532,2,4,50,4,0x407e,7,1,200,805.0
402908272248,2533,2,4,50,4,0xc07a,7,1,200,-823.0
402908288565,2534,2,4,50,4,0xc07a,7,1,200,-488.0
402908305369,2535,2,4,50,4,0xc078,6,1,200,-304.0
402908322133,2536,2,4,50,4,0xc078,6,1,200,986.0
402908339161,2537,2,4,50,4,0xc078,6,1,200,-702.0
402908355105,2538,2,4,50,4,0xc078,6,1,200,-856.0
402908371963,2539,2,4,50,4,0xc078,6,1,200,207.0
402908388637,2540,2,4,50,4,0xf078,8,1,200,409.0
402908406197,2541,2,4,50,4,0xf078,8,1,200,841.0
402908421643,2542,2,4,50,4,0x7078,7,1,200,490.0
402908439747,2543,2,4,50,4,0x7078,7,1,200,352.0
402908456485,2544,2,4,50,4,0x7078,7,1,200,837.0
402908474721,2545,2,4,50,4,0x7068,6,1,200,609.0
402908488742,2546,2,4,50,4,0x7078,7,1,200,-1182.0
402908505882,2547,2,4,50,4,0x7c70,8,1,200,-324.0
402908521981,2548,2,4,50,4,0x7c78,9,1,200,1047.0
402908538413,2549,2,4,50,4,0x7c70,8,1,200,328.0
402908555443,2550,2,4,50,4,0x7c70,8,1,200,-12.0
402908572138,2551,2,4,50,4,0x7c60,7,1,200,-621.0
402908589230,2552,2,4,50,4,0x7c60,7,1,200,980.0
402908605286,2553,2,4,50,4,0x7c60,7,1,200,-1219.0
402908622514,2554,2,4,50,4,0x7c60,7,1,200,71.0
402908639383,2555,2,4,50,4,0x7c60,7,1,200,-384.0
402908656001,2556,2,4,50,4,0x7c60,7,1,200,835.0
402908672438,2557,2,4,50,4,0x7ce0,8,1,200,-796.0
402908689341,2558,2,4,50,4,0x7c60,7,1,200,126.0
402908705325,2559,2,4,50,4,0x7e60,8,1,200,-804.0
402908722101,2560,2,4,50,4,0x7e60,8,1,200,892.0
402908738796,2561,2,4,50,4,0x7ee0,9,1,200,676.0
402908756958,2562,2,4,50,4,0x7ee0,9,1,200,-19.0
402908772694,2563,2,4,50,4,0x7e60,8,1,200,867.0
402908788890,2564,2,4,50,4,0x7ee0,9,1,200,862.0
402908805865,2565,2,4,50,4,0x7ee0,9,1,200,769.0
402908822332,2566,2,4,50,4,0x7ee0,9,1,200,-803.0
402908838577,2567,2,4,50,4,0x7ee0,9,1,200,906.0
402908855393,2568,2,4,50,4,0x7ee0,9,1,200,121.0
402908873947,2569,2,4,50,4,0x7ee0,9,1,200,594.0
402908889003,2570,2,4,50,4,0x7ee0,9,1,200,560.0
402908905720,2571,2,4,50,4,0x7ee0,9,1,200,771.0
402908922378,2572,2,4,50,4,0x7ce0,8,1,200,119.0
402908939198,2573,2,4,50,4,0x7ce0,8,1,200,-233.0
402908955650,2574,2,4,50,4,0x7ce0,8,1,200,1077.0
402908972314,2575,2,4,50,4,0x7ce0,8,1,200,-538.0
402908989123,2576,2,4,50,4,0x7ce0,8,1,200,380.0
402909005884,2577,2,4,50,4,0x74e0,7,1,200,972.0
402909022669,2578,2,4,50,4,0x74e0,7,1,200,-781.0
402909039028,2579,2,4,50,4,0x74e0,7,1,200,518.0
402909055916,2580,2,4,50,4,0x74e0,7,1,200,653.0
402909072404,2581,2,4,50,4,0x74e0,7,1,200,-934.0
402909089021,2582,2,4,50,4,0x74e0,7,1,200,-92.0
402909109269,2583,2,4,50,4,0x7460,6,1,200,95.0
402909123640,2584,2,14,51,4,0x74e0,7,1,200,843.0
402909139134,2585,2,14,51,4,0x74e0,7,1,200,920.0
402909156243,2586,2,14,51,4,0x7460,6,1,200,939.0
402909172387,2587,2,14,51,4,0x7470,7,1,200,415.0
402909189819,2588,2,14,51,4,0x74f0,8,1,200,-1184.0
402909206007,2589,2,14,51,4,0x7c70,8,1,200,797.0
402909222470,2590,2,14,51,4,0x7cf0,9,1,200,136.0
402909239739,2591,2,14,51,4,0x7cf0,9,1,200,1075.0
402909256523,2592,2,14,51,4,0x7c70,8,1,200,881.0
402909273398,2593,2,14,51,4,0x7c70,8,1,200,-1094.0
402909289621,2594,2,14,51,4,0x7c70,8,1,200,779.0
402909307078,2595,2,14,51,4,0x7c70,8,1,200,367.0
402909323031,2596,2,14,51,4,0x7c70,8,1,200,1325.0
402909339708,2597,2,14,51,4,0x7c60,7,1,200,-621.0
402909356202,2598,2,14,51,4,0x7c70,8,1,200,-47.0
402909373241,2599,2,14,51,4,0x7c60,7,1,200,-81.0
402909389998,2600,2,14,51,4,0x7c60,7,1,200,-783.0
402909406694,2601,2,14,51,4,0xfc60,8,1,200,504.0
402909423821,2602,2,14,51,4,0xfc60,8,1,200,221.0
402909440150,2603,2,14,51,4,0xfc60,8,1,200,-158.0
402909456449,2604,2,14,51,4,0xfc70,9,1,200,596.0
402909472927,2605,2,14,51,4,0xfc60,8,1,200,-877.0
402909489793,2606,2,14,51,4,0xfc70,9,1,200,843.0
402909506572,2607,2,14,51,4,0x1f860,8,1,200,-75.0
402909522814,2608,2,14,51,4,0x1fc70,10,1,200,-691.0
402909539932,2609,2,14,51,4,0x1f870,9,1,200,-541.0
402909558927,2610,2,14,51,4,0x1f860,8,1,200,-1320.0
402909573131,2611,2,14,51,4,0x1f870,9,1,200,501.0
402909590406,2612,2,14,51,4,0x1f870,9,1,200,148.0
402909606805,2613,2,14,51,4,0x1f870,9,1,200,-1148.0
402909623059,2614,2,14,51,4,0x1f870,9,1,200,356.0
402909640062,2615,2,14,51,4,0x1f870,9,1,200,319.0
402909656490,2616,2,14,51,4,0x1f870,9,1,200,871.0
402909674517,2617,2,14,51,4,0x1f871,10,1,200,909.0
402909689793,2618,2,14,51,4,0x1f871,10,1,200,-337.0
402909706756,2619,2,14,51,4,0x1f871,10,1,200,560.0
402909723247,2620,2,14,51,4,0x1f871,10,1,200,71.0
402909739876,2621,2,14,51,4,0x1f871,10,1,200,497.0
402909757000,2622,2,14,51,4,0x1f871,10,1,200,-461.0
402909773431,2623,2,14,51,4,0x1f871,10,1,200,-105.0
402909790219,2624,2,14,51,4,0x1f871,10,1,200,299.0
402909806815,2625,2,14,51,4,0x1f871,10,1,200,-430.0
402909823509,2626,2,14,51,4,0x1e871,9,1,200,-969.0
402909840129,2627,2,14,51,4,0x1e871,9,1,200,-682.0
402909856929,2628,2,14,51,4,0x1e871,9,1,200,415.0
402909873473,2629,2,14,51,4,0x1e871,9,1,200,-150.0
402909890198,2630,2,14,51,4,0x1e871,9,1,200,-868.0
402909906828,2631,2,14,51,4,0x1e871,9,1,200,970.0
402909923689,2632,2,14,51,4,0x1e871,9,1,200,891.0
402909941076,2633,2,14,51,4,0x1e871,9,1,200,-1223.0
402909956682,2634,2,14,51,4,0x1f871,10,1,200,-348.0
402909974425,2635,2,14,51,4,0x1f871,10,1,200,297.0
402909990237,2636,2,14,51,4,0x1e871,9,1,200,103.0
402910006441,2637,2,14,51,4,0x1e871,9,1,200,-52.0
402910023405,2638,2,14,51,4,0x1f071,9,1,200,-28.0
402910039918,2639,2,14,51,4,0x1e071,8,1,200,418.0
402910057446,2640,2,14,51,4,0x1f071,9,1,200,-61.0
402910073807,2641,2,14,51,4,0x1e871,9,1,200,504.0
402910090549,2642,2,14,51,4,0x1f070,8,1,200,-142.0
402910109654,2643,2,6,52,4,0x1f070,8,1,200,622.0
402910123954,2644,2,6,52,4,0x1f070,8,1,200,315.0
402910141544,2645,2,6,52,4,0x1f870,9,1,200,854.0
402910156928,2646,2,6,52,4,0x1f870,9,1,200,494.0
402910173836,2647,2,6,52,4,0x1f870,9,1,200,450.0
402910190313,2648,2,6,52,4,0xf070,7,1,200,996.0
402910206854,2649,2,6,52,4,0xf870,8,1,200,-441.0
402910224401,2650,2,6,52,4,0xf070,7,1,200,880.0
402910240429,2651,2,6,52,4,0xf870,8,1,200,-922.0
402910256726,2652,2,6,52,4,0xf870,8,1,200,-315.0
402910274034,2653,2,6,52,4,0xf070,7,1,200,900.0
402910290654,2654,2,6,52,4,0xf470,8,1,200,707.0
402910307651,2655,2,6,52,4,0xf870,8,1,200,699.0
402910323811,2656,2,6,52,4,0x7070,6,1,200,-394.0
402910340991,2657,2,6,52,4,0x7c70,8,1,200,888.0
402910357781,2658,2,6,52,4,0x7c70,8,1,200,536.0
402910373793,2659,2,6,52,4,0x7c70,8,1,200,592.0
402910390683,2660,2,6,52,4,0x7c70,8,1,200,-403.0
402910406843,2661,2,6,52,4,0x7c70,8,1,200,-562.0
402910424333,2662,2,6,52,4,0x7c60,7,1,200,-959.0
402910440902,2663,2,6,52,4,0x7ee0,9,1,200,-578.0
402910456845,2664,2,6,52,4,0x7ee0,9,1,200,-530.0
402910473862,2665,2,6,52,4,0x7ee0,9,1,200,-487.0
402910490683,2666,2,6,52,4,0x7fc0,9,1,200,-344.0
402910507680,2667,2,6,52,4,0x7fc0,9,1,200,-968.0
402910524687,2668,2,6,52,4,0x7f80,8,1,200,-409.0
402910540794,2669,2,6,52,4,0x7fc0,9,1,200,471.0
402910557511,2670,2,6,52,4,0x7fc0,9,1,200,-768.0
402910574445,2671,2,6,52,4,0x7fc2,10,1,200,1120.0
402910590711,2672,2,6,52,4,0x7f82,9,1,200,-428.0
402910607611,2673,2,6,52,4,0x7f82,9,1,200,740.0
402910625019,2674,2,6,52,4,0x7fc2,10,1,200,459.0
402910641165,2675,2,6,52,4,0x7f80,8,1,200,-725.0
402910658176,2676,2,6,52,4,0x7fc2,10,1,200,-477.0
402910674037,2677,2,6,52,4,0x7f82,9,1,200,606.0
402910691194,2678,2,6,52,4,0x7fc2,10,1,200,-579.0
402910707828,2679,2,6,52,4,0x7f82,9,1,200,-148.0
402910724523,2680,2,6,52,4,0x7fc2,10,1,200,1096.0
402910741177,2681,2,6,52,4,0x7fc2,10,1,200,-546.0
402910758611,2682,2,6,52,4,0x7fc2,10,1,200,1151.0
402910774797,2683,2,6,52,4,0x7fc2,10,1,200,-622.0
402910791806,2684,2,6,52,4,0x7fc2,10,1,200,1053.0
402910808458,2685,2,6,52,4,0x7fc2,10,1,200,-1377.0
402910824280,2686,2,6,52,4,0x7f82,9,1,200,344.0
402910840913,2687,2,6,52,4,0x7fc2,10,1,200,-252.0
402910857632,2688,2,6,52,4,0x7fc2,10,1,200,-839.0
402910874139,2689,2,6,52,4,0x7fc2,10,1,200,1009.0
402910890787,2690,2,6,52,4,0x7f82,9,1,200,-156.0
402910908189,2691,2,6,52,4,0x7fc2,10,1,200,-289.0
402910926921,2692,2,6,52,4,0x7fc2,10,1,200,107.0
402910941108,2693,2,6,52,4,0x7f82,9,1,200,511.0
402910957632,2694,2,6,52,4,0x7fc2,10,1,200,93.0
402910974381,2695,2,6,52,4,0x7f82,9,1,200,-763.0
402910991363,2696,2,6,52,4,0x7f82,9,1,200,-637.0
402911008597,2697,2,6,52,4,0x7f82,9,1,200,90.0
402911024690,2698,2,6,52,4,0x7f82,9,1,200,1230.0
402911041799,2699,2,6,52,4,0x7f82,9,1,200,868.0
402911058558,2700,2,6,52,4,0x7f82,9,1,200,75.0
402911074542,2701,2,6,52,4,0x7f80,8,1,200,-832.0
402911091677,2702,2,6,52,4,0x7f80,8,1,200,-911.0
402911110784,2703,2,6,52,4,0x7f82,9,1,200,214.0
402911124569,2704,2,10,53,4,0x7f80,8,1,200,1351.0
402911141003,2705,2,10,53,4,0x7f80,8,1,200,-114.0
402911158117,2706,2,10,53,4,0x7fc0,9,1,200,-452.0
402911175027,2707,2,10,53,4,0x7fc0,9,1,200,-360.0
402911190993,2708,2,10,53,4,0x7fc0,9,1,200,-355.0
402911207844,2709,2,10,53,4,0x7f80,8,1,200,770.0
402911224349,2710,2,10,53,4,0x7fc0,9,1,200,342.0
402911241275,2711,2,10,53,4,0x7f80,8,1,200,-274.0
402911258081,2712,2,10,53,4,0x7f80,8,1,200,-325.0
402911274540,2713,2,10,53,4,0x7f80,8,1,200,88.0
402911291212,2714,2,10,53,4,0x7fc0,9,1,200,-546.0
402911308534,2715,2,10,53,4,0x7fc0,9,1,200,1187.0
402911324866,2716,2,10,53,4,0x7fc0,9,1,200,807.0
402911340953,2717,2,10,53,4,0x7fc0,9,1,200,-317.0
402911357623,2718,2,10,53,4,0x7f80,8,1,200,979.0
402911374423,2719,2,10,53,4,0x7fc0,9,1,200,-710.0
402911391326,2720,2,10,53,4,0x7f80,8,1,200,448.0
402911407839,2721,2,10,53,4,0x7fc0,9,1,200,-183.0
402911426955,2722,2,10,53,4,0x7f80,8,1,200,-796.0
402911443255,2723,2,10,53,4,0x7f80,8,1,200,-282.0
402911457734,2724,2,10,53,4,0x7f80,8,1,200,690.0
402911475047,2725,2,10,53,4,0x7fc0,9,1,200,669.0
402911491709,2726,2,10,53,4,0x7fc0,9,1,200,-530.0
402911508174,2727,2,10,53,4,0x7fc0,9,1,200,1139.0
402911524351,2728,2,10,53,4,0x7fc0,9,1,200,-462.0
402911541118,2729,2,10,53,4,0x7fc0,9,1,200,114.0
402911558263,2730,2,10,53,4,0x7fc0,9,1,200,-16.0
402911575110,2731,2,10,53,4,0x7fc0,9,1,200,748.0
402911591819,2732,2,10,53,4,0x7fc0,9,1,200,-966.0
402911608001,2733,2,10,53,4,0x7fc0,9,1,200,934.0
402911625004,2734,2,10,53,4,0x7fc0,9,1,200,685.0
402911642362,2735,2,10,53,4,0x7fc0,9,1,200,416.0
402911659311,2736,2,10,53,4,0x7fc0,9,1,200,407.0
402911675864,2737,2,10,53,4,0x7fc0,9,1,200,-147.0
402911693183,2738,2,10,53,4,0x7fc0,9,1,200,-226.0
402911708751,2739,2,10,53,4,0x7fc2,10,1,200,73.0
402911725780,2740,2,10,53,4,0x7fc0,9,1,200,379.0
402911742081,2741,2,10,53,4,0x7fc0,9,1,200,669.0
402911758908,2742,2,10,53,4,0x7fc0,9,1,200,929.0
402911775269,2743,2,10,53,4,0x7fc0,9,1,200,-509.0
402911791975,2744,2,10,53,4,0x7fc0,9,1,200,-86.0
402911808549,2745,2,10,53,4,0x7fc0,9,1,200,208.0
402911825122,2746,2,10,53,4,0x7fc0,9,1,200,575.0
402911842088,2747,2,10,53,4,0x7fc0,9,1,200,214.0
402911859158,2748,2,10,53,4,0x7fc0,9,1,200,645.0
402911875292,2749,2,10,53,4,0x7fc0,9,1,200,569.0
402911891805,2750,2,10,53,4,0x7fc0,9,1,200,-45.0
402911909626,2751,2,10,53,4,0x7fc0,9,1,200,242.0
402911926014,2752,2,10,53,4,0x7fc0,9,1,200,-236.0
402911942273,2753,2,10,53,4,0x7fc0,9,1,200,-427.0
402911958953,2754,2,10,53,4,0x7fc0,9,1,200,901.0
402911975800,2755,2,10,53,4,0x7fc0,9,1,200,-974.0
402911993882,2756,2,10,53,4,0x7fc0,9,1,200,958.0
402912009062,2757,2,10,53,4,0x7fc0,9,1,200,-308.0
402912025592,2758,2,10,53,4,0x7fc0,9,1,200,192.0
402912042191,2759,2,10,53,4,0x7fc0,9,1,200,-470.0
402912058945,2760,2,10,53,4,0x7fc0,9,1,200,919.0
402912075401,2761,2,10,53,4,0x7ec0,8,1,200,-726.0
402912092386,2762,2,10,53,4,0x7ec0,8,1,200,579.0
402912112326,2763,2,12,54,4,0x7ec0,8,1,200,861.0
402912126133,2764,2,12,54,4,0x7ee0,9,1,200,854.0
402912142866,2765,2,12,54,4,0x7e60,8,1,200,434.0
402912161043,2766,2,12,54,4,0x7e60,8,1,200,708.0
402912175715,2767,2,12,54,4,0x7e60,8,1,200,604.0
402912192622,2768,2,12,54,4,0x7e60,8,1,200,531.0
402912209249,2769,2,12,54,4,0x7e60,8,1,200,-331.0
402912226212,2770,2,12,54,4,0x7e60,8,1,200,-263.0
402912242226,2771,2,12,54,4,0x7e60,8,1,200,683.0
402912258877,2772,2,12,54,4,0x7e61,9,1,200,-798.0
402912275836,2773,2,12,54,4,0x7e41,8,1,200,-688.0
402912293091,2774,2,12,54,4,0x7e41,8,1,200,1004.0
402912309458,2775,2,12,54,4,0x7e40,7,1,200,673.0
402912326387,2776,2,12,54,4,0x7e60,8,1,200,868.0
402912342307,2777,2,12,54,4,0x7e60,8,1,200,-258.0
402912359218,2778,2,12,54,4,0x7c60,7,1,200,960.0
402912376037,2779,2,12,54,4,0x7e60,8,1,200,1078.0
402912392917,2780,2,12,54,4,0x7c60,7,1,200,253.0
402912409432,2781,2,12,54,4,0x7e60,8,1,200,721.0
402912425846,2782,2,12,54,4,0x7e60,8,1,200,1407.0
402912443595,2783,2,12,54,4,0x7e60,8,1,200,-136.0
402912459353,2784,2,12,54,4,0x7e60,8,1,200,719.0
402912475910,2785,2,12,54,4,0x7c60,7,1,200,1158.0
402912492705,2786,2,12,54,4,0x7c60,7,1,200,461.0
402912509133,2787,2,12,54,4,0x7e60,8,1,200,-63.0
402912526166,2788,2,12,54,4,0x7e60,8,1,200,228.0
402912543289,2789,2,12,54,4,0x7c60,7,1,200,864.0
402912559496,2790,2,12,54,4,0x7e60,8,1,200,-279.0
402912575631,2791,2,12,54,4,0x7c60,7,1,200,473.0
402912593009,2792,2,12,54,4,0x7c60,7,1,200,-919.0
402912609686,2793,2,12,54,4,0x7c60,7,1,200,399.0
402912626192,2794,2,12,54,4,0x7c60,7,1,200,-75.0
402912642990,2795,2,12,54,4,0x7c60,7,1,200,-858.0
402912658986,2796,2,12,54,4,0x7c60,7,1,200,-887.0
402912676465,2797,2,12,54,4,0x7c60,7,1,200,-1188.0
402912693053,2798,2,12,54,4,0x7c60,7,1,200,-766.0
402912709963,2799,2,12,54,4,0x7c60,7,1,200,533.0
402912727761,2800,2,12,54,4,0x0,0,1,200,572.0
402912744288,2801,2,12,54,4,0x7c60,7,1,200,-72.0
402912760071,2802,2,12,54,4,0x7c60,7,1,200,-878.0
402912776758,2803,2,12,54,4,0x7c60,7,1,200,405.0
402912792904,2804,2,12,54,4,0x7e60,8,1,200,-692.0
402912809551,2805,2,12,54,4,0x7e60,8,1,200,-224.0
402912826489,2806,2,12,54,4,0x7c60,7,1,200,617.0
402912842876,2807,2,12,54,4,0x7e60,8,1,200,1216.0
402912859876,2808,2,12,54,4,0x7e60,8,1,200,172.0
402912876103,2809,2,12,54,4,0x7e60,8,1,200,-878.0
402912892785,2810,2,12,54,4,0x7c60,7,1,200,-1110.0
402912909574,2811,2,12,54,4,0x7e60,8,1,200,-420.0
402912926110,2812,2,12,54,4,0x7c60,7,1,200,-10.0
402912942546,2813,2,12,54,4,0x7c60,7,1,200,588.0
402912959632,2814,2,12,54,4,0x7e60,8,1,200,-133.0
402912976202,2815,2,12,54,4,0x7c60,7,1,200,-924.0
402912992943,2816,2,12,54,4,0x7c60,7,1,200,1139.0
402913009697,2817,2,12,54,4,0x7c60,7,1,200,425.0
402913026173,2818,2,12,54,4,0x7c60,7,1,200,-988.0
402913043119,2819,2,12,54,4,0x7c60,7,1,200,932.0
402913060139,2820,2,12,54,4,0x7c60,7,1,200,-6.0
402913076334,2821,2,12,54,4,0x7c60,7,1,200,805.0
402913095178,2822,2,12,54,4,0x7c60,7,1,200,214.0
402913113828,2823,2,12,54,4,0x7c60,7,1,200,650.0
402913126938,2824,2,14,55,4,0x7c60,7,1,200,283.0
402913143106,2825,2,14,55,4,0x7c70,8,1,200,1016.0
402913161918,2826,2,14,55,4,0x7c70,8,1,200,344.0
402913176377,2827,2,14,55,4,0x7c70,8,1,200,-197.0
402913193327,2828,2,14,55,4,0x7c70,8,1,200,856.0
402913209636,2829,2,14,55,4,0x7470,7,1,200,-402.0
402913226563,2830,2,14,55,4,0x7470,7,1,200,-469.0
402913243301,2831,2,14,55,4,0x7460,6,1,200,937.0
402913259817,2832,2,14,55,4,0x7460,6,1,200,-550.0
402913276552,2833,2,14,55,4,0x7460,6,1,200,591.0
402913293626,2834,2,14,55,4,0x7460,6,1,200,-1247.0
402913310194,2835,2,14,55,4,0x7460,6,1,200,-120.0
402913327089,2836,2,14,55,4,0x7460,6,1,200,-937.0
402913343373,2837,2,14,55,4,0x7460,6,1,200,-812.0
402913361343,2838,2,14,55,4,0x7460,6,1,200,-12.0
402913377066,2839,2,14,55,4,0x7460,6,1,200,-419.0
402913393728,2840,2,14,55,4,0x7440,5,1,200,-282.0
402913410172,2841,2,14,55,4,0x7440,5,1,200,1113.0
402913427145,2842,2,14,55,4,0x7440,5,1,200,13.0
402913444020,2843,2,14,55,4,0x7440,5,1,200,-1292.0
402913459920,2844,2,14,55,4,0x7440,5,1,200,-1401.0
402913477134,2845,2,14,55,4,0x7440,5,1,200,-285.0
402913494501,2846,2,14,55,4,0x7440,5,1,200,1126.0
402913510581,2847,2,14,55,4,0x7440,5,1,200,1338.0
402913527312,2848,2,14,55,4,0x7440,5,1,200,-445.0
402913543832,2849,2,14,55,4,0x7440,5,1,200,63.0
402913560226,2850,2,14,55,4,0x7440,5,1,200,849.0
402913576993,2851,2,14,55,4,0x7040,4,1,200,-259.0
402913592972,2852,2,14,55,4,0x5000,2,1,200,826.0
402913609603,2853,2,14,55,4,0x5000,2,1,200,-350.0
402913626843,2854,2,14,55,4,0x7040,4,1,200,-23.0
402913644023,2855,2,14,55,4,0x7440,5,1,200,739.0
402913661211,2856,2,14,55,4,0x7400,4,1,200,-1139.0
402913677125,2857,2,14,55,4,0x7400,4,1,200,546.0
402913694384,2858,2,14,55,4,0x7400,4,1,200,1432.0
402913709920,2859,2,14,55,4,0x7000,3,1,200,-876.0
402913727314,2860,2,14,55,4,0x7000,3,1,200,-472.0
402913742990,2861,2,14,55,4,0x7000,3,1,200,-334.0
402913759597,2862,2,14,55,4,0x7000,3,1,200,-753.0
402913777017,2863,2,14,55,4,0x7000,3,1,200,700.0
402913793563,2864,2,14,55,4,0x7000,3,1,200,-797.0
402913809781,2865,2,14,55,4,0x7000,3,1,200,-851.0
402913826685,2866,2,14,55,4,0x7000,3,1,200,1001.0
402913843301,2867,2,14,55,4,0x7000,3,1,200,-704.0
402913860217,2868,2,14,55,4,0x7000,3,1,200,-979.0
402913876609,2869,2,14,55,4,0x7000,3,1,200,-5.0
402913893594,2870,2,14,55,4,0x7000,3,1,200,-928.0
402913910053,2871,2,14,55,4,0x7000,3,1,200,-354.0
402913927398,2872,2,14,55,4,0x7000,3,1,200,-777.0
402913943524,2873,2,14,55,4,0x7000,3,1,200,885.0
402913960309,2874,2,14,55,4,0x7000,3,1,200,-137.0
402913976408,2875,2,14,55,4,0x7000,3,1,200,795.0
402913993895,2876,2,14,55,4,0x7400,4,1,200,1006.0
402914010441,2877,2,14,55,4,0x7400,4,1,200,171.0
402914027092,2878,2,14,55,4,0x7400,4,1,200,-953.0
402914044669,2879,2,14,55,4,0x7400,4,1,200,-178.0
402914059730,2880,2,14,55,4,0x7000,3,1,200,107.0
402914076903,2881,2,14,55,4,0x7000,3,1,200,-119.0
402914094109,2882,2,14,55,4,0x7040,4,1,200,-777.0
402914113641,2883,2,14,55,4,0x7000,3,1,200,186.0
402914127752,2884,2,14,55,4,0x7040,4,1,200,-214.0
402914144916,2885,2,12,56,4,0x7040,4,1,200,534.0
402914161813,2886,2,12,56,4,0x7040,4,1,200,596.0
402914177449,2887,2,12,56,4,0x4040,2,1,200,952.0
402914193780,2888,2,12,56,4,0x4040,2,1,200,-345.0
402914210221,2889,2,12,56,4,0x4000,1,1,200,-580.0
402914228225,2890,2,12,56,4,0x4040,2,1,200,-945.0
402914243246,2891,2,12,56,4,0x4040,2,1,200,427.0
402914260076,2892,2,12,56,4,0x4040,2,1,200,490.0
402914276758,2893,2,12,56,4,0x4040,2,1,200,-357.0
402914293572,2894,2,12,56,4,0x4040,2,1,200,853.0
402914310000,2895,2,12,56,4,0x4040,2,1,200,586.0
402914326720,2896,2,12,56,4,0x4040,2,1,200,-70.0
402914344201,2897,2,12,56,4,0x4040,2,1,200,664.0
402914360273,2898,2,12,56,4,0x4040,2,1,200,-827.0
402914376838,2899,2,12,56,4,0x0,0,1,200,600.0
402914393892,2900,2,12,56,4,0x0,0,1,200,-317.0
402914410022,2901,2,12,56,4,0x0,0,1,200,-992.0
402914427034,2902,2,12,56,4,0x0,0,1,200,-1191.0
402914443323,2903,2,12,56,4,0x0,0,1,200,-37.0
402914462210,2904,2,12,56,4,0x0,0,1,200,-500.0
402914476934,2905,2,12,56,4,0x0,0,1,200,533.0
402914493515,2906,2,12,56,4,0x0,0,1,200,675.0
402914510236,2907,2,12,56,4,0x0,0,1,200,925.0
402914527383,2908,2,12,56,4,0x0,0,1,200,819.0
402914543484,2909,2,12,56,4,0x0,0,1,200,-457.0
402914560182,2910,2,12,56,4,0x0,0,1,200,-171.0
402914577320,2911,2,12,56,4,0x0,0,1,200,743.0
402914595040,2912,2,12,56,4,0x0,0,1,200,971.0
402914612245,2913,2,12,56,4,0x0,0,1,200,883.0
402914629561,2914,2,12,56,4,0x7c40,6,1,200,392.0
402914644796,2915,2,12,56,4,0x7e40,7,1,200,-865.0
402914661130,2916,2,12,56,4,0x7e40,7,1,200,1050.0
402914678193,2917,2,12,56,4,0x7e40,7,1,200,852.0
402914694378,2918,2,12,56,4,0x7e40,7,1,200,-219.0
402914711435,2919,2,12,56,4,0x7e40,7,1,200,615.0
402914729636,2920,2,12,56,4,0x7e40,7,1,200,-227.0
402914744805,2921,2,12,56,4,0x7e00,6,1,200,-497.0
402914761440,2922,2,12,56,4,0x7e40,7,1,200,-496.0
402914777891,2923,2,12,56,4,0x7e40,7,1,200,41.0
402914794528,2924,2,12,56,4,0x7e41,8,1,200,-607.0
402914811440,2925,2,12,56,4,0x7e41,8,1,200,876.0
402914827975,2926,2,12,56,4,0x7e41,8,1,200,1049.0
402914845219,2927,2,12,56,4,0x7e41,8,1,200,778.0
402914862133,2928,2,12,56,4,0x7e41,8,1,200,966.0
402914879907,2929,2,12,56,4,0x7e41,8,1,200,-675.0
402914895208,2930,2,12,56,4,0x1fe41,10,1,200,114.0
402914911926,2931,2,12,56,4,0x1fe41,10,1,200,-615.0
402914928867,2932,2,12,56,4,0x1fe41,10,1,200,85.0
402914945305,2933,2,12,56,4,0x1fe41,10,1,200,-1040.0
402914961943,2934,2,12,56,4,0x1fe41,10,1,200,-929.0
402914978450,2935,2,12,56,4,0x1fe41,10,1,200,-136.0
402914995289,2936,2,12,56,4,0x1fe41,10,1,200,715.0
402915011822,2937,2,12,56,4,0x1fe41,10,1,200,-427.0
402915031083,2938,2,12,56,4,0x1fe41,10,1,200,198.0
402915045618,2939,2,12,56,4,0x1fe41,10,1,200,547.0
402915061758,2940,2,12,56,4,0x1ff41,11,1,200,743.0
402915078783,2941,2,12,56,4,0x1ff41,11,1,200,549.0
402915095067,2942,2,12,56,4,0x1fe41,10,1,200,-677.0
402915112623,2943,1,255,57,4,0x17e41,9,1,200,-775.0
402915130351,2944,1,255,57,4,0x17f41,10,1,200,-262.0
402915146895,2945,1,255,57,4,0x17e41,9,1,200,362.0
402915163365,2946,1,255,57,4,0x17f41,10,1,200,-503.0
402915178398,2947,1,255,57,4,0x17f41,10,1,200,-910.0
402915195539,2948,1,255,57,4,0x7f41,9,1,200,-1004.0
402915211756,2949,1,255,57,4,0x7fc1,10,1,200,920.0
402915228640,2950,1,255,57,4,0x7f41,9,1,200,-482.0
402915245592,2951,1,255,57,4,0x7fc0,9,1,200,867.0
402915262401,2952,1,255,57,4,0x7f40,8,1,200,-912.0
402915278761,2953,1,255,57,4,0x7fc0,9,1,200,-111.0
402915295176,2954,1,255,57,4,0x7fc1,10,1,200,-1117.0
402915311983,2955,1,255,57,4,0x7fc0,9,1,200,879.0
402915329176,2956,1,255,57,4,0x7fc0,9,1,200,915.0
402915345431,2957,1,255,57,4,0x7fc0,9,1,200,-455.0
402915362214,2958,1,255,57,4,0x7fc0,9,1,200,-41.0
402915378847,2959,1,255,57,4,0x7fc0,9,1,200,25.0
402915395868,2960,1,255,57,4,0x7fc0,9,1,200,980.0
402915412336,2961,1,255,57,4,0x7fc0,9,1,200,1021.0
402915429294,2962,1,255,57,4,0x7fc0,9,1,200,-1600.0
402915445728,2963,1,255,57,4,0x7fc0,9,1,200,-23.0
402915463473,2964,1,255,57,4,0x7fc0,9,1,200,946.0
402915479361,2965,1,255,57,4,0x7fc0,9,1,200,-147.0
402915495579,2966,1,255,57,4,0x7fc0,9,1,200,546.0
402915512326,2967,1,255,57,4,0x7fc0,9,1,200,55.0
402915529110,2968,1,255,57,4,0x7fc0,9,1,200,2.0
402915545569,2969,1,255,57,4,0x7fc0,9,1,200,-688.0
402915562136,2970,1,255,57,4,0x7fc0,9,1,200,-120.0
402915579043,2971,1,255,57,4,0x7fc0,9,1,200,217.0
402915596462,2972,1,255,57,4,0x7fc0,9,1,200,1159.0
402915612208,2973,1,255,57,4,0x7fc0,9,1,200,-433.0
402915628972,2974,1,255,57,4,0x7fc0,9,1,200,324.0
402915645624,2975,1,255,57,4,0x7fc0,9,1,200,564.0
402915662748,2976,1,255,57,4,0x7fc0,9,1,200,47.0
402915678932,2977,1,255,57,4,0x7fc0,9,1,200,-644.0
402915695728,2978,1,255,57,4,0x7fc0,9,1,200,784.0
402915713240,2979,1,255,57,4,0x7fc0,9,1,200,-1117.0
402915729241,2980,1,255,57,4,0x7fc0,9,1,200,-1000.0
402915745635,2981,1,255,57,4,0x7ec0,8,1,200,747.0
402915762232,2982,1,255,57,4,0x7ec0,8,1,200,854.0
402915778960,2983,1,255,57,4,0x7ee0,9,1,200,-381.0
402915795492,2984,1,255,57,4,0x7ee0,9,1,200,1012.0
402915812519,2985,1,255,57,4,0x7e60,8,1,200,-933.0
402915828885,2986,1,255,57,4,0x7c60,7,1,200,520.0
402915846274,2987,1,255,57,4,0x7c60,7,1,200,-1115.0
402915862808,2988,1,255,57,4,0x7c70,8,1,200,-74.0
402915879458,2989,1,255,57,4,0x7c70,8,1,200,-1415.0
402915896004,2990,1,255,57,4,0x7478,8,1,200,839.0
402915912642,2991,1,255,57,4,0x7478,8,1,200,-559.0
402915929240,2992,1,255,57,4,0x7478,8,1,200,352.0
402915946126,2993,1,255,57,4,0x7078,7,1,200,-504.0
402915963492,2994,1,255,57,4,0x5078,6,1,200,909.0
402915979394,2995,1,255,57,4,0x5078,6,1,200,-198.0
402915997841,2996,1,255,57,4,0x1078,5,1,200,1306.0
402916013716,2997,1,255,57,4,0x5078,6,1,200,-1080.0
402916029396,2998,1,255,57,4,0x5078,6,1,200,356.0
402916046123,2999,1,255,57,4,0x5078,6,1,200,849.0
402916062887,3000,1,255,57,4,0x507e,8,1,200,984.0
402916079329,3001,1,255,57,4,0x507e,8,1,200,-1026.0
402916096519,3002,1,255,57,4,0x507e,8,1,200,883.0
402916112807,3003,1,255,58,4,0x507e,8,1,200,-46.0
402916129465,3004,1,255,58,4,0xd07e,9,1,200,627.0
402916146953,3005,1,255,58,4,0x407e,7,1,200,404.0
402916163707,3006,1,255,58,4,0x407e,7,1,200,-884.0
402916179972,3007,1,255,58,4,0x407e,7,1,200,581.0
402916196731,3008,1,255,58,4,0x807e,7,1,200,-89.0
402916213342,3009,1,255,58,4,0x807e,7,1,200,-328.0
402916230475,3010,1,255,58,4,0x407e,7,1,200,-273.0
402916246624,3011,1,255,58,4,0x7e,6,1,200,521.0
402916263132,3012,1,255,58,4,0x807e,7,1,200,-842.0
402916280173,3013,1,255,58,4,0x7e,6,1,200,-1514.0
402916296515,3014,1,255,58,4,0x7e,6,1,200,64.0
402916313585,3015,1,255,58,4,0x7e,6,1,200,404.0
402916329564,3016,1,255,58,4,0x807e,7,1,200,782.0
402916347056,3017,1,255,58,4,0x7e,6,1,200,216.0
402916363076,3018,1,255,58,4,0x7e,6,1,200,21.0
402916379500,3019,1,255,58,4,0x7e,6,1,200,-1118.0
402916397133,3020,1,255,58,4,0x7e,6,1,200,999.0
402916413629,3021,1,255,58,4,0x807e,7,1,200,137.0
402916430068,3022,1,255,58,4,0x7e,6,1,200,-825.0
402916446667,3023,1,255,58,4,0x7e,6,1,200,931.0
402916463250,3024,1,255,58,4,0x7e,6,1,200,-896.0
402916479720,3025,1,255,58,4,0x7e,6,1,200,-602.0
402916496666,3026,1,255,58,4,0x7e,6,1,200,-495.0
402916513476,3027,1,255,58,4,0x7e,6,1,200,-141.0
402916531992,3028,1,255,58,4,0x807e,7,1,200,-1055.0
402916546950,3029,1,255,58,4,0x7e,6,1,200,-881.0
402916563917,3030,1,255,58,4,0x407e,7,1,200,93.0
402916580018,3031,1,255,58,4,0x407e,7,1,200,1311.0
402916596584,3032,1,255,58,4,0x7e,6,1,200,-880.0
402916613388,3033,1,255,58,4,0x407e,7,1,200,772.0
402916630062,3034,1,255,58,4,0x407e,7,1,200,460.0
402916646744,3035,1,255,58,4,0x407e,7,1,200,855.0
402916663323,3036,1,255,58,4,0x407e,7,1,200,-323.0
402916680184,3037,1,255,58,4,0x407e,7,1,200,-970.0
402916697409,3038,1,255,58,4,0x407e,7,1,200,209.0
402916713428,3039,1,255,58,4,0x407e,7,1,200,984.0
402916730008,3040,1,255,58,4,0x507a,7,1,200,-992.0
402916746508,3041,1,255,58,4,0x407a,6,1,200,-82.0
402916763233,3042,1,255,58,4,0x5078,6,1,200,275.0
402916779971,3043,1,255,58,4,0x5078,6,1,200,1357.0
402916796740,3044,1,255,58,4,0x7078,7,1,200,160.0
402916813637,3045,1,255,58,4,0x7478,8,1,200,333.0
402916831112,3046,1,255,58,4,0x7478,8,1,200,974.0
402916846716,3047,1,255,58,4,0x7478,8,1,200,1023.0
402916863336,3048,1,255,58,4,0x7478,8,1,200,-486.0
402916880037,3049,1,255,58,4,0x7478,8,1,200,-435.0
402916897101,3050,1,255,58,4,0x74f0,8,1,200,-1189.0
402916913452,3051,1,255,58,4,0x74f0,8,1,200,93.0
402916930454,3052,1,255,58,4,0x74f0,8,1,200,757.0
402916946881,3053,1,255,58,4,0x54f2,8,1,200,-647.0
402916964579,3054,1,255,58,4,0x54f2,8,1,200,-1790.0
402916982641,3055,1,255,58,4,0x54f2,8,1,200,1025.0
402916998442,3056,1,255,58,4,0x5472,7,1,200,-373.0
402917013611,3057,1,255,58,4,0x54f0,7,1,200,-400.0
402917030986,3058,1,255,58,4,0x54f2,8,1,200,913.0
402917046716,3059,1,255,58,4,0x54f2,8,1,200,144.0
402917064165,3060,1,255,58,4,0x54f2,8,1,200,507.0
402917080766,3061,1,255,58,4,0x54f2,8,1,200,-573.0
402917096890,3062,1,255,58,4,0x5472,7,1,200,409.0
402917113706,3063,1,255,58,4,0x54f2,8,1,200,702.0
402917130151,3064,1,255,58,4,0x54f2,8,1,200,831.0
402917147182,3065,1,255,59,4,0x54f2,8,1,200,840.0
402917164089,3066,1,255,59,4,0x54f2,8,1,200,-928.0
402917180232,3067,1,255,59,4,0x54f2,8,1,200,134.0
402917197396,3068,1,255,59,4,0x54f2,8,1,200,-851.0
402917213630,3069,1,255,59,4,0x54f2,8,1,200,49.0
402917230581,3070,1,255,59,4,0x54f2,8,1,200,595.0
402917247223,3071,1,255,59,4,0x54e0,6,1,200,130.0
402917263794,3072,1,255,59,4,0x54e2,7,1,200,-475.0
402917280575,3073,1,255,59,4,0x54e2,7,1,200,-339.0
402917297155,3074,1,255,59,4,0x54e2,7,1,200,658.0
402917313467,3075,1,255,59,4,0x54e2,7,1,200,419.0
402917330544,3076,1,255,59,4,0x74e0,7,1,200,945.0
402917347713,3077,1,255,59,4,0x7460,6,1,200,-1071.0
402917364213,3078,1,255,59,4,0x7460,6,1,200,-1011.0
402917380526,3079,1,255,59,4,0x74e0,7,1,200,-802.0
402917397111,3080,1,255,59,4,0x7462,7,1,200,806.0
402917414182,3081,1,255,59,4,0x7462,7,1,200,973.0
402917432513,3082,1,255,59,4,0x7462,7,1,200,-1034.0
402917447524,3083,1,255,59,4,0x74e2,8,1,200,-479.0
402917463720,3084,1,255,59,4,0x7460,6,1,200,1073.0
402917480497,3085,1,255,59,4,0x74e0,7,1,200,-490.0
402917497721,3086,1,255,59,4,0x7460,6,1,200,-380.0
402917514064,3087,1,255,59,4,0x7460,6,1,200,-1220.0
402917530675,3088,1,255,59,4,0x7470,7,1,200,-539.0
402917547204,3089,1,255,59,4,0x7470,7,1,200,185.0
402917564822,3090,1,255,59,4,0x74e0,7,1,200,199.0
402917580568,3091,1,255,59,4,0x74f0,8,1,200,810.0
402917597555,3092,1,255,59,4,0x7470,7,1,200,-934.0
402917613901,3093,1,255,59,4,0x74f0,8,1,200,1039.0
402917631121,3094,1,255,59,4,0x7470,7,1,200,-802.0
402917648339,3095,1,255,59,4,0x74f0,8,1,200,-831.0
402917664135,3096,1,255,59,4,0x7460,6,1,200,795.0
402917681037,3097,1,255,59,4,0x7460,6,1,200,93.0
402917697359,3098,1,255,59,4,0x74f0,8,1,200,223.0
402917714791,3099,1,255,59,4,0x74e0,7,1,200,50.0
402917731319,3100,1,255,59,4,0x7460,6,1,200,-1037.0
402917747721,3101,1,255,59,4,0x74f0,8,1,200,-108.0
402917765119,3102,1,255,59,4,0x7470,7,1,200,-17.0
402917781567,3103,1,255,59,4,0x74f0,8,1,200,-144.0
402917797869,3104,1,255,59,4,0x7460,6,1,200,-105.0
402917814593,3105,1,255,59,4,0x74e0,7,1,200,796.0
402917830860,3106,1,255,59,4,0x7460,6,1,200,452.0
402917847732,3107,1,255,59,4,0x74e0,7,1,200,71.0
402917864416,3108,1,255,59,4,0x74e0,7,1,200,1065.0
402917881044,3109,1,255,59,4,0x74e2,8,1,200,102.0
402917897820,3110,1,255,59,4,0x74e2,8,1,200,10.0
402917915391,3111,1,255,59,4,0x74e2,8,1,200,75.0
402917931255,3112,1,255,59,4,0x74e2,8,1,200,-1045.0
402917947980,3113,1,255,59,4,0x74e2,8,1,200,-699.0
402917964494,3114,1,255,59,4,0x74e2,8,1,200,-282.0
402917980800,3115,1,255,59,4,0x74e2,8,1,200,546.0
402917997961,3116,1,255,59,4,0x74e2,8,1,200,474.0
402918014741,3117,1,255,59,4,0x7ce0,8,1,200,-751.0
402918031870,3118,1,255,59,4,0x7ce0,8,1,200,807.0
402918047692,3119,1,255,59,4,0x7ce0,8,1,200,55.0
402918064254,3120,1,255,59,4,0x7ce0,8,1,200,1215.0
402918081112,3121,1,255,59,4,0x7ce0,8,1,200,-1071.0
402918097990,3122,1,255,59,4,0x7ce0,8,1,200,-946.0
402918114851,3123,1,255,59,4,0x7ce0,8,1,200,-939.0
402918131225,3124,2,255,60,4,0x7ce0,8,1,200,269.0
402918149260,3125,2,255,60,4,0x7ce0,8,1,200,1104.0
402918165333,3126,2,255,60,4,0x7cc0,7,1,200,471.0
402918181155,3127,2,255,60,4,0x7cc0,7,1,200,440.0
402918197873,3128,2,255,60,4,0x7cc0,7,1,200,699.0
402918214583,3129,2,255,60,4,0x7ce0,8,1,200,-760.0
402918231247,3130,2,255,60,4,0x7c60,7,1,200,-877.0
402918247786,3131,2,255,60,4,0x7c60,7,1,200,-359.0
402918264319,3132,2,255,60,4,0x7c60,7,1,200,153.0
402918281278,3133,2,255,60,4,0x7c60,7,1,200,203.0
402918298050,3134,2,255,60,4,0x7c60,7,1,200,-88.0
402918314988,3135,2,255,60,4,0x7460,6,1,200,953.0
402918336147,3136,2,255,60,4,0x7c60,7,1,200,196.0
402918348260,3137,2,14,61,4,0x7c60,7,1,200,329.0
402918365562,3138,2,14,61,4,0x7c60,7,1,200,-829.0
402918381618,3139,2,14,61,4,0x7460,6,1,200,-167.0
402918398050,3140,2,14,61,4,0x7460,6,1,200,41.0
402918414361,3141,2,14,61,4,0x7460,6,1,200,791.0
402918431364,3142,2,14,61,4,0x7460,6,1,200,916.0
402918448292,3143,2,14,61,4,0x7400,4,1,200,-328.0
402918464951,3144,2,14,61,4,0x7400,4,1,200,582.0
402918481382,3145,2,14,61,4,0x7400,4,1,200,-310.0
402918498270,3146,2,14,61,4,0x7400,4,1,200,-545.0
402918515252,3147,2,14,61,4,0x7400,4,1,200,-393.0
402918531792,3148,2,14,61,4,0x7400,4,1,200,-308.0
402918548050,3149,2,14,61,4,0x3400,3,1,200,406.0
402918564662,3150,2,14,61,4,0x3400,3,1,200,-92.0
402918581625,3151,2,14,61,4,0x3c00,4,1,200,760.0
402918598294,3152,2,14,61,4,0x3c00,4,1,200,-436.0
402918615013,3153,2,14,61,4,0x3c00,4,1,200,-104.0
402918631489,3154,2,14,61,4,0x7c00,5,1,200,-441.0
402918648248,3155,2,14,61,4,0x7c00,5,1,200,-575.0
402918665491,3156,2,14,61,4,0x7c00,5,1,200,-912.0
402918681791,3157,2,14,61,4,0x7c00,5,1,200,-664.0
402918698218,3158,2,14,61,4,0x7c00,5,1,200,127.0
402918715083,3159,2,14,61,4,0x7c00,5,1,200,445.0
402918731522,3160,2,14,61,4,0x7c00,5,1,200,1103.0
402918748701,3161,2,14,61,4,0x7c00,5,1,200,-621.0
402918765118,3162,2,14,61,4,0x7c00,5,1,200,192.0
402918781933,3163,2,14,61,4,0x7c00,5,1,200,-970.0
402918798278,3164,2,14,61,4,0x7c00,5,1,200,231.0
402918814910,3165,2,14,61,4,0x7c00,5,1,200,788.0
402918831419,3166,2,14,61,4,0x7c00,5,1,200,-10.0
402918848316,3167,2,14,61,4,0x7400,4,1,200,17.0
402918864821,3168,2,14,61,4,0x7400,4,1,200,727.0
402918881627,3169,2,14,61,4,0x7400,4,1,200,-392.0
402918898852,3170,2,14,61,4,0x7000,3,1,200,974.0
402918915648,3171,2,14,61,4,0x7800,4,1,200,-803.0
402918932335,3172,2,14,61,4,0x7000,3,1,200,-406.0
402918948366,3173,2,14,61,4,0x7040,4,1,200,1154.0
402918965122,3174,2,14,61,4,0x7840,5,1,200,61.0
402918981967,3175,2,14,61,4,0x7040,4,1,200,806.0
402918998462,3176,2,14,61,4,0x7040,4,1,200,1001.0
402919015492,3177,2,14,61,4,0x7460,6,1,200,1141.0
402919031556,3178,2,14,61,4,0x7060,5,1,200,225.0
402919048653,3179,2,14,61,4,0x7060,5,1,200,-534.0
402919064992,3180,2,14,61,4,0x7060,5,1,200,264.0
402919081909,3181,2,14,61,4,0x7060,5,1,200,-963.0
402919099705,3182,2,14,61,4,0x7060,5,1,200,-124.0
402919116870,3183,2,14,61,4,0x7060,5,1,200,-288.0
402919136387,3184,2,14,61,4,0x7060,5,1,200,460.0
402919150521,3185,2,14,61,4,0x7060,5,1,200,817.0
402919167750,3186,2,6,62,4,0x7070,6,1,200,321.0
402919185744,3187,2,6,62,4,0x5070,5,1,200,-528.0
402919199511,3188,2,6,62,4,0x7c70,8,1,200,-785.0
402919216021,3189,2,6,62,4,0x7c78,9,1,200,-225.0
402919232896,3190,2,6,62,4,0x7c78,9,1,200,137.0
402919250006,3191,2,6,62,4,0x7878,8,1,200,1318.0
402919266852,3192,2,6,62,4,0x7078,7,1,200,914.0
402919283306,3193,2,6,62,4,0x7078,7,1,200,149.0
402919300395,3194,2,6,62,4,0x7070,6,1,200,571.0
402919316571,3195,2,6,62,4,0x7078,7,1,200,-515.0
402919333844,3196,2,6,62,4,0x7070,6,1,200,-407.0
402919349982,3197,2,6,62,4,0xf078,8,1,200,-157.0
402919367280,3198,2,6,62,4,0xf078,8,1,200,-194.0
402919383698,3199,2,6,62,4,0xf078,8,1,200,867.0
402919400655,3200,2,6,62,4,0xf070,7,1,200,-568.0
402919416952,3201,2,6,62,4,0xf870,8,1,200,878.0
402919433795,3202,2,6,62,4,0xf870,8,1,200,-373.0
402919450043,3203,2,6,62,4,0xf870,8,1,200,328.0
402919467203,3204,2,6,62,4,0x7870,7,1,200,847.0
402919483746,3205,2,6,62,4,0x7c70,8,1,200,-250.0
402919499713,3206,2,6,62,4,0x7c70,8,1,200,185.0
402919516087,3207,2,6,62,4,0x7870,7,1,200,-364.0
402919532613,3208,2,6,62,4,0x7c70,8,1,200,-862.0
402919549563,3209,2,6,62,4,0x7c70,8,1,200,287.0
402919566594,3210,2,6,62,4,0x7c70,8,1,200,973.0
402919583049,3211,2,6,62,4,0x7c70,8,1,200,-386.0
402919599256,3212,2,6,62,4,0x7c70,8,1,200,158.0
402919616237,3213,2,6,62,4,0x7c68,8,1,200,856.0
402919634082,3214,2,6,62,4,0x7c78,9,1,200,-30.0
402919649907,3215,2,6,62,4,0x7c78,9,1,200,880.0
402919666122,3216,2,6,62,4,0x7c70,8,1,200,362.0
402919682770,3217,2,6,62,4,0x7c78,9,1,200,-307.0
402919699865,3218,2,6,62,4,0x7c78,9,1,200,1146.0
402919716102,3219,2,6,62,4,0x7478,8,1,200,808.0
402919733006,3220,2,6,62,4,0x7478,8,1,200,-967.0
402919749471,3221,2,6,62,4,0x7478,8,1,200,884.0
402919766356,3222,2,6,62,4,0x7478,8,1,200,-200.0
402919783190,3223,2,6,62,4,0x7478,8,1,200,514.0
402919799188,3224,2,6,62,4,0x7478,8,1,200,616.0
402919816865,3225,2,6,62,4,0x7478,8,1,200,-631.0
402919833178,3226,2,6,62,4,0x7078,7,1,200,845.0
402919851949,3227,2,6,62,4,0x7478,8,1,200,-570.0
402919866781,3228,2,6,62,4,0x7078,7,1,200,-846.0
402919882669,3229,2,6,62,4,0x4078,5,1,200,-932.0
402919899327,3230,2,6,62,4,0x78,4,1,200,764.0
402919916017,3231,2,6,62,4,0x78,4,1,200,-886.0
402919932829,3232,2,6,62,4,0x78,4,1,200,326.0
402919950317,3233,2,6,62,4,0x38,3,1,200,-553.0
402919965459,3234,2,6,62,4,0x0,0,1,200,-589.0
402919982208,3235,2,6,62,4,0x0,0,1,200,338.0
402919998705,3236,2,6,62,4,0x0,0,1,200,375.0
402920015397,3237,2,6,62,4,0x0,0,1,200,1004.0
402920032407,3238,2,6,62,4,0x0,0,1,200,-691.0
402920048748,3239,2,6,62,4,0x0,0,1,200,59.0
402920065488,3240,2,6,62,4,0x0,0,1,200,464.0
402920083450,3241,2,6,62,4,0x0,0,1,200,-1036.0
402920098836,3242,2,6,62,4,0x0,0,1,200,-231.0
402920115604,3243,2,6,62,4,0x0,0,1,200,-1051.0
402920132336,3244,2,6,62,4,0x0,0,1,200,-105.0
402920148975,3245,2,6,62,4,0x0,0,1,200,552.0
402920166532,3246,2,6,62,4,0x0,0,1,200,519.0
402920182525,3247,2,6,62,4,0x0,0,1,200,-1079.0
402920199041,3248,2,6,62,4,0x0,0,1,200,403.0
402920216019,3249,2,6,62,4,0x0,0,1,200,14.0
402920232394,3250,2,6,62,4,0x0,0,1,200,-1018.0
402920251289,3251,2,6,62,4,0x0,0,0,200,1047.0
402920268266,3252,2,6,62,4,0x0,0,0,200,312.0
402920283700,3253,2,6,62,4,0x0,0,0,200,245.0
402920300498,3254,2,6,62,4,0x0,0,0,200,-972.0
402920317638,3255,2,6,62,4,0x0,0,0,200,-797.0
402920333832,3256,2,6,62,4,0x0,0,0,200,-228.0
402920350862,3257,2,6,62,4,0x0,0,0,200,368.0
402920367974,3258,2,6,62,4,0x0,0,0,200,-563.0
402920384156,3259,2,6,62,4,0x0,0,0,200,1157.0
402920401359,3260,2,6,62,4,0x0,0,0,200,-197.0
402920417572,3261,2,6,62,4,0x0,0,0,200,1132.0
402920434287,3262,2,6,62,4,0x0,0,0,200,-284.0
402920450696,3263,2,6,62,4,0x0,0,0,200,-951.0
402920467839,3264,2,6,62,4,0x0,0,0,200,-350.0
402920485177,3265,2,6,62,4,0x0,0,0,200,-943.0
402920502456,3266,2,6,62,4,0x0,0,0,200,-768.0
402920516803,3267,2,6,62,4,0x0,0,0,200,-792.0
402920533289,3268,2,6,62,4,0x0,0,0,200,730.0
402920550713,3269,2,6,62,4,0x0,0,0,200,-1165.0
402920567029,3270,2,6,62,4,0x0,0,0,200,603.0
402920583371,3271,2,6,62,4,0x0,0,0,200,126.0
402920600073,3272,2,6,62,4,0x0,0,0,200,-159.0
402920616984,3273,2,6,62,4,0x0,0,0,200,-609.0
402920634101,3274,2,6,62,4,0x0,0,0,200,-910.0
402920650696,3275,2,6,62,4,0x0,0,0,200,-947.0
402920667561,3276,2,6,62,4,0x0,0,0,200,-731.0
402920684126,3277,2,6,62,4,0x0,0,0,200,352.0
402920701954,3278,2,6,62,4,0x0,0,0,200,-381.0
402920716763,3279,2,6,62,4,0x0,0,0,200,-605.0
402920733625,3280,2,6,62,4,0x0,0,0,200,-312.0
402920750244,3281,2,6,62,4,0x0,0,0,200,-861.0
402920767035,3282,2,6,62,4,0x0,0,0,200,-130.0
402920784711,3283,2,6,62,4,0x0,0,0,200,-1138.0
402920800604,3284,2,6,62,4,0x0,0,0,200,989.0
402920818426,3285,2,6,62,4,0x0,0,0,200,22.0
402920835213,3286,2,6,62,4,0x0,0,0,200,-95.0
402920851522,3287,2,6,62,4,0x0,0,0,200,538.0
402920868980,3288,2,6,62,4,0x0,0,0,200,275.0
402920886607,3289,2,6,62,4,0x0,0,0,200,-192.0
402920901741,3290,2,6,62,4,0x0,0,0,200,-229.0
402920918450,3291,2,6,62,4,0x0,0,0,200,-532.0
402920934703,3292,2,6,62,4,0x0,0,0,200,471.0
402920952479,3293,2,6,62,4,0x0,0,0,200,-606.0
402920968929,3294,2,6,62,4,0x0,0,0,200,-1039.0
402920985285,3295,2,6,62,4,0x0,0,0,200,242.0
402921002131,3296,2,6,62,4,0x0,0,0,200,527.0
402921018628,3297,2,6,62,4,0x0,0,0,200,275.0
402921039573,3298,2,6,62,4,0x7c40,6,0,200,272.0
402921055559,3299,2,12,63,4,0x7cc0,7,1,200,-423.0
402921070196,3300,2,12,63,4,0x7c40,6,1,200,1025.0
402921091135,3301,2,12,63,4,0x7cc0,7,1,200,630.0
402921107716,3302,2,12,63,4,0x7cc0,7,1,200,552.0
402921118245,3303,2,12,63,4,0x7cc0,7,1,200,634.0
402921135368,3304,2,12,63,4,0x7cc0,7,1,200,-254.0
402921151647,3305,2,12,63,4,0x7cc0,7,1,200,429.0
402921168253,3306,2,12,63,4,0x7cc0,7,1,200,356.0
402921184168,3307,2,12,63,4,0x7cc0,7,1,200,672.0
402921201205,3308,2,12,63,4,0x7cc0,7,1,200,853.0
402921218385,3309,2,12,63,4,0x7cc0,7,1,200,148.0
402921237760,3310,2,12,63,4,0x7cc0,7,1,200,-886.0
402921253460,3311,2,12,63,4,0x7cc0,7,1,200,-537.0
402921268929,3312,2,12,63,4,0x7cc0,7,1,200,1076.0
402921285111,3313,2,12,63,4,0x7ce0,8,1,200,182.0
402921301717,3314,2,12,63,4,0x7ce0,8,1,200,-287.0
402921317632,3315,2,12,63,4,0x7ce0,8,1,200,-616.0
402921337592,3316,2,12,63,4,0x7ce0,8,1,200,567.0
402921351550,3317,2,12,63,4,0x7ce0,8,1,200,-191.0
402921368247,3318,2,12,63,4,0x7ce0,8,1,200,757.0
402921384176,3319,2,12,63,4,0x7ce0,8,1,200,183.0
402921401002,3320,2,12,63,4,0x7ee0,9,1,200,-977.0
402921417849,3321,2,12,63,4,0x7ee0,9,1,200,246.0
402921438479,3322,2,12,63,4,0x7ee0,9,1,200,-286.0
402921452130,3323,2,12,63,4,0x7ee0,9,1,200,-997.0
402921468373,3324,2,12,63,4,0x7ee0,9,1,200,244.0
402921484919,3325,2,12,63,4,0x7ee0,9,1,200,936.0
402921501427,3326,2,12,63,4,0x7ee0,9,1,200,-881.0
402921518699,3327,2,12,63,4,0x7ee0,9,1,200,-987.0
402921535296,3328,2,12,63,4,0x7ec0,8,1,200,717.0
402921551403,3329,2,12,63,4,0x7ee0,9,1,200,147.0
402921568525,3330,2,12,63,4,0x7ec0,8,1,200,-1035.0
402921584772,3331,2,12,63,4,0x7ec0,8,1,200,499.0
402921601245,3332,2,12,63,4,0x7ee0,9,1,200,771.0
402921618110,3333,2,12,63,4,0x7ee0,9,1,200,-346.0
402921635307,3334,2,12,63,4,0x7ee0,9,1,200,665.0
402921651953,3335,2,12,63,4,0x7ee0,9,1,200,896.0
402921668262,3336,2,12,63,4,0x7e40,7,1,200,-693.0
402921685042,3337,2,12,63,4,0x7ec0,8,1,200,511.0
402921702558,3338,2,12,63,4,0x7ec0,8,1,200,469.0
402921718826,3339,2,12,63,4,0x7ee0,9,1,200,852.0
402921736111,3340,2,12,63,4,0x7ee0,9,1,200,203.0
402921753265,3341,2,12,63,4,0x7ec0,8,1,200,-110.0
402921768297,3342,2,12,63,4,0x7ec0,8,1,200,68.0
402921785931,3343,2,12,63,4,0x7e40,7,1,200,-1318.0
402921802203,3344,2,12,63,4,0x7ee0,9,1,200,160.0
402921819309,3345,2,12,63,4,0x7ec0,8,1,200,-241.0
402921836368,3346,2,12,63,4,0x7ee0,9,1,200,759.0
402921852099,3347,2,12,63,4,0x7ec0,8,1,200,-338.0
402921869751,3348,2,12,63,4,0x7ec0,8,1,200,691.0
402921885608,3349,2,12,63,4,0x7ee0,9,1,200,170.0
402921902772,3350,2,12,63,4,0x7ec0,8,1,200,-701.0
402921918934,3351,2,12,63,4,0x7ec0,8,1,200,820.0
402921937238,3352,2,12,63,4,0x7ee0,9,1,200,450.0
402921951517,3353,2,12,63,4,0x7ec0,8,1,200,-122.0
402921968995,3354,2,12,63,4,0x7ec0,8,1,200,-141.0
402921986698,3355,2,12,63,4,0x7c40,6,1,200,-1079.0
402922003333,3356,2,12,63,4,0x7c40,6,1,200,-682.0
402922019055,3357,2,12,63,4,0x7ee0,9,1,200,-481.0
402922038127,3358,2,12,63,4,0x7ee0,9,1,200,-344.0
402922052567,3359,2,12,63,4,0x7ee0,9,1,200,-223.0
402922068416,3360,2,12,63,4,0x7ce0,8,1,200,565.0
402922085105,3361,2,12,63,4,0x7ce0,8,1,200,868.0
402922103945,3362,2,12,63,4,0x7ce8,9,1,200,-594.0
402922118557,3363,2,12,63,4,0x7ce8,9,1,200,-28.0
402922137960,3364,2,12,63,4,0x7ce0,8,1,200,403.0
402922152989,3365,2,14,64,4,0x7c70,8,1,200,953.0
402922171376,3366,2,14,64,4,0x7c70,8,1,200,149.0
402922187380,3367,2,14,64,4,0x7c78,9,1,200,-201.0
402922202847,3368,2,14,64,4,0x7c70,8,1,200,164.0
402922220412,3369,2,14,64,4,0x7c70,8,1,200,88.0
402922235643,3370,2,14,64,4,0x7c70,8,1,200,-1190.0
402922252426,3371,2,14,64,4,0x7c78,9,1,200,616.0
402922268744,3372,2,14,64,4,0x7478,8,1,200,-383.0
402922286622,3373,2,14,64,4,0x7478,8,1,200,-973.0
402922302119,3374,2,14,64,4,0x7478,8,1,200,-1008.0
402922319138,3375,2,14,64,4,0x7478,8,1,200,503.0
402922337296,3376,2,14,64,4,0x7478,8,1,200,144.0
402922352935,3377,2,14,64,4,0x7478,8,1,200,-230.0
402922368902,3378,2,14,64,4,0x7478,8,1,200,886.0
402922385408,3379,2,14,64,4,0x7478,8,1,200,830.0
402922402928,3380,2,14,64,4,0x7478,8,1,200,756.0
402922418650,3381,2,14,64,4,0x7478,8,1,200,498.0
402922436618,3382,2,14,64,4,0x7478,8,1,200,-920.0
402922452595,3383,2,14,64,4,0x7478,8,1,200,528.0
402922469249,3384,2,14,64,4,0x7478,8,1,200,666.0
402922486161,3385,2,14,64,4,0x7478,8,1,200,-213.0
402922502336,3386,2,14,64,4,0x7478,8,1,200,690.0
402922519148,3387,2,14,64,4,0x7478,8,1,200,128.0
402922536115,3388,2,14,64,4,0x7478,8,1,200,415.0
402922552500,3389,2,14,64,4,0x7478,8,1,200,-440.0
402922569894,3390,2,14,64,4,0x7478,8,1,200,1292.0
402922585526,3391,2,14,64,4,0x7078,7,1,200,179.0
402922602374,3392,2,14,64,4,0x7478,8,1,200,145.0
402922619961,3393,2,14,64,4,0x7478,8,1,200,-962.0
402922636412,3394,2,14,64,4,0x7078,7,1,200,-167.0
402922653236,3395,2,14,64,4,0x7078,7,1,200,1296.0
402922669020,3396,2,14,64,4,0x7078,7,1,200,0.0
402922687336,3397,2,14,64,4,0x7078,7,1,200,1422.0
402922703075,3398,2,14,64,4,0x7078,7,1,200,627.0
402922719032,3399,2,14,64,4,0x7078,7,1,200,275.0
402922736603,3400,2,14,64,4,0x7078,7,1,200,-149.0
402922752924,3401,2,14,64,4,0x7078,7,1,200,808.0
402922769742,3402,2,14,64,4,0x7078,7,1,200,256.0
402922785935,3403,2,14,64,4,0x7078,7,1,200,-215.0
402922803395,3404,2,14,64,4,0x7078,7,1,200,-2.0
402922819097,3405,2,14,64,4,0x7078,7,1,200,-1064.0
402922836285,3406,2,14,64,4,0x7078,7,1,200,-43.0
402922853758,3407,2,14,64,4,0xf078,8,1,200,-1057.0
402922869045,3408,2,14,64,4,0xf078,8,1,200,759.0
402922886079,3409,2,14,64,4,0xf078,8,1,200,1164.0
402922902989,3410,2,14,64,4,0xf078,8,1,200,-634.0
402922920890,3411,2,14,64,4,0xf078,8,1,200,563.0
402922936320,3412,2,14,64,4,0xf070,7,1,200,-496.0
402922953030,3413,2,14,64,4,0xf870,8,1,200,672.0
402922970283,3414,2,14,64,4,0xf870,8,1,200,186.0
402922987801,3415,2,14,64,4,0x7870,7,1,200,270.0
402923002961,3416,2,14,64,4,0x7c70,8,1,200,1058.0
402923019096,3417,2,14,64,4,0x7c70,8,1,200,-39.0
402923036657,3418,2,14,64,4,0x7c70,8,1,200,607.0
402923052749,3419,2,14,64,4,0x7c70,8,1,200,-175.0
402923069435,3420,2,14,64,4,0x7c70,8,1,200,-141.0
402923086375,3421,2,14,64,4,0x7c70,8,1,200,154.0
402923103020,3422,2,14,64,4,0x7c70,8,1,200,651.0
402923119424,3423,2,14,64,4,0x7c70,8,1,200,-178.0
402923135887,3424,2,14,64,4,0x7c70,8,1,200,544.0
402923153426,3425,2,14,64,4,0x7c60,7,1,200,163.0
402923169656,3426,2,14,64,4,0x7c60,7,1,200,-490.0
402923186137,3427,2,14,64,4,0x7c60,7,1,200,193.0
402923202922,3428,2,14,64,4,0x7c60,7,1,200,559.0
402923220700,3429,2,14,64,4,0x7c60,7,1,200,-845.0
402923237067,3430,2,14,64,4,0x7c60,7,1,200,-1002.0
402923253269,3431,2,14,64,4,0x7c60,7,1,200,-899.0
402923270245,3432,2,14,64,4,0x7c60,7,1,200,-1037.0
402923286351,3433,2,14,64,4,0x7e60,8,1,200,-674.0
402923303787,3434,2,14,64,4,0x7e60,8,1,200,794.0
402923319642,3435,2,14,64,4,0x7e60,8,1,200,518.0
402923337413,3436,2,14,64,4,0x7e60,8,1,200,705.0
402923353640,3437,2,14,64,4,0x7e60,8,1,200,-562.0
402923372432,3438,2,14,64,4,0x7e60,8,1,200,277.0
402923386511,3439,2,14,64,4,0x7c60,7,1,200,176.0
402923404589,3440,2,14,64,4,0x7c60,7,1,200,885.0
402923419929,3441,2,14,64,4,0x7c60,7,1,200,1373.0
402923436753,3442,2,14,64,4,0x7c60,7,1,200,-136.0
402923453371,3443,2,14,64,4,0x7860,6,1,200,601.0
402923469967,3444,2,14,64,4,0x7860,6,1,200,-348.0
402923486762,3445,2,14,64,4,0x7860,6,1,200,-379.0
402923503706,3446,2,14,64,4,0x7060,5,1,200,212.0
402923520571,3447,2,14,64,4,0x6070,5,1,200,1215.0
402923536412,3448,2,14,64,4,0xe070,6,1,200,967.0
402923553501,3449,2,14,64,4,0xe070,6,1,200,-776.0
402923571695,3450,2,14,64,4,0xe070,6,1,200,1442.0
402923586958,3451,2,14,64,4,0xe070,6,1,200,649.0
402923603671,3452,2,14,64,4,0xc070,5,1,200,44.0
402923620115,3453,2,14,64,4,0x8070,4,1,200,-824.0
402923636959,3454,2,14,64,4,0x8070,4,1,200,-524.0
402923653505,3455,2,14,64,4,0x8078,5,1,200,564.0
402923670026,3456,2,14,64,4,0x8078,5,1,200,1142.0
402923687234,3457,2,14,64,4,0x8078,5,1,200,506.0
402923703793,3458,2,14,64,4,0x8078,5,1,200,-405.0
402923720282,3459,2,14,64,4,0x8078,5,1,200,-686.0
402923737909,3460,2,14,64,4,0x78,4,1,200,952.0
402923754522,3461,2,14,64,4,0x38,3,1,200,341.0
402923770094,3462,2,14,64,4,0x38,3,1,200,-591.0
402923787877,3463,2,14,64,4,0x38,3,1,200,1372.0
402923803321,3464,2,14,64,4,0x38,3,1,200,639.0
402923820494,3465,2,14,64,4,0x38,3,1,200,599.0
402923837915,3466,2,14,64,4,0x38,3,1,200,1116.0
402923854060,3467,2,14,64,4,0x38,3,1,200,671.0
402923870330,3468,2,14,64,4,0x38,3,1,200,4.0
402923887222,3469,2,14,64,4,0x38,3,1,200,-242.0
402923903545,3470,2,14,64,4,0x38,3,1,200,-983.0
402923919609,3471,2,14,64,4,0x38,3,1,200,87.0
402923936525,3472,2,14,64,4,0x38,3,1,200,692.0
402923954680,3473,2,14,64,4,0x38,3,1,200,-486.0
402923970299,3474,2,14,64,4,0x38,3,1,200,-812.0
402923986912,3475,2,14,64,4,0x38,3,1,200,619.0
402924003251,3476,2,14,64,4,0x38,3,1,200,-574.0
402924019569,3477,2,14,64,4,0x30,2,1,200,727.0
402924036312,3478,2,14,64,4,0x30,2,1,200,-934.0
402924053213,3479,2,14,64,4,0x30,2,1,200,-531.0
402924070798,3480,2,14,64,4,0x30,2,1,200,335.0
402924086530,3481,2,14,64,4,0x38,3,1,200,817.0
402924103235,3482,2,14,64,4,0x38,3,1,200,1291.0
402924120203,3483,2,14,64,4,0x38,3,1,200,-256.0
402924139151,3484,2,14,64,4,0x30,2,1,200,168.0
402924154977,3485,2,5,65,4,0x30,2,1,200,1334.0
402924172893,3486,2,5,65,4,0x30,2,1,200,-757.0
402924189485,3487,2,5,65,4,0x30,2,1,200,-938.0
402924204085,3488,2,5,65,4,0x30,2,1,200,-231.0
402924219878,3489,2,5,65,4,0x10,1,1,200,-1183.0
402924236587,3490,2,5,65,4,0x10,1,1,200,-714.0
402924254500,3491,2,5,65,4,0x10,1,1,200,-1174.0
402924269817,3492,2,5,65,4,0x10,1,1,200,-839.0
402924286823,3493,2,5,65,4,0x10,1,1,200,-39.0
402924303475,3494,2,5,65,4,0x30,2,1,200,1221.0
402924319850,3495,2,5,65,4,0x38,3,1,200,418.0
402924336884,3496,2,5,65,4,0x38,3,1,200,-642.0
402924353370,3497,2,5,65,4,0x10,1,1,200,718.0
402924369806,3498,2,5,65,4,0x10,1,1,200,-563.0
402924386802,3499,2,5,65,4,0x10,1,1,200,-984.0
402924403172,3500,2,5,65,4,0x10,1,1,200,-1023.0
402924419913,3501,2,5,65,4,0x0,0,1,200,-991.0
402924436743,3502,2,5,65,4,0x0,0,1,200,-1360.0
402924453375,3503,2,5,65,4,0x0,0,1,200,-797.0
402924469735,3504,2,5,65,4,0x0,0,1,200,574.0
402924486933,3505,2,5,65,4,0x0,0,1,200,-346.0
402924503274,3506,2,5,65,4,0x0,0,1,200,440.0
402924520048,3507,2,5,65,4,0x0,0,1,200,-842.0
402924536664,3508,2,5,65,4,0x0,0,1,200,695.0
402924553799,3509,2,5,65,4,0x0,0,1,200,445.0
402924570001,3510,2,5,65,4,0x0,0,1,200,177.0
402924586795,3511,2,5,65,4,0x0,0,1,200,369.0
402924603520,3512,2,5,65,4,0x0,0,1,200,-712.0
402924619882,3513,2,5,65,4,0x0,0,1,200,173.0
402924637022,3514,2,5,65,4,0x0,0,1,200,-587.0
402924653535,3515,2,5,65,4,0x0,0,1,200,682.0
402924670167,3516,2,5,65,4,0x0,0,1,200,-328.0
402924687002,3517,2,5,65,4,0x0,0,1,200,11.0
402924703770,3518,2,5,65,4,0x0,0,1,200,2052.0
402924720339,3519,2,5,65,4,0x0,0,1,200,865.0
402924736816,3520,2,5,65,4,0x0,0,1,200,-10.0
402924753428,3521,2,5,65,4,0x0,0,1,200,-842.0
402924770085,3522,2,5,65,4,0x0,0,1,200,570.0
402924787466,3523,2,5,65,4,0x0,0,1,200,-137.0
402924804046,3524,2,5,65,4,0x0,0,1,200,475.0
402924820179,3525,2,5,65,4,0x0,0,1,200,903.0
402924836702,3526,2,5,65,4,0x0,0,1,200,697.0
402924854525,3527,2,5,65,4,0x0,0,1,200,826.0
402924872547,3528,2,5,65,4,0x0,0,1,200,1083.0
402924887438,3529,2,5,65,4,0x0,0,1,200,-283.0
402924904796,3530,2,5,65,4,0x0,0,1,200,673.0
402924920455,3531,2,5,65,4,0x0,0,1,200,1205.0
402924938538,3532,2,5,65,4,0x0,0,1,200,-1598.0
402924953719,3533,2,5,65,4,0x0,0,1,200,-863.0
402924970361,3534,2,5,65,4,0x0,0,1,200,-75.0
402924987304,3535,2,5,65,4,0x0,0,1,200,44.0
402925004152,3536,2,5,65,4,0x0,0,1,200,-107.0
402925020478,3537,2,5,65,4,0x0,0,1,200,528.0
402925037129,3538,2,5,65,4,0x0,0,1,200,-354.0
402925053956,3539,2,5,65,4,0x0,0,1,200,574.0
402925070546,3540,2,5,65,4,0x0,0,1,200,-908.0
402925087430,3541,2,5,65,4,0x0,0,1,200,-380.0
402925104034,3542,2,5,65,4,0x0,0,1,200,-158.0
402925122379,3543,2,5,65,4,0x0,0,1,200,653.0
402925139159,3544,2,5,65,4,0x0,0,1,200,212.0
402925156438,3545,2,5,65,4,0x0,0,1,200,-320.0
402925172312,3546,2,5,65,4,0x0,0,1,200,-809.0
402925189960,3547,2,5,65,4,0x0,0,1,200,1268.0
402925206580,3548,2,5,65,4,0x0,0,1,200,-276.0
402925223575,3549,2,5,65,4,0x0,0,1,200,810.0
402925239457,3550,2,5,65,4,0x0,0,1,200,16.0
402925258554,3551,2,5,65,4,0x4070,4,1,200,914.0
402925276277,3552,2,6,66,4,0xd070,6,1,200,22.0
402925290883,3553,2,6,66,4,0xd070,6,1,200,561.0
402925305229,3554,2,6,66,4,0xf070,7,1,200,1866.0
402925322441,3555,2,6,66,4,0xf870,8,1,200,-346.0
402925340393,3556,2,6,66,4,0xfc60,8,1,200,1118.0
402925355032,3557,2,6,66,4,0x7c60,7,1,200,153.0
402925373397,3558,2,6,66,4,0x7c60,7,1,200,-583.0
402925390884,3559,2,6,66,4,0x7c60,7,1,200,2.0
402925405061,3560,2,6,66,4,0x7c60,7,1,200,-911.0
402925421632,3561,2,6,66,4,0x7c60,7,1,200,-492.0
402925438937,3562,2,6,66,4,0x7e60,8,1,200,898.0
402925455911,3563,2,6,66,4,0x7e60,8,1,200,1133.0
402925472053,3564,2,6,66,4,0x1fe61,11,1,200,-871.0
402925488667,3565,2,6,66,4,0x1fe61,11,1,200,-283.0
402925506393,3566,2,6,66,4,0x1fe41,10,1,200,63.0
402925522784,3567,2,6,66,4,0x1fe41,10,1,200,18.0
402925540064,3568,2,6,66,4,0x1fe41,10,1,200,219.0
402925555485,3569,2,6,66,4,0x1fe41,10,1,200,172.0
402925572223,3570,2,6,66,4,0x1fe01,9,1,200,589.0
402925588672,3571,2,6,66,4,0x1ff41,11,1,200,890.0
402925605929,3572,2,6,66,4,0x1ff01,10,1,200,639.0
402925622515,3573,2,6,66,4,0x1ff01,10,1,200,1121.0
402925639343,3574,2,6,66,4,0x1ff01,10,1,200,-129.0
402925655525,3575,2,6,66,4,0x17f01,9,1,200,-708.0
402925672569,3576,2,6,66,4,0x17f01,9,1,200,920.0
402925688994,3577,2,6,66,4,0x17f01,9,1,200,576.0
402925705596,3578,2,6,66,4,0x17f01,9,1,200,754.0
402925721975,3579,2,6,66,4,0x17f01,9,1,200,-1037.0
402925739216,3580,2,6,66,4,0x17f01,9,1,200,938.0
402925755734,3581,2,6,66,4,0x17f01,9,1,200,34.0
402925773675,3582,2,6,66,4,0x17f01,9,1,200,195.0
402925788879,3583,2,6,66,4,0x17f81,10,1,200,598.0
402925805394,3584,2,6,66,4,0x17f81,10,1,200,-795.0
402925823061,3585,2,6,66,4,0x17f81,10,1,200,676.0
402925839857,3586,2,6,66,4,0x17f81,10,1,200,551.0
402925855785,3587,2,6,66,4,0x17f81,10,1,200,-890.0
402925872673,3588,2,6,66,4,0x17f81,10,1,200,-416.0
402925889609,3589,2,6,66,4,0x7f81,9,1,200,-644.0
402925906321,3590,2,6,66,4,0x7f81,9,1,200,19.0
402925922944,3591,2,6,66,4,0x7f81,9,1,200,891.0
402925939328,3592,2,6,66,4,0x7f81,9,1,200,597.0
402925956454,3593,2,6,66,4,0x7f81,9,1,200,1208.0
402925973215,3594,2,6,66,4,0x7f81,9,1,200,-229.0
402925989286,3595,2,6,66,4,0x7f81,9,1,200,10.0
402926006110,3596,2,6,66,4,0x7f81,9,1,200,-465.0
402926022507,3597,2,6,66,4,0x7f81,9,1,200,3.0
402926039566,3598,2,6,66,4,0x3f81,8,1,200,953.0
402926056069,3599,2,6,66,4,0x7f81,9,1,200,709.0
402926073030,3600,2,6,66,4,0x3f81,8,1,200,-591.0
402926089509,3601,2,6,66,4,0x3f81,8,1,200,-499.0
402926106320,3602,2,6,66,4,0x3f81,8,1,200,-998.0
402926123143,3603,2,6,66,4,0x3f81,8,1,200,145.0
402926142326,3604,2,6,66,4,0x3f83,9,1,200,401.0
402926156942,3605,2,10,67,4,0x1f83,8,1,200,-348.0
402926179515,3606,2,10,67,4,0x1f81,7,1,200,277.0
402926190924,3607,2,10,67,4,0x1f83,8,1,200,997.0
402926206400,3608,2,10,67,4,0x1f80,6,1,200,-1126.0
402926223219,3609,2,10,67,4,0x1f82,7,1,200,-430.0
402926239593,3610,2,10,67,4,0x1f81,7,1,200,627.0
402926257242,3611,2,10,67,4,0x1f82,7,1,200,734.0
402926273426,3612,2,10,67,4,0x1f83,8,1,200,648.0
402926289521,3613,2,10,67,4,0x1f81,7,1,200,-1484.0
402926306210,3614,2,10,67,4,0x1f82,7,1,200,-446.0
402926323200,3615,2,10,67,4,0x1f81,7,1,200,-280.0
402926339892,3616,2,10,67,4,0x3f81,8,1,200,-173.0
402926356999,3617,2,10,67,4,0x3f81,8,1,200,172.0
402926373417,3618,2,10,67,4,0x3f81,8,1,200,2.0
402926389943,3619,2,10,67,4,0x3f81,8,1,200,-1105.0
402926406554,3620,2,10,67,4,0x3f80,7,1,200,-1014.0
402926423821,3621,2,10,67,4,0x3f81,8,1,200,-747.0
402926439764,3622,2,10,67,4,0x3f81,8,1,200,-1578.0
402926456311,3623,2,10,67,4,0x7f81,9,1,200,-546.0
402926473046,3624,2,10,67,4,0x7f81,9,1,200,-487.0
402926490359,3625,2,10,67,4,0x7f81,9,1,200,264.0
402926506355,3626,2,10,67,4,0x7f80,8,1,200,-935.0
402926523476,3627,2,10,67,4,0x7f80,8,1,200,-1009.0
402926539793,3628,2,10,67,4,0x7f80,8,1,200,-724.0
402926556895,3629,2,10,67,4,0x7f80,8,1,200,1023.0
402926573284,3630,2,10,67,4,0x7f80,8,1,200,-369.0
402926589821,3631,2,10,67,4,0x7f80,8,1,200,-141.0
402926608166,3632,2,10,67,4,0x7f80,8,1,200,965.0
402926623168,3633,2,10,67,4,0x7f80,8,1,200,1117.0
402926640194,3634,2,10,67,4,0x7f80,8,1,200,-748.0
402926657136,3635,2,10,67,4,0x7f80,8,1,200,-691.0
402926673547,3636,2,10,67,4,0x7f80,8,1,200,747.0
402926690298,3637,2,10,67,4,0x7f80,8,1,200,-1024.0
402926706803,3638,2,10,67,4,0x7f80,8,1,200,251.0
402926724258,3639,2,10,67,4,0x7f80,8,1,200,849.0
402926739786,3640,2,10,67,4,0x7f80,8,1,200,323.0
402926756736,3641,2,10,67,4,0x7f80,8,1,200,-1319.0
402926774052,3642,2,10,67,4,0x7f80,8,1,200,835.0
402926790945,3643,2,10,67,4,0x7f80,8,1,200,-710.0
402926807163,3644,2,10,67,4,0x7f80,8,1,200,237.0
402926823486,3645,2,10,67,4,0x7f80,8,1,200,-1041.0
402926840014,3646,2,10,67,4,0x7f80,8,1,200,1231.0
402926856754,3647,2,10,67,4,0x7f80,8,1,200,-318.0
402926874034,3648,2,10,67,4,0x7fc0,9,1,200,811.0
402926890516,3649,2,10,67,4,0x7fc0,9,1,200,710.0
402926906985,3650,2,10,67,4,0x7fc0,9,1,200,230.0
402926923405,3651,2,10,67,4,0x7fc0,9,1,200,440.0
402926940376,3652,2,10,67,4,0x7fc0,9,1,200,627.0
402926956832,3653,2,10,67,4,0x7fc0,9,1,200,-670.0
402926973522,3654,2,10,67,4,0x7fc0,9,1,200,878.0
402926990294,3655,2,10,67,4,0x7fc0,9,1,200,-434.0
402927007124,3656,2,10,67,4,0x7fc0,9,1,200,926.0
402927024369,3657,2,10,67,4,0x7fc0,9,1,200,592.0
402927041753,3658,2,10,67,4,0x7fc0,9,1,200,1005.0
402927058010,3659,2,10,67,4,0x7fc0,9,1,200,-801.0
402927073788,3660,2,10,67,4,0x7fc0,9,1,200,-786.0
402927090684,3661,2,10,67,4,0x7fc0,9,1,200,436.0
402927107161,3662,2,10,67,4,0x7fc0,9,1,200,-290.0
402927123921,3663,2,10,67,4,0x7fc0,9,1,200,-807.0
402927142028,3664,2,10,67,4,0x7fc0,9,1,200,838.0
402927157968,3665,2,12,68,4,0x7fc0,9,1,200,1214.0
402927174694,3666,2,12,68,4,0x7ec0,8,1,200,-500.0
402927190815,3667,2,12,68,4,0x7ee0,9,1,200,-952.0
402927207020,3668,2,12,68,4,0x7ee0,9,1,200,-263.0
402927224150,3669,2,12,68,4,0x7ee0,9,1,200,912.0
402927240773,3670,2,12,68,4,0x7ee0,9,1,200,476.0
402927257266,3671,2,12,68,4,0x7ee0,9,1,200,-781.0
402927274428,3672,2,12,68,4,0x7ee0,9,1,200,641.0
402927290626,3673,2,12,68,4,0x7ee0,9,1,200,-566.0
402927307445,3674,2,12,68,4,0x7ee0,9,1,200,-957.0
402927324018,3675,2,12,68,4,0x7ee0,9,1,200,904.0
402927340214,3676,2,12,68,4,0x7ee0,9,1,200,925.0
402927357361,3677,2,12,68,4,0x7ee0,9,1,200,821.0
402927373886,3678,2,12,68,4,0x7ee0,9,1,200,68.0
402927390873,3679,2,12,68,4,0x7ee0,9,1,200,-946.0
402927407045,3680,2,12,68,4,0x7ee0,9,1,200,-866.0
402927424162,3681,2,12,68,4,0x7ee8,10,1,200,698.0
402927441468,3682,2,12,68,4,0x7ce0,8,1,200,1013.0
402927457476,3683,2,12,68,4,0x7ce8,9,1,200,103.0
402927474470,3684,2,12,68,4,0x7cf0,9,1,200,1088.0
402927490561,3685,2,12,68,4,0x7cf8,10,1,200,495.0
402927508461,3686,2,12,68,4,0x7cf8,10,1,200,-369.0
402927524612,3687,2,12,68,4,0x7cf8,10,1,200,-1579.0
402927540479,3688,2,12,68,4,0x7cf8,10,1,200,-1034.0
402927557255,3689,2,12,68,4,0x7cf8,10,1,200,682.0
402927573948,3690,2,12,68,4,0x7cf8,10,1,200,-826.0
402927590522,3691,2,12,68,4,0x7cf8,10,1,200,-765.0
402927607523,3692,2,12,68,4,0x7cf8,10,1,200,-808.0
402927624000,3693,2,12,68,4,0x7cf8,10,1,200,846.0
402927640839,3694,2,12,68,4,0x7ce8,9,1,200,-1594.0
402927658148,3695,2,12,68,4,0x7ce8,9,1,200,-429.0
402927674406,3696,2,12,68,4,0x7ce8,9,1,200,51.0
402927691265,3697,2,12,68,4,0x7ce8,9,1,200,1104.0
402927707615,3698,2,12,68,4,0x7ce8,9,1,200,-764.0
402927724052,3699,2,12,68,4,0x7ce8,9,1,200,926.0
402927740538,3700,2,12,68,4,0x7ce8,9,1,200,983.0
402927757884,3701,2,12,68,4,0x7ce8,9,1,200,921.0
402927774914,3702,2,12,68,4,0x7ce8,9,1,200,778.0
402927791246,3703,2,12,68,4,0x7ce8,9,1,200,193.0
402927807566,3704,2,12,68,4,0x7ce8,9,1,200,-1071.0
402927824582,3705,2,12,68,4,0x7ce8,9,1,200,282.0
402927841278,3706,2,12,68,4,0x7ce8,9,1,200,589.0
402927857461,3707,2,12,68,4,0x7ce8,9,1,200,-585.0
402927875368,3708,2,12,68,4,0x7ce8,9,1,200,-267.0
402927891109,3709,2,12,68,4,0x7ce8,9,1,200,-1426.0
402927913002,3710,2,12,68,4,0x7ce8,9,1,200,94.0
402927924565,3711,2,12,68,4,0x7ce8,9,1,200,-72.0
402927944488,3712,2,12,68,4,0x7ce8,9,1,200,-607.0
402927960815,3713,2,12,68,4,0x7ce8,9,1,200,-1105.0
402927976111,3714,2,12,68,4,0x7ce8,9,1,200,416.0
402927993582,3715,2,12,68,4,0x7ce8,9,1,200,547.0
402928007995,3716,2,12,68,4,0x7ce8,9,1,200,-459.0
402928024020,3717,2,12,68,4,0x7ce8,9,1,200,653.0
402928040963,3718,2,12,68,4,0x7ce8,9,1,200,502.0
402928057591,3719,2,12,68,4,0x7ce8,9,1,200,727.0
402928074266,3720,2,12,68,4,0x7ce8,9,1,200,-801.0
402928091260,3721,2,12,68,4,0x7ce8,9,1,200,-1121.0
402928107793,3722,2,12,68,4,0x7ce8,9,1,200,-665.0
402928124536,3723,2,12,68,4,0x7ce8,9,1,200,-1066.0
402928141814,3724,1,255,69,4,0x5ce8,8,1,200,-392.0
402928158018,3725,1,255,69,4,0x5ce8,8,1,200,-300.0
402928175167,3726,1,255,69,4,0x54e8,7,1,200,1147.0
402928191230,3727,1,255,69,4,0x54e8,7,1,200,-943.0
402928207812,3728,1,255,69,4,0x54c8,6,1,200,695.0
402928224636,3729,1,255,69,4,0x54e8,7,1,200,-786.0
402928241695,3730,1,255,69,4,0x54e8,7,1,200,66.0
402928257860,3731,1,255,69,4,0x54e8,7,1,200,-314.0
402928274809,3732,1,255,69,4,0x54e8,7,1,200,698.0
402928291112,3733,1,255,69,4,0x54e8,7,1,200,-1.0
402928307629,3734,1,255,69,4,0x54e8,7,1,200,512.0
402928324467,3735,1,255,69,4,0x54e8,7,1,200,-27.0
402928342970,3736,1,255,69,4,0x54c8,6,1,200,497.0
402928358261,3737,1,255,69,4,0x54e8,7,1,200,551.0
402928374843,3738,1,255,69,4,0x54e8,7,1,200,-968.0
402928391096,3739,1,255,69,4,0x54e8,7,1,200,333.0
402928408172,3740,1,255,69,4,0x54e8,7,1,200,-571.0
402928424930,3741,1,255,69,4,0x54e8,7,1,200,-147.0
402928441675,3742,1,255,69,4,0x54e8,7,1,200,86.0
402928458271,3743,1,255,69,4,0x54e8,7,1,200,540.0
402928475005,3744,1,255,69,4,0x54e8,7,1,200,-1003.0
402928491910,3745,1,255,69,4,0x54e8,7,1,200,-374.0
402928508369,3746,1,255,69,4,0x54e8,7,1,200,564.0
402928525014,3747,1,255,69,4,0x54c8,6,1,200,943.0
402928542227,3748,1,255,69,4,0x54e8,7,1,200,909.0
402928558311,3749,1,255,69,4,0x54e8,7,1,200,-277.0
402928576422,3750,1,255,69,4,0x54e8,7,1,200,512.0
402928591306,3751,1,255,69,4,0x54e8,7,1,200,955.0
402928608231,3752,1,255,69,4,0x54e8,7,1,200,-469.0
402928624905,3753,1,255,69,4,0x54e8,7,1,200,29.0
402928641717,3754,1,255,69,4,0x54e8,7,1,200,-605.0
402928658121,3755,1,255,69,4,0x54e8,7,1,200,-928.0
402928674843,3756,1,255,69,4,0x54e8,7,1,200,390.0
402928691722,3757,1,255,69,4,0x54e8,7,1,200,977.0
402928708780,3758,1,255,69,4,0x54e8,7,1,200,893.0
402928724992,3759,1,255,69,4,0x54e8,7,1,200,-1303.0
402928742572,3760,1,255,69,4,0x54e8,7,1,200,-756.0
402928758052,3761,1,255,69,4,0x54c8,6,1,200,55.0
402928774797,3762,1,255,69,4,0x54c8,6,1,200,326.0
402928791799,3763,1,255,69,4,0x54e8,7,1,200,928.0
402928808754,3764,1,255,69,4,0x54f8,8,1,200,-953.0
402928825282,3765,1,255,69,4,0x54f8,8,1,200,673.0
402928842218,3766,1,255,69,4,0x54d8,7,1,200,65.0
402928859485,3767,1,255,69,4,0x54f8,8,1,200,257.0
402928875021,3768,1,255,69,4,0x54f8,8,1,200,-698.0
402928891670,3769,1,255,69,4,0x54f8,8,1,200,1024.0
402928908336,3770,1,255,69,4,0x54f8,8,1,200,-79.0
402928925581,3771,1,255,69,4,0x54f8,8,1,200,113.0
402928941756,3772,1,255,69,4,0x54d8,7,1,200,977.0
402928958575,3773,1,255,69,4,0x54da,8,1,200,-964.0
402928975509,3774,1,255,69,4,0x54da,8,1,200,223.0
402928992327,3775,1,255,69,4,0x54fa,9,1,200,-260.0
402929009398,3776,1,255,69,4,0x54fa,9,1,200,-194.0
402929025945,3777,1,255,69,4,0x54fa,9,1,200,201.0
402929043818,3778,1,255,69,4,0x54fa,9,1,200,312.0
402929058837,3779,1,255,69,4,0x54fa,9,1,200,385.0
402929075255,3780,1,255,69,4,0x54fa,9,1,200,-832.0
402929092938,3781,1,255,69,4,0x54fa,9,1,200,768.0
402929108933,3782,1,255,69,4,0x54fa,9,1,200,462.0
402929125155,3783,1,255,69,4,0x54fa,9,1,200,191.0
402929141915,3784,1,255,69,4,0x54fa,9,1,200,-864.0
402929159456,3785,1,255,70,4,0x54fa,9,1,200,1025.0
402929175768,3786,1,255,70,4,0x54fa,9,1,200,-235.0
402929192366,3787,1,255,70,4,0x54fa,9,1,200,-58.0
402929208862,3788,1,255,70,4,0x54fa,9,1,200,1006.0
402929225561,3789,1,255,70,4,0x54fa,9,1,200,971.0
402929242756,3790,1,255,70,4,0x54fa,9,1,200,-42.0
402929260357,3791,1,255,70,4,0x54fa,9,1,200,370.0
402929275682,3792,1,255,70,4,0x54fa,9,1,200,-56.0
402929292412,3793,1,255,70,4,0x54fa,9,1,200,611.0
402929309423,3794,1,255,70,4,0x547a,8,1,200,915.0
402929325990,3795,1,255,70,4,0x547a,8,1,200,-146.0
402929342863,3796,1,255,70,4,0x547a,8,1,200,420.0
402929360976,3797,1,255,70,4,0x547a,8,1,200,989.0
402929376704,3798,1,255,70,4,0x547a,8,1,200,1025.0
402929393461,3799,1,255,70,4,0x547a,8,1,200,5.0
402929409388,3800,1,255,70,4,0x547a,8,1,200,-1333.0
402929426025,3801,1,255,70,4,0x547a,8,1,200,773.0
402929446711,3802,1,255,70,4,0x547a,8,1,200,1229.0
402929459864,3803,1,255,70,4,0x547a,8,1,200,-1253.0
402929479153,3804,1,255,70,4,0x547a,8,1,200,561.0
402929494259,3805,1,255,70,4,0x547a,8,1,200,-478.0
402929510423,3806,1,255,70,4,0x547a,8,1,200,1052.0
402929525984,3807,1,255,70,4,0x547a,8,1,200,908.0
402929543076,3808,1,255,70,4,0x547a,8,1,200,-239.0
402929559671,3809,1,255,70,4,0x547a,8,1,200,137.0
402929576619,3810,1,255,70,4,0x547a,8,1,200,159.0
402929593280,3811,1,255,70,4,0x547a,8,1,200,1081.0
402929609275,3812,1,255,70,4,0x547a,8,1,200,1073.0
402929625851,3813,1,255,70,4,0x547a,8,1,200,536.0
402929642663,3814,1,255,70,4,0x547a,8,1,200,7.0
402929659475,3815,1,255,70,4,0x547a,8,1,200,-203.0
402929676735,3816,1,255,70,4,0x547a,8,1,200,-1208.0
402929696113,3817,1,255,70,4,0x547a,8,1,200,-595.0
402929709379,3818,1,255,70,4,0x547a,8,1,200,-323.0
402929726971,3819,1,255,70,4,0x547a,8,1,200,-1221.0
402929743392,3820,1,255,70,4,0x547a,8,1,200,968.0
402929759604,3821,1,255,70,4,0x547a,8,1,200,1261.0
402929776122,3822,1,255,70,4,0x547a,8,1,200,-571.0
402929794754,3823,1,255,70,4,0x547a,8,1,200,-23.0
402929810348,3824,1,255,70,4,0x547a,8,1,200,979.0
402929826261,3825,1,255,70,4,0x547a,8,1,200,-1412.0
402929843522,3826,1,255,70,4,0x547a,8,1,200,-380.0
402929859507,3827,1,255,70,4,0x547a,8,1,200,-490.0
402929876214,3828,1,255,70,4,0x547a,8,1,200,979.0
402929893219,3829,1,255,70,4,0x547a,8,1,200,-803.0
402929910210,3830,1,255,70,4,0x547a,8,1,200,-1209.0
402929926218,3831,1,255,70,4,0x547a,8,1,200,354.0
402929943181,3832,1,255,70,4,0x547a,8,1,200,570.0
402929959669,3833,1,255,70,4,0x54fa,9,1,200,645.0
402929976753,3834,1,255,70,4,0x54fa,9,1,200,-754.0
402929993161,3835,1,255,70,4,0x54fa,9,1,200,679.0
402930009892,3836,1,255,70,4,0x54fa,9,1,200,-1075.0
402930026528,3837,1,255,70,4,0x54fa,9,1,200,26.0
402930044606,3838,1,255,70,4,0x54fa,9,1,200,-305.0
402930060074,3839,1,255,70,4,0x54fa,9,1,200,84.0
402930076411,3840,1,255,70,4,0x54fa,9,1,200,37.0
402930093413,3841,1,255,70,4,0x54fa,9,1,200,-886.0
402930109690,3842,1,255,70,4,0x54fa,9,1,200,-801.0
402930126853,3843,1,255,70,4,0x54fa,9,1,200,1078.0
402930144353,3844,1,255,70,4,0x54fa,9,1,200,-209.0
402930159655,3845,1,255,71,4,0x54f8,8,1,200,-391.0
402930176282,3846,1,255,71,4,0x54f8,8,1,200,645.0
402930196154,3847,1,255,71,4,0x54f8,8,1,200,728.0
402930211628,3848,1,255,71,4,0x54f8,8,1,200,-86.0
402930226864,3849,1,255,71,4,0x54f8,8,1,200,818.0
402930243226,3850,1,255,71,4,0x54f8,8,1,200,-650.0
402930260454,3851,1,255,71,4,0x54f8,8,1,200,1624.0
402930277938,3852,1,255,71,4,0x54e8,7,1,200,-98.0
402930296284,3853,1,255,71,4,0x54e8,7,1,200,-522.0
402930310724,3854,1,255,71,4,0x54e8,7,1,200,875.0
402930326946,3855,1,255,71,4,0x54e8,7,1,200,-664.0
402930343889,3856,1,255,71,4,0x74e8,8,1,200,139.0
402930360477,3857,1,255,71,4,0x74e8,8,1,200,-1054.0
402930378203,3858,1,255,71,4,0x7ce8,9,1,200,1502.0
402930394802,3859,1,255,71,4,0x7ce8,9,1,200,726.0
402930410207,3860,1,255,71,4,0x7ce8,9,1,200,-790.0
402930427905,3861,1,255,71,4,0x7ce8,9,1,200,-277.0
402930443489,3862,1,255,71,4,0x7cc8,8,1,200,725.0
402930460552,3863,1,255,71,4,0x7ce8,9,1,200,82.0
402930476723,3864,1,255,71,4,0x7ce8,9,1,200,698.0
402930494094,3865,1,255,71,4,0x7ce8,9,1,200,-334.0
402930510333,3866,1,255,71,4,0x7ce8,9,1,200,-764.0
402930526936,3867,1,255,71,4,0x7ce8,9,1,200,-668.0
402930543904,3868,1,255,71,4,0x7ce8,9,1,200,320.0
402930560202,3869,1,255,71,4,0x7ee0,9,1,200,-1012.0
402930577535,3870,1,255,71,4,0x7ee0,9,1,200,1272.0
402930594087,3871,1,255,71,4,0x7ec0,8,1,200,812.0
402930611547,3872,1,255,71,4,0x7ec0,8,1,200,643.0
402930627690,3873,1,255,71,4,0x7ec0,8,1,200,-654.0
402930645361,3874,1,255,71,4,0x7ec0,8,1,200,1758.0
402930662644,3875,1,255,71,4,0x7ec0,8,1,200,909.0
402930677033,3876,1,255,71,4,0x7ec0,8,1,200,-622.0
402930694173,3877,1,255,71,4,0x7ec0,8,1,200,-629.0
402930710336,3878,1,255,71,4,0x7fc0,9,1,200,-1072.0
402930728389,3879,1,255,71,4,0x7fc0,9,1,200,-1275.0
402930745077,3880,1,255,71,4,0x7ec0,8,1,200,-930.0
402930761687,3881,1,255,71,4,0x7fc0,9,1,200,538.0
402930777226,3882,1,255,71,4,0x7fc0,9,1,200,860.0
402930794407,3883,1,255,71,4,0x7fc0,9,1,200,1027.0
402930810910,3884,1,255,71,4,0x7fc0,9,1,200,680.0
402930827320,3885,1,255,71,4,0x7fc0,9,1,200,-1171.0
402930843951,3886,1,255,71,4,0x7fc0,9,1,200,-903.0
402930860856,3887,1,255,71,4,0x7fc0,9,1,200,979.0
402930877193,3888,1,255,71,4,0x7fc0,9,1,200,462.0
402930893927,3889,1,255,71,4,0x7fc0,9,1,200,178.0
402930911120,3890,1,255,71,4,0x7fc0,9,1,200,-725.0
402930927202,3891,1,255,71,4,0x7fc0,9,1,200,564.0
402930944338,3892,1,255,71,4,0x7fc0,9,1,200,944.0
402930960889,3893,1,255,71,4,0x7fc0,9,1,200,-1122.0
402930977448,3894,1,255,71,4,0x7fc0,9,1,200,-895.0
402930994719,3895,1,255,71,4,0x7fc0,9,1,200,82.0
402931010459,3896,1,255,71,4,0x7fc0,9,1,200,899.0
402931027495,3897,1,255,71,4,0x7fc0,9,1,200,-178.0
402931044609,3898,1,255,71,4,0x7fc0,9,1,200,829.0
402931060846,3899,1,255,71,4,0x7fc0,9,1,200,307.0
402931077401,3900,1,255,71,4,0x7fc0,9,1,200,357.0
402931094228,3901,1,255,71,4,0x7fc0,9,1,200,-187.0
402931111349,3902,1,255,71,4,0x7fc0,9,1,200,637.0
402931127385,3903,1,255,71,4,0x7fc0,9,1,200,-857.0
402931144208,3904,1,255,71,4,0x7fc0,9,1,200,-1410.0
402931161696,3905,2,255,72,4,0x7fc0,9,1,200,1009.0
402931178489,3906,2,255,72,4,0x7fc0,9,1,200,-24.0
402931195246,3907,2,255,72,4,0x7fc0,9,1,200,905.0
402931210881,3908,2,255,72,4,0x7fc0,9,1,200,-574.0
402931227310,3909,2,255,72,4,0x7fc0,9,1,200,593.0
402931245855,3910,2,255,72,4,0x7fc0,9,1,200,1197.0
402931261410,3911,2,255,72,4,0x7ec0,8,1,200,-274.0
402931277623,3912,2,255,72,4,0x7ec0,8,1,200,-760.0
402931294875,3913,2,255,72,4,0x7ee0,9,1,200,-498.0
402931312037,3914,2,255,72,4,0x7ee0,9,1,200,-32.0
402931327993,3915,2,255,72,4,0x7ee0,9,1,200,192.0
402931347696,3916,2,255,72,4,0x7ee0,9,1,200,1743.0
402931362098,3917,2,255,72,4,0x7ee0,9,1,200,1064.0
402931377831,3918,2,255,72,4,0x7ee0,9,1,200,-701.0
402931394908,3919,2,255,72,4,0x7ee0,9,1,200,397.0
402931411543,3920,2,255,72,4,0x7ce0,8,1,200,841.0
402931428222,3921,2,255,72,4,0x7ee0,9,1,200,607.0
402931446266,3922,2,255,72,4,0x7ee0,9,1,200,-1037.0
402931464042,3923,2,255,72,4,0x7ee0,9,1,200,664.0
402931486742,3924,2,255,72,4,0x7ce0,8,1,200,-688.0
402931498204,3925,2,255,72,4,0x7ce0,8,1,200,344.0
402931511560,3926,2,14,73,4,0x7ce0,8,1,200,700.0
402931528798,3927,2,14,73,4,0x7ce0,8,1,200,-80.0
402931546417,3928,2,14,73,4,0x7ce0,8,1,200,991.0
402931562298,3929,2,14,73,4,0x7ce0,8,1,200,-561.0
402931578237,3930,2,14,73,4,0x7ce0,8,1,200,-1046.0
402931594805,3931,2,14,73,4,0x7ce0,8,1,200,-280.0
402931611702,3932,2,14,73,4,0x7ce0,8,1,200,-489.0
402931628561,3933,2,14,73,4,0x7c60,7,1,200,620.0
402931645054,3934,2,14,73,4,0x7c60,7,1,200,262.0
402931661536,3935,2,14,73,4,0x7c60,7,1,200,-483.0
402931678025,3936,2,14,73,4,0x7c68,8,1,200,1060.0
402931694865,3937,2,14,73,4,0x7c68,8,1,200,-26.0
402931711281,3938,2,14,73,4,0x7c68,8,1,200,540.0
402931728286,3939,2,14,73,4,0x7ce8,9,1,200,-519.0
402931745159,3940,2,14,73,4,0x7cf8,10,1,200,545.0
402931762813,3941,2,14,73,4,0x7cf8,10,1,200,-1217.0
402931777998,3942,2,14,73,4,0x7cf8,10,1,200,-672.0
402931794823,3943,2,14,73,4,0x7478,8,1,200,-635.0
402931815075,3944,2,14,73,4,0x7478,8,1,200,1084.0
402931831005,3945,2,14,73,4,0x7478,8,1,200,-1308.0
402931845208,3946,2,14,73,4,0x7478,8,1,200,476.0
402931865240,3947,2,14,73,4,0x7478,8,1,200,-218.0
402931880465,3948,2,14,73,4,0x747a,9,1,200,-808.0
402931895472,3949,2,14,73,4,0x747a,9,1,200,-1031.0
402931912553,3950,2,14,73,4,0x747a,9,1,200,659.0
402931928265,3951,2,14,73,4,0x507a,7,1,200,-540.0
402931944864,3952,2,14,73,4,0x507a,7,1,200,-352.0
402931961739,3953,2,14,73,4,0x547a,8,1,200,-1185.0
402931979477,3954,2,14,73,4,0x547a,8,1,200,899.0
402931995113,3955,2,14,73,4,0x547a,8,1,200,-161.0
402932011720,3956,2,14,73,4,0x547a,8,1,200,1043.0
402932028517,3957,2,14,73,4,0x547a,8,1,200,907.0
402932044892,3958,2,14,73,4,0x507a,7,1,200,664.0
402932062143,3959,2,14,73,4,0x507a,7,1,200,1314.0
402932078635,3960,2,14,73,4,0x547a,8,1,200,648.0
402932095055,3961,2,14,73,4,0x547a,8,1,200,-562.0
402932112232,3962,2,14,73,4,0x547a,8,1,200,692.0
402932128596,3963,2,14,73,4,0x507a,7,1,200,-111.0
402932144966,3964,2,14,73,4,0x507a,7,1,200,518.0
402932163848,3965,2,14,73,4,0x547a,8,1,200,479.0
402932179242,3966,2,6,74,4,0x507a,7,1,200,-1209.0
402932197106,3967,2,6,74,4,0x507a,7,1,200,-309.0
402932211910,3968,2,6,74,4,0x507a,7,1,200,-457.0
402932228871,3969,2,6,74,4,0x547a,8,1,200,240.0
402932245040,3970,2,6,74,4,0x547a,8,1,200,-953.0
402932261592,3971,2,6,74,4,0x547a,8,1,200,1354.0
402932278685,3972,2,6,74,4,0x547a,8,1,200,905.0
402932296830,3973,2,6,74,4,0x547a,8,1,200,819.0
402932311894,3974,2,6,74,4,0x547a,8,1,200,579.0
402932328428,3975,2,6,74,4,0x507a,7,1,200,-166.0
402932345653,3976,2,6,74,4,0x547a,8,1,200,778.0
402932361774,3977,2,6,74,4,0x547a,8,1,200,1408.0
402932378585,3978,2,6,74,4,0x547a,8,1,200,-490.0
402932394909,3979,2,6,74,4,0x547a,8,1,200,108.0
402932412877,3980,2,6,74,4,0x547a,8,1,200,-1416.0
402932428771,3981,2,6,74,4,0x547a,8,1,200,-619.0
402932445703,3982,2,6,74,4,0x547a,8,1,200,-259.0
402932462420,3983,2,6,74,4,0x54fa,9,1,200,135.0
402932478993,3984,2,6,74,4,0x54fa,9,1,200,197.0
402932496658,3985,2,6,74,4,0x54fa,9,1,200,994.0
402932513119,3986,2,6,74,4,0x54fa,9,1,200,379.0
402932529634,3987,2,6,74,4,0x54fa,9,1,200,-1237.0
402932545517,3988,2,6,74,4,0x54fa,9,1,200,-189.0
402932562308,3989,2,6,74,4,0x54fa,9,1,200,-541.0
402932579155,3990,2,6,74,4,0x54fa,9,1,200,1322.0
402932596440,3991,2,6,74,4,0x54fa,9,1,200,1247.0
402932612667,3992,2,6,74,4,0x54fa,9,1,200,999.0
402932629173,3993,2,6,74,4,0x54fa,9,1,200,103.0
402932646215,3994,2,6,74,4,0x54fa,9,1,200,-587.0
402932662282,3995,2,6,74,4,0x54fa,9,1,200,-1003.0
402932678804,3996,2,6,74,4,0x54fa,9,1,200,254.0
402932696784,3997,2,6,74,4,0x54fa,9,1,200,667.0
402932712624,3998,2,6,74,4,0x54fa,9,1,200,508.0
402932729469,3999,2,6,74,4,0x54fa,9,1,200,1373.0
402932746292,4000,2,6,74,4,0x54fa,9,1,200,811.0
402932762643,4001,2,6,74,4,0x54fa,9,1,200,-96.0
402932779822,4002,2,6,74,4,0x54f8,8,1,200,-1143.0
402932796209,4003,2,6,74,4,0x54f8,8,1,200,-693.0
402932812842,4004,2,6,74,4,0x54f8,8,1,200,1060.0
402932829963,4005,2,6,74,4,0x54f8,8,1,200,417.0
402932848271,4006,2,6,74,4,0x54f8,8,1,200,-55.0
402932863807,4007,2,6,74,4,0x54f8,8,1,200,224.0
402932879294,4008,2,6,74,4,0x54f8,8,1,200,26.0
402932896041,4009,2,6,74,4,0x54f8,8,1,200,783.0
402932912593,4010,2,6,74,4,0x54f8,8,1,200,-1047.0
402932929748,4011,2,6,74,4,0x54f8,8,1,200,259.0
402932946066,4012,2,6,74,4,0x54f8,8,1,200,998.0
402932962905,4013,2,6,74,4,0x54f8,8,1,200,624.0
402932980396,4014,2,6,74,4,0x54f8,8,1,200,835.0
402932995880,4015,2,6,74,4,0x54f8,8,1,200,-734.0
402933012801,4016,2,6,74,4,0x54f8,8,1,200,20.0
402933029383,4017,2,6,74,4,0x54f8,8,1,200,-637.0
402933049181,4018,2,6,74,4,0x54f8,8,1,200,726.0
402933063174,4019,2,6,74,4,0x54f8,8,1,200,51.0
402933080464,4020,2,6,74,4,0x54f8,8,1,200,-699.0
402933096896,4021,2,6,74,4,0x54f8,8,1,200,-774.0
402933112956,4022,2,6,74,4,0x54f8,8,1,200,-972.0
402933129181,4023,2,6,74,4,0x54e8,7,1,200,-555.0
402933146211,4024,2,6,74,4,0x54d8,7,1,200,-276.0
402933163475,4025,2,6,74,4,0x54e8,7,1,200,1283.0
402933179287,4026,2,6,74,4,0x54e8,7,1,200,386.0
402933201366,4027,2,6,74,4,0x54e8,7,1,200,-1015.0
402933214122,4028,2,6,74,4,0x54e8,7,1,200,439.0
402933229769,4029,2,6,74,4,0x54c8,6,1,200,941.0
402933246844,4030,2,6,74,4,0x54e8,7,1,200,1416.0
402933263274,4031,2,6,74,4,0x54e8,7,1,200,551.0
402933279594,4032,2,6,74,4,0x54e8,7,1,200,445.0
402933296350,4033,2,6,74,4,0x7ce8,9,1,200,278.0
402933313073,4034,2,6,74,4,0x7ce8,9,1,200,901.0
402933331877,4035,2,6,74,4,0x7ce8,9,1,200,1239.0
402933346791,4036,2,6,74,4,0x7ce8,9,1,200,-844.0
402933363241,4037,2,6,74,4,0x7ce8,9,1,200,594.0
402933381381,4038,2,6,74,4,0x7ce8,9,1,200,1365.0
402933403985,4039,2,12,75,4,0x7ce8,9,1,200,1690.0
402933416483,4040,2,12,75,4,0x7cc0,7,1,200,-1333.0
402933433070,4041,2,12,75,4,0x7cc0,7,1,200,934.0
402933448519,4042,2,12,75,4,0x7cc0,7,1,200,-1489.0
402933465985,4043,2,12,75,4,0x7cc0,7,1,200,-713.0
402933480349,4044,2,12,75,4,0x7ec0,8,1,200,1606.0
402933496595,4045,2,12,75,4,0x7fc0,9,1,200,-675.0
402933514803,4046,2,12,75,4,0x7fc0,9,1,200,-554.0
402933531533,4047,2,12,75,4,0x7fc0,9,1,200,327.0
402933551205,4048,2,12,75,4,0x7fc0,9,1,200,981.0
402933564831,4049,2,12,75,4,0x7fc0,9,1,200,1099.0
402933580404,4050,2,12,75,4,0x7fc0,9,1,200,-756.0
402933596913,4051,2,12,75,4,0x7fc0,9,1,200,913.0
402933613534,4052,2,12,75,4,0x7fc0,9,1,200,-459.0
402933631118,4053,2,12,75,4,0x7fc0,9,1,200,230.0
402933647898,4054,2,12,75,4,0x7fc0,9,1,200,87.0
402933665592,4055,2,12,75,4,0x7fc0,9,1,200,1336.0
402933683490,4056,2,12,75,4,0x7fc0,9,1,200,-654.0
402933697953,4057,2,12,75,4,0x7fc0,9,1,200,-708.0
402933713745,4058,2,12,75,4,0x7fc0,9,1,200,430.0
402933730290,4059,2,12,75,4,0x7fc0,9,1,200,-244.0
402933747006,4060,2,12,75,4,0x7fc0,9,1,200,-89.0
402933763945,4061,2,12,75,4,0x7fc0,9,1,200,-595.0
402933780469,4062,2,12,75,4,0x7fc0,9,1,200,-509.0
402933797023,4063,2,12,75,4,0x7fc0,9,1,200,-94.0
402933813872,4064,2,12,75,4,0x7fc0,9,1,200,180.0
402933830306,4065,2,12,75,4,0x7fc0,9,1,200,-714.0
402933847355,4066,2,12,75,4,0x7f80,8,1,200,395.0
402933864498,4067,2,12,75,4,0x7f80,8,1,200,4.0
402933881583,4068,2,12,75,4,0x7fc0,9,1,200,-116.0
402933896897,4069,2,12,75,4,0x7f80,8,1,200,-1094.0
402933914902,4070,2,12,75,4,0x7f80,8,1,200,-139.0
402933931132,4071,2,12,75,4,0x7f80,8,1,200,-86.0
402933947564,4072,2,12,75,4,0x7f80,8,1,200,568.0
402933964014,4073,2,12,75,4,0x7fc0,9,1,200,-172.0
402933980343,4074,2,12,75,4,0x7fc0,9,1,200,-1010.0
402933997748,4075,2,12,75,4,0x7fc0,9,1,200,21.0
402934013812,4076,2,12,75,4,0x7fc0,9,1,200,954.0
402934030422,4077,2,12,75,4,0x7fc0,9,1,200,480.0
402934047543,4078,2,12,75,4,0x7fc0,9,1,200,136.0
402934064114,4079,2,12,75,4,0x7fc0,9,1,200,-821.0
402934080493,4080,2,12,75,4,0x7fc0,9,1,200,786.0
402934097107,4081,2,12,75,4,0x7fc0,9,1,200,644.0
402934113792,4082,2,12,75,4,0x7fc0,9,1,200,-910.0
402934130498,4083,2,12,75,4,0x7fc0,9,1,200,-980.0
402934147563,4084,2,12,75,4,0x7fc0,9,1,200,-781.0
402934164652,4085,2,12,75,4,0x7fc0,9,1,200,798.0
402934180427,4086,2,10,76,4,0x7fc2,10,1,200,-213.0
402934197284,4087,2,10,76,4,0x7fc2,10,1,200,-267.0
402934214498,4088,2,10,76,4,0x7ec2,9,1,200,-359.0
402934230699,4089,2,10,76,4,0x7ee2,10,1,200,-968.0
402934247241,4090,2,10,76,4,0x7ee2,10,1,200,-185.0
402934264637,4091,2,10,76,4,0x7ee2,10,1,200,-775.0
402934281040,4092,2,10,76,4,0x7ce2,9,1,200,944.0
402934297692,4093,2,10,76,4,0x7ce2,9,1,200,488.0
402934314961,4094,2,10,76,4,0x74e2,8,1,200,-1048.0
402934330689,4095,2,10,76,4,0x74e2,8,1,200,457.0
402934347798,4096,2,10,76,4,0x74e2,8,1,200,1303.0
402934363720,4097,2,10,76,4,0x74e2,8,1,200,-898.0
402934381123,4098,2,10,76,4,0x74e2,8,1,200,305.0
402934397494,4099,2,10,76,4,0x74e2,8,1,200,895.0
402934414053,4100,2,10,76,4,0x74e2,8,1,200,1111.0
402934431498,4101,2,10,76,4,0x74e2,8,1,200,796.0
402934447340,4102,2,10,76,4,0x74e2,8,1,200,530.0
402934463826,4103,2,10,76,4,0x74e2,8,1,200,-180.0
402934480342,4104,2,10,76,4,0x74e2,8,1,200,-316.0
402934498208,4105,2,10,76,4,0x74e2,8,1,200,963.0
402934514420,4106,2,10,76,4,0x74e2,8,1,200,1013.0
402934530842,4107,2,10,76,4,0x74e0,7,1,200,15.0
402934548143,4108,2,10,76,4,0x7460,6,1,200,874.0
402934564562,4109,2,10,76,4,0x7460,6,1,200,-796.0
402934580910,4110,2,10,76,4,0x7460,6,1,200,-565.0
402934597733,4111,2,10,76,4,0x7460,6,1,200,1229.0
402934615065,4112,2,10,76,4,0x7470,7,1,200,644.0
402934631253,4113,2,10,76,4,0x74f0,8,1,200,528.0
402934648399,4114,2,10,76,4,0x74f0,8,1,200,-1317.0
402934664715,4115,2,10,76,4,0x7470,7,1,200,-1223.0
402934681665,4116,2,10,76,4,0x7470,7,1,200,986.0
402934698024,4117,2,10,76,4,0x7470,7,1,200,178.0
402934714167,4118,2,10,76,4,0x7470,7,1,200,-518.0
402934731346,4119,2,10,76,4,0x7470,7,1,200,224.0
402934747887,4120,2,10,76,4,0x7470,7,1,200,1363.0
402934764344,4121,2,10,76,4,0x7c70,8,1,200,-589.0
402934780988,4122,2,10,76,4,0x7c70,8,1,200,-820.0
402934797548,4123,2,10,76,4,0x7c60,7,1,200,-3.0
402934815109,4124,2,10,76,4,0x7c60,7,1,200,300.0
402934831653,4125,2,10,76,4,0x7c60,7,1,200,967.0
402934847516,4126,2,10,76,4,0x7c60,7,1,200,-323.0
402934864356,4127,2,10,76,4,0x7c60,7,1,200,512.0
402934881427,4128,2,10,76,4,0x7c60,7,1,200,614.0
402934898161,4129,2,10,76,4,0x7c40,6,1,200,-353.0
402934914598,4130,2,10,76,4,0x7c60,7,1,200,28.0
402934931107,4131,2,10,76,4,0x7c60,7,1,200,-821.0
402934948221,4132,2,10,76,4,0x7c60,7,1,200,-744.0
402934964789,4133,2,10,76,4,0x7c60,7,1,200,-395.0
402934980950,4134,2,10,76,4,0x7c60,7,1,200,428.0
402934997731,4135,2,10,76,4,0x7060,5,1,200,-736.0
402935014542,4136,2,10,76,4,0x7060,5,1,200,-483.0
402935030698,4137,2,10,76,4,0x7460,6,1,200,-1135.0
402935047799,4138,2,10,76,4,0x7070,6,1,200,-684.0
402935064227,4139,2,10,76,4,0x7070,6,1,200,193.0
402935081187,4140,2,10,76,4,0x7070,6,1,200,-1160.0
402935097962,4141,2,10,76,4,0xf070,7,1,200,-876.0
402935114751,4142,2,10,76,4,0xf070,7,1,200,-601.0
402935130977,4143,2,10,76,4,0xf070,7,1,200,281.0
402935148060,4144,2,10,76,4,0xf070,7,1,200,-230.0
402935164694,4145,2,10,76,4,0xf070,7,1,200,-1175.0
402935181212,4146,2,6,77,4,0xf070,7,1,200,-1021.0
402935197835,4147,2,6,77,4,0xf070,7,1,200,398.0
402935214558,4148,2,6,77,4,0xf070,7,1,200,-218.0
402935231251,4149,2,6,77,4,0xf070,7,1,200,-375.0
402935248127,4150,2,6,77,4,0xf070,7,1,200,-1034.0
402935265305,4151,2,6,77,4,0xf070,7,1,200,-1152.0
402935281847,4152,2,6,77,4,0xf070,7,1,200,1073.0
402935298027,4153,2,6,77,4,0xf070,7,1,200,-597.0
402935314505,4154,2,6,77,4,0xf070,7,1,200,-959.0
402935331409,4155,2,6,77,4,0xf070,7,1,200,1035.0
402935349249,4156,2,6,77,4,0xf070,7,1,200,-531.0
402935365378,4157,2,6,77,4,0xfc70,9,1,200,17.0
402935381672,4158,2,6,77,4,0xfc70,9,1,200,852.0
402935398321,4159,2,6,77,4,0xfc70,9,1,200,-344.0
402935415395,4160,2,6,77,4,0xfc70,9,1,200,993.0
402935431609,4161,2,6,77,4,0xfc70,9,1,200,-279.0
402935448467,4162,2,6,77,4,0xfc70,9,1,200,393.0
402935464945,4163,2,6,77,4,0xfc70,9,1,200,-402.0
402935481979,4164,2,6,77,4,0xfc70,9,1,200,-956.0
402935498875,4165,2,6,77,4,0x7c70,8,1,200,365.0
402935515150,4166,2,6,77,4,0x7c70,8,1,200,-470.0
402935531964,4167,2,6,77,4,0x7c60,7,1,200,-950.0
402935548672,4168,2,6,77,4,0x7c60,7,1,200,954.0
402935565201,4169,2,6,77,4,0x7c60,7,1,200,-152.0
402935582732,4170,2,6,77,4,0x7c60,7,1,200,990.0
402935598522,4171,2,6,77,4,0x7e60,8,1,200,-571.0
402935616127,4172,2,6,77,4,0x7e60,8,1,200,20.0
402935632349,4173,2,6,77,4,0x7e60,8,1,200,-1045.0
402935649853,4174,2,6,77,4,0x7e60,8,1,200,-91.0
402935665706,4175,2,6,77,4,0x7e60,8,1,200,-162.0
402935682169,4176,2,6,77,4,0x7e60,8,1,200,639.0
402935700562,4177,2,6,77,4,0x7e60,8,1,200,1022.0
402935715559,4178,2,6,77,4,0x7e40,7,1,200,1036.0
402935732189,4179,2,6,77,4,0x7e40,7,1,200,185.0
402935749120,4180,2,6,77,4,0x7ee0,9,1,200,57.0
402935769564,4181,2,6,77,4,0x7ee0,9,1,200,-701.0
402935782227,4182,2,6,77,4,0x7ec0,8,1,200,672.0
402935798545,4183,2,6,77,4,0x7ee0,9,1,200,-225.0
402935816445,4184,2,6,77,4,0x7ee0,9,1,200,-745.0
402935832062,4185,2,6,77,4,0x7ec0,8,1,200,789.0
402935849234,4186,2,6,77,4,0x7ec0,8,1,200,891.0
402935865579,4187,2,6,77,4,0x7ec0,8,1,200,1178.0
402935881977,4188,2,6,77,4,0x7ee0,9,1,200,299.0
402935898303,4189,2,6,77,4,0x7ee0,9,1,200,123.0
402935915000,4190,2,6,77,4,0x7e60,8,1,200,-419.0
402935931724,4191,2,6,77,4,0x7e40,7,1,200,-399.0
402935948625,4192,2,6,77,4,0x7ee0,9,1,200,-344.0
402935965438,4193,2,6,77,4,0x7ec0,8,1,200,479.0
402935982019,4194,2,6,77,4,0x7ee0,9,1,200,976.0
402935998426,4195,2,6,77,4,0x7ec0,8,1,200,242.0
402936015549,4196,2,6,77,4,0x7ec0,8,1,200,693.0
402936031938,4197,2,6,77,4,0x7ee0,9,1,200,368.0
402936049011,4198,2,6,77,4,0x7ec0,8,1,200,-418.0
402936065616,4199,2,6,77,4,0x7ee0,9,1,200,-249.0
402936082556,4200,2,6,77,4,0x7ee0,9,1,200,83.0
402936098863,4201,2,6,77,4,0x7ec0,8,1,200,485.0
402936115954,4202,2,6,77,4,0x7ec0,8,1,200,498.0
402936132379,4203,2,6,77,4,0x7ee0,9,1,200,1133.0
402936148921,4204,2,6,77,4,0x7ec0,8,1,200,-887.0
402936165864,4205,2,6,77,4,0x7ec0,8,1,200,-558.0
402936182307,4206,2,6,77,4,0x7ee0,9,1,200,-734.0
402936199056,4207,2,6,77,4,0x7ec0,8,1,200,831.0
402936217657,4208,2,12,78,4,0x7ec0,8,1,200,334.0
402936233881,4209,2,12,78,4,0x680,3,1,200,-768.0
402936250731,4210,2,12,78,4,0x7ec0,8,1,200,-1009.0
402936267261,4211,2,12,78,4,0x7e40,7,1,200,1362.0
402936282782,4212,2,12,78,4,0x7ec0,8,1,200,94.0
402936299617,4213,2,12,78,4,0x7ec0,8,1,200,648.0
402936316340,4214,2,12,78,4,0x7ec0,8,1,200,348.0
402936333764,4215,2,12,78,4,0x7ee0,9,1,200,657.0
402936349720,4216,2,12,78,4,0x7ee0,9,1,200,-540.0
402936366452,4217,2,12,78,4,0x7ee0,9,1,200,680.0
402936383808,4218,2,12,78,4,0x7e40,7,1,200,55.0
402936399471,4219,2,12,78,4,0x7e60,8,1,200,875.0
402936416544,4220,2,12,78,4,0x7e40,7,1,200,-699.0
402936433705,4221,2,12,78,4,0x7e40,7,1,200,130.0
402936450540,4222,2,12,78,4,0x7f40,8,1,200,-31.0
402936467133,4223,2,12,78,4,0x7f40,8,1,200,-121.0
402936484232,4224,2,12,78,4,0x7fc0,9,1,200,659.0
402936499785,4225,2,12,78,4,0x7fc1,10,1,200,-1318.0
402936516750,4226,2,12,78,4,0x7fc1,10,1,200,984.0
402936533249,4227,2,12,78,4,0x7fc1,10,1,200,498.0
402936550029,4228,2,12,78,4,0x7fc1,10,1,200,254.0
402936566802,4229,2,12,78,4,0x7fc0,9,1,200,-327.0
402936583979,4230,2,12,78,4,0x7f80,8,1,200,1063.0
402936600640,4231,2,12,78,4,0x7f80,8,1,200,751.0
402936616883,4232,2,12,78,4,0x7f80,8,1,200,-1100.0
402936633349,4233,2,12,78,4,0x7f80,8,1,200,-169.0
402936650029,4234,2,12,78,4,0x7f80,8,1,200,1175.0
402936667581,4235,2,12,78,4,0x7f80,8,1,200,-289.0
402936684287,4236,2,12,78,4,0x7f80,8,1,200,183.0
402936700417,4237,2,12,78,4,0x7f80,8,1,200,710.0
402936716991,4238,2,12,78,4,0x7f80,8,1,200,-1348.0
402936734509,4239,2,12,78,4,0x7f80,8,1,200,-912.0
402936750896,4240,2,12,78,4,0x7f80,8,1,200,-456.0
402936767049,4241,2,12,78,4,0x7f80,8,1,200,240.0
402936783833,4242,2,12,78,4,0x7f80,8,1,200,563.0
402936801632,4243,2,12,78,4,0x7f80,8,1,200,-197.0
402936817424,4244,2,12,78,4,0x7f80,8,1,200,-966.0
402936833790,4245,2,12,78,4,0x7fc0,9,1,200,391.0
402936850437,4246,2,12,78,4,0x7fc0,9,1,200,-659.0
402936866867,4247,2,12,78,4,0x7fc0,9,1,200,987.0
402936883557,4248,2,12,78,4,0x7fc0,9,1,200,-98.0
402936900738,4249,2,12,78,4,0x7fc0,9,1,200,301.0
402936916788,4250,2,12,78,4,0x7fc0,9,1,200,1044.0
402936933784,4251,2,12,78,4,0x7fc0,9,1,200,468.0
402936950302,4252,2,12,78,4,0x7fe0,10,1,200,-347.0
402936967299,4253,2,12,78,4,0x7ee0,9,1,200,-473.0
402936984281,4254,2,12,78,4,0x7ee0,9,1,200,856.0
402937001017,4255,2,12,78,4,0x7e40,7,1,200,1233.0
402937016772,4256,2,12,78,4,0x7e40,7,1,200,-957.0
402937033958,4257,2,12,78,4,0x7e60,8,1,200,-507.0
402937050481,4258,2,12,78,4,0x7e40,7,1,200,785.0
402937067138,4259,2,12,78,4,0x7e60,8,1,200,-225.0
402937083340,4260,2,12,78,4,0x7e60,8,1,200,570.0
402937100415,4261,2,12,78,4,0x7e60,8,1,200,-914.0
402937117323,4262,2,12,78,4,0x7e60,8,1,200,-1149.0
402937133203,4263,2,12,78,4,0x7e60,8,1,200,-550.0
402937150260,4264,2,12,78,4,0x7e60,8,1,200,1013.0
402937166699,4265,2,12,78,4,0x7e60,8,1,200,670.0
402937183967,4266,2,14,79,4,0x7e60,8,1,200,895.0
402937200253,4267,2,14,79,4,0x7c60,7,1,200,954.0
402937216642,4268,2,14,79,4,0x7c60,7,1,200,-374.0
402937233564,4269,2,14,79,4,0x7c70,8,1,200,-218.0
402937250055,4270,2,14,79,4,0x7c70,8,1,200,-1089.0
402937266620,4271,2,14,79,4,0x7078,7,1,200,1055.0
402937283596,4272,2,14,79,4,0x7078,7,1,200,335.0
402937299929,4273,2,14,79,4,0x7078,7,1,200,1072.0
402937316743,4274,2,14,79,4,0x7078,7,1,200,-210.0
402937333961,4275,2,14,79,4,0x7078,7,1,200,16.0
402937350698,4276,2,14,79,4,0x7078,7,1,200,579.0
402937366926,4277,2,14,79,4,0x7078,7,1,200,243.0
402937385076,4278,2,14,79,4,0x7078,7,1,200,85.0
402937400432,4279,2,14,79,4,0x7078,7,1,200,1190.0
402937417507,4280,2,14,79,4,0x5078,6,1,200,-1063.0
402937434989,4281,2,14,79,4,0x407a,6,1,200,-728.0
402937450081,4282,2,14,79,4,0x507a,7,1,200,-382.0
402937466765,4283,2,14,79,4,0x407a,6,1,200,542.0
402937484124,4284,2,14,79,4,0x407e,7,1,200,1114.0
402937500858,4285,2,14,79,4,0x407e,7,1,200,668.0
402937517877,4286,2,14,79,4,0x407e,7,1,200,763.0
402937533865,4287,2,14,79,4,0x407e,7,1,200,-35.0
402937550606,4288,2,14,79,4,0x407e,7,1,200,-993.0
402937566929,4289,2,14,79,4,0x407e,7,1,200,-412.0
402937584115,4290,2,14,79,4,0x407e,7,1,200,617.0
402937600991,4291,2,14,79,4,0x407e,7,1,200,294.0
402937617502,4292,2,14,79,4,0x407e,7,1,200,980.0
402937634055,4293,2,14,79,4,0x407e,7,1,200,-187.0
402937651456,4294,2,14,79,4,0x407e,7,1,200,1267.0
402937668833,4295,2,14,79,4,0x7e,6,1,200,927.0
402937685810,4296,2,14,79,4,0xfe,7,1,200,-5.0
402937700440,4297,2,14,79,4,0x40fe,8,1,200,685.0
402937717112,4298,2,14,79,4,0xfe,7,1,200,-433.0
402937734219,4299,2,14,79,4,0x40fe,8,1,200,651.0
402937750756,4300,2,14,79,4,0xfe,7,1,200,-1099.0
402937767630,4301,2,14,79,4,0x40fe,8,1,200,-469.0
402937784160,4302,2,14,79,4,0xfe,7,1,200,902.0
402937800751,4303,2,14,79,4,0x40fe,8,1,200,-933.0
402937817901,4304,2,14,79,4,0x40fe,8,1,200,-2.0
402937834359,4305,2,14,79,4,0x40fe,8,1,200,809.0
402937852104,4306,2,14,79,4,0x407e,7,1,200,266.0
402937867866,4307,2,14,79,4,0x507a,7,1,200,-131.0
402937884551,4308,2,14,79,4,0x507a,7,1,200,845.0
402937901028,4309,2,14,79,4,0x507a,7,1,200,-1037.0
402937918868,4310,2,14,79,4,0x507a,7,1,200,351.0
402937934661,4311,2,14,79,4,0x507a,7,1,200,509.0
402937951923,4312,2,14,79,4,0x507a,7,1,200,-172.0
402937967778,4313,2,14,79,4,0x507a,7,1,200,991.0
402937985213,4314,2,14,79,4,0x507a,7,1,200,10.0
402938002310,4315,2,14,79,4,0x507a,7,1,200,-121.0
402938017436,4316,2,14,79,4,0x507a,7,1,200,-755.0
402938034319,4317,2,14,79,4,0x547a,8,1,200,-356.0
402938051449,4318,2,14,79,4,0x547a,8,1,200,372.0
402938067451,4319,2,14,79,4,0x547a,8,1,200,-159.0
402938085114,4320,2,14,79,4,0x747a,9,1,200,165.0
402938101512,4321,2,14,79,4,0x747a,9,1,200,169.0
402938117827,4322,2,14,79,4,0x7478,8,1,200,0.0
402938134235,4323,2,14,79,4,0x7478,8,1,200,644.0
402938150813,4324,2,14,79,4,0x7478,8,1,200,230.0
402938167749,4325,2,14,79,4,0x7478,8,1,200,397.0
402938185405,4326,2,14,79,4,0x7478,8,1,200,98.0
402938202676,4327,2,14,79,4,0x5478,7,1,200,1060.0
402938217638,4328,2,14,79,4,0x7c78,9,1,200,-425.0
402938235837,4329,2,14,79,4,0x7c78,9,1,200,1380.0
402938251350,4330,2,14,79,4,0x7c68,8,1,200,-669.0
402938267978,4331,2,14,79,4,0x7c68,8,1,200,-1029.0
402938284663,4332,2,14,79,4,0x7c68,8,1,200,371.0
402938300937,4333,2,14,79,4,0x7c78,9,1,200,902.0
402938318339,4334,2,14,79,4,0x7c78,9,1,200,161.0
402938334292,4335,2,14,79,4,0x7c78,9,1,200,474.0
402938351436,4336,2,14,79,4,0x7c78,9,1,200,539.0
402938368035,4337,2,14,79,4,0x7c68,8,1,200,861.0
402938386900,4338,2,14,79,4,0x7c40,6,1,200,-688.0
402938401053,4339,2,14,79,4,0x7ec0,8,1,200,748.0
402938419849,4340,2,14,79,4,0x7ec8,9,1,200,-341.0
402938434686,4341,2,14,79,4,0x7ec8,9,1,200,-511.0
402938451782,4342,2,14,79,4,0x7ec0,8,1,200,-408.0
402938467698,4343,2,14,79,4,0x7ec0,8,1,200,609.0
402938485189,4344,2,14,79,4,0x7ec0,8,1,200,-134.0
402938501599,4345,2,14,79,4,0x7fc0,9,1,200,648.0
402938520121,4346,2,14,79,4,0x7fc0,9,1,200,-485.0
402938534605,4347,2,14,79,4,0x7fc0,9,1,200,553.0
402938551914,4348,2,14,79,4,0x7fc2,10,1,200,-288.0
402938568498,4349,2,14,79,4,0x7fc2,10,1,200,-885.0
402938585044,4350,2,14,79,4,0x7f80,8,1,200,110.0
402938602837,4351,2,14,79,4,0x7f82,9,1,200,867.0
402938619437,4352,2,14,79,4,0x7f82,9,1,200,-202.0
402938634834,4353,2,14,79,4,0x7f80,8,1,200,-1406.0
402938652429,4354,2,14,79,4,0x7f80,8,1,200,-444.0
402938668243,4355,2,14,79,4,0x7fc0,9,1,200,-562.0
402938684794,4356,2,14,79,4,0x7f82,9,1,200,-1018.0
402938702025,4357,2,14,79,4,0x7f82,9,1,200,894.0
402938718525,4358,2,14,79,4,0x7f80,8,1,200,-980.0
402938735726,4359,2,14,79,4,0x7f80,8,1,200,1026.0
402938752642,4360,2,14,79,4,0x7f82,9,1,200,399.0
402938768674,4361,2,14,79,4,0x7f82,9,1,200,91.0
402938785164,4362,2,14,79,4,0x5f82,8,1,200,-187.0
402938802056,4363,2,14,79,4,0x5f82,8,1,200,7.0
402938818473,4364,2,14,79,4,0x7f80,8,1,200,258.0
402938835098,4365,2,14,79,4,0x7f80,8,1,200,-927.0
402938851555,4366,2,14,79,4,0x7f82,9,1,200,1206.0
402938868108,4367,2,14,79,4,0x3f82,8,1,200,725.0
402938885636,4368,2,14,79,4,0x3f80,7,1,200,351.0
402938901733,4369,2,14,79,4,0x3f80,7,1,200,1011.0
402938919444,4370,2,14,79,4,0x1f80,6,1,200,-621.0
402938937417,4371,2,14,79,4,0x1f80,6,1,200,626.0
402938951880,4372,2,14,79,4,0x1f80,6,1,200,133.0
402938968990,4373,2,14,79,4,0x1f80,6,1,200,-440.0
402938985908,4374,2,14,79,4,0x1f80,6,1,200,344.0
402939002480,4375,2,14,79,4,0x1f80,6,1,200,910.0
402939019412,4376,2,14,79,4,0x7f80,8,1,200,571.0
402939035154,4377,2,14,79,4,0x1b80,5,1,200,-5.0
402939053043,4378,2,14,79,4,0x7f80,8,1,200,-189.0
402939068653,4379,2,14,79,4,0x7f80,8,1,200,759.0
402939085531,4380,2,14,79,4,0x7f80,8,1,200,344.0
402939101873,4381,2,14,79,4,0x7f80,8,1,200,-809.0
402939118850,4382,2,14,79,4,0x7f80,8,1,200,-483.0
402939135484,4383,2,14,79,4,0x7f80,8,1,200,3.0
402939153201,4384,2,14,79,4,0x7f80,8,1,200,423.0
402939169712,4385,2,14,79,4,0x7f80,8,1,200,80.0
402939185264,4386,2,10,80,4,0x7f80,8,1,200,-291.0
402939202284,4387,2,10,80,4,0x7f80,8,1,200,948.0
402939218942,4388,2,10,80,4,0x7f80,8,1,200,-488.0
402939236549,4389,2,10,80,4,0x7f81,9,1,200,-993.0
402939252075,4390,2,10,80,4,0x7f81,9,1,200,-702.0
402939268498,4391,2,10,80,4,0x7f81,9,1,200,1181.0
402939285011,4392,2,10,80,4,0x7f81,9,1,200,538.0
402939302836,4393,2,10,80,4,0x7f01,8,1,200,356.0
402939318721,4394,2,10,80,4,0x15d01,7,1,200,-487.0
402939335156,4395,2,10,80,4,0x1af41,9,1,200,237.0
402939353362,4396,2,10,80,4,0x19c41,7,1,200,-673.0
402939368555,4397,2,10,80,4,0x1f861,9,1,200,-680.0
402939385222,4398,2,10,80,4,0x1f861,9,1,200,-456.0
402939401698,4399,2,10,80,4,0x1e061,7,1,200,433.0
402939418268,4400,2,10,80,4,0x1f061,8,1,200,-815.0
402939435157,4401,2,10,80,4,0x1e061,7,1,200,-1109.0
402939452908,4402,2,10,80,4,0x1e071,8,1,200,-216.0
402939469214,4403,2,10,80,4,0x1e071,8,1,200,671.0
402939485337,4404,2,10,80,4,0x1e031,7,1,200,-192.0
402939502080,4405,2,10,80,4,0x1e011,6,1,200,1035.0
402939518558,4406,2,10,80,4,0x1e001,5,1,200,-860.0
402939535082,4407,2,10,80,4,0x1e001,5,1,200,-112.0
402939551815,4408,2,10,80,4,0x1a001,4,1,200,-432.0
402939568523,4409,2,10,80,4,0x1a001,4,1,200,666.0
402939586584,4410,2,10,80,4,0x1a001,4,1,200,910.0
402939602247,4411,2,10,80,4,0x1f801,7,1,200,123.0
402939618895,4412,2,10,80,4,0x1f801,7,1,200,747.0
402939635076,4413,2,10,80,4,0x1b801,6,1,200,-1013.0
402939652135,4414,2,10,80,4,0x1b801,6,1,200,-3.0
402939668693,4415,2,10,80,4,0x1b801,6,1,200,-941.0
402939685195,4416,2,10,80,4,0x1b801,6,1,200,198.0
402939702226,4417,2,10,80,4,0x1b801,6,1,200,450.0
402939719452,4418,2,10,80,4,0x1be01,8,1,200,654.0
402939735849,4419,2,10,80,4,0x1be01,8,1,200,679.0
402939752181,4420,2,10,80,4,0x1be01,8,1,200,748.0
402939769289,4421,2,10,80,4,0x1fe01,9,1,200,309.0
402939785873,4422,2,10,80,4,0x1fe01,9,1,200,-439.0
402939802214,4423,2,10,80,4,0x1fe01,9,1,200,933.0
402939819238,4424,2,10,80,4,0x1fe41,10,1,200,675.0
402939835879,4425,2,10,80,4,0x1fe01,9,1,200,-507.0
402939852453,4426,2,10,80,4,0x1fe41,10,1,200,-817.0
402939869360,4427,2,10,80,4,0x1fe41,10,1,200,446.0
402939886580,4428,2,10,80,4,0x1fe41,10,1,200,367.0
402939904190,4429,2,10,80,4,0x17e41,9,1,200,-55.0
402939920407,4430,2,10,80,4,0x17f41,10,1,200,-1313.0
402939936318,4431,2,10,80,4,0x17f41,10,1,200,-397.0
402939952910,4432,2,10,80,4,0x17f41,10,1,200,-81.0
402939970424,4433,2,10,80,4,0x17e41,9,1,200,-1080.0
402939986239,4434,2,10,80,4,0x17f41,10,1,200,-1024.0
402940002784,4435,2,10,80,4,0x17e41,9,1,200,1198.0
402940019876,4436,2,10,80,4,0x17e41,9,1,200,-921.0
402940036761,4437,2,10,80,4,0x17e41,9,1,200,439.0
402940053249,4438,2,10,80,4,0x1fe41,10,1,200,-283.0
402940070083,4439,2,10,80,4,0x1fe61,11,1,200,45.0
402940086533,4440,2,10,80,4,0x1fe61,11,1,200,1106.0
402940103317,4441,2,10,80,4,0x1fe61,11,1,200,323.0
402940120122,4442,2,10,80,4,0x1fe61,11,1,200,809.0
402940137195,4443,2,10,80,4,0x1fe61,11,1,200,-133.0
402940154041,4444,2,10,80,4,0x1fe61,11,1,200,-1055.0
402940170196,4445,2,10,80,4,0x1fe61,11,1,200,263.0
402940186267,4446,2,13,81,4,0x1fe61,11,1,200,205.0
402940204309,4447,2,13,81,4,0x1fe61,11,1,200,-921.0
402940219637,4448,2,13,81,4,0x1fe61,11,1,200,-157.0
402940236978,4449,2,13,81,4,0x1fe61,11,1,200,925.0
402940253142,4450,2,13,81,4,0xfe61,10,1,200,340.0
402940270466,4451,2,13,81,4,0xfe61,10,1,200,-785.0
402940286801,4452,2,13,81,4,0x7e61,9,1,200,959.0
402940303603,4453,2,13,81,4,0x7c61,8,1,200,1230.0
402940320309,4454,2,13,81,4,0x7c61,8,1,200,-588.0
402940337126,4455,2,13,81,4,0x7861,7,1,200,-96.0
402940353407,4456,2,13,81,4,0x7861,7,1,200,-661.0
402940370328,4457,2,13,81,4,0x7061,6,1,200,-314.0
402940388104,4458,2,13,81,4,0x6060,4,1,200,0.0
402940403330,4459,2,13,81,4,0x6060,4,1,200,866.0
402940419727,4460,2,13,81,4,0x6060,4,1,200,27.0
402940437330,4461,2,13,81,4,0x6061,5,1,200,897.0
402940454169,4462,2,13,81,4,0x1e061,7,1,200,893.0
402940470210,4463,2,13,81,4,0x1c061,6,1,200,114.0
402940486941,4464,2,13,81,4,0x1c060,5,1,200,-457.0
402940503185,4465,2,13,81,4,0x1c060,5,1,200,-749.0
402940520013,4466,2,13,81,4,0x1c060,5,1,200,-64.0
402940537600,4467,2,13,81,4,0x1c060,5,1,200,-451.0
402940552978,4468,2,13,81,4,0x1c060,5,1,200,-1122.0
402940569980,4469,2,13,81,4,0xc060,4,1,200,620.0
402940586213,4470,2,13,81,4,0xc060,4,1,200,-410.0
402940602648,4471,2,13,81,4,0xc060,4,1,200,-32.0
402940619778,4472,2,13,81,4,0x8060,3,1,200,-877.0
402940636170,4473,2,13,81,4,0x60,2,1,200,-863.0
402940652465,4474,2,13,81,4,0x60,2,1,200,106.0
402940669180,4475,2,13,81,4,0x60,2,1,200,-1149.0
402940686388,4476,2,13,81,4,0x60,2,1,200,-138.0
402940703825,4477,2,13,81,4,0x60,2,1,200,1145.0
402940719656,4478,2,13,81,4,0x40,1,1,200,-682.0
402940736028,4479,2,13,81,4,0x60,2,1,200,-409.0
402940752766,4480,2,13,81,4,0x60,2,1,200,-19.0
402940769178,4481,2,13,81,4,0x60,2,1,200,796.0
402940786105,4482,2,13,81,4,0x60,2,1,200,-187.0
402940803053,4483,2,13,81,4,0x60,2,1,200,-929.0
402940819638,4484,2,13,81,4,0x60,2,1,200,-959.0
402940836050,4485,2,13,81,4,0x60,2,1,200,-64.0
402940853043,4486,2,13,81,4,0x60,2,1,200,894.0
402940869517,4487,2,13,81,4,0x60,2,1,200,518.0
402940886471,4488,2,13,81,4,0x60,2,1,200,671.0
402940903054,4489,2,13,81,4,0x60,2,1,200,-1083.0
402940920068,4490,2,13,81,4,0x60,2,1,200,845.0
402940936179,4491,2,13,81,4,0x60,2,1,200,-1164.0
402940953051,4492,2,13,81,4,0x60,2,1,200,-398.0
402940969842,4493,2,13,81,4,0x60,2,1,200,-375.0
402940986066,4494,2,13,81,4,0x60,2,1,200,175.0
402941002920,4495,2,13,81,4,0x60,2,1,200,-594.0
402941019699,4496,2,13,81,4,0x60,2,1,200,1395.0
402941036291,4497,2,13,81,4,0x60,2,1,200,-610.0
402941052938,4498,2,13,81,4,0x60,2,1,200,-176.0
402941069573,4499,2,13,81,4,0x60,2,1,200,-166.0
402941086483,4500,2,13,81,4,0x60,2,1,200,271.0
402941103050,4501,2,13,81,4,0x60,2,1,200,519.0
402941119729,4502,2,13,81,4,0x60,2,1,200,525.0
402941137256,4503,2,13,81,4,0x20,1,1,200,-838.0
402941153178,4504,2,13,81,4,0x20,1,1,200,-565.0
402941169498,4505,1,255,82,4,0x0,0,1,200,1138.0
402941186874,4506,1,255,82,4,0x0,0,1,200,-1091.0
402941202924,4507,1,255,82,4,0x0,0,1,200,-979.0
402941219790,4508,1,255,82,4,0x0,0,1,200,-955.0
402941237260,4509,1,255,82,4,0x0,0,1,200,-1240.0
402941253442,4510,1,255,82,4,0x0,0,1,200,-533.0
402941269603,4511,1,255,82,4,0x0,0,1,200,1474.0
402941286823,4512,1,255,82,4,0x0,0,1,200,692.0
402941304272,4513,1,255,82,4,0x0,0,1,200,-539.0
402941319979,4514,1,255,82,4,0x0,0,1,200,-504.0
402941336703,4515,1,255,82,4,0x0,0,1,200,-134.0
402941353876,4516,1,255,82,4,0x0,0,1,200,1306.0
402941369728,4517,1,255,82,4,0x0,0,1,200,382.0
402941387146,4518,1,255,82,4,0x0,0,1,200,-910.0
402941403128,4519,1,255,82,4,0x0,0,1,200,483.0
402941420254,4520,1,255,82,4,0x0,0,1,200,-1107.0
402941436588,4521,1,255,82,4,0x0,0,1,200,-383.0
402941453136,4522,1,255,82,4,0x0,0,1,200,-904.0
402941469853,4523,1,255,82,4,0x0,0,1,200,-729.0
402941487996,4524,1,255,82,4,0x0,0,1,200,71.0
402941503253,4525,1,255,82,4,0x0,0,1,200,774.0
402941520261,4526,1,255,82,4,0x0,0,1,200,-562.0
402941536712,4527,1,255,82,4,0x0,0,1,200,-902.0
402941553309,4528,1,255,82,4,0x0,0,1,200,-299.0
402941569807,4529,1,255,82,4,0x0,0,1,200,-300.0
402941586803,4530,1,255,82,4,0x0,0,1,200,-422.0
402941603419,4531,1,255,82,4,0x0,0,1,200,-49.0
402941620651,4532,1,255,82,4,0x0,0,1,200,-559.0
402941637118,4533,1,255,82,4,0x0,0,1,200,803.0
402941653868,4534,1,255,82,4,0x0,0,1,200,532.0
402941670125,4535,1,255,82,4,0x0,0,1,200,1143.0
402941686576,4536,1,255,82,4,0x0,0,1,200,950.0
402941705257,4537,1,255,82,4,0x0,0,1,200,-1259.0
402941720046,4538,1,255,82,4,0x0,0,1,200,-892.0
402941737083,4539,1,255,82,4,0x0,0,1,200,-607.0
402941753420,4540,1,255,82,4,0x0,0,1,200,-61.0
402941770171,4541,1,255,82,4,0x0,0,1,200,-196.0
402941787001,4542,1,255,82,4,0x0,0,1,200,-327.0
402941804072,4543,1,255,82,4,0x0,0,1,200,-1229.0
402941820162,4544,1,255,82,4,0x0,0,1,200,341.0
402941836923,4545,1,255,82,4,0x0,0,1,200,439.0
402941854599,4546,1,255,82,4,0x0,0,1,200,-482.0
402941871179,4547,1,255,82,4,0x0,0,1,200,-917.0
402941887318,4548,1,255,82,4,0x0,0,1,200,-490.0
402941903892,4549,1,255,82,4,0x0,0,1,200,1034.0
402941921475,4550,1,255,82,4,0x0,0,1,200,-44.0
402941937259,4551,1,255,82,4,0x0,0,1,200,-487.0
402941953854,4552,1,255,82,4,0x0,0,1,200,-442.0
402941970343,4553,1,255,82,4,0x0,0,1,200,-578.0
402941988301,4554,1,255,82,4,0x0,0,1,200,-1191.0
402942003931,4555,1,255,82,4,0x0,0,1,200,689.0
402942022243,4556,1,255,82,4,0x0,0,1,200,-684.0
402942039743,4557,1,255,82,4,0x0,0,1,200,-1345.0
402942055706,4558,1,255,82,4,0x0,0,1,200,544.0
402942073754,4559,1,255,82,4,0x7060,5,1,200,-979.0
402942088861,4560,1,255,82,4,0xf060,6,1,200,41.0
402942106170,4561,1,255,82,4,0x17c60,8,1,200,-1324.0
402942121672,4562,1,255,82,4,0x1fc60,9,1,200,-3.0
402942138651,4563,1,255,82,4,0x17e60,9,1,200,-498.0
402942156033,4564,1,255,82,4,0x1fe61,11,1,200,-310.0
402942172511,4565,1,255,82,4,0x1fe61,11,1,200,-1014.0
402942189254,4566,1,255,83,4,0x1fe61,11,1,200,440.0
402942205171,4567,1,255,83,4,0x1fe61,11,1,200,-439.0
402942224254,4568,1,255,83,4,0x1fe41,10,1,200,-472.0
402942238871,4569,1,255,83,4,0x1fe41,10,1,200,628.0
402942255674,4570,1,255,83,4,0x1fe61,11,1,200,-199.0
402942272777,4571,1,255,83,4,0x1fe61,11,1,200,714.0
402942289281,4572,1,255,83,4,0x1fe61,11,1,200,592.0
402942306293,4573,1,255,83,4,0x1fe61,11,1,200,-1388.0
402942322946,4574,1,255,83,4,0x1fe61,11,1,200,62.0
402942340017,4575,1,255,83,4,0x1fe61,11,1,200,-464.0
402942355171,4576,1,255,83,4,0x1fe61,11,1,200,434.0
402942371958,4577,1,255,83,4,0x1fe61,11,1,200,-1626.0
402942388729,4578,1,255,83,4,0x1fe61,11,1,200,140.0
402942406373,4579,1,255,83,4,0x1fe61,11,1,200,-239.0
402942422473,4580,1,255,83,4,0x1fe61,11,1,200,1068.0
402942439239,4581,1,255,83,4,0x1fe61,11,1,200,785.0
402942456107,4582,1,255,83,4,0x1fe41,10,1,200,1248.0
402942472136,4583,1,255,83,4,0x1fe41,10,1,200,197.0
402942488992,4584,1,255,83,4,0x1ff41,11,1,200,387.0
402942505517,4585,1,255,83,4,0x17f41,10,1,200,-37.0
402942522253,4586,1,255,83,4,0x17f41,10,1,200,-766.0
402942539178,4587,1,255,83,4,0x17f41,10,1,200,-798.0
402942555530,4588,1,255,83,4,0x7f41,9,1,200,-90.0
402942572360,4589,1,255,83,4,0x17f41,10,1,200,1004.0
402942589610,4590,1,255,83,4,0x7f41,9,1,200,-933.0
402942605709,4591,1,255,83,4,0x7f41,9,1,200,-195.0
402942622770,4592,1,255,83,4,0x7f41,9,1,200,91.0
402942639140,4593,1,255,83,4,0x7f41,9,1,200,-238.0
402942655840,4594,1,255,83,4,0x7fc1,10,1,200,852.0
402942672229,4595,1,255,83,4,0x7f41,9,1,200,-1374.0
402942688974,4596,1,255,83,4,0x7fc0,9,1,200,885.0
402942705206,4597,1,255,83,4,0x7fc0,9,1,200,-559.0
402942722194,4598,1,255,83,4,0x7fc0,9,1,200,-363.0
402942739513,4599,1,255,83,4,0x7f80,8,1,200,856.0
402942756942,4600,1,255,83,4,0x7f80,8,1,200,-309.0
402942772479,4601,1,255,83,4,0x7f80,8,1,200,-423.0
402942789510,4602,1,255,83,4,0x7f80,8,1,200,587.0
402942805548,4603,1,255,83,4,0x7f80,8,1,200,-194.0
402942823042,4604,1,255,83,4,0x7f80,8,1,200,-1286.0
402942839143,4605,1,255,83,4,0x7f80,8,1,200,-705.0
402942856016,4606,1,255,83,4,0x7f80,8,1,200,-970.0
402942872116,4607,1,255,83,4,0x7fc0,9,1,200,279.0
402942888559,4608,1,255,83,4,0x7f80,8,1,200,-316.0
402942905852,4609,1,255,83,4,0x7fc0,9,1,200,-346.0
402942922285,4610,1,255,83,4,0x7f80,8,1,200,-1015.0
402942938946,4611,1,255,83,4,0x7fc0,9,1,200,-782.0
402942955775,4612,1,255,83,4,0x7f80,8,1,200,-1008.0
402942972891,4613,1,255,83,4,0x7fc0,9,1,200,1107.0
402942989767,4614,1,255,83,4,0x7f80,8,1,200,221.0
402943005555,4615,1,255,83,4,0x7f80,8,1,200,546.0
402943022294,4616,1,255,83,4,0x7fc0,9,1,200,39.0
402943038998,4617,1,255,83,4,0x7f80,8,1,200,-148.0
402943055529,4618,1,255,83,4,0x7fc0,9,1,200,-448.0
402943072217,4619,1,255,83,4,0x7f80,8,1,200,1026.0
402943088792,4620,1,255,83,4,0x7f80,8,1,200,-532.0
402943106146,4621,1,255,83,4,0x7f80,8,1,200,-861.0
402943122830,4622,1,255,83,4,0x7fc0,9,1,200,-299.0
402943138943,4623,1,255,83,4,0x7fc0,9,1,200,78.0
402943156090,4624,1,255,83,4,0x7f80,8,1,200,-1215.0
402943172226,4625,1,255,83,4,0x7f80,8,1,200,596.0
402943189061,4626,1,255,83,4,0x7f80,8,1,200,850.0
402943205761,4627,1,255,84,4,0x7f80,8,1,200,1151.0
402943222830,4628,1,255,84,4,0x7f80,8,1,200,1001.0
402943239196,4629,1,255,84,4,0x7f82,9,1,200,94.0
402943255800,4630,1,255,84,4,0x7f82,9,1,200,-202.0
402943272762,4631,1,255,84,4,0x5f82,8,1,200,916.0
402943289131,4632,1,255,84,4,0x5f82,8,1,200,-376.0
402943305624,4633,1,255,84,4,0x1f82,7,1,200,298.0
402943323049,4634,1,255,84,4,0x5f82,8,1,200,-155.0
402943339056,4635,1,255,84,4,0x5f82,8,1,200,331.0
402943356434,4636,1,255,84,4,0x7f80,8,1,200,145.0
402943372598,4637,1,255,84,4,0x7f82,9,1,200,868.0
402943389324,4638,1,255,84,4,0x5f82,8,1,200,-842.0
402943405894,4639,1,255,84,4,0x7f82,9,1,200,-483.0
402943422678,4640,1,255,84,4,0x7f82,9,1,200,-96.0
402943439692,4641,1,255,84,4,0x7f82,9,1,200,-381.0
402943456056,4642,1,255,84,4,0x7f82,9,1,200,-770.0
402943472882,4643,1,255,84,4,0x5f80,7,1,200,-544.0
402943490285,4644,1,255,84,4,0x7f82,9,1,200,-639.0
402943506415,4645,1,255,84,4,0x7f82,9,1,200,-420.0
402943523494,4646,1,255,84,4,0x7f82,9,1,200,180.0
402943540065,4647,1,255,84,4,0x7f82,9,1,200,103.0
402943556727,4648,1,255,84,4,0x7f80,8,1,200,-362.0
402943572890,4649,1,255,84,4,0x7f80,8,1,200,826.0
402943590749,4650,1,255,84,4,0x7f80,8,1,200,-1102.0
402943607550,4651,1,255,84,4,0x7f80,8,1,200,1067.0
402943623103,4652,1,255,84,4,0x7f80,8,1,200,-813.0
402943639843,4653,1,255,84,4,0x7f80,8,1,200,-1048.0
402943657605,4654,1,255,84,4,0x7f80,8,1,200,-412.0
402943673337,4655,1,255,84,4,0x7f80,8,1,200,625.0
402943690641,4656,1,255,84,4,0x7f80,8,1,200,576.0
402943707010,4657,1,255,84,4,0x7f80,8,1,200,336.0
402943723627,4658,1,255,84,4,0x7f80,8,1,200,93.0
402943740110,4659,1,255,84,4,0x7f80,8,1,200,-978.0
402943756941,4660,1,255,84,4,0x7f80,8,1,200,448.0
402943773588,4661,1,255,84,4,0x7f80,8,1,200,71.0
402943790441,4662,1,255,84,4,0x7f80,8,1,200,946.0
402943807937,4663,1,255,84,4,0x7f80,8,1,200,663.0
402943824187,4664,1,255,84,4,0x7f80,8,1,200,-268.0
402943839946,4665,1,255,84,4,0x7f80,8,1,200,985.0
402943856872,4666,1,255,84,4,0x7f80,8,1,200,551.0
402943873363,4667,1,255,84,4,0x7f80,8,1,200,-304.0
402943890480,4668,1,255,84,4,0x7f80,8,1,200,692.0
402943907363,4669,1,255,84,4,0x7f80,8,1,200,384.0
402943924688,4670,1,255,84,4,0x7f80,8,1,200,-1000.0
402943940170,4671,1,255,84,4,0x7f80,8,1,200,141.0
402943956866,4672,1,255,84,4,0x7f80,8,1,200,-279.0
402943974523,4673,1,255,84,4,0x7f80,8,1,200,-857.0
402943990376,4674,1,255,84,4,0x7f80,8,1,200,618.0
402944006717,4675,1,255,84,4,0x7f80,8,1,200,-734.0
402944023926,4676,1,255,84,4,0x7f80,8,1,200,-1776.0
402944040273,4677,1,255,84,4,0x7f80,8,1,200,-545.0
402944057128,4678,1,255,84,4,0x7f80,8,1,200,597.0
402944074100,4679,1,255,84,4,0x7f80,8,1,200,-87.0
402944090711,4680,1,255,84,4,0x7f80,8,1,200,-686.0
402944107019,4681,1,255,84,4,0x7f80,8,1,200,114.0
402944123856,4682,1,255,84,4,0x7f80,8,1,200,405.0
402944140768,4683,1,255,84,4,0x7f80,8,1,200,-747.0
402944156963,4684,1,255,84,4,0x7f80,8,1,200,894.0
402944174072,4685,1,255,84,4,0x7f80,8,1,200,1350.0
402944191594,4686,1,255,84,4,0x7f80,8,1,200,228.0
402944207641,4687,1,255,85,4,0x7f80,8,1,200,-240.0
402944226128,4688,1,255,85,4,0x7f80,8,1,200,1650.0
402944240820,4689,1,255,85,4,0x7f80,8,1,200,1090.0
402944257454,4690,1,255,85,4,0x7f80,8,1,200,613.0
402944274020,4691,1,255,85,4,0x7f80,8,1,200,212.0
402944290625,4692,1,255,85,4,0x7f80,8,1,200,-966.0
402944307371,4693,1,255,85,4,0x7f80,8,1,200,1292.0
402944324248,4694,1,255,85,4,0x7f80,8,1,200,979.0
402944340823,4695,1,255,85,4,0x7f80,8,1,200,-1186.0
402944356979,4696,1,255,85,4,0x7f80,8,1,200,648.0
402944374329,4697,1,255,85,4,0x7f80,8,1,200,304.0
402944391114,4698,1,255,85,4,0x7f80,8,1,200,309.0
402944408244,4699,1,255,85,4,0x7f80,8,1,200,-352.0
402944424236,4700,1,255,85,4,0x7f80,8,1,200,1276.0
402944440533,4701,1,255,85,4,0x7f80,8,1,200,1176.0
402944457699,4702,1,255,85,4,0x7f80,8,1,200,-809.0
402944474046,4703,1,255,85,4,0x7f80,8,1,200,-38.0
402944490412,4704,1,255,85,4,0x7f80,8,1,200,609.0
402944507232,4705,1,255,85,4,0x7fc0,9,1,200,-1035.0
402944524537,4706,1,255,85,4,0x7fc0,9,1,200,155.0
402944541333,4707,1,255,85,4,0x7fc0,9,1,200,1136.0
402944558492,4708,1,255,85,4,0x7fc2,10,1,200,-264.0
402944574238,4709,1,255,85,4,0x7fc0,9,1,200,-9.0
402944590803,4710,1,255,85,4,0x7fc0,9,1,200,559.0
402944607699,4711,1,255,85,4,0x7fc0,9,1,200,724.0
402944623818,4712,1,255,85,4,0x7fc0,9,1,200,-271.0
402944641692,4713,1,255,85,4,0x7fc2,10,1,200,-544.0
402944658347,4714,1,255,85,4,0x7fc2,10,1,200,864.0
402944673948,4715,1,255,85,4,0x7fc2,10,1,200,605.0
402944692287,4716,1,255,85,4,0x7fc2,10,1,200,1299.0
402944707997,4717,1,255,85,4,0x7fc2,10,1,200,1223.0
402944724538,4718,1,255,85,4,0x7fc2,10,1,200,653.0
402944740618,4719,1,255,85,4,0x7fc2,10,1,200,-765.0
402944758113,4720,1,255,85,4,0x7fc0,9,1,200,1042.0
402944774590,4721,1,255,85,4,0x7fc0,9,1,200,-622.0
402944791239,4722,1,255,85,4,0x7fc0,9,1,200,412.0
402944808366,4723,1,255,85,4,0x7ec0,8,1,200,-116.0
402944824565,4724,1,255,85,4,0x7ec0,8,1,200,-1198.0
402944840855,4725,1,255,85,4,0x7ee0,9,1,200,274.0
402944857677,4726,1,255,85,4,0x7ee0,9,1,200,-325.0
402944874453,4727,1,255,85,4,0x7ee0,9,1,200,-216.0
402944890708,4728,1,255,85,4,0x7e60,8,1,200,246.0
402944908514,4729,1,255,85,4,0x7c60,7,1,200,1473.0
402944924917,4730,1,255,85,4,0x7c60,7,1,200,625.0
402944941928,4731,1,255,85,4,0x7e60,8,1,200,-254.0
402944957780,4732,1,255,85,4,0x7ee0,9,1,200,671.0
402944974353,4733,1,255,85,4,0x7ce0,8,1,200,-1016.0
402944992478,4734,1,255,85,4,0x7e60,8,1,200,-880.0
402945007834,4735,1,255,85,4,0x7c60,7,1,200,927.0
402945024757,4736,1,255,85,4,0x7c60,7,1,200,-905.0
402945040787,4737,1,255,85,4,0x7c60,7,1,200,1179.0
402945057743,4738,1,255,85,4,0x74e0,7,1,200,-139.0
402945074442,4739,1,255,85,4,0x7ce0,8,1,200,414.0
402945091592,4740,2,255,86,4,0x7ce0,8,1,200,77.0
402945108720,4741,2,255,86,4,0x7c60,7,1,200,270.0
402945124492,4742,2,14,87,4,0x7c60,7,1,200,-318.0
402945141089,4743,2,14,87,4,0x7ce0,8,1,200,538.0
402945157606,4744,2,14,87,4,0x7ce0,8,1,200,-1174.0
402945174414,4745,2,14,87,4,0x7ce0,8,1,200,516.0
402945191441,4746,2,14,87,4,0x7ce0,8,1,200,-326.0
402945207809,4747,2,14,87,4,0x7ce0,8,1,200,1271.0
402945225013,4748,2,14,87,4,0x7ce0,8,1,200,-1110.0
402945241679,4749,2,14,87,4,0x7ce0,8,1,200,-696.0
402945257852,4750,2,14,87,4,0x7ee0,9,1,200,228.0
402945274669,4751,2,14,87,4,0x7ec0,8,1,200,-535.0
402945291084,4752,2,14,87,4,0x7ec0,8,1,200,1196.0
402945308223,4753,2,14,87,4,0x7ee0,9,1,200,-661.0
402945324864,4754,2,14,87,4,0x7ee0,9,1,200,749.0
402945341716,4755,2,14,87,4,0x7ee0,9,1,200,-564.0
402945358230,4756,2,14,87,4,0x7ce0,8,1,200,119.0
402945375255,4757,2,14,87,4,0x7ce0,8,1,200,224.0
402945392060,4758,2,14,87,4,0x74e0,7,1,200,-356.0
402945408024,4759,2,14,87,4,0x74e8,8,1,200,-238.0
402945425275,4760,2,14,87,4,0x7c68,8,1,200,1253.0
402945441702,4761,2,14,87,4,0x7468,7,1,200,-351.0
402945457963,4762,2,14,87,4,0x7c68,8,1,200,688.0
402945475852,4763,2,14,87,4,0x7478,8,1,200,-623.0
402945491112,4764,2,14,87,4,0x7478,8,1,200,-813.0
402945508435,4765,2,14,87,4,0x7878,8,1,200,519.0
402945526697,4766,2,14,87,4,0x7c78,9,1,200,-674.0
402945541624,4767,2,14,87,4,0x7c78,9,1,200,74.0
402945557910,4768,2,14,87,4,0x7478,8,1,200,-573.0
402945574842,4769,2,14,87,4,0x7ce8,9,1,200,-229.0
402945591671,4770,2,14,87,4,0x74ea,9,1,200,890.0
402945608669,4771,2,14,87,4,0x7cca,9,1,200,89.0
402945625047,4772,2,14,87,4,0x74e2,8,1,200,-257.0
402945641540,4773,2,14,87,4,0x74e0,7,1,200,-1292.0
402945658370,4774,2,14,87,4,0x7ce0,8,1,200,177.0
402945676137,4775,2,14,87,4,0x7ce8,9,1,200,-316.0
402945691862,4776,2,14,87,4,0x7ce0,8,1,200,1001.0
402945708455,4777,2,14,87,4,0x7ee0,9,1,200,-1000.0
402945726919,4778,2,14,87,4,0x7ec0,8,1,200,-214.0
402945742043,4779,2,14,87,4,0x7ec0,8,1,200,-688.0
402945758417,4780,2,14,87,4,0x7ec0,8,1,200,811.0
402945774945,4781,2,14,87,4,0x7ec0,8,1,200,-640.0
402945793645,4782,2,14,87,4,0x7ec0,8,1,200,511.0
402945808708,4783,2,14,87,4,0x7ec0,8,1,200,-945.0
402945825199,4784,2,14,87,4,0x7ec0,8,1,200,589.0
402945842555,4785,2,14,87,4,0x7ec0,8,1,200,195.0
402945859371,4786,2,14,87,4,0x7ec0,8,1,200,294.0
402945875755,4787,2,14,87,4,0x7ec0,8,1,200,-793.0
402945892911,4788,2,14,87,4,0x7ec0,8,1,200,-1196.0
402945908724,4789,2,14,87,4,0x7ec0,8,1,200,-662.0
402945925300,4790,2,14,87,4,0x7ec0,8,1,200,-316.0
402945942000,4791,2,14,87,4,0x7ec0,8,1,200,82.0
402945958640,4792,2,14,87,4,0x7ec0,8,1,200,50.0
402945975117,4793,2,14,87,4,0x7ec0,8,1,200,619.0
402945992298,4794,2,14,87,4,0x7ec0,8,1,200,178.0
402946008979,4795,2,14,87,4,0x7ec0,8,1,200,37.0
402946026223,4796,2,14,87,4,0x7ec0,8,1,200,1390.0
402946042593,4797,2,14,87,4,0x7ec0,8,1,200,-376.0
402946059522,4798,2,14,87,4,0x7ec0,8,1,200,540.0
402946075296,4799,2,14,87,4,0x7ec0,8,1,200,-200.0
402946092368,4800,2,14,87,4,0x7ec0,8,1,200,487.0
402946108879,4801,2,12,88,4,0x7ec2,9,1,200,-228.0
402946126191,4802,2,12,88,4,0x7ec2,9,1,200,228.0
402946142217,4803,2,12,88,4,0x7ec2,9,1,200,-1262.0
402946158755,4804,2,12,88,4,0x7ec2,9,1,200,-635.0
402946175789,4805,2,12,88,4,0x7ec2,9,1,200,-523.0
402946192144,4806,2,12,88,4,0x7ec2,9,1,200,-805.0
402946208649,4807,2,12,88,4,0x7ec2,9,1,200,727.0
402946225937,4808,2,12,88,4,0x7ec0,8,1,200,486.0
402946241971,4809,2,12,88,4,0x7ec0,8,1,200,-924.0
402946259122,4810,2,12,88,4,0x7ec0,8,1,200,-964.0
402946275786,4811,2,12,88,4,0x7ec0,8,1,200,-452.0
402946292426,4812,2,12,88,4,0x7ec0,8,1,200,-442.0
402946309556,4813,2,12,88,4,0x7ec0,8,1,200,-157.0
402946326374,4814,2,12,88,4,0x7ec0,8,1,200,164.0
402946342657,4815,2,12,88,4,0x7ec0,8,1,200,122.0
402946359107,4816,2,12,88,4,0x7ec0,8,1,200,83.0
402946375922,4817,2,12,88,4,0x7ec2,9,1,200,418.0
402946392604,4818,2,12,88,4,0x7ec0,8,1,200,-618.0
402946409710,4819,2,12,88,4,0x7ec0,8,1,200,493.0
402946426015,4820,2,12,88,4,0x7ec0,8,1,200,-452.0
402946442438,4821,2,12,88,4,0x7ec0,8,1,200,124.0
402946459373,4822,2,12,88,4,0x7ec0,8,1,200,619.0
402946475638,4823,2,12,88,4,0x7ec0,8,1,200,-505.0
402946492631,4824,2,12,88,4,0x7ec0,8,1,200,-1106.0
402946509662,4825,2,12,88,4,0x7ec2,9,1,200,-1308.0
402946525649,4826,2,12,88,4,0x7ec0,8,1,200,-212.0
402946542464,4827,2,12,88,4,0x7ec0,8,1,200,-128.0
402946559458,4828,2,12,88,4,0x7ec0,8,1,200,417.0
402946575905,4829,2,12,88,4,0x7ec0,8,1,200,-937.0
402946593632,4830,2,12,88,4,0x7ec0,8,1,200,1244.0
402946609374,4831,2,12,88,4,0x7ec0,8,1,200,-685.0
402946626877,4832,2,12,88,4,0x7ec0,8,1,200,736.0
402946642909,4833,2,12,88,4,0x7ec0,8,1,200,-414.0
402946659386,4834,2,12,88,4,0x7ec0,8,1,200,776.0
402946675731,4835,2,12,88,4,0x7ec0,8,1,200,-303.0
402946693071,4836,2,12,88,4,0x7ec0,8,1,200,103.0
402946710651,4837,2,12,88,4,0x7ec0,8,1,200,585.0
402946726747,4838,2,12,88,4,0x7ec0,8,1,200,86.0
402946743396,4839,2,12,88,4,0x7ec0,8,1,200,451.0
402946760155,4840,2,12,88,4,0x7ec0,8,1,200,1257.0
402946776490,4841,2,12,88,4,0x7ec0,8,1,200,-97.0
402946795071,4842,2,12,88,4,0x7ec0,8,1,200,316.0
402946809967,4843,2,12,88,4,0x7ec0,8,1,200,-362.0
402946827422,4844,2,12,88,4,0x7ec0,8,1,200,-587.0
402946843036,4845,2,12,88,4,0x7ec0,8,1,200,994.0
402946860041,4846,2,12,88,4,0x7ec0,8,1,200,933.0
402946877023,4847,2,12,88,4,0x7ec0,8,1,200,819.0
402946893213,4848,2,12,88,4,0x7ec0,8,1,200,-705.0
402946909951,4849,2,12,88,4,0x7ec0,8,1,200,884.0
402946926498,4850,2,12,88,4,0x7ec0,8,1,200,372.0
402946942858,4851,2,12,88,4,0x7ec0,8,1,200,231.0
402946959904,4852,2,12,88,4,0x7ec0,8,1,200,-1148.0
402946977538,4853,2,12,88,4,0x7ec0,8,1,200,412.0
402946993271,4854,2,12,88,4,0x7ec0,8,1,200,590.0
402947009973,4855,2,12,88,4,0x7ec0,8,1,200,108.0
402947026475,4856,2,12,88,4,0x7ec0,8,1,200,600.0
402947042970,4857,2,12,88,4,0x7ec0,8,1,200,219.0
402947060203,4858,2,12,88,4,0x7ec0,8,1,200,-1161.0
402947076350,4859,2,12,88,4,0x7ec0,8,1,200,-548.0
402947093531,4860,2,12,88,4,0x7ec0,8,1,200,463.0
402947109951,4861,2,12,88,4,0x7ec0,8,1,200,-507.0
402947127282,4862,2,12,88,4,0x7ec0,8,1,200,71.0
402947143043,4863,2,12,88,4,0x7ec0,8,1,200,-668.0
402947160607,4864,2,12,88,4,0x7ec0,8,1,200,447.0
402947177537,4865,2,12,88,4,0x7ec0,8,1,200,-368.0
402947193472,4866,2,12,88,4,0x7ec0,8,1,200,-615.0
402947210664,4867,2,12,88,4,0x7ec0,8,1,200,641.0
402947227039,4868,2,12,88,4,0x7ec0,8,1,200,-227.0
402947243650,4869,2,12,88,4,0x7ec0,8,1,200,168.0
402947260466,4870,2,12,88,4,0x7ec0,8,1,200,-782.0
402947276705,4871,2,12,88,4,0x7ec0,8,1,200,-291.0
402947293799,4872,2,12,88,4,0x7ec0,8,1,200,657.0
402947310654,4873,2,12,88,4,0x7ec0,8,1,200,-762.0
402947326684,4874,2,12,88,4,0x7ec0,8,1,200,-1347.0
402947343956,4875,2,12,88,4,0x7ec0,8,1,200,-907.0
402947361109,4876,2,12,88,4,0x7ec0,8,1,200,85.0
402947377204,4877,2,12,88,4,0x7ec0,8,1,200,522.0
402947393935,4878,2,12,88,4,0x7ec0,8,1,200,1009.0
402947410996,4879,2,12,88,4,0x7ec0,8,1,200,1071.0
402947427310,4880,2,12,88,4,0x7ec0,8,1,200,-586.0
402947444887,4881,2,12,88,4,0x7ec0,8,1,200,-733.0
402947460324,4882,2,12,88,4,0x7ec2,9,1,200,693.0
402947477108,4883,2,12,88,4,0x7ec2,9,1,200,-19.0
402947493680,4884,2,12,88,4,0x7ec0,8,1,200,-802.0
402947510275,4885,2,12,88,4,0x7ec2,9,1,200,-794.0
402947527213,4886,2,12,88,4,0x7ec0,8,1,200,-1293.0
402947544749,4887,2,12,88,4,0x7ec0,8,1,200,-750.0
402947560570,4888,2,12,88,4,0x7ec2,9,1,200,-1042.0
402947577090,4889,2,12,88,4,0x7ec0,8,1,200,-470.0
402947594054,4890,2,12,88,4,0x7ec0,8,1,200,761.0
402947610776,4891,2,12,88,4,0x7fc0,9,1,200,689.0
402947627573,4892,2,12,88,4,0x7fc0,9,1,200,1075.0
402947643997,4893,2,12,88,4,0x7fc0,9,1,200,-201.0
402947660742,4894,2,12,88,4,0x7fc0,9,1,200,481.0
402947677528,4895,2,12,88,4,0x7fc0,9,1,200,64.0
402947694028,4896,2,12,88,4,0x7fc0,9,1,200,-947.0
402947710472,4897,2,12,88,4,0x7fc0,9,1,200,-873.0
402947727147,4898,2,12,88,4,0x7fc0,9,1,200,-482.0
402947744862,4899,2,12,88,4,0x7ec0,8,1,200,-510.0
402947760712,4900,2,12,88,4,0x7ec0,8,1,200,177.0
402947777681,4901,2,12,88,4,0x7ec0,8,1,200,809.0
402947795126,4902,2,12,88,4,0x7ec0,8,1,200,-1014.0
402947810443,4903,2,12,88,4,0x7ec0,8,1,200,-593.0
402947827517,4904,2,12,88,4,0x7ec0,8,1,200,992.0
402947844197,4905,2,12,88,4,0x7ee0,9,1,200,388.0
402947863700,4906,2,12,88,4,0x7e60,8,1,200,-898.0
402947877418,4907,2,12,88,4,0x7e60,8,1,200,-156.0
402947893867,4908,2,12,88,4,0x7e60,8,1,200,48.0
402947910670,4909,2,12,88,4,0x7e60,8,1,200,-1064.0
402947927361,4910,2,12,88,4,0x7e60,8,1,200,378.0
402947944100,4911,2,12,88,4,0x7e60,8,1,200,615.0
402947961437,4912,2,12,88,4,0x7e60,8,1,200,456.0
402947978076,4913,2,12,88,4,0x7e60,8,1,200,463.0
402947994445,4914,2,12,88,4,0x7e60,8,1,200,174.0
402948010936,4915,2,12,88,4,0x7c60,7,1,200,-740.0
402948027357,4916,2,12,88,4,0x7c60,7,1,200,934.0
402948044301,4917,2,12,88,4,0x7e60,8,1,200,67.0
402948061955,4918,2,12,88,4,0x7e60,8,1,200,803.0
402948077888,4919,2,12,88,4,0x7e60,8,1,200,-720.0
402948095146,4920,2,12,88,4,0x7e60,8,1,200,399.0
402948111524,4921,2,14,89,4,0x7e60,8,1,200,612.0
402948127412,4922,2,14,89,4,0x7e60,8,1,200,215.0
402948144054,4923,2,14,89,4,0x7e60,8,1,200,634.0
402948160904,4924,2,14,89,4,0x7e60,8,1,200,319.0
402948177747,4925,2,14,89,4,0x7e60,8,1,200,895.0
402948194485,4926,2,14,89,4,0x7e60,8,1,200,-943.0
402948210849,4927,2,14,89,4,0x7c60,7,1,200,233.0
402948227595,4928,2,14,89,4,0x7c60,7,1,200,605.0
402948244348,4929,2,14,89,4,0x7c60,7,1,200,-750.0
402948260511,4930,2,14,89,4,0x7c60,7,1,200,-440.0
402948278065,4931,2,14,89,4,0x7c60,7,1,200,-44.0
402948294187,4932,2,14,89,4,0x7c60,7,1,200,-7.0
402948311390,4933,2,14,89,4,0x7c60,7,1,200,-550.0
402948327655,4934,2,14,89,4,0x7c60,7,1,200,642.0
402948344431,4935,2,14,89,4,0x7c60,7,1,200,1017.0
402948360470,4936,2,14,89,4,0x7c60,7,1,200,636.0
402948378417,4937,2,14,89,4,0x7c60,7,1,200,1174.0
402948394091,4938,2,14,89,4,0x7c40,6,1,200,-234.0
402948410725,4939,2,14,89,4,0x7c40,6,1,200,871.0
402948427419,4940,2,14,89,4,0x7c40,6,1,200,55.0
402948444480,4941,2,14,89,4,0x7cc0,7,1,200,-801.0
402948460653,4942,2,14,89,4,0x7c40,6,1,200,-990.0
402948477761,4943,2,14,89,4,0x7cc0,7,1,200,694.0
402948494032,4944,2,14,89,4,0x7cc0,7,1,200,-751.0
402948510719,4945,2,14,89,4,0x7cc0,7,1,200,553.0
402948527219,4946,2,14,89,4,0x7cc0,7,1,200,465.0
402948544047,4947,2,14,89,4,0x7cc0,7,1,200,-315.0
402948560824,4948,2,14,89,4,0x7c40,6,1,200,1194.0
402948577646,4949,2,14,89,4,0x7cc0,7,1,200,-1034.0
402948594185,4950,2,14,89,4,0x74c0,6,1,200,-482.0
402948610681,4951,2,14,89,4,0x7440,5,1,200,-502.0
402948627462,4952,2,14,89,4,0x7440,5,1,200,-121.0
402948643994,4953,2,14,89,4,0x7440,5,1,200,-609.0
402948660982,4954,2,14,89,4,0x7440,5,1,200,-1042.0
402948677900,4955,2,14,89,4,0x7440,5,1,200,-802.0
402948694352,4956,2,14,89,4,0x5440,4,1,200,-27.0
402948711542,4957,2,14,89,4,0x7440,5,1,200,473.0
402948727451,4958,2,14,89,4,0x7440,5,1,200,-542.0
402948744099,4959,2,14,89,4,0x7440,5,1,200,-44.0
402948760808,4960,2,14,89,4,0x5440,4,1,200,364.0
402948778815,4961,2,14,89,4,0x5440,4,1,200,463.0
402948794365,4962,2,14,89,4,0x5400,3,1,200,-1071.0
402948810734,4963,2,14,89,4,0x5400,3,1,200,246.0
402948829338,4964,2,14,89,4,0x5400,3,1,200,158.0
402948846359,4965,2,14,89,4,0x0,0,1,200,669.0
402948862572,4966,2,14,89,4,0x0,0,1,200,695.0
402948878616,4967,2,14,89,4,0x0,0,1,200,787.0
402948896048,4968,2,14,89,4,0x0,0,1,200,-1248.0
402948912204,4969,2,14,89,4,0x0,0,1,200,-1155.0
402948927111,4970,2,14,89,4,0x0,0,1,200,-1100.0
402948944151,4971,2,14,89,4,0x0,0,1,200,350.0
402948960630,4972,2,14,89,4,0x0,0,1,200,481.0
402948977324,4973,2,14,89,4,0x0,0,1,200,315.0
402948994335,4974,2,14,89,4,0x0,0,1,200,623.0
402949011964,4975,2,14,89,4,0x0,0,1,200,59.0
402949027432,4976,2,14,89,4,0x0,0,1,200,253.0
402949044038,4977,2,14,89,4,0x0,0,1,200,832.0
402949062104,4978,2,14,89,4,0x0,0,1,200,-407.0
402949077654,4979,2,14,89,4,0x0,0,1,200,-2.0
402949094056,4980,2,14,89,4,0x0,0,1,200,638.0
402949110796,4981,2,14,89,4,0x0,0,1,200,40.0
402949128134,4982,2,14,89,4,0x0,0,0,200,1029.0
402949144151,4983,2,14,89,4,0x0,0,0,200,10.0
402949160772,4984,2,14,89,4,0x0,0,0,200,795.0
402949178276,4985,2,14,89,4,0x0,0,0,200,703.0
402949194151,4986,2,14,89,4,0x0,0,0,200,-1103.0
402949210843,4987,2,14,89,4,0x0,0,0,200,208.0
402949227660,4988,2,14,89,4,0x0,0,0,200,-988.0
402949244685,4989,2,14,89,4,0x0,0,0,200,179.0
402949260958,4990,2,14,89,4,0x0,0,0,200,1061.0
402949277513,4991,2,14,89,4,0x0,0,0,200,-18.0
402949294162,4992,2,14,89,4,0x0,0,0,200,69.0
402949311216,4993,2,14,89,4,0x0,0,0,200,95.0
402949328960,4994,2,14,89,4,0x0,0,0,200,913.0
402949345708,4995,2,14,89,4,0x0,0,0,200,-476.0
402949363281,4996,2,14,89,4,0x0,0,0,200,623.0
402949379281,4997,2,14,89,4,0x0,0,0,200,289.0
402949395753,4998,2,14,89,4,0x0,0,0,200,-770.0
402949413391,4999,2,14,89,4,0x0,0,0,200,454.0
402949429385,5000,2,14,89,4,0x0,0,0,200,-307.0
402949446015,5001,2,14,89,4,0x0,0,0,200,187.0
402949462895,5002,2,14,89,4,0x0,0,0,200,399.0
402949479042,5003,2,14,89,4,0x0,0,0,200,-111.0
402949496454,5004,2,14,89,4,0x0,0,0,200,149.0
402949512950,5005,2,14,89,4,0x0,0,0,200,-201.0
402949529362,5006,2,14,89,4,0x0,0,0,200,22.0
402949545120,5007,2,14,89,4,0x0,0,0,200,-608.0
402949561467,5008,2,14,89,4,0x0,0,0,200,-298.0
402949579168,5009,2,14,89,4,0x0,0,0,200,827.0
402949596054,5010,2,14,89,4,0x0,0,0,200,-1.0
402949613042,5011,2,14,89,4,0x0,0,0,200,903.0
402949630528,5012,2,14,89,4,0x0,0,0,200,-774.0
402949646459,5013,2,14,89,4,0x0,0,0,200,-831.0
402949662639,5014,2,14,89,4,0x0,0,0,200,1167.0
402949679492,5015,2,14,89,4,0x0,0,0,200,-736.0
402949696655,5016,2,14,89,4,0x0,0,0,200,-838.0
402949711782,5017,2,14,89,4,0x0,0,0,200,349.0
402949728438,5018,2,14,89,4,0x0,0,0,200,148.0
402949744916,5019,2,14,89,4,0x0,0,0,200,-394.0
402949761333,5020,2,14,89,4,0x0,0,0,200,-258.0
402949778346,5021,2,14,89,4,0x0,0,0,200,-276.0
402949794965,5022,2,14,89,4,0x0,0,0,200,-585.0
402949811468,5023,2,14,89,4,0x0,0,0,200,-104.0
402949828149,5024,2,14,89,4,0x0,0,0,200,-280.0
402949844870,5025,2,14,89,4,0x0,0,0,200,1192.0
402949862223,5026,2,14,89,4,0x0,0,0,200,-851.0
402949878083,5027,2,14,89,4,0x0,0,0,200,660.0
402949895294,5028,2,14,89,4,0x0,0,0,200,-435.0
402949911747,5029,2,14,89,4,0x0,0,0,200,1251.0
402949929361,5030,2,14,89,4,0x0,0,0,200,-995.0
402949944984,5031,2,14,89,4,0x0,0,0,200,432.0
402949961500,5032,2,14,89,4,0x0,0,0,200,948.0
402949978450,5033,2,14,89,4,0x0,0,0,200,-1124.0
402949995429,5034,2,14,89,4,0x0,0,0,200,-875.0
402950012052,5035,2,14,89,4,0x0,0,0,200,-284.0
402950028329,5036,2,14,89,4,0x0,0,0,200,-186.0
402950045286,5037,2,14,89,4,0x0,0,0,200,1165.0
402950061771,5038,2,14,89,4,0x0,0,0,200,-137.0
402950078380,5039,2,14,89,4,0x0,0,0,200,-187.0
402950096739,5040,2,14,89,4,0x0,0,0,200,-639.0
402950112335,5041,2,14,89,4,0x0,0,0,200,-626.0
402950130365,5042,2,14,89,4,0x0,0,0,200,-842.0
402950146856,5043,2,14,89,4,0x0,0,0,200,1408.0
402950164618,5044,2,14,89,4,0x0,0,0,200,169.0
402950180022,5045,2,14,89,4,0x0,0,0,200,-160.0
402950197167,5046,2,14,89,4,0x0,0,0,200,454.0
402950213968,5047,2,14,89,4,0x0,0,0,200,490.0
402950230222,5048,2,14,89,4,0x0,0,0,200,-597.0
402950247329,5049,2,14,89,4,0x0,0,0,200,1110.0
402950264140,5050,2,14,89,4,0x0,0,0,200,410.0
402950280981,5051,2,14,89,4,0x0,0,0,200,627.0
402950297137,5052,2,14,89,4,0x0,0,0,200,-500.0
402950313962,5053,2,14,89,4,0x0,0,0,200,358.0
402950330595,5054,2,14,89,4,0x0,0,0,200,306.0
402950347474,5055,2,14,89,4,0x0,0,0,200,-660.0
402950363458,5056,2,14,89,4,0x0,0,0,200,590.0
402950380290,5057,2,14,89,4,0x0,0,0,200,552.0
402950397420,5058,2,14,89,4,0x0,0,0,200,-326.0
402950414410,5059,2,14,89,4,0x0,0,0,200,162.0
402950431210,5060,2,14,89,4,0x0,0,0,200,387.0
402950447719,5061,2,14,89,4,0x0,0,0,200,-880.0
402950465660,5062,2,14,89,4,0x0,0,0,200,-626.0
402950480753,5063,2,14,89,4,0x0,0,0,200,-1184.0
402950497256,5064,2,14,89,4,0x0,0,0,200,-1063.0
402950514046,5065,2,14,89,4,0x0,0,0,200,1046.0
402950531013,5066,2,14,89,4,0x0,0,0,200,1364.0
402950547326,5067,2,14,89,4,0x0,0,0,200,202.0
402950564100,5068,2,14,89,4,0x0,0,0,200,688.0
402950581213,5069,2,14,89,4,0x0,0,0,200,249.0
402950598342,5070,2,14,89,4,0x0,0,0,200,486.0
402950612902,5071,2,14,89,4,0x0,0,0,200,18.0
402950630826,5072,2,14,89,4,0x0,0,0,200,375.0
402950646523,5073,2,14,89,4,0x0,0,0,200,-840.0
402950663386,5074,2,14,89,4,0x0,0,0,200,-558.0
402950679922,5075,2,14,89,4,0x0,0,0,200,-287.0
402950696437,5076,2,14,89,4,0x0,0,0,200,461.0
402950713269,5077,2,14,89,4,0x0,0,0,200,878.0
402950729927,5078,2,14,89,4,0x0,0,0,200,-220.0
402950747092,5079,2,14,89,4,0x0,0,0,200,-960.0
402950763434,5080,2,14,89,4,0x0,0,0,200,-156.0
402950780273,5081,2,14,89,4,0x0,0,0,200,-478.0
402950796838,5082,2,14,89,4,0x0,0,0,200,-498.0
402950814817,5083,2,14,89,4,0x54f0,7,1,200,753.0
402950830501,5084,2,14,89,4,0x5470,6,1,200,514.0
402950848140,5085,2,14,89,4,0x54f0,7,1,200,1109.0
402950863632,5086,2,14,89,4,0x54f0,7,1,200,734.0
402950880364,5087,2,14,89,4,0x54f0,7,1,200,670.0
402950897456,5088,2,14,89,4,0x54f0,7,1,200,366.0
402950914691,5089,2,14,89,4,0x54f8,8,1,200,758.0
402950931183,5090,2,6,90,4,0x5478,7,1,200,478.0
402950947147,5091,2,6,90,4,0x5470,6,1,200,-987.0
402950964326,5092,2,6,90,4,0x5470,6,1,200,990.0
402950980236,5093,2,6,90,4,0x54f0,7,1,200,-51.0
402950996963,5094,2,6,90,4,0x54f0,7,1,200,-1002.0
402951015791,5095,2,6,90,4,0x54f0,7,1,200,-537.0
402951030277,5096,2,6,90,4,0x54f0,7,1,200,859.0
402951046598,5097,2,6,90,4,0x5470,6,1,200,-420.0
402951063224,5098,2,6,90,4,0x54f0,7,1,200,-907.0
402951080701,5099,2,6,90,4,0x5470,6,1,200,996.0
402951096957,5100,2,6,90,4,0x5470,6,1,200,-258.0
402951114068,5101,2,6,90,4,0x5470,6,1,200,940.0
402951130476,5102,2,6,90,4,0x5470,6,1,200,1086.0
402951146792,5103,2,6,90,4,0x5470,6,1,200,155.0
402951163855,5104,2,6,90,4,0x5478,7,1,200,1219.0
402951180273,5105,2,6,90,4,0x5478,7,1,200,805.0
402951197329,5106,2,6,90,4,0x7478,8,1,200,1048.0
402951213648,5107,2,6,90,4,0x7478,8,1,200,-651.0
402951230267,5108,2,6,90,4,0x7078,7,1,200,628.0
402951248257,5109,2,6,90,4,0x7078,7,1,200,1124.0
402951263778,5110,2,6,90,4,0x7078,7,1,200,1144.0
402951280730,5111,2,6,90,4,0x7478,8,1,200,-1060.0
402951297116,5112,2,6,90,4,0x7078,7,1,200,677.0
402951313950,5113,2,6,90,4,0x7078,7,1,200,1099.0
402951330239,5114,2,6,90,4,0x5078,6,1,200,-145.0
402951347332,5115,2,6,90,4,0x407a,6,1,200,-173.0
402951363783,5116,2,6,90,4,0x407a,6,1,200,500.0
402951380586,5117,2,6,90,4,0x407a,6,1,200,151.0
402951398142,5118,2,6,90,4,0x4078,5,1,200,-759.0
402951414844,5119,2,6,90,4,0x0,0,1,200,-317.0
402951431683,5120,2,6,90,4,0x0,0,1,200,962.0
402951448666,5121,2,6,90,4,0x0,0,1,200,940.0
402951465367,5122,2,6,90,4,0x0,0,1,200,-582.0
402951481800,5123,2,6,90,4,0x0,0,1,200,-888.0
402951497977,5124,2,6,90,4,0x0,0,1,200,-107.0
402951515617,5125,2,6,90,4,0x0,0,1,200,911.0
402951531472,5126,2,6,90,4,0x0,0,1,200,-1295.0
402951548398,5127,2,6,90,4,0x0,0,1,200,756.0
402951565411,5128,2,6,90,4,0x407e,7,1,200,-905.0
402951580645,5129,2,6,90,4,0x407e,7,1,200,283.0
402951598099,5130,2,6,90,4,0x407e,7,1,200,968.0
402951613945,5131,2,6,90,4,0x407e,7,1,200,348.0
402951630934,5132,2,6,90,4,0x407e,7,1,200,-1056.0
402951647666,5133,2,6,90,4,0x407e,7,1,200,293.0
402951664050,5134,2,6,90,4,0x407e,7,1,200,1107.0
402951681362,5135,2,6,90,4,0x407e,7,1,200,-15.0
402951697904,5136,2,6,90,4,0x407e,7,1,200,1092.0
402951714305,5137,2,6,90,4,0x407e,7,1,200,43.0
402951730911,5138,2,6,90,4,0x407e,7,1,200,174.0
402951747863,5139,2,6,90,4,0x407e,7,1,200,-508.0
402951764379,5140,2,6,90,4,0x407e,7,1,200,1072.0
402951781541,5141,2,6,90,4,0x407e,7,1,200,1054.0
402951797826,5142,2,6,90,4,0x407e,7,1,200,-169.0
402951814260,5143,2,6,90,4,0x407e,7,1,200,-315.0
402951831102,5144,2,6,90,4,0x407e,7,1,200,140.0
402951847830,5145,2,6,90,4,0x407e,7,1,200,666.0
402951864185,5146,2,6,90,4,0x407e,7,1,200,-793.0
402951881358,5147,2,6,90,4,0x407e,7,1,200,1304.0
402951897717,5148,2,6,90,4,0x407e,7,1,200,-1085.0
402951914501,5149,2,6,90,4,0x407e,7,1,200,-802.0
402951930862,5150,2,6,90,4,0x407e,7,1,200,-574.0
402951947623,5151,2,6,90,4,0x407a,6,1,200,913.0
402951964167,5152,2,6,90,4,0x407a,6,1,200,-566.0
402951981373,5153,2,6,90,4,0x407a,6,1,200,-114.0
402951997631,5154,2,6,90,4,0x507a,7,1,200,319.0
402952014125,5155,2,6,90,4,0x5078,6,1,200,-210.0
402952032369,5156,2,6,90,4,0x5078,6,1,200,-13.0
402952049076,5157,2,6,90,4,0x5078,6,1,200,556.0
402952065651,5158,2,6,90,4,0x5078,6,1,200,-635.0
402952082300,5159,2,6,90,4,0x7478,8,1,200,33.0
402952097527,5160,2,6,90,4,0x7078,7,1,200,-137.0
402952116023,5161,2,6,90,4,0x7478,8,1,200,411.0
402952132354,5162,2,6,90,4,0x7478,8,1,200,1183.0
402952148061,5163,2,6,90,4,0x7478,8,1,200,-69.0
402952165304,5164,2,6,90,4,0x7478,8,1,200,778.0
402952181290,5165,2,6,90,4,0x7478,8,1,200,-472.0
402952198493,5166,2,6,90,4,0x7478,8,1,200,1190.0
402952214821,5167,2,6,90,4,0x5478,7,1,200,-1162.0
402952231544,5168,2,6,90,4,0x54f0,7,1,200,-175.0
402952248336,5169,2,6,90,4,0x54f0,7,1,200,-702.0
402952267225,5170,2,6,90,4,0x54f0,7,1,200,887.0
402952281763,5171,2,6,90,4,0x5470,6,1,200,-267.0
402952297822,5172,2,6,90,4,0x54f0,7,1,200,40.0
402952314581,5173,2,6,90,4,0x54f0,7,1,200,511.0
402952331438,5174,2,6,90,4,0x54f0,7,1,200,-366.0
402952348060,5175,2,6,90,4,0x54f0,7,1,200,1085.0
402952364934,5176,2,6,90,4,0x5470,6,1,200,887.0
402952381759,5177,2,6,90,4,0x54f0,7,1,200,-928.0
402952398705,5178,2,6,90,4,0x54f0,7,1,200,-837.0
402952415545,5179,2,6,90,4,0x54f0,7,1,200,973.0
402952432510,5180,2,6,90,4,0x5470,6,1,200,-251.0
402952448570,5181,2,6,90,4,0x5470,6,1,200,705.0
402952465146,5182,2,6,90,4,0x54f0,7,1,200,301.0
402952483303,5183,2,6,90,4,0x54f0,7,1,200,822.0
402952498380,5184,2,6,90,4,0x5470,6,1,200,-669.0
402952515031,5185,2,6,90,4,0x54f0,7,1,200,-230.0
402952531408,5186,2,6,90,4,0x54f0,7,1,200,530.0
402952548123,5187,2,6,90,4,0x54f0,7,1,200,-628.0
402952565098,5188,2,6,90,4,0x54f0,7,1,200,415.0
402952581881,5189,2,6,90,4,0x54f0,7,1,200,613.0
402952598198,5190,2,6,90,4,0x54f0,7,1,200,421.0
402952615056,5191,2,6,90,4,0x54f0,7,1,200,511.0
402952631919,5192,2,6,90,4,0x5470,6,1,200,27.0
402952647984,5193,2,6,90,4,0x5470,6,1,200,934.0
402952664745,5194,2,6,90,4,0x54f0,7,1,200,505.0
402952682167,5195,2,6,90,4,0x54f0,7,1,200,-1179.0
402952698383,5196,2,6,90,4,0x54f0,7,1,200,-886.0
402952715118,5197,2,6,90,4,0x54f0,7,1,200,-752.0
402952732219,5198,2,6,90,4,0x54f0,7,1,200,1223.0
402952748676,5199,2,6,90,4,0x54f0,7,1,200,-624.0
402952765069,5200,2,6,90,4,0x54f0,7,1,200,64.0
402952782330,5201,2,6,90,4,0x54f0,7,1,200,-1093.0
402952799292,5202,2,6,90,4,0x54f0,7,1,200,-212.0
402952815148,5203,2,6,90,4,0x5470,6,1,200,488.0
402952832051,5204,2,6,90,4,0x74f0,8,1,200,-784.0
402952848772,5205,2,6,90,4,0x7470,7,1,200,-306.0
402952866283,5206,2,6,90,4,0x74f8,9,1,200,245.0
402952882267,5207,2,6,90,4,0x7cf8,10,1,200,904.0
402952898740,5208,2,6,90,4,0x7478,8,1,200,520.0
402952916290,5209,2,6,90,4,0x7478,8,1,200,-900.0
402952932856,5210,2,6,90,4,0x7c78,9,1,200,-374.0
402952949191,5211,2,6,90,4,0x7c70,8,1,200,-83.0
402952965943,5212,2,6,90,4,0x7c78,9,1,200,113.0
402952982814,5213,2,6,90,4,0x7c78,9,1,200,-416.0
402952999264,5214,2,6,90,4,0x7c78,9,1,200,-1434.0
402953016007,5215,2,6,90,4,0x7c70,8,1,200,776.0
402953033877,5216,2,6,90,4,0x7470,7,1,200,681.0
402953048509,5217,2,6,90,4,0x7478,8,1,200,-211.0
402953065442,5218,2,6,90,4,0x7c78,9,1,200,450.0
402953082357,5219,2,6,90,4,0x7c70,8,1,200,904.0
402953099664,5220,2,6,90,4,0x7c70,8,1,200,-511.0
402953116179,5221,2,14,91,4,0x7c70,8,1,200,-1085.0
402953132547,5222,2,14,91,4,0x7470,7,1,200,118.0
402953149956,5223,2,14,91,4,0x7c70,8,1,200,392.0
402953166702,5224,2,14,91,4,0x7c78,9,1,200,-800.0
402953182468,5225,2,14,91,4,0x7c78,9,1,200,-1407.0
402953199013,5226,2,14,91,4,0x7c78,9,1,200,-381.0
402953215400,5227,2,14,91,4,0x7c78,9,1,200,505.0
402953232357,5228,2,14,91,4,0x7c78,9,1,200,947.0
402953248904,5229,2,14,91,4,0x7c70,8,1,200,773.0
402953266062,5230,2,14,91,4,0x7c70,8,1,200,-477.0
402953282556,5231,2,14,91,4,0x7c70,8,1,200,-102.0
402953299332,5232,2,14,91,4,0x7470,7,1,200,-809.0
402953316380,5233,2,14,91,4,0x7c70,8,1,200,-725.0
402953333544,5234,2,14,91,4,0x7c70,8,1,200,-896.0
402953349510,5235,2,14,91,4,0x7470,7,1,200,541.0
402953365698,5236,2,14,91,4,0x7c78,9,1,200,-35.0
402953383178,5237,2,14,91,4,0x7478,8,1,200,-472.0
402953399690,5238,2,14,91,4,0x7078,7,1,200,1069.0
402953416356,5239,2,14,91,4,0x7478,8,1,200,320.0
402953432725,5240,2,14,91,4,0x7478,8,1,200,789.0
402953449317,5241,2,14,91,4,0x7478,8,1,200,-196.0
402953466953,5242,2,14,91,4,0x7478,8,1,200,-208.0
402953482815,5243,2,14,91,4,0x7478,8,1,200,-239.0
402953498982,5244,2,14,91,4,0x7478,8,1,200,285.0
402953518290,5245,2,14,91,4,0x7078,7,1,200,-960.0
402953532404,5246,2,14,91,4,0x7478,8,1,200,995.0
402953549994,5247,2,14,91,4,0x7078,7,1,200,1002.0
402953566070,5248,2,14,91,4,0x7c78,9,1,200,1007.0
402953583367,5249,2,14,91,4,0x7878,8,1,200,738.0
402953600106,5250,2,14,91,4,0x7c78,9,1,200,-145.0
402953616483,5251,2,14,91,4,0x7c70,8,1,200,868.0
402953633069,5252,2,14,91,4,0x7c78,9,1,200,421.0
402953650181,5253,2,14,91,4,0x7c70,8,1,200,166.0
402953666192,5254,2,14,91,4,0x7c70,8,1,200,-965.0
402953683337,5255,2,14,91,4,0x7c70,8,1,200,366.0
402953699572,5256,2,14,91,4,0x7870,7,1,200,-430.0
402953717114,5257,2,14,91,4,0x7c70,8,1,200,-738.0
402953732804,5258,2,14,91,4,0x7870,7,1,200,-725.0
402953749772,5259,2,14,91,4,0x7c70,8,1,200,-1090.0
402953766992,5260,2,14,91,4,0x7c70,8,1,200,751.0
402953783270,5261,2,14,91,4,0x7c70,8,1,200,-311.0
402953800233,5262,2,14,91,4,0x7c70,8,1,200,-309.0
402953816595,5263,2,14,91,4,0x7c70,8,1,200,402.0
402953835505,5264,2,14,91,4,0x7c70,8,1,200,-207.0
402953849572,5265,2,14,91,4,0x7c70,8,1,200,-398.0
402953866526,5266,2,14,91,4,0x7c60,7,1,200,-1057.0
402953883507,5267,2,14,91,4,0x7c60,7,1,200,836.0
402953899781,5268,2,14,91,4,0x7c60,7,1,200,-568.0
402953916482,5269,2,14,91,4,0x7c60,7,1,200,1183.0
402953933099,5270,2,14,91,4,0x7c60,7,1,200,-1265.0
402953949667,5271,2,14,91,4,0x7c60,7,1,200,-580.0
402953966548,5272,2,14,91,4,0x7c60,7,1,200,-533.0
402953983544,5273,2,14,91,4,0x7c60,7,1,200,85.0
402954000801,5274,2,14,91,4,0x7c60,7,1,200,216.0
402954017694,5275,2,14,91,4,0x7c60,7,1,200,691.0
402954033800,5276,2,14,91,4,0x7c60,7,1,200,-184.0
402954049858,5277,2,14,91,4,0x7c60,7,1,200,-772.0
402954067059,5278,2,14,91,4,0x7c60,7,1,200,-1260.0
402954083913,5279,2,14,91,4,0x7c60,7,1,200,592.0
402954099953,5280,2,14,91,4,0x7c60,7,1,200,-178.0
402954117067,5281,2,14,91,4,0x7c60,7,1,200,-351.0
402954134583,5282,2,14,91,4,0x7c60,7,1,200,-575.0
402954150233,5283,2,14,91,4,0x7c60,7,1,200,-603.0
402954167152,5284,2,14,91,4,0x7c60,7,1,200,335.0
402954183769,5285,2,14,91,4,0x7c60,7,1,200,833.0
402954200365,5286,2,14,91,4,0x7c60,7,1,200,-655.0
402954217401,5287,2,14,91,4,0x7c60,7,1,200,373.0
402954234006,5288,2,14,91,4,0x7c60,7,1,200,1026.0
402954250371,5289,2,14,91,4,0x7c60,7,1,200,593.0
402954267764,5290,2,14,91,4,0x7c60,7,1,200,-171.0
402954283670,5291,2,14,91,4,0x7c60,7,1,200,24.0
402954300456,5292,2,14,91,4,0x7c60,7,1,200,582.0
402954317082,5293,2,14,91,4,0x7c60,7,1,200,622.0
402954334092,5294,2,14,91,4,0x7c60,7,1,200,707.0
402954350657,5295,2,14,91,4,0x7c60,7,1,200,-1229.0
402954368640,5296,2,14,91,4,0x7c60,7,1,200,824.0
402954383950,5297,2,14,91,4,0x7c60,7,1,200,-203.0
402954401207,5298,2,14,91,4,0x7c60,7,1,200,-202.0
402954417583,5299,2,14,91,4,0x7c60,7,1,200,1035.0
402954433643,5300,2,14,91,4,0x7c60,7,1,200,-72.0
402954450387,5301,2,14,91,4,0x7c60,7,1,200,-254.0
402954466802,5302,2,14,91,4,0x7c60,7,1,200,-740.0
402954483446,5303,2,14,91,4,0x7c60,7,1,200,-502.0
402954500894,5304,2,14,91,4,0x7c60,7,1,200,-699.0
402954517407,5305,2,14,91,4,0x7c60,7,1,200,784.0
402954534384,5306,2,14,91,4,0x7c60,7,1,200,-1046.0
402954550494,5307,2,14,91,4,0x7c60,7,1,200,-839.0
402954566946,5308,2,14,91,4,0x7c60,7,1,200,699.0
402954584063,5309,2,14,91,4,0x7c60,7,1,200,1138.0
402954600358,5310,2,14,91,4,0x7c60,7,1,200,537.0
402954617262,5311,2,14,91,4,0x7c60,7,1,200,-823.0
402954633688,5312,2,14,91,4,0x7c60,7,1,200,879.0
402954650679,5313,2,14,91,4,0x7c60,7,1,200,-488.0
402954668205,5314,2,14,91,4,0x7c60,7,1,200,-390.0
402954683985,5315,2,14,91,4,0x7c60,7,1,200,-317.0
402954701909,5316,2,14,91,4,0x7c60,7,1,200,360.0
402954717144,5317,2,14,91,4,0x7c60,7,1,200,-479.0
402954733728,5318,2,14,91,4,0x7c60,7,1,200,1.0
402954751827,5319,2,14,91,4,0x7c60,7,1,200,-248.0
402954767143,5320,2,14,91,4,0x7c60,7,1,200,-399.0
402954784428,5321,2,14,91,4,0x7c60,7,1,200,-700.0
402954800615,5322,2,14,91,4,0x7c60,7,1,200,815.0
402954818463,5323,2,14,91,4,0x7c60,7,1,200,382.0
402954834486,5324,2,14,91,4,0x7c60,7,1,200,867.0
402954850697,5325,2,14,91,4,0x7c60,7,1,200,508.0
402954869282,5326,2,14,91,4,0x7c60,7,1,200,-428.0
402954884304,5327,2,14,91,4,0x7c60,7,1,200,-928.0
402954901050,5328,2,14,91,4,0x7c60,7,1,200,-718.0
402954917696,5329,2,14,91,4,0x7c60,7,1,200,390.0
402954934348,5330,2,14,91,4,0x7c60,7,1,200,-710.0
402954951382,5331,2,14,91,4,0x7c60,7,1,200,1491.0
402954968704,5332,2,14,91,4,0x7c60,7,1,200,307.0
402954984750,5333,2,14,91,4,0x7c60,7,1,200,401.0
402955001536,5334,2,14,91,4,0x7c60,7,1,200,-1109.0
402955017905,5335,2,14,91,4,0x7c60,7,1,200,493.0
402955034311,5336,2,14,91,4,0x7c60,7,1,200,-713.0
402955050992,5337,2,14,91,4,0x7c60,7,1,200,209.0
402955067648,5338,2,14,91,4,0x7c60,7,1,200,1022.0
402955084150,5339,2,14,91,4,0x7c60,7,1,200,-459.0
402955101376,5340,1,255,92,4,0x7c60,7,1,200,927.0
402955117777,5341,1,255,92,4,0x7c60,7,1,200,-615.0
402955134295,5342,1,255,92,4,0x7c60,7,1,200,599.0
402955151053,5343,1,255,92,4,0x7c60,7,1,200,48.0
402955168556,5344,1,255,92,4,0x7c60,7,1,200,-837.0
402955184574,5345,1,255,92,4,0x7c60,7,1,200,195.0
402955201096,5346,1,255,92,4,0x7c60,7,1,200,-1178.0
402955218220,5347,1,255,92,4,0x7c60,7,1,200,811.0
402955234370,5348,1,255,92,4,0x7c60,7,1,200,-131.0
402955251551,5349,1,255,92,4,0x7c60,7,1,200,-79.0
402955267961,5350,1,255,92,4,0x7c60,7,1,200,-974.0
402955284556,5351,1,255,92,4,0x7c60,7,1,200,-418.0
402955301233,5352,1,255,92,4,0x7c60,7,1,200,-1120.0
402955318329,5353,1,255,92,4,0x7c60,7,1,200,169.0
402955335669,5354,1,255,92,4,0x7c60,7,1,200,-890.0
402955351541,5355,1,255,92,4,0x7c60,7,1,200,-1167.0
402955367652,5356,1,255,92,4,0x7c60,7,1,200,-104.0
402955385409,5357,1,255,92,4,0x7c60,7,1,200,163.0
402955401717,5358,1,255,92,4,0x7c60,7,1,200,423.0
402955418625,5359,1,255,92,4,0x7c60,7,1,200,-981.0
402955435695,5360,1,255,92,4,0x7c60,7,1,200,288.0
402955451417,5361,1,255,92,4,0x7c60,7,1,200,-1222.0
402955468108,5362,1,255,92,4,0x7c60,7,1,200,-846.0
402955484690,5363,1,255,92,4,0x7c60,7,1,200,-392.0
402955501159,5364,1,255,92,4,0x7c60,7,1,200,785.0
402955518477,5365,1,255,92,4,0x7c60,7,1,200,119.0
402955534828,5366,1,255,92,4,0x7c60,7,1,200,-186.0
402955551349,5367,1,255,92,4,0x7c60,7,1,200,-35.0
402955568205,5368,1,255,92,4,0x7c60,7,1,200,-744.0
402955584717,5369,1,255,92,4,0x7c60,7,1,200,832.0
402955601814,5370,1,255,92,4,0x7c60,7,1,200,800.0
402955618371,5371,1,255,92,4,0x7c60,7,1,200,940.0
402955634957,5372,1,255,92,4,0x7c60,7,1,200,-387.0
402955651927,5373,1,255,92,4,0x7c60,7,1,200,-470.0
402955668756,5374,1,255,92,4,0x7c60,7,1,200,1258.0
402955684775,5375,1,255,92,4,0x7c60,7,1,200,-56.0
402955702142,5376,1,255,92,4,0x7c60,7,1,200,-10.0
402955718691,5377,1,255,92,4,0x7c60,7,1,200,178.0
402955734880,5378,1,255,92,4,0x7c60,7,1,200,-88.0
402955751688,5379,1,255,92,4,0x7c60,7,1,200,-447.0
402955768633,5380,1,255,92,4,0x7c60,7,1,200,1085.0
402955784852,5381,1,255,92,4,0x7c60,7,1,200,-199.0
402955801599,5382,1,255,92,4,0x7c60,7,1,200,-469.0
402955818624,5383,1,255,92,4,0x7c60,7,1,200,-896.0
402955835227,5384,1,255,92,4,0x7c60,7,1,200,-1165.0
402955852648,5385,1,255,92,4,0x7c60,7,1,200,29.0
402955868375,5386,1,255,92,4,0x7c60,7,1,200,244.0
402955885418,5387,1,255,92,4,0x7c60,7,1,200,326.0
402955904465,5388,1,255,92,4,0x7c60,7,1,200,1176.0
402955918672,5389,1,255,92,4,0x7c60,7,1,200,370.0
402955935412,5390,1,255,92,4,0x7c60,7,1,200,971.0
402955955395,5391,1,255,92,4,0x7c60,7,1,200,-26.0
402955968452,5392,1,255,92,4,0x7c60,7,1,200,-552.0
402955984970,5393,1,255,92,4,0x7c60,7,1,200,-936.0
402956002742,5394,1,255,92,4,0x7c60,7,1,200,1025.0
402956019551,5395,1,255,92,4,0x7c60,7,1,200,-1355.0
402956035415,5396,1,255,92,4,0x7c60,7,1,200,157.0
402956052591,5397,1,255,92,4,0x7c60,7,1,200,-1223.0
402956070468,5398,1,255,92,4,0x7c60,7,1,200,1498.0
402956086402,5399,1,255,92,4,0x7c60,7,1,200,471.0
402956102549,5400,1,255,92,4,0x7c60,7,1,200,688.0
402956118409,5401,1,255,93,4,0x7c60,7,1,200,-713.0
402956135457,5402,1,255,93,4,0x7c60,7,1,200,-353.0
402956152201,5403,1,255,93,4,0x7c60,7,1,200,277.0
402956168392,5404,1,255,93,4,0x7c60,7,1,200,-382.0
402956185500,5405,1,255,93,4,0x7c60,7,1,200,650.0
402956202800,5406,1,255,93,4,0x7c60,7,1,200,-870.0
402956220417,5407,1,255,93,4,0x7c60,7,1,200,-944.0
402956235544,5408,1,255,93,4,0x7c60,7,1,200,979.0
402956252506,5409,1,255,93,4,0x7c60,7,1,200,145.0
402956268691,5410,1,255,93,4,0x7c60,7,1,200,-571.0
402956285494,5411,1,255,93,4,0x7c60,7,1,200,935.0
402956303651,5412,1,255,93,4,0x7c60,7,1,200,1019.0
402956319784,5413,1,255,93,4,0x7c60,7,1,200,-603.0
402956335874,5414,1,255,93,4,0x7c60,7,1,200,-1407.0
402956352647,5415,1,255,93,4,0x7c60,7,1,200,159.0
402956369423,5416,1,255,93,4,0x7c60,7,1,200,209.0
402956385802,5417,1,255,93,4,0x7c60,7,1,200,244.0
402956402151,5418,1,255,93,4,0x7c60,7,1,200,-679.0
402956418700,5419,1,255,93,4,0x7c60,7,1,200,252.0
402956435657,5420,1,255,93,4,0x7c60,7,1,200,762.0
402956452527,5421,1,255,93,4,0x7c60,7,1,200,-913.0
402956468907,5422,1,255,93,4,0x7c60,7,1,200,752.0
402956485651,5423,1,255,93,4,0x7c60,7,1,200,-52.0
402956502472,5424,1,255,93,4,0x7c60,7,1,200,620.0
402956519199,5425,1,255,93,4,0x7c60,7,1,200,-535.0
402956536550,5426,1,255,93,4,0x7c60,7,1,200,265.0
402956552752,5427,1,255,93,4,0x7c60,7,1,200,-798.0
402956569497,5428,1,255,93,4,0x7c60,7,1,200,1030.0
402956586004,5429,1,255,93,4,0x7c60,7,1,200,-958.0
402956602942,5430,1,255,93,4,0x7c60,7,1,200,982.0
402956619341,5431,1,255,93,4,0x7c60,7,1,200,1193.0
402956635758,5432,1,255,93,4,0x7c60,7,1,200,-801.0
402956654271,5433,1,255,93,4,0x7c60,7,1,200,-1025.0
402956669142,5434,1,255,93,4,0x7c60,7,1,200,705.0
402956685704,5435,1,255,93,4,0x7c60,7,1,200,362.0
402956702250,5436,1,255,93,4,0x7c60,7,1,200,-1073.0
402956718961,5437,1,255,93,4,0x7c60,7,1,200,-746.0
402956735598,5438,1,255,93,4,0x7c60,7,1,200,-255.0
402956752598,5439,1,255,93,4,0x7c60,7,1,200,-140.0
402956769567,5440,1,255,93,4,0x7c60,7,1,200,-391.0
402956785789,5441,1,255,93,4,0x7c60,7,1,200,377.0
402956802374,5442,1,255,93,4,0x7c60,7,1,200,820.0
402956819189,5443,1,255,93,4,0x7c60,7,1,200,345.0
402956835934,5444,1,255,93,4,0x7c60,7,1,200,760.0
402956852551,5445,1,255,93,4,0x7c60,7,1,200,1174.0
402956869278,5446,1,255,93,4,0x7c60,7,1,200,23.0
402956885685,5447,1,255,93,4,0x7c60,7,1,200,-202.0
402956903103,5448,1,255,93,4,0x7c60,7,1,200,-255.0
402956920339,5449,1,255,93,4,0x7c60,7,1,200,1292.0
402956936820,5450,1,255,93,4,0x7c60,7,1,200,-1175.0
402956953155,5451,1,255,93,4,0x7c60,7,1,200,-685.0
402956970001,5452,1,255,93,4,0x7c60,7,1,200,1314.0
402956986342,5453,1,255,93,4,0x7c60,7,1,200,-171.0
402957003363,5454,1,255,93,4,0x7c60,7,1,200,841.0
402957019478,5455,1,255,93,4,0x7c60,7,1,200,-785.0
402957036137,5456,1,255,93,4,0x7c60,7,1,200,-371.0
402957053051,5457,1,255,93,4,0x7c60,7,1,200,1104.0
402957069312,5458,1,255,93,4,0x7c60,7,1,200,134.0
402957086215,5459,1,255,93,4,0x7c60,7,1,200,-1111.0
402957102831,5460,1,255,93,4,0x7c60,7,1,200,1071.0
402957119634,5461,1,255,94,4,0x7c60,7,1,200,1108.0
402957135960,5462,1,255,94,4,0x7c60,7,1,200,-650.0
402957152742,5463,1,255,94,4,0x7c60,7,1,200,792.0
402957169731,5464,1,255,94,4,0x7c60,7,1,200,-380.0
402957186797,5465,1,255,94,4,0x7c60,7,1,200,-584.0
402957202762,5466,1,255,94,4,0x7c60,7,1,200,-386.0
402957219701,5467,1,255,94,4,0x7e60,8,1,200,250.0
402957236060,5468,1,255,94,4,0x7e60,8,1,200,1008.0
402957253235,5469,1,255,94,4,0x7e60,8,1,200,-962.0
402957269740,5470,1,255,94,4,0x7c60,7,1,200,-946.0
402957286555,5471,1,255,94,4,0x7e60,8,1,200,262.0
402957303363,5472,1,255,94,4,0x7e60,8,1,200,598.0
402957319717,5473,1,255,94,4,0x7e60,8,1,200,-125.0
402957336712,5474,1,255,94,4,0x7e60,8,1,200,918.0
402957352727,5475,1,255,94,4,0x7e60,8,1,200,-32.0
402957369342,5476,1,255,94,4,0x7e60,8,1,200,-1090.0
402957386823,5477,1,255,94,4,0x7e60,8,1,200,562.0
402957403442,5478,1,255,94,4,0x7e60,8,1,200,915.0
402957421458,5479,1,255,94,4,0x7e60,8,1,200,-458.0
402957436550,5480,1,255,94,4,0x7e60,8,1,200,-522.0
402957453099,5481,1,255,94,4,0x7e60,8,1,200,874.0
402957469518,5482,1,255,94,4,0x7e60,8,1,200,62.0
402957486583,5483,1,255,94,4,0x7e60,8,1,200,208.0
402957503582,5484,1,255,94,4,0x7e60,8,1,200,15.0
402957519496,5485,1,255,94,4,0x7e60,8,1,200,558.0
402957536616,5486,1,255,94,4,0x7e60,8,1,200,655.0
402957553301,5487,1,255,94,4,0x7e60,8,1,200,-698.0
402957569576,5488,1,255,94,4,0x7e60,8,1,200,-686.0
402957586380,5489,1,255,94,4,0x7c60,7,1,200,597.0
402957603978,5490,1,255,94,4,0x7e60,8,1,200,-317.0
402957619846,5491,1,255,94,4,0x7e60,8,1,200,976.0
402957636897,5492,1,255,94,4,0x7c40,6,1,200,-429.0
402957653359,5493,1,255,94,4,0x7e40,7,1,200,88.0
402957669917,5494,1,255,94,4,0x7c40,6,1,200,81.0
402957687002,5495,1,255,94,4,0x7e40,7,1,200,148.0
402957703424,5496,1,255,94,4,0x7e40,7,1,200,-204.0
402957720036,5497,1,255,94,4,0x7e40,7,1,200,-492.0
402957736709,5498,1,255,94,4,0x7e40,7,1,200,792.0
402957753349,5499,1,255,94,4,0x7f40,8,1,200,352.0
402957769704,5500,1,255,94,4,0x7fc0,9,1,200,1150.0
402957786998,5501,1,255,94,4,0x7fc0,9,1,200,451.0
402957803937,5502,1,255,94,4,0x7fc0,9,1,200,-490.0
402957820147,5503,1,255,94,4,0x7fc0,9,1,200,-354.0
402957836797,5504,1,255,94,4,0x7fc0,9,1,200,-928.0
402957853620,5505,1,255,94,4,0x7fc0,9,1,200,898.0
402957870262,5506,1,255,94,4,0x7f80,8,1,200,-702.0
402957887053,5507,1,255,94,4,0x7fc0,9,1,200,-430.0
402957903359,5508,1,255,94,4,0x7fc0,9,1,200,36.0
402957920573,5509,1,255,94,4,0x7f80,8,1,200,-688.0
402957937030,5510,1,255,94,4,0x7fc0,9,1,200,-956.0
402957953618,5511,1,255,94,4,0x7fc0,9,1,200,497.0
402957970533,5512,1,255,94,4,0x7fc0,9,1,200,211.0
402957986967,5513,1,255,94,4,0x7fc0,9,1,200,927.0
402958003837,5514,1,255,94,4,0x7fc0,9,1,200,-285.0
402958020403,5515,1,255,94,4,0x7fc0,9,1,200,-470.0
402958036892,5516,1,255,94,4,0x7ec0,8,1,200,231.0
402958053819,5517,1,255,94,4,0x7ec0,8,1,200,354.0
402958071260,5518,1,255,94,4,0x7e40,7,1,200,-308.0
402958087402,5519,1,255,94,4,0x7e40,7,1,200,510.0
402958103808,5520,1,255,94,4,0x7e40,7,1,200,-200.0
402958120336,5521,2,255,95,4,0x7e40,7,1,200,-342.0
402958136994,5522,2,255,95,4,0x7a40,6,1,200,-869.0
402958153905,5523,2,255,95,4,0x7a40,6,1,200,-580.0
402958170132,5524,2,255,95,4,0x7a40,6,1,200,-338.0
402958186889,5525,2,255,95,4,0x7840,5,1,200,-989.0
402958204117,5526,2,255,95,4,0x7840,5,1,200,-496.0
402958220874,5527,2,255,95,4,0x7840,5,1,200,-816.0
402958236912,5528,2,255,95,4,0x7840,5,1,200,413.0
402958253431,5529,2,255,95,4,0x7840,5,1,200,-983.0
402958270228,5530,2,255,95,4,0x7840,5,1,200,795.0
402958286766,5531,2,255,95,4,0x7840,5,1,200,415.0
402958303840,5532,2,255,95,4,0x7840,5,1,200,-892.0
402958320328,5533,2,255,95,4,0x7240,5,1,200,-922.0
402958337669,5534,2,255,95,4,0x7a40,6,1,200,838.0
402958353730,5535,2,255,95,4,0x7a40,6,1,200,-169.0
402958370097,5536,2,255,95,4,0x7a40,6,1,200,1112.0
402958386925,5537,2,255,95,4,0x7a40,6,1,200,-1109.0
402958404347,5538,2,255,95,4,0x6a40,5,1,200,-511.0
402958420307,5539,2,255,95,4,0x6e60,7,1,200,803.0
402958437049,5540,2,255,95,4,0x6e60,7,1,200,714.0
402958454182,5541,2,255,95,4,0x6e60,7,1,200,421.0
402958470571,5542,2,255,95,4,0x7e60,8,1,200,-1266.0
402958487725,5543,2,255,95,4,0x7e60,8,1,200,552.0
402958505647,5544,2,255,95,4,0x7e60,8,1,200,-662.0
402958520875,5545,2,255,95,4,0x7c60,7,1,200,1256.0
402958537161,5546,2,255,95,4,0x7c60,7,1,200,477.0
402958554144,5547,2,255,95,4,0x7c60,7,1,200,641.0
402958570870,5548,2,255,95,4,0x7c60,7,1,200,-74.0
402958587220,5549,2,255,95,4,0x7c60,7,1,200,205.0
402958604366,5550,2,255,95,4,0x7c60,7,1,200,673.0
402958620668,5551,2,255,95,4,0x7c60,7,1,200,494.0
402958637671,5552,2,255,95,4,0x7c60,7,1,200,-12.0
402958654170,5553,2,255,95,4,0x7c60,7,1,200,622.0
402958670954,5554,2,255,95,4,0x7c60,7,1,200,969.0
402958687485,5555,2,255,95,4,0x7c60,7,1,200,1005.0
402958704206,5556,2,255,95,4,0x7c60,7,1,200,-56.0
402958720918,5557,2,255,95,4,0x7c60,7,1,200,-981.0
402958737572,5558,2,255,95,4,0x7c60,7,1,200,980.0
402958754426,5559,2,255,95,4,0x7c60,7,1,200,-628.0
402958771487,5560,2,255,95,4,0x7c60,7,1,200,-465.0
402958787752,5561,2,255,95,4,0x7c60,7,1,200,602.0
402958804472,5562,2,255,95,4,0x7c60,7,1,200,-395.0
402958821215,5563,2,255,95,4,0x7c60,7,1,200,992.0
402958837657,5564,2,255,95,4,0x7c60,7,1,200,-846.0
402958854592,5565,2,255,95,4,0x7c60,7,1,200,-686.0
402958871064,5566,2,255,95,4,0x7c60,7,1,200,-53.0
402958887981,5567,2,255,95,4,0x7c60,7,1,200,-464.0
402958904538,5568,2,255,95,4,0x7c60,7,1,200,897.0
402958921328,5569,2,255,95,4,0x7c60,7,1,200,-539.0
402958937540,5570,2,255,95,4,0x7c60,7,1,200,365.0
402958954493,5571,2,255,95,4,0x7c60,7,1,200,-459.0
402958971484,5572,2,255,95,4,0x7c60,7,1,200,875.0
402958988215,5573,2,255,95,4,0x7c60,7,1,200,-998.0
402959004775,5574,2,255,95,4,0x7c60,7,1,200,527.0
402959021336,5575,2,255,95,4,0x7c60,7,1,200,1392.0
402959039172,5576,2,255,95,4,0x7c60,7,1,200,291.0
402959054928,5577,2,255,95,4,0x7c60,7,1,200,302.0
402959072001,5578,2,255,95,4,0x7c60,7,1,200,-974.0
402959088205,5579,2,255,95,4,0x7c60,7,1,200,-344.0
402959105315,5580,2,14,96,4,0x7c60,7,1,200,1001.0
402959121392,5581,2,14,96,4,0x7c60,7,1,200,-190.0
402959139084,5582,2,14,96,4,0x7c60,7,1,200,-429.0
402959154878,5583,2,14,96,4,0x7c60,7,1,200,-254.0
402959171397,5584,2,14,96,4,0x7c60,7,1,200,-170.0
402959188598,5585,2,14,96,4,0x7c60,7,1,200,1056.0
402959205011,5586,2,14,96,4,0x7c60,7,1,200,-1145.0
402959221377,5587,2,14,96,4,0x7c60,7,1,200,657.0
402959238738,5588,2,14,96,4,0x7c60,7,1,200,701.0
402959254856,5589,2,14,96,4,0x7c60,7,1,200,-441.0
402959273090,5590,2,14,96,4,0x7c60,7,1,200,571.0
402959288580,5591,2,14,96,4,0x7c60,7,1,200,-390.0
402959304661,5592,2,14,96,4,0x7c60,7,1,200,-839.0
402959321725,5593,2,14,96,4,0x7c40,6,1,200,-675.0
402959338343,5594,2,14,96,4,0x7c40,6,1,200,-811.0
402959354867,5595,2,14,96,4,0x7c40,6,1,200,741.0
402959371374,5596,2,14,96,4,0x7c00,5,1,200,-154.0
402959388054,5597,2,14,96,4,0x7e00,6,1,200,-650.0
402959404778,5598,2,14,96,4,0x7e00,6,1,200,247.0
402959421811,5599,2,14,96,4,0x7e00,6,1,200,-657.0
402959438338,5600,2,14,96,4,0x7e00,6,1,200,-716.0
402959454748,5601,2,14,96,4,0x7e00,6,1,200,1.0
402959471559,5602,2,14,96,4,0x7e00,6,1,200,343.0
402959488315,5603,2,14,96,4,0x7e80,7,1,200,251.0
402959505030,5604,2,14,96,4,0x7e80,7,1,200,-927.0
402959522661,5605,2,14,96,4,0x7e80,7,1,200,602.0
402959538290,5606,2,14,96,4,0x7880,5,1,200,-237.0
402959554818,5607,2,14,96,4,0x7e00,6,1,200,204.0
402959571430,5608,2,14,96,4,0x3880,4,1,200,-408.0
402959587914,5609,2,14,96,4,0x78c0,6,1,200,-301.0
402959604716,5610,2,14,96,4,0x7ec0,8,1,200,-442.0
402959621268,5611,2,14,96,4,0x38c0,5,1,200,-409.0
402959638165,5612,2,14,96,4,0x78c0,6,1,200,182.0
402959655152,5613,2,14,96,4,0x38c0,5,1,200,878.0
402959671711,5614,2,14,96,4,0x3880,4,1,200,-555.0
402959688486,5615,2,14,96,4,0x3800,3,1,200,-809.0
402959704648,5616,2,14,96,4,0x3f80,7,1,200,994.0
402959721667,5617,2,14,96,4,0x3980,5,1,200,839.0
402959738354,5618,2,14,96,4,0xe80,4,1,200,-373.0
402959755024,5619,2,14,96,4,0xe80,4,1,200,-900.0
402959770980,5620,2,14,96,4,0x0,0,1,200,239.0
402959787550,5621,2,14,96,4,0x0,0,1,200,559.0
402959804665,5622,2,14,96,4,0x0,0,1,200,-166.0
402959821302,5623,2,14,96,4,0x0,0,1,200,-281.0
402959837553,5624,2,14,96,4,0x0,0,1,200,472.0
402959854481,5625,2,14,96,4,0x0,0,1,200,-1158.0
402959871123,5626,2,14,96,4,0x0,0,1,200,230.0
402959887949,5627,2,14,96,4,0x0,0,1,200,-672.0
402959904401,5628,2,14,96,4,0x0,0,1,200,-866.0
402959921052,5629,2,14,96,4,0x0,0,1,200,-1048.0
402959938235,5630,2,14,96,4,0x0,0,1,200,-588.0
402959954511,5631,2,14,96,4,0x0,0,1,200,785.0
402959971263,5632,2,14,96,4,0x0,0,1,200,1061.0
402959987985,5633,2,14,96,4,0x0,0,1,200,937.0
402960004385,5634,2,14,96,4,0x0,0,1,200,186.0
402960021374,5635,2,14,96,4,0x0,0,1,200,-147.0
402960039723,5636,2,14,96,4,0x0,0,1,200,-1001.0
402960054747,5637,2,14,96,4,0x0,0,1,200,-1308.0
402960071446,5638,2,14,96,4,0x0,0,1,200,-449.0
402960087991,5639,2,14,96,4,0x0,0,1,200,-827.0
402960104579,5640,2,14,96,4,0x0,0,1,200,168.0
402960121210,5641,2,14,96,4,0x0,0,1,200,863.0
402960138070,5642,2,14,96,4,0x0,0,1,200,598.0
402960154950,5643,2,14,96,4,0x0,0,1,200,-83.0
402960171797,5644,2,14,96,4,0x0,0,1,200,-461.0
402960188449,5645,2,14,96,4,0x0,0,1,200,-231.0
402960205126,5646,2,14,96,4,0x0,0,1,200,720.0
402960221614,5647,2,14,96,4,0x0,0,1,200,-679.0
402960238751,5648,2,14,96,4,0x0,0,1,200,801.0
402960255007,5649,2,14,96,4,0x0,0,1,200,-330.0
402960271479,5650,2,14,96,4,0x0,0,1,200,-291.0
402960289810,5651,2,14,96,4,0x0,0,1,200,1282.0
402960304875,5652,2,14,96,4,0x0,0,1,200,143.0
402960321775,5653,2,14,96,4,0x0,0,1,200,-553.0
402960338515,5654,2,14,96,4,0x0,0,1,200,-646.0
402960354768,5655,2,14,96,4,0x0,0,1,200,-60.0
402960371786,5656,2,14,96,4,0x0,0,1,200,263.0
402960388447,5657,2,14,96,4,0x0,0,1,200,-75.0
402960405260,5658,2,14,96,4,0x0,0,1,200,-769.0
402960421745,5659,2,14,96,4,0x0,0,1,200,437.0
402960438216,5660,2,14,96,4,0x0,0,1,200,495.0
402960455353,5661,2,14,96,4,0x0,0,1,200,536.0
402960472335,5662,2,14,96,4,0x0,0,1,200,712.0
402960488373,5663,2,14,96,4,0x0,0,1,200,659.0
402960505073,5664,2,14,96,4,0x0,0,1,200,-309.0
402960521874,5665,2,14,96,4,0x0,0,1,200,495.0
402960538711,5666,2,14,96,4,0x0,0,1,200,-481.0
402960555267,5667,2,14,96,4,0x0,0,1,200,-473.0
402960571727,5668,2,14,96,4,0x0,0,1,200,840.0
402960588631,5669,2,14,96,4,0x0,0,1,200,-1231.0
402960605363,5670,2,14,96,4,0x0,0,1,200,583.0
402960622096,5671,2,14,96,4,0x0,0,1,200,-182.0
402960638550,5672,2,14,96,4,0x0,0,1,200,-60.0
402960655166,5673,2,14,96,4,0x0,0,1,200,738.0
402960671871,5674,2,14,96,4,0x0,0,1,200,746.0
402960688700,5675,2,14,96,4,0x0,0,1,200,-353.0
402960705208,5676,2,14,96,4,0x0,0,1,200,639.0
402960721931,5677,2,14,96,4,0x0,0,1,200,-571.0
402960738595,5678,2,14,96,4,0x0,0,1,200,-874.0
402960755504,5679,2,14,96,4,0x0,0,1,200,-796.0
402960772103,5680,2,14,96,4,0x0,0,1,200,-751.0
402960788535,5681,2,14,96,4,0x0,0,1,200,1043.0
402960805255,5682,2,14,96,4,0x0,0,1,200,-254.0
402960822116,5683,2,14,96,4,0x0,0,1,200,-107.0
402960838777,5684,2,14,96,4,0x0,0,1,200,-139.0
402960855348,5685,2,14,96,4,0x0,0,1,200,409.0
402960871875,5686,2,14,96,4,0x0,0,1,200,-1038.0
402960888575,5687,2,14,96,4,0x0,0,1,200,-201.0
402960905298,5688,2,14,96,4,0x0,0,1,200,576.0
402960922331,5689,2,14,96,4,0x0,0,1,200,613.0
402960938812,5690,2,14,96,4,0x0,0,1,200,-151.0
402960955551,5691,2,14,96,4,0x0,0,1,200,54.0
402960972093,5692,2,14,96,4,0x0,0,1,200,972.0
402960988767,5693,2,14,96,4,0x0,0,1,200,593.0
402961005702,5694,2,14,96,4,0x0,0,1,200,-726.0
402961022289,5695,2,14,96,4,0x0,0,1,200,-165.0
402961038839,5696,2,14,96,4,0x0,0,1,200,714.0
402961055594,5697,2,14,96,4,0x0,0,1,200,942.0
402961072361,5698,2,14,96,4,0x0,0,1,200,-460.0
402961090438,5699,2,14,96,4,0x0,0,1,200,-906.0
402961105638,5700,2,14,96,4,0x0,0,1,200,-245.0
402961122585,5701,2,14,96,4,0x0,0,1,200,-406.0
402961139262,5702,2,14,96,4,0x0,0,1,200,632.0
402961155865,5703,2,14,96,4,0x0,0,1,200,-657.0
402961172410,5704,2,14,96,4,0x0,0,1,200,480.0
402961188996,5705,2,14,96,4,0x0,0,1,200,530.0
402961205743,5706,2,14,96,4,0x0,0,1,200,-1229.0
402961222432,5707,2,14,96,4,0x0,0,1,200,400.0
402961239327,5708,2,14,96,4,0x0,0,1,200,9.0
402961255587,5709,2,14,96,4,0x0,0,1,200,-949.0
402961272640,5710,2,14,96,4,0x0,0,1,200,671.0
402961289103,5711,2,14,96,4,0x0,0,1,200,-576.0
402961305711,5712,2,14,96,4,0x0,0,1,200,498.0
402961322667,5713,2,14,96,4,0x0,0,1,200,901.0
402961339224,5714,2,14,96,4,0x0,0,1,200,508.0
402961357331,5715,2,14,96,4,0x0,0,1,200,-105.0
402961372529,5716,2,14,96,4,0x0,0,1,200,369.0
402961389373,5717,2,14,96,4,0x0,0,1,200,794.0
402961406555,5718,2,14,96,4,0x0,0,1,200,0.0
402961422971,5719,2,14,96,4,0x0,0,1,200,-426.0
402961439462,5720,2,14,96,4,0x0,0,1,200,691.0
402961456165,5721,2,14,96,4,0x0,0,1,200,694.0
402961472821,5722,2,14,96,4,0x0,0,1,200,657.0
402961489305,5723,2,14,96,4,0x0,0,1,200,-287.0
402961506188,5724,2,14,96,4,0x0,0,1,200,697.0
402961522826,5725,2,14,96,4,0x0,0,1,200,-468.0
402961539971,5726,2,14,96,4,0x0,0,1,200,853.0
402961556256,5727,2,14,96,4,0x0,0,1,200,-326.0
402961574241,5728,2,14,96,4,0x0,0,1,200,0.0
402961589338,5729,2,14,96,4,0x0,0,1,200,452.0
402961606021,5730,2,14,96,4,0x0,0,1,200,-195.0
402961623064,5731,2,14,96,4,0x0,0,1,200,-138.0
402961639690,5732,2,14,96,4,0x0,0,1,200,683.0
402961656124,5733,2,14,96,4,0x0,0,1,200,-709.0
402961672784,5734,2,14,96,4,0x0,0,1,200,710.0
402961689465,5735,2,14,96,4,0x0,0,1,200,917.0
402961706664,5736,2,14,96,4,0x0,0,1,200,-723.0
402961723309,5737,2,14,96,4,0x0,0,1,200,-231.0
402961740000,5738,2,14,96,4,0x0,0,1,200,574.0
402961756566,5739,2,14,96,4,0x0,0,1,200,729.0
402961773428,5740,2,14,96,4,0x0,0,1,200,822.0
402961789929,5741,2,14,96,4,0x0,0,1,200,-939.0
402961806750,5742,2,14,96,4,0x0,0,1,200,-1105.0
402961823411,5743,2,14,96,4,0x0,0,1,200,702.0
402961839834,5744,2,14,96,4,0x0,0,1,200,566.0
402961856579,5745,2,14,96,4,0x0,0,1,200,695.0
402961873343,5746,2,14,96,4,0x0,0,1,200,-451.0
402961889676,5747,2,14,96,4,0x0,0,1,200,-425.0
402961906527,5748,2,14,96,4,0x0,0,1,200,712.0
402961923194,5749,2,14,96,4,0x0,0,1,200,-855.0
402961940587,5750,2,14,96,4,0x0,0,1,200,784.0
402961956679,5751,2,14,96,4,0x0,0,1,200,-178.0
402961973322,5752,2,14,96,4,0x0,0,1,200,415.0
402961989939,5753,2,14,96,4,0x0,0,1,200,-736.0
402962006443,5754,2,14,96,4,0x0,0,1,200,-497.0
402962023736,5755,2,14,96,4,0x0,0,1,200,-873.0
402962040127,5756,2,14,96,4,0x0,0,1,200,303.0
402962056721,5757,2,14,96,4,0x0,0,1,200,688.0
402962073520,5758,2,14,96,4,0x0,0,1,200,123.0
402962090034,5759,2,14,96,4,0x0,0,1,200,-554.0
402962106587,5760,2,14,96,4,0x0,0,1,200,-613.0
402962123575,5761,2,14,96,4,0x0,0,1,200,846.0
402962140830,5762,2,14,96,4,0x0,0,1,200,-1193.0
402962156665,5763,2,14,96,4,0x0,0,1,200,17.0
402962173577,5764,2,14,96,4,0x0,0,1,200,-574.0
402962190051,5765,2,14,96,4,0x0,0,1,200,-593.0
402962207651,5766,2,14,96,4,0x0,0,1,200,1242.0
402962223512,5767,2,14,96,4,0x0,0,1,200,54.0
402962240225,5768,2,14,96,4,0x0,0,1,200,1118.0
402962257090,5769,2,14,96,4,0x0,0,1,200,-283.0
402962273375,5770,2,14,96,4,0x0,0,1,200,-1315.0
402962290167,5771,2,14,96,4,0x0,0,1,200,1211.0
402962306813,5772,2,14,96,4,0x0,0,1,200,-38.0
402962323830,5773,2,14,96,4,0x0,0,1,200,-813.0
402962340516,5774,2,14,96,4,0x0,0,1,200,1076.0
402962356903,5775,2,14,96,4,0x0,0,1,200,798.0
402962373771,5776,2,14,96,4,0x0,0,1,200,656.0
402962390533,5777,2,14,96,4,0x0,0,1,200,-1284.0
402962406971,5778,2,14,96,4,0x0,0,1,200,732.0
402962423717,5779,2,14,96,4,0x0,0,1,200,-61.0
402962440547,5780,2,14,96,4,0x0,0,1,200,1236.0
402962457211,5781,2,14,96,4,0x0,0,1,200,-130.0
402962473945,5782,2,14,96,4,0x0,0,1,200,-734.0
402962490834,5783,2,14,96,4,0x0,0,1,200,875.0
402962507477,5784,2,14,96,4,0x0,0,1,200,800.0
402962524273,5785,2,14,96,4,0x0,0,1,200,705.0
402962541385,5786,2,14,96,4,0x0,0,1,200,-967.0
402962557479,5787,2,14,96,4,0x0,0,1,200,-263.0
402962574095,5788,2,14,96,4,0x0,0,1,200,167.0
402962590483,5789,2,14,96,4,0x0,0,1,200,-658.0
402962607337,5790,2,14,96,4,0x0,0,1,200,817.0
402962624322,5791,2,14,96,4,0x0,0,1,200,-692.0
402962640821,5792,2,14,96,4,0x0,0,1,200,530.0
402962657568,5793,2,14,96,4,0x0,0,1,200,8.0
402962674119,5794,2,14,96,4,0x0,0,1,200,-267.0
402962690674,5795,2,14,96,4,0x0,0,1,200,-206.0
402962707768,5796,2,14,96,4,0x0,0,1,200,465.0
402962724063,5797,2,14,96,4,0x0,0,1,200,1071.0
402962740626,5798,2,14,96,4,0x0,0,1,200,1094.0
402962757452,5799,2,14,96,4,0x0,0,1,200,-1363.0
402962774056,5800,2,14,96,4,0x0,0,1,200,32.0
402962791075,5801,2,14,96,4,0x0,0,1,200,-166.0
402962807467,5802,2,14,96,4,0x0,0,1,200,-714.0
402962824753,5803,2,14,96,4,0x0,0,1,200,1075.0
402962841415,5804,2,14,96,4,0x0,0,1,200,31.0
402962857631,5805,2,14,96,4,0x0,0,1,200,411.0
402962873915,5806,2,14,96,4,0x0,0,1,200,410.0
402962890839,5807,2,14,96,4,0x0,0,1,200,772.0
402962907734,5808,2,14,96,4,0x0,0,1,200,1288.0
402962924615,5809,2,14,96,4,0x0,0,1,200,-400.0
402962940835,5810,2,14,96,4,0x0,0,1,200,903.0
402962957471,5811,2,14,96,4,0x0,0,1,200,745.0
402962974461,5812,2,14,96,4,0x0,0,1,200,794.0
402962991426,5813,2,14,96,4,0x0,0,1,200,-548.0
402963007620,5814,2,14,96,4,0x0,0,1,200,-1153.0
402963024534,5815,2,14,96,4,0x0,0,1,200,664.0
402963041977,5816,2,14,96,4,0x0,0,1,200,1308.0
402963058647,5817,2,14,96,4,0x0,0,1,200,986.0
402963074736,5818,2,14,96,4,0x0,0,1,200,-702.0
402963091436,5819,2,14,96,4,0x0,0,1,200,1360.0
402963108199,5820,2,14,96,4,0x0,0,1,200,709.0
402963125249,5821,2,14,96,4,0x0,0,1,200,-779.0
402963141633,5822,2,14,96,4,0x0,0,1,200,1743.0
402963157707,5823,2,14,96,4,0x0,0,1,200,-882.0
402963174604,5824,2,14,96,4,0x0,0,1,200,-13.0
402963191047,5825,2,14,96,4,0x0,0,1,200,-1016.0
402963208301,5826,2,14,96,4,0x0,0,1,200,-50.0
402963225060,5827,2,14,96,4,0x0,0,1,200,-725.0
402963242870,5828,2,14,96,4,0x0,0,1,200,-746.0
402963257877,5829,2,14,96,4,0x0,0,1,200,1010.0
402963275536,5830,2,14,96,4,0x0,0,1,200,1091.0
402963291411,5831,2,14,96,4,0x0,0,1,200,-114.0
402963308156,5832,2,14,96,4,0x0,0,1,200,728.0
402963324947,5833,2,14,96,4,0x0,0,1,200,1752.0
402963341795,5834,2,14,96,4,0x0,0,1,200,-283.0
402963358345,5835,2,14,96,4,0x0,0,1,200,-986.0
402963375259,5836,2,14,96,4,0x0,0,1,200,-309.0
402963392163,5837,2,14,96,4,0x0,0,1,200,-866.0
402963408164,5838,2,14,96,4,0x0,0,1,200,-370.0
402963425343,5839,2,14,96,4,0x0,0,1,200,1294.0
402963442701,5840,2,14,96,4,0x0,0,1,200,-62.0
402963458767,5841,2,14,96,4,0x0,0,1,200,628.0
402963475190,5842,2,14,96,4,0x0,0,1,200,-727.0
402963491807,5843,2,14,96,4,0x0,0,1,200,-244.0
402963508523,5844,2,14,96,4,0x0,0,1,200,-860.0
402963525191,5845,2,14,96,4,0x0,0,1,200,692.0
402963541619,5846,2,14,96,4,0x0,0,1,200,-136.0
402963558025,5847,2,14,96,4,0x0,0,1,200,1027.0
402963575531,5848,2,14,96,4,0x0,0,1,200,774.0
402963592577,5849,2,14,96,4,0x0,0,1,200,870.0
402963609181,5850,2,14,96,4,0x0,0,1,200,807.0
402963624964,5851,2,14,96,4,0x0,0,1,200,-46.0
402963641611,5852,2,14,96,4,0x0,0,1,200,158.0
402963659408,5853,2,14,96,4,0x0,0,1,200,-324.0
402963675047,5854,2,14,96,4,0x0,0,1,200,-1425.0
402963691797,5855,2,14,96,4,0x0,0,1,200,733.0
402963708981,5856,2,14,96,4,0x0,0,1,200,1137.0
402963725312,5857,2,14,96,4,0x0,0,1,200,807.0
402963741806,5858,2,14,96,4,0x0,0,1,200,1013.0
402963758486,5859,2,14,96,4,0x0,0,1,200,900.0
402963775582,5860,2,14,96,4,0x0,0,1,200,-187.0
402963793065,5861,2,14,96,4,0x0,0,1,200,881.0
402963809872,5862,2,14,96,4,0x0,0,1,200,1393.0
402963825249,5863,2,14,96,4,0x0,0,1,200,564.0
402963841906,5864,2,14,96,4,0x0,0,1,200,698.0
402963858654,5865,2,14,96,4,0x0,0,1,200,-1042.0
402963875287,5866,2,14,96,4,0x0,0,1,200,1012.0
402963892523,5867,2,14,96,4,0x0,0,1,200,-152.0
402963908778,5868,2,14,96,4,0x0,0,1,200,532.0
402963925529,5869,2,14,96,4,0x0,0,1,200,717.0
402963942298,5870,2,14,96,4,0x0,0,1,200,-1015.0
402963959127,5871,2,14,96,4,0x0,0,1,200,1203.0
402963975868,5872,2,14,96,4,0x0,0,1,200,721.0
402963992417,5873,2,14,96,4,0x0,0,1,200,-730.0
402964008676,5874,2,14,96,4,0x0,0,1,200,-1462.0
402964025798,5875,2,14,96,4,0x0,0,1,200,6.0
402964042773,5876,2,14,96,4,0x0,0,1,200,-757.0
402964059143,5877,2,14,96,4,0x0,0,1,200,-146.0
402964076309,5878,2,14,96,4,0x0,0,1,200,911.0
402964092947,5879,2,14,96,4,0x0,0,1,200,-520.0
402964109591,5880,2,14,96,4,0x0,0,1,200,-264.0
402964125869,5881,2,14,96,4,0x0,0,1,200,1057.0
402964142405,5882,2,14,96,4,0x0,0,1,200,754.0
402964159443,5883,2,14,96,4,0x0,0,1,200,-119.0
402964175553,5884,2,14,96,4,0x0,0,1,200,-708.0
402964192379,5885,2,14,96,4,0x0,0,1,200,-583.0
402964209186,5886,2,14,96,4,0x0,0,1,200,958.0
402964225561,5887,2,14,96,4,0x0,0,1,200,685.0
402964243101,5888,2,14,96,4,0x0,0,1,200,913.0
402964260862,5889,2,14,96,4,0x0,0,1,200,-1099.0
402964276259,5890,2,14,96,4,0x0,0,1,200,752.0
402964293709,5891,2,14,96,4,0x0,0,1,200,-1437.0
402964309684,5892,2,14,96,4,0x0,0,1,200,-870.0
402964327686,5893,2,14,96,4,0x0,0,1,200,1414.0
402964342901,5894,2,14,96,4,0x0,0,1,200,908.0
402964359131,5895,2,14,96,4,0x0,0,1,200,-646.0
402964375744,5896,2,14,96,4,0x0,0,1,200,924.0
402964392968,5897,2,14,96,4,0x0,0,1,200,835.0
402964409413,5898,2,14,96,4,0x0,0,1,200,-312.0
402964429487,5899,2,14,96,4,0x0,0,1,200,836.0
402964443369,5900,2,14,96,4,0x0,0,1,200,1408.0
402964459236,5901,2,14,96,4,0x0,0,1,200,769.0
402964476696,5902,2,14,96,4,0x0,0,1,200,785.0
402964492847,5903,2,14,96,4,0x0,0,1,200,-1212.0
402964509265,5904,2,14,96,4,0x0,0,1,200,768.0
402964527410,5905,2,14,96,4,0x0,0,1,200,1176.0
402964543917,5906,2,14,96,4,0x0,0,1,200,-723.0
402964559353,5907,2,14,96,4,0x0,0,1,200,154.0
402964576580,5908,2,14,96,4,0x0,0,1,200,-95.0
402964593166,5909,2,14,96,4,0x0,0,1,200,751.0
402964609444,5910,2,14,96,4,0x0,0,1,200,807.0
402964626538,5911,2,14,96,4,0x0,0,1,200,759.0
402964643917,5912,2,14,96,4,0x0,0,1,200,-872.0
402964660195,5913,2,14,96,4,0x0,0,1,200,-678.0
402964676580,5914,2,14,96,4,0x0,0,1,200,176.0
402964694505,5915,2,14,96,4,0x0,0,1,200,-923.0
402964710047,5916,2,14,96,4,0x0,0,1,200,-985.0
402964726860,5917,2,14,96,4,0x0,0,1,200,0.0
402964744172,5918,2,14,96,4,0x0,0,1,200,-901.0
402964760109,5919,2,14,96,4,0x0,0,1,200,-1278.0
402964777558,5920,2,14,96,4,0x0,0,1,200,-1324.0
402964793248,5921,2,14,96,4,0x0,0,1,200,772.0
402964809819,5922,2,14,96,4,0x0,0,1,200,1521.0
402964826661,5923,2,14,96,4,0x0,0,1,200,946.0
402964844561,5924,2,14,96,4,0x0,0,1,200,987.0
402964859924,5925,2,14,96,4,0x0,0,1,200,284.0
402964876174,5926,2,14,96,4,0x0,0,1,200,474.0
402964892980,5927,2,14,96,4,0x0,0,1,200,680.0
402964909653,5928,2,14,96,4,0x0,0,1,200,-72.0
402964926699,5929,2,14,96,4,0x0,0,1,200,-728.0
402964943420,5930,2,14,96,4,0x0,0,1,200,-218.0
402964959862,5931,2,14,96,4,0x0,0,1,200,772.0
402964976088,5932,2,14,96,4,0x0,0,1,200,-316.0
402964993823,5933,2,14,96,4,0x0,0,1,200,-250.0
402965009725,5934,2,14,96,4,0x0,0,1,200,-653.0
402965026692,5935,2,14,96,4,0x0,0,1,200,-553.0
402965043566,5936,2,14,96,4,0x0,0,1,200,-880.0
402965059734,5937,2,14,96,4,0x0,0,1,200,-1463.0
402965076572,5938,2,14,96,4,0x0,0,1,200,-681.0
402965092952,5939,2,14,96,4,0x0,0,1,200,574.0
402965109519,5940,2,14,96,4,0x0,0,1,200,674.0
402965127048,5941,2,14,96,4,0x0,0,1,200,-772.0
402965143278,5942,2,14,96,4,0x0,0,1,200,-51.0
402965160265,5943,2,14,96,4,0x0,0,1,200,-764.0
402965176306,5944,2,14,96,4,0x0,0,1,200,666.0
402965193049,5945,2,14,96,4,0x0,0,1,200,846.0
402965210610,5946,2,14,96,4,0x0,0,1,200,-891.0
402965226807,5947,2,14,96,4,0x0,0,1,200,785.0
402965243158,5948,2,14,96,4,0x0,0,1,200,965.0
402965260232,5949,2,14,96,4,0x0,0,1,200,995.0
402965276743,5950,2,14,96,4,0x0,0,1,200,631.0
402965293589,5951,2,14,96,4,0x0,0,1,200,-1340.0
402965309816,5952,2,14,96,4,0x0,0,1,200,1290.0
402965326950,5953,2,14,96,4,0x0,0,1,200,654.0
402965343231,5954,2,14,96,4,0x0,0,1,200,3.0
402965359852,5955,2,14,96,4,0x0,0,1,200,-51.0
402965376739,5956,2,14,96,4,0x0,0,1,200,954.0
402965393821,5957,2,14,96,4,0x0,0,1,200,513.0
402965409978,5958,2,14,96,4,0x0,0,1,200,-317.0
402965426955,5959,2,14,96,4,0x0,0,1,200,858.0
402965443661,5960,2,14,96,4,0x0,0,1,200,-93.0
402965459794,5961,2,14,96,4,0x0,0,1,200,418.0
402965476563,5962,2,14,96,4,0x0,0,1,200,-425.0
402965493520,5963,2,14,96,4,0x0,0,1,200,-215.0
402965509988,5964,2,14,96,4,0x0,0,1,200,-41.0
402965526817,5965,2,14,96,4,0x0,0,1,200,1195.0
402965543147,5966,2,14,96,4,0x0,0,1,200,-900.0
402965559786,5967,2,14,96,4,0x0,0,1,200,-1130.0
402965576741,5968,2,14,96,4,0x0,0,1,200,-789.0
402965593347,5969,2,14,96,4,0x0,0,1,200,764.0
402965609950,5970,2,14,96,4,0x0,0,1,200,1052.0
402965626909,5971,2,14,96,4,0x0,0,1,200,-396.0
402965643367,5972,2,14,96,4,0x0,0,1,200,-740.0
402965659998,5973,2,14,96,4,0x0,0,1,200,-464.0
402965676817,5974,2,14,96,4,0x0,0,1,200,731.0
402965693234,5975,2,14,96,4,0x0,0,1,200,-692.0
402965709908,5976,2,14,96,4,0x0,0,1,200,1205.0
402965726690,5977,2,14,96,4,0x0,0,1,200,-1038.0
402965743457,5978,2,14,96,4,0x0,0,1,200,691.0
402965759894,5979,2,14,96,4,0x0,0,1,200,1273.0
402965776640,5980,2,14,96,4,0x0,0,1,200,790.0
402965793445,5981,2,14,96,4,0x0,0,1,200,617.0
402965810117,5982,2,14,96,4,0x0,0,1,200,1035.0
402965826840,5983,2,14,96,4,0x0,0,1,200,869.0
402965843580,5984,2,14,96,4,0x0,0,1,200,-413.0
402965859991,5985,2,14,96,4,0x0,0,1,200,-613.0
402965876774,5986,2,14,96,4,0x0,0,1,200,905.0
402965893398,5987,2,14,96,4,0x0,0,1,200,-901.0
402965910152,5988,2,14,96,4,0x0,0,1,200,-350.0
402965926746,5989,2,14,96,4,0x0,0,1,200,-24.0
402965943470,5990,2,14,96,4,0x0,0,1,200,423.0
402965960284,5991,2,14,96,4,0x0,0,1,200,885.0
402965976783,5992,2,14,96,4,0x0,0,1,200,-13824.0
