event_id,lane,rank,area,centroid_x,centroid_y,min_x,min_y,max_x,max_y,peak,mean_change
1,0,1,8,157.375,396.625,156,395,159,398,85,42.25
1,0,2,3,233.66666666666666,456.6666666666667,233,456,234,457,82,56.666666666666664
1,0,3,7,234.14285714285714,293.0,233,292,236,295,81,34.42857142857143
1,0,4,3,217.66666666666666,317.3333333333333,217,317,218,318,75,45.333333333333336
1,0,5,7,0.2857142857142857,136.0,0,133,1,139,74,52.285714285714285
1,0,6,8,123.5,378.875,123,377,125,381,69,38.5
1,0,7,2,215.0,275.5,215,275,215,276,69,56.5
1,0,8,7,133.42857142857142,388.14285714285717,132,387,135,390,67,41.285714285714285
1,1,1,2,195.5,280.5,195,280,196,281,75,57.5
1,1,2,2,217.5,318.5,217,318,218,319,73,58.0
1,1,3,2,188.0,269.5,188,269,188,270,71,48.0
1,1,4,9,223.77777777777777,286.3333333333333,221,284,227,289,69,43.55555555555556
1,1,5,4,208.0,289.25,207,289,209,290,69,45.25
1,1,6,2,244.0,345.5,244,345,244,346,69,53.5
1,1,7,4,207.5,338.25,206,338,209,339,61,38.0
1,1,8,3,219.0,281.6666666666667,218,281,220,282,61,39.666666666666664
1,2,1,103907,126.16329987392572,253.2397721039006,0,0,253,507,255,98.41616060515653
1,2,2,3,252.0,22.0,251,22,253,22,222,148.0
1,2,3,2,252.5,76.0,252,76,253,76,182,162.0
1,2,4,2,252.5,20.0,252,20,253,20,104,65.5
1,2,5,2,252.5,108.0,252,108,253,108,62,60.0
1,3,1,102848,126.39820900746733,253.0926707373989,0,0,253,507,255,100.6199148257623
1,3,2,3,252.0,76.0,251,76,253,76,59,46.333333333333336
1,4,1,102402,126.09312318118786,252.38225815902032,0,0,253,507,254,93.11860119919533
1,4,2,2,252.5,76.0,252,76,253,76,195,153.0
1,4,3,3,252.0,108.0,251,108,253,108,169,113.33333333333333
1,5,1,103983,126.05256628487349,253.08805285479357,0,0,253,507,255,98.23630785801525
1,5,2,5,251.0,22.0,249,22,253,22,155,94.8
1,5,3,2,251.5,12.0,251,12,252,12,153,91.0
1,5,4,3,251.0,76.0,250,76,252,76,55,51.666666666666664
1,6,1,102790,125.94841910691702,252.8903006129001,0,0,253,507,255,100.32724000389143
1,6,2,3,252.0,12.0,251,12,253,12,154,85.0
1,6,3,2,252.5,76.0,252,76,253,76,150,114.5
1,7,1,101939,126.21814026035177,252.94114127075997,0,0,253,507,254,93.451348355389
1,7,2,4,251.5,22.0,250,22,253,22,208,93.75
1,7,3,4,251.5,108.0,250,108,253,108,192,142.0
1,7,4,2,252.5,12.0,252,12,253,12,70,51.0
2,0,1,3,233.0,457.3333333333333,232,457,234,458,226,121.66666666666667
2,0,2,3,232.66666666666666,454.3333333333333,232,454,233,455,184,127.66666666666667
2,0,3,17,194.05882352941177,259.88235294117646,190,258,199,261,176,60.0
2,0,4,10,236.1,299.9,234,296,239,302,175,86.0
2,0,5,4,2.5,52.0,1,52,4,52,156,110.0
2,0,6,6,188.16666666666666,267.5,188,265,189,270,145,77.33333333333333
2,0,7,23,222.08695652173913,316.2173913043478,214,313,231,320,144,67.08695652173913
2,0,8,2,180.0,403.5,180,403,180,404,143,100.0
2,1,1,4,189.0,267.5,189,266,189,269,180,125.25
2,1,2,5,188.2,274.0,188,272,189,276,174,114.2
2,1,3,12,241.16666666666666,305.5833333333333,236,301,245,309,144,75.66666666666667
2,1,4,5,1.2,50.8,0,50,3,51,141,103.8
2,1,5,29,223.31034482758622,317.86206896551727,215,314,229,321,131,51.62068965517241
2,1,6,13,207.53846153846155,325.15384615384613,205,322,212,329,129,54.23076923076923
2,1,7,4,8.0,52.25,7,52,9,53,124,67.5
2,1,8,4,11.0,37.75,10,37,12,38,123,74.25
2,2,1,103878,126.11950557384624,253.56715570188106,0,0,253,507,255,97.65944665858025
2,2,2,2,252.5,22.0,252,22,253,22,46,38.0
2,3,1,103500,126.29605797101449,253.994154589372,0,0,253,507,255,100.46824154589372
2,4,1,102885,126.29516450405792,254.12196141322835,0,0,253,507,255,93.25200952519803
2,4,2,3,252.0,22.0,251,22,253,22,196,137.66666666666666
2,5,1,104225,126.51991364835692,253.99159510674022,0,0,253,507,255,97.6758934996402
2,5,2,3,251.0,22.0,250,22,252,22,167,85.33333333333333
2,6,1,103207,126.18272016432994,253.42570755859583,0,0,253,507,255,100.50503357330413
2,6,2,7,251.71428571428572,122.57142857142857,250,122,253,124,196,135.0
2,6,3,2,225.0,287.5,225,287,225,288,159,143.5
2,7,1,102518,126.23868979106108,253.5011802805361,0,0,253,507,254,93.85270879260227
2,7,2,2,54.5,507.0,54,507,55,507,156,92.5
3,0,1,4,232.75,457.0,232,456,234,458,142,70.0
3,0,2,2,239.0,303.5,239,303,239,304,136,81.0
3,0,3,6,235.66666666666666,301.6666666666667,234,300,237,304,115,58.666666666666664
3,0,4,2,186.5,262.5,186,262,187,263,107,69.0
3,0,5,4,189.5,263.5,188,262,191,265,104,51.5
3,0,6,2,188.0,267.5,188,267,188,268,91,70.5
3,0,7,4,12.25,37.25,11,37,13,38,89,56.5
3,0,8,4,3.75,52.25,3,52,5,53,89,43.0
3,1,1,3,187.66666666666666,271.0,187,270,188,272,112,55.0
3,1,2,4,1.5,84.0,0,84,3,84,101,71.75
3,1,3,4,189.75,266.5,189,266,191,267,99,66.5
3,1,4,14,9.214285714285714,47.92857142857143,7,44,11,52,74,41.0
3,1,5,13,13.538461538461538,125.38461538461539,12,121,15,130,72,34.84615384615385
3,1,6,12,0.25,118.08333333333333,0,114,1,123,68,38.083333333333336
3,1,7,4,7.0,83.75,6,83,8,84,68,49.25
3,1,8,3,0.0,135.0,0,134,0,136,68,42.0
3,2,1,104073,126.15022147915406,253.48062417726018,0,0,253,507,255,99.0698163788879
3,3,1,103133,126.15408259238072,253.0250162411643,0,0,253,507,255,100.33686598857786
3,3,2,2,204.5,283.0,204,283,205,283,67,49.5
3,4,1,102544,126.2084080979872,253.01139998439695,0,0,253,507,255,92.22996957403652
3,4,2,8,251.25,42.5,249,42,253,43,201,77.5
3,4,3,2,231.0,295.5,231,295,231,296,192,128.5
3,4,4,6,0.3333333333333333,415.5,0,414,1,417,185,88.0
3,5,1,104126,126.26932754547376,253.34173981522386,0,0,253,507,254,98.89878608608801
3,6,1,102552,126.01614790545284,252.7382011077307,0,0,253,507,255,100.4246333567361
3,7,1,102517,126.1472438717481,253.29648741184388,0,0,253,507,254,92.62700820351746
4,0,1,5,239.8,453.0,239,451,241,455,192,76.8
4,0,2,7,142.85714285714286,375.2857142857143,141,374,145,376,164,109.28571428571429
4,0,3,2,231.5,291.5,231,291,232,292,162,98.0
4,0,4,12,193.5,256.1666666666667,189,254,198,259,152,60.166666666666664
4,0,5,30,218.9,317.8,215,311,225,323,146,50.3
4,0,6,7,223.14285714285714,309.2857142857143,221,308,226,311,146,80.71428571428571
4,0,7,7,188.57142857142858,258.42857142857144,186,257,191,260,137,62.57142857142857
4,0,8,3,185.0,265.0,185,264,185,266,133,96.66666666666667
4,1,1,6,186.33333333333334,263.3333333333333,186,262,187,265,156,78.0
4,1,2,143,1.4195804195804196,126.18181818181819,0,107,5,149,149,56.3006993006993
4,1,3,20,219.95,312.7,215,309,226,317,121,50.2
4,1,4,3,203.66666666666666,322.0,203,321,204,323,121,65.0
4,1,5,11,4.7272727272727275,54.36363636363637,3,52,6,57,119,40.54545454545455
4,1,6,2,206.5,319.5,206,319,207,320,117,72.5
4,1,7,13,224.69230769230768,318.84615384615387,221,314,228,323,115,43.07692307692308
4,1,8,4,7.75,44.75,7,44,8,46,104,72.0
4,2,1,104395,126.24964797164616,253.6335552468988,0,0,253,507,255,99.20774941328608
4,2,2,2,189.0,266.5,189,266,189,267,64,64.0
4,3,1,103727,126.18679803715523,253.62253800842598,0,0,253,507,255,100.75503967144523
4,4,1,103287,126.43190333730286,253.32598487709004,0,0,253,507,255,93.22451034496113
4,4,2,2,211.0,269.5,211,269,211,270,169,154.5
4,5,1,104356,126.6289049024493,253.46823373835716,0,0,253,507,255,99.24263099390548
4,6,1,103246,126.32625961296321,253.1232299556399,0,0,253,507,255,100.42063615055305
4,7,1,103083,126.53451102509628,253.65961409737784,0,0,253,507,255,93.1836093245249
5,0,1,5,239.8,453.0,239,451,241,455,192,76.8
5,0,2,7,142.85714285714286,375.2857142857143,141,374,145,376,164,109.28571428571429
5,0,3,2,231.5,291.5,231,291,232,292,162,98.0
5,0,4,12,193.5,256.1666666666667,189,254,198,259,152,60.166666666666664
5,0,5,30,218.9,317.8,215,311,225,323,146,50.3
5,0,6,7,223.14285714285714,309.2857142857143,221,308,226,311,146,80.71428571428571
5,0,7,7,188.57142857142858,258.42857142857144,186,257,191,260,137,62.57142857142857
5,0,8,3,185.0,265.0,185,264,185,266,133,96.66666666666667
5,1,1,6,186.33333333333334,263.3333333333333,186,262,187,265,156,78.0
5,1,2,143,1.4195804195804196,126.18181818181819,0,107,5,149,149,56.3006993006993
5,1,3,20,219.95,312.7,215,309,226,317,121,50.2
5,1,4,3,203.66666666666666,322.0,203,321,204,323,121,65.0
5,1,5,11,4.7272727272727275,54.36363636363637,3,52,6,57,119,40.54545454545455
5,1,6,2,206.5,319.5,206,319,207,320,117,72.5
5,1,7,13,224.69230769230768,318.84615384615387,221,314,228,323,115,43.07692307692308
5,1,8,4,7.75,44.75,7,44,8,46,104,72.0
5,2,1,104395,126.24964797164616,253.6335552468988,0,0,253,507,255,99.20774941328608
5,2,2,2,189.0,266.5,189,266,189,267,64,64.0
5,3,1,103727,126.18679803715523,253.62253800842598,0,0,253,507,255,100.75503967144523
5,4,1,103287,126.43190333730286,253.32598487709004,0,0,253,507,255,93.22451034496113
5,4,2,2,211.0,269.5,211,269,211,270,169,154.5
5,5,1,104356,126.6289049024493,253.46823373835716,0,0,253,507,255,99.24263099390548
5,6,1,103246,126.32625961296321,253.1232299556399,0,0,253,507,255,100.42063615055305
5,7,1,103083,126.53451102509628,253.65961409737784,0,0,253,507,255,93.1836093245249
42,0,1,3,29.666666666666668,145.66666666666666,29,145,30,146,193,91.0
42,0,2,5,32.6,136.0,32,134,33,138,185,117.6
42,0,3,31,7.032258064516129,174.83870967741936,0,172,14,177,181,68.6774193548387
42,0,4,15,40.93333333333333,119.06666666666666,40,114,42,123,181,69.8
42,0,5,2,125.5,20.5,125,20,126,21,181,175.0
42,0,6,20,168.2,263.3,164,262,172,265,179,107.65
42,0,7,6,136.0,37.666666666666664,135,37,137,39,178,88.16666666666667
42,0,8,96,181.39583333333334,5.166666666666667,165,0,195,13,172,68.72916666666667
42,1,1,5,92.0,33.4,91,32,93,35,178,87.6
42,1,2,35,88.85714285714286,27.314285714285713,85,22,93,34,174,61.68571428571428
42,1,3,10,83.6,30.2,82,28,86,33,171,64.5
42,1,4,26,5.961538461538462,173.80769230769232,0,171,12,176,168,68.38461538461539
42,1,5,3,41.666666666666664,106.0,41,105,42,107,166,90.66666666666667
42,1,6,3,43.666666666666664,97.0,43,96,44,98,159,92.66666666666667
42,1,7,2,32.0,134.5,32,134,32,135,156,151.0
42,1,8,18,54.27777777777778,276.72222222222223,50,274,58,279,149,54.5
42,2,1,103786,127.21262983446708,254.64222534831288,0,0,253,507,255,98.27382305898676
42,3,1,103345,127.24745270695244,254.92953698775943,0,0,253,507,255,100.69561178576612
42,4,1,102976,127.24777618085767,254.5583534027346,0,0,253,507,255,93.85999650403977
42,5,1,104093,126.92910186083598,254.4389055940361,0,0,253,507,255,98.14258403542986
42,6,1,103167,127.29459032442544,254.99384493103415,0,0,253,507,255,100.32022836759816
42,6,2,5,48.0,272.0,48,270,48,274,224,119.6
42,6,3,2,0.0,388.5,0,388,0,389,191,108.5
42,6,4,2,103.5,44.0,103,44,104,44,127,127.0
42,7,1,102791,127.49048068410659,255.23410609878297,0,0,253,507,254,94.9191660748509
46,0,1,350,74.42,328.6714285714286,53,316,92,341,233,74.77142857142857
46,0,2,343,128.88921282798833,75.49562682215743,110,62,147,90,227,75.77842565597668
46,0,3,549,203.56284153005464,360.1857923497268,184,335,223,389,220,96.7632058287796
46,0,4,10,47.4,56.2,45,53,49,59,207,69.7
46,0,5,95,199.01052631578946,381.4526315789474,190,372,206,391,198,74.6
46,0,6,6,166.33333333333334,278.8333333333333,166,277,167,280,198,124.66666666666667
46,0,7,68,38.294117647058826,54.60294117647059,32,47,45,63,185,56.94117647058823
46,0,8,146,122.22602739726027,54.54109589041096,103,49,143,60,177,57.102739726027394
46,1,1,205,205.3219512195122,359.96585365853656,190,350,222,374,221,101.8
46,1,2,67,134.22388059701493,93.70149253731343,111,89,156,99,144,72.2089552238806
46,1,3,50,196.62,366.56,186,356,212,381,124,61.38
46,1,4,37,126.75675675675676,74.91891891891892,118,73,136,77,123,61.21621621621622
46,1,5,65,75.18461538461538,346.0153846153846,52,342,97,351,121,72.53846153846153
46,1,6,47,131.38297872340425,86.2127659574468,114,83,149,90,118,59.5531914893617
46,1,7,39,71.48717948717949,326.43589743589746,62,325,82,328,112,56.12820512820513
46,1,8,6,115.0,77.5,114,77,116,78,111,55.166666666666664
46,2,1,102409,126.71621634817252,252.84414455760725,0,0,253,507,255,100.87863371383375
46,3,1,102858,126.60909214645433,252.6516751249295,0,0,253,507,255,97.22661338933287
46,4,1,101220,126.94342027267338,252.28114009089114,0,0,253,507,255,92.91679509978265
46,4,2,2,253.0,247.5,253,247,253,248,108,90.5
46,4,3,2,0.0,15.5,0,15,0,16,107,101.5
46,5,1,102289,126.87322194957424,253.14537242518745,0,0,253,507,255,100.78593006090587
46,5,2,2,251.5,22.0,251,22,252,22,195,182.0
46,5,3,2,253.0,0.5,253,0,253,1,179,175.0
46,5,4,2,40.0,506.5,40,506,40,507,64,60.0
46,6,1,102852,126.93897055963909,252.7716913623459,0,0,253,507,255,97.87762999261074
46,6,2,2,11.5,224.0,11,224,12,224,178,116.0
46,7,1,100402,127.31553156311627,252.63358299635465,0,0,253,507,255,94.0074500507958
46,7,2,6,252.5,482.0,252,480,253,484,161,94.66666666666667
46,7,3,3,0.0,355.0,0,354,0,356,157,97.0
46,7,4,2,136.5,215.5,136,215,137,216,140,90.5
47,0,1,11,136.45454545454547,80.18181818181819,134,79,139,82,199,80.36363636363636
47,0,2,5,107.6,84.4,107,83,109,85,194,90.6
47,0,3,3,113.0,84.0,112,84,114,84,187,127.66666666666667
47,0,4,20,82.05,332.6,79,331,87,334,181,92.45
47,0,5,75,63.86666666666667,335.50666666666666,51,332,77,339,175,61.8
47,0,6,46,125.91304347826087,83.1086956521739,116,80,134,86,174,73.43478260869566
47,0,7,16,111.0,87.0,107,86,116,88,173,56.6875
47,0,8,6,118.33333333333333,82.5,116,81,120,83,169,80.33333333333333
47,1,1,4,108.5,107.0,107,107,110,107,110,87.0
47,1,2,4,118.5,105.0,117,105,120,105,109,76.25
47,1,3,4,113.5,106.0,112,106,115,106,106,71.75
47,1,4,3,111.0,98.0,110,98,112,98,99,77.33333333333333
47,1,5,4,120.5,83.5,120,83,121,84,95,59.5
47,1,6,3,124.0,104.0,123,104,125,104,91,79.0
47,1,7,3,116.0,97.0,115,97,117,97,91,74.66666666666667
47,1,8,4,59.5,357.0,58,357,61,357,85,61.75
47,2,1,95447,127.33606085052438,250.7933303299213,0,0,253,507,255,103.89789097614383
47,2,2,2,152.5,439.0,152,439,153,439,229,186.5
47,2,3,2,56.5,437.0,56,437,57,437,219,145.5
47,2,4,47,15.48936170212766,497.0,10,492,20,507,218,70.7872340425532
47,2,5,23,5.521739130434782,492.6521739130435,2,488,9,498,216,72.26086956521739
47,2,6,3,224.66666666666666,2.6666666666666665,224,2,225,3,216,117.33333333333333
47,2,7,6,245.0,237.83333333333334,244,236,246,240,208,86.83333333333333
47,2,8,18,249.72222222222223,504.77777777777777,247,502,252,507,194,74.61111111111111
47,3,1,95092,127.10205905859588,250.0762629874227,0,0,253,507,255,99.08401337651958
47,3,2,2,248.5,502.5,248,502,249,503,209,167.5
47,3,3,20,250.65,17.3,248,14,253,21,182,130.9
47,3,4,2,0.5,506.0,0,506,1,506,182,155.0
47,3,5,3,29.0,261.3333333333333,28,261,30,262,178,144.0
47,3,6,27,249.33333333333334,264.8888888888889,246,261,253,268,166,125.33333333333333
47,3,7,22,250.4090909090909,488.90909090909093,245,486,253,493,164,127.27272727272727
47,3,8,2,0.0,212.5,0,212,0,213,164,147.0
47,4,1,92256,127.46729751994451,249.6603689732917,0,0,253,507,255,87.17684486645855
47,4,2,69,6.202898550724638,500.5072463768116,0,491,17,507,146,36.028985507246375
47,4,3,8,251.5,1.5,250,0,253,3,146,51.25
47,4,4,61,246.0327868852459,500.1475409836066,240,492,253,507,141,37.09836065573771
47,4,5,2,102.5,0.0,102,0,103,0,128,92.0
47,4,6,28,236.17857142857142,3.7857142857142856,232,0,240,7,105,37.964285714285715
47,4,7,8,14.125,247.0,13,245,16,249,105,40.625
47,4,8,3,148.66666666666666,409.3333333333333,148,409,149,410,105,82.0
47,5,1,95747,126.90420587590212,250.07426864549282,0,0,253,507,255,103.6082801549918
47,5,2,13,195.30769230769232,506.0769230769231,193,505,197,507,219,98.3076923076923
47,5,3,21,4.380952380952381,496.6666666666667,2,493,8,501,216,77.28571428571429
47,5,4,5,242.2,254.6,241,254,243,256,210,94.8
47,5,5,12,26.5,238.75,25,237,28,241,199,80.75
47,5,6,12,2.75,504.3333333333333,0,503,7,506,195,81.66666666666667
47,5,7,22,9.045454545454545,2.909090909090909,5,0,14,5,193,77.77272727272727
47,5,8,50,11.52,500.92,5,491,17,507,154,64.54
47,6,1,94270,127.49683886708391,250.237710830593,0,0,253,507,255,99.21492521480853
47,6,2,3,183.33333333333334,506.6666666666667,183,506,184,507,219,169.0
47,6,3,10,180.0,505.5,178,504,181,507,182,128.8
47,6,4,4,249.0,24.5,248,24,250,25,178,140.0
47,6,5,5,0.6,19.4,0,18,1,21,176,130.4
47,6,6,22,7.363636363636363,244.45454545454547,3,241,11,247,164,130.45454545454547
47,6,7,19,3.3684210526315788,480.2105263157895,0,477,7,484,164,125.57894736842105
47,6,8,31,250.61290322580646,253.06451612903226,247,248,253,260,160,127.35483870967742
47,7,1,90327,128.12756982961906,249.42497813499838,0,0,253,507,255,87.70049929699869
47,7,2,2,35.5,507.0,35,507,36,507,192,110.0
47,7,3,30,244.13333333333333,504.96666666666664,239,502,250,507,182,44.166666666666664
47,7,4,2,190.5,244.0,190,244,191,244,177,142.5
47,7,5,64,5.515625,241.65625,0,233,11,249,144,35.96875
47,7,6,32,9.625,497.8125,4,493,17,502,128,39.8125
47,7,7,2,47.5,361.0,47,361,48,361,122,113.0
47,7,8,4,225.75,188.25,225,187,226,189,109,79.75
48,0,1,6,1.3333333333333333,195.16666666666666,1,194,2,197,237,213.66666666666666
48,0,2,26,34.42307692307692,15.73076923076923,26,12,44,17,228,144.53846153846155
48,0,3,47,40.51063829787234,7.680851063829787,34,5,47,11,225,88.48936170212765
48,0,4,146,71.71232876712328,132.5958904109589,55,125,89,140,169,72.82191780821918
48,0,5,3,160.66666666666666,403.6666666666667,160,403,161,404,163,106.0
48,0,6,251,137.42629482071712,376.9243027888446,123,364,155,390,147,78.15537848605578
48,0,7,17,27.352941176470587,381.2352941176471,24,379,31,384,87,53.76470588235294
48,0,8,57,131.50877192982455,390.1929824561403,121,387,144,394,86,58.98245614035088
48,1,1,72,38.013888888888886,11.347222222222221,27,6,46,17,227,85.09722222222223
48,1,2,69,133.4927536231884,384.07246376811594,124,380,147,389,127,67.27536231884058
48,1,3,65,148.2,378.26153846153846,143,371,154,389,101,69.87692307692308
48,1,4,28,194.39285714285714,132.46428571428572,186,128,205,136,81,49.92857142857143
48,1,5,44,200.4090909090909,127.61363636363636,189,119,208,132,67,40.75
48,1,6,65,70.0923076923077,155.04615384615386,57,144,93,163,61,38.707692307692305
48,1,7,5,124.8,388.4,124,388,126,389,60,41.4
48,1,8,2,144.5,393.5,144,393,145,394,57,48.5
48,2,1,91896,125.50931487768783,247.08346391573082,0,0,253,507,255,101.27395098807348
48,2,2,9,215.88888888888889,216.22222222222223,214,215,217,219,219,83.33333333333333
48,2,3,6,164.0,466.3333333333333,163,465,165,467,219,142.33333333333334
48,2,4,2,147.0,436.5,147,436,147,437,219,218.5
48,2,5,18,2.111111111111111,468.3888888888889,0,465,5,472,217,72.88888888888889
48,2,6,4,252.5,269.5,252,269,253,270,217,102.0
48,2,7,19,1.6842105263157894,492.05263157894734,0,488,5,496,216,74.36842105263158
48,2,8,12,179.75,181.91666666666666,177,180,182,184,216,90.0
48,3,1,91192,126.17333757347136,246.51630625493465,0,0,253,507,255,101.85927493639792
48,3,2,27,207.77777777777777,200.37037037037038,204,197,212,206,219,116.55555555555556
48,3,3,6,1.0,1.3333333333333333,0,0,2,3,218,148.66666666666666
48,3,4,19,9.421052631578947,224.68421052631578,7,222,12,228,182,129.47368421052633
48,3,5,5,47.0,474.6,45,474,49,475,182,142.8
48,3,6,3,236.33333333333334,191.33333333333334,236,191,237,192,182,152.66666666666666
48,3,7,8,138.0,441.375,137,439,139,444,180,121.875
48,3,8,5,13.0,219.8,12,219,14,221,180,117.2
48,4,1,88948,126.12722039843504,246.23577820749202,0,0,253,507,255,82.95428789854746
48,4,2,16,247.8125,253.875,245,252,251,257,166,43.125
48,4,3,42,5.023809523809524,3.738095238095238,0,0,12,9,165,37.38095238095238
48,4,4,3,182.66666666666666,186.66666666666666,182,186,183,187,150,81.66666666666667
48,4,5,2,134.0,444.5,134,444,134,445,146,111.5
48,4,6,28,234.75,501.64285714285717,232,496,238,507,145,37.32142857142857
48,4,7,13,242.30769230769232,3.1538461538461537,240,0,244,7,134,39.53846153846154
48,4,8,29,248.68965517241378,235.89655172413794,244,232,253,242,130,36.6551724137931
48,5,1,91630,126.18002837498636,247.00042562479538,0,0,253,507,255,101.80318672923715
48,5,2,25,19.32,245.88,15,242,23,249,217,78.56
48,5,3,131,10.610687022900763,245.29007633587787,0,232,22,257,216,70.29770992366412
48,5,4,2,23.0,495.5,23,495,23,496,216,144.0
48,5,5,39,8.35897435897436,3.923076923076923,0,0,15,11,210,70.56410256410257
48,5,6,6,216.16666666666666,258.5,215,258,218,259,210,100.16666666666667
48,5,7,4,0.5,200.5,0,200,1,201,208,136.75
48,5,8,2,181.5,175.0,181,175,182,175,203,202.0
48,6,1,91022,125.88476412295928,246.5413526400211,0,0,253,507,255,102.30410230493727
48,6,2,32,4.5625,3.25,0,0,9,8,219,127.46875
48,6,3,21,176.47619047619048,177.57142857142858,173,175,182,180,182,131.14285714285714
48,6,4,11,20.545454545454547,443.54545454545456,19,441,22,447,182,117.63636363636364
48,6,5,4,35.75,451.5,35,450,36,453,182,151.0
48,6,6,4,18.25,445.25,18,444,19,446,182,126.0
48,6,7,2,208.5,206.5,208,206,209,207,182,109.5
48,6,8,9,216.88888888888889,212.22222222222223,215,211,218,214,180,107.33333333333333
48,7,1,88160,126.25223457350272,245.51364564428312,0,0,253,507,255,83.64052858439202
48,7,2,6,1.0,2.8333333333333335,0,1,3,4,182,57.666666666666664
48,7,3,2,239.5,276.0,239,276,240,276,180,106.0
48,7,4,8,135.5,441.75,134,439,137,445,164,64.875
48,7,5,98,239.59183673469389,7.887755102040816,233,0,248,20,146,35.88775510204081
48,7,6,5,5.0,11.8,4,11,6,13,138,61.4
48,7,7,2,252.5,504.0,252,504,253,504,138,105.0
48,7,8,9,22.666666666666668,437.77777777777777,21,436,24,440,109,65.66666666666667
49,0,1,5,51.2,25.4,50,25,52,26,128,52.4
49,0,2,4,30.75,28.5,30,27,32,30,94,57.5
49,0,3,2,42.5,34.0,42,34,43,34,88,81.5
49,0,4,4,126.5,384.5,126,383,127,386,85,67.75
49,0,5,4,127.5,379.5,127,378,128,381,81,65.0
49,0,6,4,92.75,144.25,92,143,93,145,79,48.0
49,0,7,3,125.33333333333333,389.0,125,388,126,390,77,55.333333333333336
49,0,8,3,124.0,394.0,124,393,124,395,73,44.333333333333336
49,1,1,3,49.0,30.0,48,29,50,31,124,108.66666666666667
49,1,2,2,33.5,27.5,33,27,34,28,75,54.0
49,1,3,2,144.0,385.5,144,385,144,386,72,54.0
49,1,4,2,147.0,389.5,147,389,147,390,67,49.5
49,1,5,2,143.0,390.5,143,390,143,391,66,48.5
49,1,6,2,141.5,394.0,141,394,142,394,46,35.0
49,1,7,3,37.0,34.0,36,34,38,34,34,30.666666666666668
49,1,8,2,148.0,384.5,148,384,148,385,28,26.5
49,2,1,74121,125.65316172204908,227.77409910821495,0,0,253,507,253,103.40709110778322
49,2,2,618,76.19417475728156,495.6812297734628,38,480,113,507,219,75.9336569579288
49,2,3,595,196.77142857142857,441.2268907563025,170,421,226,464,219,93.0890756302521
49,2,4,486,20.05349794238683,247.32921810699588,0,224,47,275,219,64.98559670781893
49,2,5,167,219.40718562874252,213.32934131736528,209,197,229,225,219,77.47904191616766
49,2,6,155,6.2,480.6516129032258,0,465,14,498,219,66.14838709677419
49,2,7,141,31.631205673758867,223.7304964539007,21,214,42,233,219,76.67375886524823
49,2,8,114,88.52631578947368,474.00877192982455,81,463,95,484,219,82.48245614035088
49,3,1,73691,125.0945705717116,232.3448996485324,0,0,253,507,255,101.32511432875114
49,3,2,525,14.939047619047619,250.88,0,221,35,280,182,127.58095238095238
49,3,3,375,188.4,480.2613333333333,167,465,219,496,182,136.11733333333333
49,3,4,226,49.10176991150443,207.70353982300884,31,192,62,223,182,135.78761061946904
49,3,5,85,99.47058823529412,219.85882352941175,89,211,108,228,182,120.47058823529412
49,3,6,75,38.88,247.82666666666665,32,238,48,255,182,131.06666666666666
49,3,7,69,29.217391304347824,227.15942028985506,21,220,38,232,182,137.36231884057972
49,3,8,68,242.6764705882353,198.5,233,192,249,204,182,139.44117647058823
49,4,1,71445,124.81172930226047,233.39360347120163,0,0,253,507,255,76.56915109524809
49,4,2,6,22.5,121.5,22,120,23,123,181,77.5
49,4,3,5,0.6,118.2,0,117,2,119,172,120.2
49,4,4,43,138.2093023255814,502.3953488372093,133,497,145,507,163,42.116279069767444
49,4,5,7,89.0,506.0,88,505,90,507,160,111.57142857142857
49,4,6,56,101.625,214.66071428571428,97,207,108,221,145,51.25
49,4,7,13,74.46153846153847,505.53846153846155,72,504,76,507,144,86.23076923076923
49,4,8,3,0.3333333333333333,401.0,0,400,1,402,144,72.0
49,5,1,75236,126.00325641979903,230.79378223191026,0,0,253,507,254,103.66862937955234
49,5,2,2,108.5,506.5,108,506,109,507,235,163.0
49,5,3,406,97.19950738916256,495.51477832512313,74,483,127,507,219,79.10591133004927
49,5,4,302,52.0364238410596,491.35099337748346,24,476,73,507,219,65.69205298013244
49,5,5,264,244.5681818181818,216.45075757575756,232,191,253,236,219,86.26515151515152
49,5,6,249,231.45381526104418,488.718875502008,213,468,248,507,219,67.6144578313253
49,5,7,200,31.14,250.265,19,237,49,263,219,66.335
49,5,8,107,88.85046728971963,476.4859813084112,82,460,95,488,219,83.64485981308411
49,6,1,71189,126.6427116548905,226.6959361699139,0,0,253,505,252,101.095604658023
49,6,2,1211,66.02394715111478,490.98348472336914,2,458,119,507,217,127.16763005780346
49,6,3,552,17.39855072463768,466.2119565217391,0,439,34,492,182,124.97463768115942
49,6,4,366,188.36885245901638,445.4617486338798,171,425,206,463,182,119.1584699453552
49,6,5,155,247.16129032258064,468.6645161290323,238,452,253,486,182,130.91612903225806
49,6,6,150,245.61333333333334,219.49333333333334,236,202,253,233,182,122.68
49,6,7,98,237.60204081632654,205.0204081632653,230,197,245,215,182,136.3877551020408
49,6,8,95,149.81052631578947,496.4421052631579,138,485,159,506,182,138.3578947368421
49,7,1,69103,124.62607990970001,233.99850947136883,0,0,253,507,255,77.0507503292187
49,7,2,9,99.55555555555556,506.3333333333333,97,505,102,507,181,98.33333333333333
49,7,3,10,13.8,358.6,11,357,16,360,173,73.0
49,7,4,3,72.66666666666667,506.6666666666667,72,506,73,507,169,111.66666666666667
49,7,5,7,94.28571428571429,505.7142857142857,93,504,95,507,167,109.0
49,7,6,2,35.0,506.5,35,506,35,507,163,95.5
49,7,7,5,1.4,129.6,0,129,3,130,160,98.0
49,7,8,34,15.970588235294118,306.7647058823529,9,303,22,310,146,46.23529411764706
50,0,1,5,41.0,36.0,39,36,43,36,44,38.4
50,0,2,2,34.5,29.5,34,29,35,30,31,28.0
50,1,1,2,47.5,26.0,47,26,48,26,32,28.5
50,2,1,35348,125.45235939798575,353.45903587190224,0,195,253,495,246,102.93951567273962
50,2,2,33866,126.64223705191047,101.74472922695328,0,0,253,247,242,105.6296285359948
50,2,3,635,56.16377952755906,484.7811023622047,26,457,86,507,219,71.00314960629922
50,2,4,423,240.72813238770686,232.49408983451536,216,198,253,254,219,80.05910165484633
50,2,5,210,209.14761904761906,492.76666666666665,193,481,230,505,219,67.81428571428572
50,2,6,203,135.11822660098522,215.26600985221674,123,199,149,231,219,75.91625615763547
50,2,7,158,160.68987341772151,501.373417721519,136,492,180,507,219,67.07594936708861
50,2,8,79,223.26582278481013,458.8607594936709,217,448,229,473,219,69.55696202531645
50,3,1,33744,127.8789710763395,101.4609115694642,0,0,253,245,255,100.48764224751066
50,3,2,34343,124.14029059779286,356.0329033573072,0,216,253,507,249,102.62495996272894
50,3,3,2,113.5,507.0,113,507,114,507,209,184.5
50,3,4,2,133.5,246.0,133,246,134,246,187,109.5
50,3,5,23,162.1304347826087,247.17391304347825,158,243,167,251,184,124.82608695652173
50,3,6,468,17.688034188034187,230.18803418803418,0,191,48,262,182,130.27350427350427
50,3,7,355,190.1661971830986,454.9605633802817,173,432,208,474,182,126.54084507042253
50,3,8,335,46.65373134328358,220.6179104477612,27,197,63,242,182,135.40298507462686
50,4,1,64449,125.31018324566712,228.98690437400114,0,0,253,488,255,74.3302145882791
50,4,2,3,0.3333333333333333,114.0,0,113,1,115,219,114.33333333333333
50,4,3,684,175.22076023391813,219.22222222222223,148,193,200,247,183,64.59502923976608
50,4,4,132,96.09848484848484,502.1969696969697,79,496,115,507,183,88.91666666666667
50,4,5,3,120.33333333333333,459.3333333333333,120,459,121,460,180,100.66666666666667
50,4,6,5,172.0,177.4,170,176,174,179,175,80.4
50,4,7,5,70.0,218.4,69,217,71,220,163,65.6
50,4,8,193,138.73056994818654,491.8238341968912,117,480,154,507,161,43.20725388601036
50,5,1,69245,125.33406022095458,227.78908224420536,0,0,253,493,255,104.65214816954293
50,5,2,71,101.45070422535211,503.3098591549296,93,499,111,507,230,94.64788732394366
50,5,3,9,75.0,506.3333333333333,73,505,77,507,230,100.66666666666667
50,5,4,464,197.70905172413794,497.0280172413793,162,480,229,507,219,66.90517241379311
50,5,5,457,231.31072210065645,240.49671772428883,202,215,253,261,219,76.06345733041576
50,5,6,356,233.10393258426967,447.9550561797753,215,422,251,472,219,66.91292134831461
50,5,7,354,202.72316384180792,444.92937853107344,184,429,224,458,219,96.7457627118644
50,5,8,324,23.182098765432098,266.10185185185185,0,243,45,286,219,66.15432098765432
50,6,1,32808,127.81787978541819,100.55855279200195,0,0,253,245,252,99.41880029261156
50,6,2,34179,125.0241376283683,350.08057579215307,0,203,253,500,249,102.971854062436
50,6,3,113,137.49557522123894,389.0265486725664,130,381,146,397,226,104.96460176991151
50,6,4,119,101.59663865546219,503.20168067226894,86,499,115,507,212,81.60504201680672
50,6,5,6,113.83333333333333,251.33333333333334,113,250,115,253,212,123.66666666666667
50,6,6,41,81.29268292682927,504.9024390243902,74,501,88,507,192,89.36585365853658
50,6,7,8,62.5,143.125,61,141,64,144,188,76.25
50,6,8,260,58.38846153846154,492.0423076923077,42,476,73,507,182,136.8
50,7,1,61468,125.53823127480966,227.31671764169974,0,0,253,495,246,75.3177425652372
50,7,2,5,33.0,403.8,31,403,35,404,219,66.2
50,7,3,3,23.666666666666668,408.3333333333333,23,408,24,409,219,145.0
50,7,4,17,79.17647058823529,149.52941176470588,77,146,84,152,216,108.3529411764706
50,7,5,2,21.5,410.0,21,410,22,410,216,145.0
50,7,6,44,107.72727272727273,502.20454545454544,101,495,114,507,197,72.45454545454545
50,7,7,2,74.5,160.0,74,160,75,160,192,118.5
50,7,8,2,159.0,395.5,159,395,159,396,192,112.0
51,0,1,2,54.5,26.5,54,26,55,27,59,56.0
51,0,2,6,209.0,159.83333333333334,208,158,210,161,39,31.333333333333332
51,0,3,2,63.5,130.5,63,130,64,131,30,29.0
51,2,1,68980,126.01362713830096,228.6614236010438,0,0,253,502,246,103.85951000289938
51,2,2,187,99.72192513368984,503.4812834224599,73,497,123,507,237,100.66310160427807
51,2,3,256,68.27734375,495.171875,47,476,85,507,219,72.59765625
51,2,4,251,221.74103585657372,467.49402390438246,200,457,241,484,219,68.95617529880478
51,2,5,242,191.9504132231405,450.89669421487605,173,438,208,465,219,98.42561983471074
51,2,6,236,22.64830508474576,236.33898305084745,6,222,40,251,219,69.0042372881356
51,2,7,232,32.72844827586207,212.875,19,196,49,225,219,82.0603448275862
51,2,8,130,163.76923076923077,443.4846153846154,153,433,176,452,219,74.22307692307692
51,3,1,69115,126.9969326484844,231.62050206178108,0,0,253,500,250,102.197164146712
51,3,2,189,100.84126984126983,503.75132275132273,78,498,123,507,219,90.19047619047619
51,3,3,51,163.47058823529412,501.5098039215686,156,495,172,507,211,133.0392156862745
51,3,4,10,124.4,405.2,123,403,126,407,209,135.1
51,3,5,4,59.0,142.5,59,141,59,144,196,136.0
51,3,6,2,11.0,353.5,11,353,11,354,184,124.0
51,3,7,332,115.07530120481928,224.24698795180723,98,207,132,248,182,131.27710843373495
51,3,8,232,69.67672413793103,494.9439655172414,49,481,87,507,182,139.98275862068965
51,4,1,65338,126.8124827818421,230.38909975818055,0,0,253,503,242,74.21221953533932
51,4,2,45,87.4888888888889,502.4,82,498,91,507,183,97.95555555555555
51,4,3,34,116.97058823529412,504.0882352941176,113,501,122,507,183,75.8529411764706
51,4,4,21,94.9047619047619,503.9047619047619,93,500,98,507,183,90.61904761904762
51,4,5,4,154.5,217.5,153,216,156,219,183,108.0
51,4,6,17,79.6470588235294,504.3529411764706,78,499,82,507,181,71.3529411764706
51,4,7,66,104.13636363636364,502.6212121212121,97,495,111,507,180,88.72727272727273
51,4,8,8,4.125,356.375,2,355,7,357,179,78.5
51,5,1,69681,125.58741981314849,228.0434121209512,0,0,253,500,249,103.83141745956574
51,5,2,172,103.68604651162791,503.68023255813955,86,500,123,507,230,106.07558139534883
51,5,3,680,48.66323529411765,479.16617647058825,17,446,83,507,219,72.625
51,5,4,434,216.15668202764977,466.9377880184332,194,445,234,492,219,72.91013824884793
51,5,5,289,199.95847750865053,444.9204152249135,182,432,222,464,219,94.21107266435986
51,5,6,187,223.14438502673798,241.9625668449198,204,227,236,255,219,79.2566844919786
51,5,7,135,19.88888888888889,231.02962962962962,12,216,28,242,219,68.1037037037037
51,5,8,133,120.66917293233082,224.75187969924812,106,211,133,239,219,76.98496240601504
51,6,1,65980,125.42196120036375,226.59048196423157,0,0,253,502,255,101.75518338890573
51,6,2,2,217.0,131.5,217,131,217,132,226,147.0
51,6,3,84,86.16666666666667,503.6309523809524,75,498,95,507,216,99.88095238095238
51,6,4,437,24.366132723112127,460.0617848970252,2,437,48,488,205,120.63844393592677
51,6,5,5,121.0,248.6,119,248,123,249,201,108.4
51,6,6,600,201.71333333333334,450.91833333333335,169,429,229,471,191,124.51166666666667
51,6,7,405,62.61234567901234,490.44444444444446,40,473,87,507,182,136.93333333333334
51,6,8,397,115.727959697733,224.06045340050377,92,205,133,250,182,134.28967254408062
51,7,1,61944,127.40859485987343,230.93037259460158,0,0,253,500,255,74.68497352447372
51,7,2,2,25.5,408.0,25,408,26,408,219,125.5
51,7,3,10,12.9,155.4,11,153,14,158,195,97.7
51,7,4,3,222.33333333333334,134.66666666666666,222,134,223,135,195,140.33333333333334
51,7,5,4,32.0,408.0,31,407,33,409,192,93.25
51,7,6,2,82.0,138.5,82,138,82,139,192,132.0
51,7,7,3,48.333333333333336,104.33333333333333,48,104,49,105,187,159.66666666666666
51,7,8,114,93.0701754385965,503.7105263157895,76,496,107,507,183,92.70175438596492
52,0,1,2,142.5,379.0,142,379,143,379,35,34.5
52,0,2,2,145.5,378.0,145,378,146,378,35,30.5
52,0,3,2,66.5,128.0,66,128,67,128,34,29.5
52,0,4,2,210.0,158.5,210,158,210,159,31,31.0
52,0,5,2,82.5,148.0,82,148,83,148,29,28.0
52,0,6,3,44.0,34.0,43,34,45,34,28,27.0
52,0,7,3,123.0,79.0,123,78,123,80,26,25.333333333333332
52,0,8,2,86.5,148.0,86,148,87,148,26,25.0
52,1,1,2,46.5,33.0,46,33,47,33,56,41.0
52,1,2,2,41.5,33.0,41,33,42,33,52,38.0
52,2,1,73445,127.83089386615835,231.59117707127783,0,0,253,499,254,103.56280209680713
52,2,2,140,100.47857142857143,502.0357142857143,86,494,114,507,232,98.77857142857142
52,2,3,671,57.254843517138596,490.41728763040237,15,459,99,507,219,73.64083457526081
52,2,4,307,29.80456026058632,240.74918566775244,9,219,53,262,219,70.28013029315962
52,2,5,226,212.2433628318584,494.1371681415929,195,481,234,507,219,75.50442477876106
52,2,6,190,55.94210526315789,471.9157894736842,42,461,70,484,219,72.54736842105264
52,2,7,135,175.33333333333334,439.8222222222222,165,427,186,454,219,76.92592592592592
52,2,8,66,240.8030303030303,206.65151515151516,234,200,249,214,219,94.4090909090909
52,3,1,72022,126.74810474577212,229.16533836883175,0,0,253,507,252,102.20059148593485
52,3,2,248,99.08870967741936,502.27016129032256,74,493,122,507,226,93.21774193548387
52,3,3,824,55.567961165048544,486.372572815534,17,456,95,507,182,134.18082524271844
52,3,4,279,114.72759856630825,233.40501792114696,94,223,143,248,182,135.663082437276
52,3,5,209,206.42583732057417,496.2200956937799,189,484,224,507,182,132.44019138755982
52,3,6,209,81.63636363636364,460.4019138755981,65,448,97,473,182,129.16746411483254
52,3,7,162,242.14197530864197,219.30246913580248,232,204,253,231,182,131.1851851851852
52,3,8,148,231.40540540540542,460.02027027027026,212,450,244,470,182,130.85135135135135
52,4,1,70500,126.49133333333333,232.66662411347517,0,0,253,507,248,74.48741843971631
52,4,2,133,96.4812030075188,501.83458646616543,83,494,110,507,219,92.55639097744361
52,4,3,48,116.39583333333333,503.3333333333333,111,498,122,507,183,72.20833333333333
52,4,4,20,78.05,503.8,74,500,83,507,166,95.8
52,4,5,92,136.72826086956522,237.18478260869566,128,229,146,248,159,57.33695652173913
52,4,6,10,2.1,194.8,0,193,4,197,152,91.5
52,4,7,9,196.22222222222223,484.0,195,482,197,486,146,50.111111111111114
52,4,8,3,110.33333333333333,506.6666666666667,110,506,111,507,146,111.66666666666667
52,5,1,74186,126.53014045776831,229.75117946782413,0,0,253,499,253,103.87071684684442
52,5,2,783,76.71264367816092,493.2145593869732,42,468,123,507,219,83.61430395913155
52,5,3,310,234.9516129032258,228.5483870967742,219,212,250,244,219,85.69677419354839
52,5,4,229,198.95196506550218,496.7510917030568,180,485,217,507,219,66.65065502183405
52,5,5,195,51.35897435897436,463.1897435897436,35,453,72,476,219,67.51282051282051
52,5,6,140,87.4,464.3,78,453,96,475,219,93.1
52,5,7,134,36.45522388059702,491.63432835820896,26,478,44,503,219,78.56716417910448
52,5,8,100,179.22,439.33,171,430,191,448,219,80.59
52,6,1,71071,126.9053200320806,228.62315149639093,0,0,253,507,255,102.33762012635252
52,6,2,462,190.2770562770563,445.45670995671,167,424,210,465,219,127.79220779220779
52,6,3,97,7.391752577319588,284.97938144329896,0,276,19,294,211,132.93814432989691
52,6,4,259,99.10810810810811,502.5907335907336,70,494,129,507,206,91.8996138996139
52,6,5,369,206.1138211382114,495.68834688346885,178,483,234,507,182,132.30352303523034
52,6,6,347,218.4121037463977,453.4841498559078,208,421,233,484,182,129.27953890489914
52,6,7,187,58.19786096256684,471.0053475935829,42,460,73,479,182,125.42245989304813
52,6,8,120,53.641666666666666,487.275,42,479,66,495,182,137.55
52,7,1,66633,128.66510587846864,231.7149910704906,0,0,253,507,255,75.43748593039484
52,7,2,194,104.17525773195877,501.819587628866,85,491,129,507,196,85.58247422680412
52,7,3,19,16.473684210526315,90.26315789473684,15,86,19,94,196,67.78947368421052
52,7,4,6,17.0,382.6666666666667,15,382,18,384,196,119.5
52,7,5,9,1.7777777777777777,352.22222222222223,0,350,3,354,195,92.66666666666667
52,7,6,2,68.5,296.0,68,296,69,296,180,130.5
52,7,7,4,20.75,358.0,20,357,21,359,172,117.5
52,7,8,2,37.5,120.0,37,120,38,120,165,137.0
53,0,1,15,69.13333333333334,15.933333333333334,66,12,71,21,192,74.8
53,0,2,8,47.625,17.5,47,14,49,21,187,140.0
53,0,3,2,63.5,22.0,63,22,64,22,136,104.0
53,0,4,2,104.0,139.5,104,139,104,140,120,77.5
53,0,5,3,67.0,121.33333333333333,66,121,68,122,113,83.33333333333333
53,0,6,5,100.2,139.6,99,139,101,140,96,60.6
53,0,7,2,56.5,134.0,56,134,57,134,93,67.5
53,0,8,26,140.34615384615384,392.4230769230769,137,385,143,401,88,63.30769230769231
53,1,1,5,68.6,17.0,68,15,69,19,201,95.0
53,1,2,4,48.0,17.5,48,16,48,19,156,76.25
53,1,3,7,57.0,22.0,54,22,60,22,138,79.85714285714286
53,1,4,2,63.5,21.0,63,21,64,21,114,100.0
53,1,5,3,51.0,14.0,51,13,51,15,113,55.333333333333336
53,1,6,2,57.5,12.5,57,12,58,13,109,67.5
53,1,7,2,158.0,392.5,158,392,158,393,68,66.5
53,1,8,2,157.0,395.5,157,395,157,396,68,64.0
53,2,1,80372,126.44680983427064,239.79415716916338,0,0,253,507,255,100.80012939829791
53,2,2,57,238.5438596491228,274.94736842105266,232,266,245,283,219,74.12280701754386
53,2,3,45,133.9111111111111,502.8888888888889,125,497,141,507,219,73.53333333333333
53,2,4,44,238.77272727272728,479.6136363636364,235,473,246,485,219,92.36363636363636
53,2,5,35,250.11428571428573,203.6,245,198,253,209,219,90.02857142857142
53,2,6,33,144.72727272727272,231.66666666666666,139,227,150,235,219,82.39393939393939
53,2,7,28,3.5357142857142856,454.14285714285717,0,451,9,458,219,86.03571428571429
53,2,8,26,3.6538461538461537,434.5769230769231,0,431,8,437,219,98.34615384615384
53,3,1,79054,126.67061755255901,238.80217319806715,0,0,253,507,254,104.2794292508918
53,3,2,4,0.25,119.5,0,118,1,121,209,140.25
53,3,3,138,244.13768115942028,215.52173913043478,237,203,253,226,182,130.6304347826087
53,3,4,135,82.5111111111111,480.97037037037035,74,468,90,495,182,130.54814814814816
53,3,5,104,40.91346153846154,488.0,33,476,49,497,182,139.26923076923077
53,3,6,94,60.265957446808514,478.1276595744681,53,469,67,486,182,129.64893617021278
53,3,7,67,173.97014925373134,502.4029850746269,165,496,183,507,182,129.13432835820896
53,3,8,32,143.78125,232.0,139,228,148,236,182,130.3125
53,4,1,75895,126.65707885894986,237.35213123394163,0,0,253,507,255,76.9129323407339
53,4,2,336,96.67261904761905,502.17261904761904,65,492,123,507,219,83.77083333333333
53,4,3,90,247.4777777777778,206.1888888888889,238,198,253,215,144,44.36666666666667
53,4,4,4,54.5,16.0,53,16,56,16,139,84.25
53,4,5,4,161.25,480.25,161,479,162,481,118,81.25
53,4,6,217,10.861751152073733,224.90322580645162,0,210,22,246,109,35.05990783410138
53,4,7,105,237.55238095238096,228.93333333333334,230,217,246,239,109,48.75238095238095
53,4,8,87,24.919540229885058,488.8390804597701,12,480,33,495,109,44.7816091954023
53,5,1,80837,126.4836275467917,239.6490468473595,0,0,253,507,255,101.00602446899316
53,5,2,88,11.590909090909092,270.10227272727275,4,259,20,279,219,71.45454545454545
53,5,3,55,179.63636363636363,456.5090909090909,174,447,186,463,219,96.6
53,5,4,55,238.45454545454547,205.52727272727273,234,199,244,216,219,72.76363636363637
53,5,5,46,49.02173913043478,501.19565217391306,44,495,54,507,219,84.1304347826087
53,5,6,39,79.25641025641026,474.71794871794873,73,471,85,478,219,82.58974358974359
53,5,7,34,88.17647058823529,482.2647058823529,83,479,95,486,219,82.41176470588235
53,5,8,25,155.76,504.36,152,500,159,507,219,69.88
53,6,1,77764,127.06796203898976,238.0650429504655,0,0,253,507,255,103.98258834422097
53,6,2,3,64.0,14.0,63,14,65,14,235,109.66666666666667
53,6,3,325,19.963076923076922,235.3723076923077,0,210,40,260,182,140.82461538461538
53,6,4,157,183.5095541401274,501.47133757961785,165,493,200,507,182,125.73248407643312
53,6,5,149,228.23489932885906,456.6308724832215,208,444,239,466,182,127.20805369127517
53,6,6,131,233.6412213740458,478.7709923664122,226,464,246,495,182,132.42748091603053
53,6,7,65,144.69230769230768,503.4307692307692,137,497,154,507,182,132.4923076923077
53,6,8,55,242.6,467.6363636363636,238,460,247,475,182,128.29090909090908
53,7,1,75482,126.54309636734585,240.89300760446199,0,0,253,507,255,76.2643809120055
53,7,2,10,23.7,400.3,21,399,26,402,219,98.1
53,7,3,2,24.5,429.5,24,429,25,430,219,123.5
53,7,4,37,249.7027027027027,210.94594594594594,245,203,253,218,146,55.945945945945944
53,7,5,3,198.66666666666666,442.3333333333333,198,442,199,443,110,93.0
53,7,6,30,26.3,226.56666666666666,23,218,29,233,109,57.666666666666664
53,7,7,28,250.0,455.35714285714283,246,448,253,461,109,41.892857142857146
53,7,8,23,153.43478260869566,198.1304347826087,151,195,157,202,109,56.91304347826087
54,0,1,7,50.142857142857146,21.428571428571427,48,20,53,22,201,98.0
54,0,2,12,75.91666666666667,118.66666666666667,73,117,78,121,180,80.58333333333333
54,0,3,4,60.5,22.0,59,22,62,22,163,100.5
54,0,4,13,111.46153846153847,132.92307692307693,108,132,115,134,152,68.61538461538461
54,0,5,53,94.49056603773585,137.81132075471697,82,133,106,142,142,53.660377358490564
54,0,6,2,64.5,21.0,64,21,65,21,130,90.5
54,0,7,5,52.8,387.0,52,386,54,388,113,67.0
54,0,8,2,88.5,138.0,88,138,89,138,113,73.0
54,1,1,5,50.0,20.4,48,19,52,21,212,113.0
54,1,2,3,61.0,21.0,60,21,62,21,186,113.0
54,1,3,14,67.28571428571429,12.571428571428571,62,12,71,15,168,65.5
54,1,4,2,64.5,20.0,64,20,65,20,128,85.5
54,1,5,4,56.5,12.25,55,12,58,13,97,46.0
54,1,6,2,67.5,18.5,67,18,68,19,94,65.5
54,1,7,18,209.44444444444446,140.88888888888889,207,139,213,143,69,54.94444444444444
54,1,8,4,86.75,163.25,86,162,88,164,64,47.5
54,2,1,86793,127.02158008134296,243.79657345638472,0,0,253,507,255,100.48971691265425
54,2,2,68,199.61764705882354,504.3529411764706,190,500,209,507,219,88.58823529411765
54,2,3,35,2.6285714285714286,212.0857142857143,0,207,7,217,219,101.11428571428571
54,2,4,28,4.535714285714286,257.57142857142856,1,252,10,261,219,77.64285714285714
54,2,5,14,2.0,451.57142857142856,0,449,4,454,219,89.14285714285714
54,2,6,12,182.25,499.0,181,496,184,502,219,88.41666666666667
54,2,7,10,217.4,475.3,216,473,219,478,219,96.5
54,2,8,9,155.11111111111111,505.0,154,502,156,507,219,98.55555555555556
54,3,1,86821,126.90207438292579,244.8099077412147,0,0,253,507,255,102.28974556846846
54,3,2,19,181.73684210526315,185.78947368421052,179,183,184,189,196,124.52631578947368
54,3,3,23,3.347826086956522,258.0,0,255,8,261,182,145.91304347826087
54,3,4,20,230.75,476.4,228,473,233,479,182,112.1
54,3,5,11,3.0,497.45454545454544,0,495,6,499,182,145.8181818181818
54,3,6,8,164.625,200.625,162,200,167,202,182,143.25
54,3,7,7,45.42857142857143,460.42857142857144,45,459,46,462,182,135.71428571428572
54,3,8,7,230.14285714285714,470.14285714285717,229,469,232,471,182,125.42857142857143
54,4,1,84071,126.76072605297902,243.84484542826897,0,0,253,507,255,80.52249884026597
54,4,2,4,6.5,128.5,6,128,7,129,193,99.5
54,4,3,2,116.5,507.0,116,507,117,507,181,145.0
54,4,4,23,2.5217391304347827,272.5652173913044,0,268,4,278,128,39.47826086956522
54,4,5,61,2.540983606557377,459.4754098360656,0,450,7,469,109,54.0655737704918
54,4,6,32,148.21875,503.9375,143,500,153,507,109,64.0
54,4,7,21,242.0,9.19047619047619,237,7,246,13,109,38.714285714285715
54,4,8,16,36.375,496.5625,34,493,38,500,109,44.1875
54,5,1,87475,127.11061446127465,243.5898828236639,0,0,253,507,255,100.196970563018
54,5,2,67,52.507462686567166,503.32835820895525,46,497,60,507,219,97.35820895522389
54,5,3,45,34.46666666666667,239.82222222222222,27,236,41,244,219,105.66666666666667
54,5,4,45,5.466666666666667,4.844444444444444,0,0,11,10,219,75.44444444444444
54,5,5,39,214.71794871794873,480.43589743589746,210,473,218,487,219,95.74358974358974
54,5,6,21,3.4761904761904763,257.14285714285717,1,252,6,261,219,79.0952380952381
54,5,7,11,233.72727272727272,431.09090909090907,230,430,236,432,219,84.27272727272727
54,5,8,8,228.75,432.875,227,432,231,434,219,133.625
54,6,1,85640,127.70790518449323,243.86879962634282,0,0,253,507,255,102.66223727230266
54,6,2,88,22.727272727272727,246.875,16,239,30,259,182,139.9090909090909
54,6,3,77,18.5974025974026,263.72727272727275,10,254,30,271,182,137.94805194805195
54,6,4,36,19.77777777777778,274.1111111111111,14,268,23,279,182,117.94444444444444
54,6,5,28,6.178571428571429,5.5,0,0,11,10,182,144.14285714285714
54,6,6,19,154.52631578947367,435.6842105263158,150,433,157,440,182,133.57894736842104
54,6,7,15,67.8,176.93333333333334,65,175,70,179,182,158.93333333333334
54,6,8,14,153.0,501.42857142857144,151,500,156,503,182,144.14285714285714
54,7,1,82190,127.7734030904003,244.41523299671493,0,0,253,507,255,80.48310013383623
54,7,2,8,251.75,459.125,251,457,253,461,145,59.25
54,7,3,26,146.53846153846155,504.7307692307692,142,500,151,507,109,74.07692307692308
54,7,4,18,6.444444444444445,290.8888888888889,3,288,9,294,109,45.05555555555556
54,7,5,10,14.7,468.0,13,467,17,469,109,67.2
54,7,6,9,241.88888888888889,201.55555555555554,240,200,244,204,109,82.77777777777777
54,7,7,6,238.16666666666666,8.0,237,7,239,10,109,48.166666666666664
54,7,8,5,252.0,232.4,251,231,253,234,109,49.8
55,0,1,6,43.333333333333336,4.666666666666667,42,3,44,7,206,92.0
55,0,2,8,48.75,9.375,46,6,50,12,187,114.375
55,0,3,2,38.5,6.5,38,6,39,7,123,76.0
55,0,4,2,121.0,393.5,121,393,121,394,83,73.5
55,0,5,4,124.5,384.5,124,383,125,386,82,70.0
55,0,6,7,126.14285714285714,381.0,125,380,128,383,78,47.42857142857143
55,0,7,5,123.4,387.6,123,386,124,389,78,52.4
55,0,8,5,122.8,391.4,122,390,124,393,76,49.8
55,1,1,6,42.666666666666664,5.333333333333333,42,4,43,7,148,60.166666666666664
55,1,2,3,48.666666666666664,9.0,48,8,49,10,142,110.0
55,1,3,2,48.5,5.5,48,5,49,6,135,102.0
55,1,4,2,142.0,386.5,142,386,142,387,63,49.5
55,1,5,2,141.0,389.5,141,389,141,390,55,48.5
55,1,6,4,138.25,396.25,137,395,139,397,53,37.5
55,1,7,2,145.0,388.5,145,388,145,389,52,47.5
55,1,8,2,140.0,392.5,140,392,140,393,52,47.0
55,2,1,77098,128.00289242263094,240.8823575190018,0,0,253,507,255,100.96348802822382
55,2,2,209,13.23444976076555,466.51674641148327,0,452,29,479,219,72.45454545454545
55,2,3,124,38.91935483870968,213.82258064516128,26,204,48,221,219,92.93548387096774
55,2,4,60,3.2666666666666666,118.11666666666666,0,109,9,126,219,104.08333333333333
55,2,5,47,60.0,189.9787234042553,50,184,70,194,219,89.46808510638297
55,2,6,27,131.22222222222223,217.66666666666666,128,215,136,221,219,89.11111111111111
55,2,7,27,51.51851851851852,221.4814814814815,46,217,57,227,219,76.44444444444444
55,2,8,24,6.541666666666667,33.125,3,29,10,38,219,74.875
55,3,1,74972,127.44473936936457,240.9142213092888,0,0,253,507,255,103.4351091074001
55,3,2,208,105.42307692307692,504.5432692307692,84,499,130,507,234,102.16826923076923
55,3,3,66,76.36363636363636,222.6818181818182,70,217,83,230,194,130.75757575757575
55,3,4,343,22.26822157434402,212.9387755102041,0,197,48,231,182,131.6326530612245
55,3,5,111,102.56756756756756,435.84684684684686,92,424,113,447,182,129.27927927927928
55,3,6,107,234.98130841121494,478.9065420560748,227,468,245,493,182,136.50467289719626
55,3,7,89,81.59550561797752,462.8314606741573,73,453,89,472,182,129.75280898876406
55,3,8,69,142.7391304347826,189.46376811594203,138,181,149,198,182,134.0
55,4,1,74029,127.33449053749206,239.49621094435963,0,0,253,507,255,74.91031892906834
55,4,2,23,138.95652173913044,500.2173913043478,136,496,142,504,165,40.95652173913044
55,4,3,49,4.346938775510204,275.3061224489796,0,268,9,284,128,37.714285714285715
55,4,4,410,35.91463414634146,475.70975609756096,16,457,62,493,109,35.28536585365854
55,4,5,163,60.94478527607362,464.2269938650307,45,450,73,476,109,44.20245398773006
55,4,6,59,234.5084745762712,474.728813559322,225,470,244,478,109,39.54237288135593
55,4,7,45,223.0222222222222,496.1777777777778,219,489,227,502,109,39.06666666666667
55,4,8,42,142.07142857142858,192.47619047619048,137,187,148,201,109,40.714285714285715
55,5,1,78498,127.50963081861958,242.17288338556395,0,0,253,507,255,101.51774567504904
55,5,2,89,59.78651685393258,214.04494382022472,49,207,69,222,219,70.06741573033707
55,5,3,71,193.29577464788733,191.32394366197184,188,184,200,201,219,68.67605633802818
55,5,4,60,221.21666666666667,263.15,215,257,228,270,219,73.55
55,5,5,29,249.44827586206895,291.82758620689657,246,288,253,296,219,80.17241379310344
55,5,6,18,59.55555555555556,187.83333333333334,55,185,64,190,219,100.88888888888889
55,5,7,18,67.11111111111111,193.05555555555554,65,189,69,197,219,72.66666666666667
55,5,8,16,10.875,215.875,6,213,16,219,219,77.25
55,6,1,75896,127.8556840940234,240.28283440497523,0,0,253,507,255,104.28328238642352
55,6,2,195,60.45128205128205,221.93333333333334,49,207,73,238,182,129.4051282051282
55,6,3,154,10.720779220779221,468.45454545454544,0,457,20,481,182,134.25974025974025
55,6,4,73,61.16438356164384,466.36986301369865,56,457,66,476,182,133.23287671232876
55,6,5,73,71.89041095890411,200.75342465753425,65,194,80,210,182,132.73972602739727
55,6,6,54,7.888888888888889,451.01851851851853,0,443,17,457,182,133.0
55,6,7,53,250.35849056603774,208.22641509433961,246,201,253,216,182,127.20754716981132
55,6,8,42,3.3095238095238093,118.5952380952381,0,114,7,125,182,117.54761904761905
55,7,1,71182,128.64034446910736,240.6820965974544,0,0,253,507,255,75.2922929954202
55,7,2,174,106.23563218390805,504.5977011494253,84,500,129,507,215,89.87931034482759
55,7,3,12,68.83333333333333,438.0,66,437,72,439,182,67.0
55,7,4,15,2.6,128.0,0,126,6,130,180,46.13333333333333
55,7,5,2,162.5,0.0,162,0,163,0,164,102.5
55,7,6,3,9.666666666666666,369.3333333333333,9,369,10,370,163,118.33333333333333
55,7,7,4,17.25,367.25,16,367,18,368,158,88.5
55,7,8,13,16.307692307692307,283.46153846153845,14,280,18,286,138,40.76923076923077
56,0,1,93,70.82795698924731,129.09677419354838,54,122,89,140,144,57.83870967741935
56,0,2,23,42.0,5.782608695652174,36,1,47,9,139,63.69565217391305
56,0,3,3,158.66666666666666,399.3333333333333,158,399,159,400,133,80.66666666666667
56,0,4,54,132.64814814814815,371.18518518518516,126,361,143,380,111,58.74074074074074
56,0,5,8,139.5,365.0,137,364,142,366,107,68.25
56,0,6,3,125.0,377.0,125,376,125,378,107,64.33333333333333
56,0,7,6,143.83333333333334,367.0,142,366,145,368,89,59.166666666666664
56,0,8,3,126.0,380.0,125,380,127,380,88,54.666666666666664
56,1,1,13,130.53846153846155,377.61538461538464,126,376,136,379,103,49.0
56,1,2,7,43.0,5.142857142857143,40,3,46,7,81,60.0
56,1,3,5,128.0,379.6,126,379,130,380,77,52.4
56,1,4,5,134.0,381.4,132,381,136,382,71,57.4
56,1,5,4,142.25,380.25,141,379,143,381,68,53.75
56,1,6,2,138.5,383.0,138,383,139,383,65,55.5
56,1,7,2,148.0,384.5,148,384,148,385,65,46.5
56,1,8,2,146.0,370.5,146,370,146,371,64,58.5
56,2,1,87096,126.04191926150455,246.04056443464683,0,0,253,507,255,100.84142784972903
56,2,2,80,232.975,5.5,223,0,242,14,219,73.35
56,2,3,62,13.806451612903226,13.387096774193548,8,8,20,20,219,74.1774193548387
56,2,4,22,243.72727272727272,239.86363636363637,239,236,248,244,219,78.5
56,2,5,21,6.428571428571429,485.6190476190476,2,484,10,488,219,77.57142857142857
56,2,6,20,246.1,499.75,241,497,251,502,219,86.95
56,2,7,19,11.736842105263158,502.6842105263158,8,499,15,507,219,79.73684210526316
56,2,8,15,3.933333333333333,4.933333333333334,0,3,7,7,219,82.06666666666666
56,3,1,86677,126.57856178686387,245.72230234087473,0,0,253,507,255,103.125696551565
56,3,2,160,10.24375,16.05,0,7,26,27,182,140.2
56,3,3,64,233.234375,4.046875,227,0,242,11,182,142.3125
56,3,4,27,5.555555555555555,485.4074074074074,0,482,10,489,182,146.0
56,3,5,26,3.5,3.269230769230769,0,0,7,7,182,146.0
56,3,6,20,246.25,499.75,241,497,251,502,182,144.4
56,3,7,19,11.578947368421053,502.4736842105263,7,499,15,507,182,146.94736842105263
56,3,8,16,246.4375,253.0625,244,249,249,256,182,148.25
56,4,1,83939,126.01228272912472,246.06539272566982,0,0,253,507,255,79.97941362179678
56,4,2,38,135.52631578947367,498.55263157894734,129,493,140,503,182,74.97368421052632
56,4,3,10,251.5,503.9,249,502,253,506,182,57.5
56,4,4,19,223.10526315789474,8.052631578947368,219,3,229,11,143,39.26315789473684
56,4,5,94,247.38297872340425,11.882978723404255,242,0,253,24,109,37.819148936170215
56,4,6,60,234.45,257.7,229,246,241,264,109,37.7
56,4,7,53,246.75471698113208,259.52830188679246,241,252,253,266,109,38.37735849056604
56,4,8,32,137.03125,505.8125,129,502,144,507,109,54.71875
56,5,1,87954,126.25873752188645,245.93015667280625,0,0,253,507,255,101.13148918752985
56,5,2,125,245.584,11.864,231,0,253,25,219,75.464
56,5,3,27,5.703703703703703,485.3333333333333,0,482,10,489,219,78.37037037037037
56,5,4,19,246.0,499.8421052631579,241,497,251,502,219,87.47368421052632
56,5,5,8,58.875,239.0,57,238,61,240,219,156.0
56,5,6,5,196.4,239.0,196,238,197,240,219,125.8
56,5,7,4,134.75,422.75,134,422,136,423,219,98.75
56,5,8,3,21.0,226.33333333333334,20,226,22,227,219,159.66666666666666
56,6,1,85999,126.4719357201828,245.6342283049803,0,0,253,507,255,103.57180897452297
56,6,2,4,252.75,505.0,252,504,253,506,219,164.25
56,6,3,65,246.3230769230769,8.553846153846154,242,0,253,16,182,143.35384615384615
56,6,4,54,14.685185185185185,233.96296296296296,7,227,25,241,182,141.74074074074073
56,6,5,31,26.096774193548388,503.61290322580646,21,499,32,507,182,145.48387096774192
56,6,6,28,3.857142857142857,3.25,0,0,7,7,182,143.0
56,6,7,15,33.333333333333336,197.66666666666666,31,194,35,202,182,138.66666666666666
56,6,8,12,12.25,504.0,10,502,15,507,182,147.33333333333334
56,7,1,83407,126.38653830014267,244.65570036088099,0,0,253,507,255,79.59089764648051
56,7,2,11,251.1818181818182,503.8181818181818,248,502,253,506,182,55.18181818181818
56,7,3,6,185.33333333333334,506.1666666666667,184,505,186,507,146,51.0
56,7,4,29,4.517241379310345,3.1724137931034484,0,0,10,7,109,37.689655172413794
56,7,5,26,211.76923076923077,254.80769230769232,207,252,215,259,109,39.0
56,7,6,20,11.5,502.65,7,499,15,507,109,39.45
56,7,7,16,246.75,499.5625,243,497,251,502,109,44.625
56,7,8,14,217.57142857142858,424.2142857142857,215,423,221,426,109,79.07142857142857
57,0,1,3,47.0,22.0,47,21,47,23,157,114.66666666666667
57,0,2,5,28.0,27.4,26,26,30,28,151,67.8
57,0,3,2,39.5,28.0,39,28,40,28,104,73.5
57,0,4,4,39.5,16.75,38,16,41,18,103,49.25
57,0,5,15,119.8,382.26666666666665,117,381,124,385,98,50.666666666666664
57,0,6,5,127.2,383.4,126,383,128,384,87,60.4
57,0,7,2,150.0,411.5,150,411,150,412,69,48.0
57,0,8,4,134.5,390.5,133,389,136,392,61,46.25
57,1,1,3,45.666666666666664,20.0,45,19,46,21,139,98.33333333333333
57,1,2,3,26.333333333333332,25.0,26,24,27,26,127,64.0
57,1,3,2,39.5,27.0,39,27,40,27,55,44.5
57,1,4,6,194.66666666666666,133.66666666666666,194,133,196,135,47,38.0
57,1,5,3,34.0,28.0,33,28,35,28,44,37.333333333333336
57,1,6,2,37.5,17.0,37,17,38,17,41,34.0
57,1,7,2,134.5,392.5,134,392,135,393,34,30.0
57,2,1,74959,125.84302085139876,237.4356514894809,0,0,253,507,255,102.17955148814686
57,2,2,253,101.25691699604744,502.7351778656126,80,492,126,507,232,92.34387351778656
57,2,3,8,76.75,506.125,75,505,78,507,224,105.25
57,2,4,160,107.525,436.95625,92,424,125,447,219,68.025
57,2,5,84,47.833333333333336,219.6904761904762,39,210,59,228,219,95.5952380952381
57,2,6,79,72.25316455696202,199.65822784810126,64,190,79,210,219,81.48101265822785
57,2,7,51,243.41176470588235,466.01960784313724,236,459,250,474,219,73.3529411764706
57,2,8,42,90.07142857142857,443.9761904761905,87,436,96,450,219,104.69047619047619
57,3,1,73157,125.23543885069098,236.35203739901854,0,0,253,507,252,102.63139549188732
57,3,2,393,220.97201017811705,484.30534351145036,200,459,238,506,182,133.1145038167939
57,3,3,112,121.74107142857143,234.09821428571428,111,222,131,242,182,136.32142857142858
57,3,4,62,238.93548387096774,277.69354838709677,230,269,245,286,182,136.51612903225808
57,3,5,46,2.8260869565217392,209.2391304347826,0,202,8,214,182,123.91304347826087
57,3,6,43,3.9767441860465116,293.90697674418607,0,288,8,302,182,136.74418604651163
57,3,7,43,85.0,212.1627906976744,78,207,92,216,182,130.6046511627907
57,3,8,35,155.42857142857142,441.37142857142857,152,437,159,447,182,125.82857142857142
57,4,1,69230,125.13871154123935,234.1582406471183,0,0,253,504,255,75.03850931677019
57,4,2,305,97.11475409836065,499.8459016393443,77,481,122,507,247,80.10819672131147
57,4,3,5,123.0,506.6,122,506,124,507,183,85.4
57,4,4,13,0.8461538461538461,341.61538461538464,0,339,2,344,174,81.0
57,4,5,13,0.6923076923076923,353.2307692307692,0,348,2,357,173,67.0
57,4,6,6,162.0,203.5,161,203,163,204,135,88.33333333333333
57,4,7,4,29.5,192.25,29,191,30,193,130,89.0
57,4,8,2,225.5,338.0,225,338,226,338,128,86.5
57,5,1,74266,125.32125063959282,235.7903078124579,0,0,253,507,255,102.7777852583955
57,5,2,255,101.34117647058824,502.6941176470588,76,492,123,507,236,96.96862745098039
57,5,3,300,221.91666666666666,480.7033333333333,208,465,238,499,219,73.97
57,5,4,138,66.1376811594203,224.13768115942028,57,214,77,235,219,69.2536231884058
57,5,5,98,32.93877551020408,487.8265306122449,26,476,39,500,219,69.87755102040816
57,5,6,61,46.0655737704918,198.60655737704917,40,189,56,207,219,68.11475409836065
57,5,7,44,229.54545454545453,490.09090909090907,223,486,236,496,219,72.77272727272727
57,5,8,41,144.34146341463415,187.6341463414634,140,182,150,193,219,92.34146341463415
57,6,1,72356,125.02841505887557,235.79197302227874,0,0,253,507,253,102.47863342362761
57,6,2,206,104.50485436893204,502.8398058252427,86,494,124,507,229,92.66990291262135
57,6,3,383,193.56657963446474,492.7415143603133,163,469,222,507,182,129.81201044386424
57,6,4,140,226.88571428571427,482.6642857142857,213,472,242,497,182,136.18571428571428
57,6,5,106,154.5566037735849,441.72641509433964,145,429,165,451,182,129.1320754716981
57,6,6,65,69.03076923076924,224.69230769230768,60,220,79,229,182,128.09230769230768
57,6,7,56,227.67857142857142,490.625,220,487,236,496,182,140.89285714285714
57,6,8,48,139.0625,228.47916666666666,133,222,146,234,182,133.41666666666666
57,7,1,66852,126.50921438401245,234.64158140369773,0,0,253,507,255,74.95838568778795
57,7,2,207,102.67632850241546,503.06280193236717,80,496,123,507,219,96.22222222222223
57,7,3,2,252.5,325.0,252,325,253,325,178,137.5
57,7,4,15,161.26666666666668,452.8,159,450,164,456,173,77.93333333333334
57,7,5,3,35.333333333333336,20.666666666666668,35,20,36,21,172,162.0
57,7,6,3,33.0,15.666666666666666,32,15,34,16,170,102.0
57,7,7,7,0.8571428571428571,348.14285714285717,0,346,2,350,163,61.714285714285715
57,7,8,39,39.666666666666664,60.794871794871796,35,55,45,65,161,56.87179487179487
60,0,1,71,23.830985915492956,285.3098591549296,15,278,30,291,234,128.0281690140845
60,0,2,430,23.425581395348836,96.62093023255814,12,71,45,116,229,83.17906976744186
60,0,3,259,155.8957528957529,105.94980694980696,128,96,182,114,228,49.1042471042471
60,0,4,301,155.21594684385383,389.2624584717608,142,372,180,410,227,72.75083056478405
60,0,5,65,145.2,258.84615384615387,138,254,160,262,227,187.43076923076924
60,0,6,138,58.18115942028985,43.43478260869565,42,36,67,51,226,100.8695652173913
60,0,7,23,175.1304347826087,0.2608695652173913,167,0,183,1,226,155.3913043478261
60,0,8,202,54.87128712871287,70.7871287128713,48,53,63,87,225,97.52475247524752
60,1,1,50,24.24,285.04,17,279,29,290,236,113.84
60,1,2,329,23.80243161094225,97.60182370820668,13,75,43,114,231,68.55927051671732
60,1,3,109,153.36697247706422,257.60550458715596,139,254,166,262,231,164.9908256880734
60,1,4,111,59.13513513513514,43.585585585585584,51,36,66,50,228,95.97297297297297
60,1,5,9,175.0,0.0,171,0,179,0,228,131.0
60,1,6,112,55.401785714285715,72.14285714285714,50,54,62,87,107,47.99107142857143
60,1,7,45,95.42222222222222,310.73333333333335,84,304,104,314,91,38.44444444444444
60,1,8,154,149.24025974025975,394.11038961038963,142,381,164,408,89,56.34415584415584
60,2,1,99420,126.85411386039026,251.61504727419032,0,0,253,507,255,102.3893482196741
60,2,2,2,34.0,500.5,34,500,34,501,228,150.0
60,2,3,6,0.5,502.0,0,501,1,503,219,142.0
60,2,4,3,144.0,481.0,143,481,145,481,192,106.66666666666667
60,3,1,99412,126.99101718102442,250.97666277712952,0,0,253,507,255,97.52482597674324
60,3,2,6,0.5,502.0,0,501,1,503,182,120.66666666666667
60,3,3,7,251.28571428571428,473.57142857142856,250,472,253,475,146,86.85714285714286
60,3,4,3,252.33333333333334,31.333333333333332,252,31,253,32,146,129.33333333333334
60,3,5,2,253.0,28.5,253,28,253,29,146,146.0
60,3,6,2,144.5,478.0,144,478,145,478,144,142.0
60,3,7,5,10.8,0.2,9,0,12,1,138,86.0
60,3,8,9,1.0,220.22222222222223,0,219,3,222,130,82.44444444444444
60,4,1,97189,126.96504748479767,250.41816460710575,0,0,253,507,255,89.43704534463777
60,4,2,2,253.0,106.5,253,106,253,107,156,155.0
60,4,3,5,69.4,242.0,68,241,71,243,116,89.8
60,4,4,4,75.5,506.5,74,506,77,507,108,73.0
60,4,5,13,215.3846153846154,506.0769230769231,212,504,219,507,105,59.69230769230769
60,4,6,2,239.5,271.5,239,271,240,272,105,66.5
60,4,7,2,237.0,270.5,237,270,237,271,104,70.0
60,4,8,2,253.0,220.5,253,220,253,221,97,84.5
60,5,1,99279,126.76115794881093,251.4941931324852,0,0,253,507,255,102.0635078919006
60,5,2,6,0.5,468.3333333333333,0,467,1,470,219,100.83333333333333
60,5,3,2,253.0,272.5,253,272,253,273,219,155.0
60,5,4,2,253.0,260.5,253,260,253,261,192,124.0
60,5,5,3,231.66666666666666,14.333333333333334,231,14,232,15,155,123.33333333333333
60,5,6,7,232.42857142857142,264.14285714285717,231,263,234,265,146,97.57142857142857
60,5,7,2,253.0,212.5,253,212,253,213,130,78.0
60,5,8,2,0.0,293.5,0,293,0,294,64,59.5
60,6,1,99328,126.66893524484536,250.70041680090208,0,0,253,507,255,98.55375120811856
60,6,2,6,0.5,502.0,0,501,1,503,182,134.66666666666666
60,6,3,4,251.75,0.25,251,0,253,1,182,134.0
60,6,4,4,252.5,11.25,252,10,253,12,182,127.0
60,6,5,2,0.0,217.5,0,217,0,218,180,106.0
60,6,6,3,218.0,507.0,217,507,219,507,166,110.66666666666667
60,6,7,3,1.0,467.3333333333333,0,467,2,468,160,128.0
60,6,8,4,252.5,470.75,252,470,253,472,146,124.0
60,7,1,96632,127.22475991390016,250.1759872506002,0,0,253,507,255,90.37934638629025
60,7,2,3,0.6666666666666666,502.0,0,501,1,503,109,60.333333333333336
60,7,3,6,230.83333333333334,241.0,229,240,232,242,105,74.16666666666667
60,7,4,2,158.5,463.0,158,463,159,463,105,68.5
60,7,5,2,151.5,253.0,151,253,152,253,95,73.5
60,7,6,7,233.57142857142858,237.71428571428572,232,236,235,239,73,45.42857142857143
60,7,7,3,1.0,469.3333333333333,0,469,2,470,72,46.666666666666664
60,7,8,2,25.5,0.0,25,0,26,0,72,52.0
61,0,1,308,181.62012987012986,362.6753246753247,164,347,200,383,232,86.48051948051948
61,0,2,23,2.8260869565217392,319.2173913043478,0,316,6,323,225,118.1304347826087
61,0,3,22,63.68181818181818,61.18181818181818,56,56,69,65,222,66.0
61,0,4,89,57.58426966292135,43.08988764044944,50,31,66,57,219,84.10112359550561
61,0,5,38,45.76315789473684,77.84210526315789,35,73,52,84,217,128.3684210526316
61,0,6,125,23.4,72.136,15,58,33,85,216,57.392
61,0,7,98,192.69387755102042,71.83673469387755,186,63,200,79,215,66.4795918367347
61,0,8,123,59.13821138211382,17.902439024390244,50,5,69,26,213,80.08130081300813
61,1,1,102,58.549019607843135,19.205882352941178,51,12,67,25,219,82.94117647058823
61,1,2,108,25.574074074074073,74.75,15,59,36,91,218,57.111111111111114
61,1,3,16,1.9375,319.4375,0,317,4,322,215,112.875
61,1,4,40,44.1,80.425,38,74,51,91,196,103.35
61,1,5,58,140.6206896551724,326.51724137931035,134,320,146,333,193,49.310344827586206
61,1,6,43,57.93023255813954,43.51162790697674,51,33,65,54,145,58.651162790697676
61,1,7,2,66.5,56.0,66,56,67,56,126,79.0
61,1,8,86,175.47674418604652,380.63953488372096,163,372,193,390,119,56.55813953488372
61,2,1,103086,126.57360844343557,252.7181285528588,0,0,253,507,255,100.21030983838736
61,2,2,2,0.0,299.5,0,299,0,300,207,199.5
61,3,1,103371,126.60178386588115,252.92359559257432,0,0,253,507,255,97.48705149413279
61,3,2,3,253.0,15.0,253,14,253,16,134,84.0
61,4,1,101828,126.84075107043249,252.9216030954158,0,0,253,507,255,92.64197470243941
61,4,2,2,253.0,506.5,253,506,253,507,109,106.5
61,5,1,102750,126.66895377128954,253.20170316301704,0,0,253,507,255,100.22962530413625
61,5,2,2,9.5,0.0,9,0,10,0,215,172.5
61,6,1,103377,126.70035888060207,253.09006839045435,0,0,253,507,255,98.17568704837633
61,7,1,101558,126.74325016246874,252.4022922861813,0,0,253,507,255,94.00428326670475
61,7,2,2,0.0,415.5,0,415,0,416,170,136.0
61,7,3,2,215.5,473.0,215,473,216,473,113,74.0
61,7,4,5,12.8,506.6,12,506,14,507,109,82.0
61,7,5,14,2.0714285714285716,505.7142857142857,0,504,5,507,97,78.92857142857143
61,7,6,3,89.0,507.0,88,507,90,507,95,63.333333333333336
61,7,7,2,0.0,258.5,0,258,0,259,77,75.0
61,7,8,2,20.0,0.5,20,0,20,1,61,58.5
62,0,1,990,150.46161616161615,357.6929292929293,120,329,178,390,234,69.9060606060606
62,0,2,7,188.28571428571428,87.57142857142857,187,86,190,89,228,169.71428571428572
62,0,3,300,116.90666666666667,34.656666666666666,100,21,132,44,221,68.95
62,0,4,217,92.44239631336406,332.4009216589862,58,319,115,341,221,60.97235023041475
62,0,5,102,11.92156862745098,97.37254901960785,0,85,28,112,221,92.11764705882354
62,0,6,90,36.233333333333334,64.57777777777778,28,49,44,76,221,91.04444444444445
62,0,7,7,49.0,101.0,48,100,50,102,219,86.28571428571429
62,0,8,66,119.87878787878788,343.25757575757575,113,337,125,348,213,47.39393939393939
62,1,1,70,15.285714285714286,101.72857142857143,0,93,26,112,226,74.32857142857142
62,1,2,44,5.7727272727272725,95.18181818181819,0,87,13,101,195,76.72727272727273
62,1,3,3,41.666666666666664,33.333333333333336,41,33,42,34,190,139.0
62,1,4,5,38.0,37.8,36,36,40,39,154,91.6
62,1,5,369,145.869918699187,370.92140921409214,128,352,170,389,152,64.97831978319783
62,1,6,11,124.36363636363636,37.81818181818182,122,36,126,40,151,43.36363636363637
62,1,7,35,37.97142857142857,67.77142857142857,32,58,43,75,137,61.42857142857143
62,1,8,30,82.53333333333333,288.8,76,285,88,291,137,49.266666666666666
62,2,1,102075,126.67026206220916,251.7318736223365,0,0,253,507,255,100.55606171932402
62,3,1,102156,126.61756529229805,252.13733897176866,0,0,253,507,255,97.8599788558675
62,3,2,2,0.5,477.0,0,477,1,477,38,34.0
62,4,1,100739,126.82397085537875,251.28822998044453,0,0,253,507,255,92.16246935149248
62,4,2,7,252.57142857142858,235.0,252,233,253,237,108,78.14285714285714
62,4,3,24,251.0,503.2083333333333,249,499,253,507,106,60.291666666666664
62,4,4,2,24.0,498.5,24,498,24,499,36,34.0
62,5,1,101756,126.7432682102284,251.8743071661622,0,0,253,507,255,100.5498054168796
62,5,2,6,215.5,483.0,215,481,216,485,176,103.83333333333333
62,6,1,102349,126.80315391454728,252.2904571612815,0,0,253,507,255,98.5027406227711
62,6,2,8,1.875,506.625,0,506,4,507,182,117.75
62,6,3,6,252.5,474.0,252,473,253,475,180,93.0
62,7,1,100115,127.04364980272686,251.80535384308047,0,0,253,507,255,93.32675423263247
62,7,2,2,0.0,7.5,0,7,0,8,168,114.0
62,7,3,64,247.640625,503.125,242,499,253,507,160,61.1875
62,7,4,4,253.0,473.5,253,472,253,475,145,88.5
62,7,5,3,252.66666666666666,268.6666666666667,252,268,253,269,96,54.666666666666664
62,7,6,2,13.0,259.5,13,259,13,260,64,48.0
62,7,7,3,0.3333333333333333,241.33333333333334,0,241,1,242,32,32.0
64,0,1,11,37.81818181818182,20.454545454545453,37,17,40,24,211,104.63636363636364
64,0,2,15,58.0,18.533333333333335,53,13,60,23,166,81.06666666666666
64,0,3,3,51.0,13.0,50,12,52,14,129,68.66666666666667
64,0,4,4,106.25,133.25,105,132,107,134,124,70.75
64,0,5,2,59.5,132.5,59,132,60,133,106,66.5
64,0,6,2,141.0,386.5,141,386,141,387,100,68.0
64,0,7,4,144.5,377.5,144,376,145,379,97,81.75
64,0,8,4,143.5,381.0,143,380,144,382,91,67.75
64,1,1,14,58.285714285714285,15.857142857142858,55,10,60,21,212,89.0
64,1,2,10,38.6,19.8,38,17,40,23,143,77.4
64,1,3,2,50.5,23.0,50,23,51,23,120,74.0
64,1,4,4,42.5,24.0,41,24,44,24,87,62.25
64,1,5,2,142.0,386.5,142,386,142,387,87,64.5
64,1,6,4,46.25,14.75,46,14,47,16,84,50.0
64,1,7,2,160.0,386.5,160,386,160,387,69,49.0
64,1,8,2,162.0,379.5,162,379,162,380,61,53.0
64,2,1,77607,124.81439818573067,240.50978648833222,0,0,253,507,255,101.37611297949927
64,2,2,369,238.05149051490514,224.8211382113821,220,203,253,244,219,90.16260162601625
64,2,3,156,221.73717948717947,254.68589743589743,211,238,236,266,219,89.30128205128206
64,2,4,130,207.57692307692307,200.26153846153846,198,188,216,214,219,64.98461538461538
64,2,5,53,18.62264150943396,468.58490566037733,13,460,23,477,219,77.64150943396227
64,2,6,48,216.20833333333334,221.08333333333334,210,214,222,227,219,77.16666666666667
64,2,7,30,212.33333333333334,4.9,208,0,216,10,219,86.9
64,2,8,25,92.44,467.04,88,462,95,472,219,114.0
64,3,1,77229,125.85282730580481,239.31339263748075,0,0,253,507,254,103.5704592834298
64,3,2,2,188.5,223.0,188,223,189,223,208,118.0
64,3,3,180,195.9611111111111,500.8222222222222,180,493,214,507,182,131.12777777777777
64,3,4,123,177.9349593495935,442.2357723577236,167,431,188,452,182,131.10569105691056
64,3,5,91,12.835164835164836,473.56043956043953,4,466,22,486,182,129.4945054945055
64,3,6,50,29.98,230.18,23,225,36,236,182,135.4
64,3,7,32,142.78125,221.0625,137,217,148,225,182,135.8125
64,3,8,28,84.32142857142857,466.2857142857143,81,462,88,471,182,131.28571428571428
64,4,1,74478,124.7610703832004,240.3045597357609,0,0,253,507,255,77.43600794865598
64,4,2,3,85.0,475.0,84,475,86,475,166,75.33333333333333
64,4,3,2,16.0,163.5,16,163,16,164,137,82.5
64,4,4,476,229.92436974789916,242.0966386554622,212,218,253,267,109,40.86764705882353
64,4,5,199,244.9396984924623,214.46733668341707,236,196,253,232,109,46.50753768844221
64,4,6,87,231.183908045977,211.83908045977012,222,204,238,221,109,38.93103448275862
64,4,7,66,87.45454545454545,192.0,76,185,97,197,109,47.63636363636363
64,4,8,37,209.35135135135135,253.56756756756758,205,248,214,258,109,47.054054054054056
64,5,1,78435,126.00376107605024,239.01324663734303,0,0,253,507,255,101.52292981449608
64,5,2,114,7.947368421052632,454.9824561403509,0,446,17,464,219,87.39473684210526
64,5,3,40,38.275,437.35,33,429,45,445,219,78.25
64,5,4,38,223.23684210526315,214.18421052631578,217,207,228,220,219,83.94736842105263
64,5,5,35,1.4857142857142858,123.0,0,117,5,129,219,98.6
64,5,6,35,169.0,438.9142857142857,164,435,174,444,219,68.2
64,5,7,32,102.28125,504.96875,95,502,109,507,219,77.5
64,5,8,30,92.96666666666667,209.63333333333333,89,206,97,217,219,96.6
64,6,1,75160,126.40009313464608,238.05876796168175,0,0,253,507,254,102.76306546035126
64,6,2,428,200.82009345794393,497.0303738317757,153,480,236,507,182,131.1448598130841
64,6,3,253,244.74308300395256,217.07509881422925,232,199,253,234,182,123.0197628458498
64,6,4,242,22.93388429752066,472.42148760330576,1,459,40,486,182,132.1487603305785
64,6,5,161,8.906832298136646,208.54658385093168,0,194,20,223,182,131.11801242236024
64,6,6,135,218.34074074074073,197.85925925925926,205,191,235,206,182,129.25925925925927
64,6,7,115,28.295652173913044,244.1304347826087,20,234,35,257,182,129.80869565217392
64,6,8,84,221.35714285714286,215.5,212,206,231,226,182,132.71428571428572
64,7,1,71825,126.07781413156978,238.54843021232162,0,0,253,507,255,77.87757744517926
64,7,2,19,2.0526315789473686,349.1578947368421,0,345,5,353,218,84.84210526315789
64,7,3,18,0.2777777777777778,324.5,0,319,2,332,182,61.27777777777778
64,7,4,45,7.466666666666667,306.84444444444443,0,302,14,312,162,43.48888888888889
64,7,5,209,34.00956937799043,457.1674641148325,18,448,52,467,142,34.143540669856456
64,7,6,56,228.5,4.5,221,0,236,10,137,35.107142857142854
64,7,7,248,234.54032258064515,230.0241935483871,220,216,248,247,109,43.125
64,7,8,127,222.29133858267716,197.06299212598427,212,186,235,210,109,36.04724409448819
65,0,1,28,149.85714285714286,391.39285714285717,146,389,154,394,97,56.607142857142854
65,0,2,13,139.76923076923077,374.46153846153845,138,372,142,378,90,53.53846153846154
65,0,3,3,155.0,380.0,155,379,155,381,77,55.333333333333336
65,0,4,6,82.66666666666667,142.83333333333334,81,142,85,144,76,54.166666666666664
65,0,5,2,160.0,382.5,160,382,160,383,74,53.5
65,0,6,3,34.0,22.666666666666668,33,22,35,23,72,42.666666666666664
65,0,7,2,103.0,136.5,103,136,103,137,72,48.5
65,0,8,3,154.0,384.0,154,383,154,385,70,53.666666666666664
65,1,1,3,53.0,24.0,52,23,54,25,118,84.33333333333333
65,1,2,17,151.35294117647058,391.52941176470586,148,390,155,393,92,52.05882352941177
65,1,3,2,156.0,379.5,156,379,156,380,79,68.0
65,1,4,2,155.0,383.5,155,383,155,384,79,65.5
65,1,5,3,154.0,387.0,154,386,154,388,74,45.666666666666664
65,1,6,2,158.0,386.5,158,386,158,387,63,60.0
65,1,7,2,159.0,382.5,159,382,159,383,60,56.5
65,1,8,2,163.0,379.5,163,379,163,380,55,48.5
65,2,1,83722,127.08550918516042,242.86682114617423,0,0,253,507,255,102.88463008528224
65,2,2,23,73.34782608695652,210.47826086956522,69,207,77,213,219,113.17391304347827
65,2,3,20,72.05,230.75,69,227,75,234,219,115.45
65,2,4,20,179.55,493.45,175,490,184,497,219,111.75
65,2,5,16,169.1875,503.75,167,501,172,507,219,90.25
65,2,6,14,129.42857142857142,501.85714285714283,127,499,132,504,219,98.42857142857143
65,2,7,13,78.3076923076923,234.84615384615384,76,233,81,237,219,129.92307692307693
65,2,8,12,142.66666666666666,203.66666666666666,140,203,146,206,219,106.5
65,3,1,81796,127.60842828500171,242.51057508924643,0,0,253,507,255,102.5437062937063
65,3,2,84,10.404761904761905,475.4642857142857,0,465,18,488,182,130.78571428571428
65,3,3,59,26.54237288135593,466.0169491525424,19,460,36,472,182,129.76271186440678
65,3,4,50,176.06,503.9,167,501,184,507,182,132.84
65,3,5,32,146.5625,503.375,141,499,151,507,182,129.0625
65,3,6,25,200.4,503.88,197,500,204,507,182,126.32
65,3,7,21,178.8095238095238,495.57142857142856,175,491,182,499,182,136.1904761904762
65,3,8,21,79.04761904761905,228.28571428571428,76,225,82,232,182,133.9047619047619
65,4,1,77935,126.73032655417977,240.9660871238853,0,0,253,507,255,77.01424263809585
65,4,2,2,86.5,144.0,86,144,87,144,183,109.5
65,4,3,18,9.11111111111111,433.05555555555554,7,430,12,437,171,77.16666666666667
65,4,4,79,189.67088607594937,502.27848101265823,181,495,199,507,162,34.43037974683544
65,4,5,220,244.6409090909091,464.3454545454546,231,444,253,480,150,41.54545454545455
65,4,6,4,251.75,262.5,251,262,253,263,144,61.0
65,4,7,240,14.9375,231.25,0,215,28,249,109,38.96666666666667
65,4,8,204,215.63235294117646,497.4656862745098,196,488,231,507,109,39.818627450980394
65,5,1,83062,126.37494883340156,240.80085959885386,0,0,253,507,255,103.45297488622957
65,5,2,516,216.20736434108528,493.31201550387595,188,474,241,507,219,79.31782945736434
65,5,3,114,243.6140350877193,470.8333333333333,231,460,253,480,219,85.57894736842105
65,5,4,89,7.269662921348314,6.235955056179775,0,0,18,18,219,73.88764044943821
65,5,5,65,180.4923076923077,500.73846153846154,174,493,189,507,219,86.29230769230769
65,5,6,38,250.42105263157896,453.94736842105266,246,446,253,461,219,90.34210526315789
65,5,7,35,164.74285714285713,505.9428571428571,156,503,175,507,219,85.45714285714286
65,5,8,20,96.35,187.55,93,185,99,191,219,86.95
65,6,1,81829,127.04717154065185,243.24465653985752,0,0,253,507,251,102.76267582397439
65,6,2,63,222.3015873015873,224.55555555555554,217,217,228,232,182,139.26984126984127
65,6,3,42,172.4047619047619,504.2142857142857,165,501,179,507,182,132.47619047619048
65,6,4,29,178.72413793103448,246.6206896551724,174,243,183,251,182,127.86206896551724
65,6,5,24,45.875,464.8333333333333,41,461,51,468,182,135.41666666666666
65,6,6,20,98.55,193.15,94,189,102,196,182,108.8
65,6,7,17,137.88235294117646,493.6470588235294,132,492,143,496,182,130.0
65,6,8,16,240.0,200.4375,237,198,242,203,182,145.125
65,7,1,76461,128.04011195249865,241.78712023122898,0,0,253,507,255,77.64009102679798
65,7,2,10,79.7,120.0,78,118,81,122,223,125.8
65,7,3,2,38.5,395.0,38,395,39,395,219,127.5
65,7,4,4,29.25,398.25,29,397,30,399,216,82.75
65,7,5,3,100.33333333333333,136.66666666666666,100,136,101,137,189,111.33333333333333
65,7,6,3,88.0,142.0,87,141,89,143,184,121.33333333333333
65,7,7,19,5.7368421052631575,131.52631578947367,1,129,10,136,183,46.73684210526316
65,7,8,3,247.66666666666666,459.6666666666667,247,459,248,460,176,80.0
66,0,1,28,149.85714285714286,391.39285714285717,146,389,154,394,97,56.607142857142854
66,0,2,13,139.76923076923077,374.46153846153845,138,372,142,378,90,53.53846153846154
66,0,3,3,155.0,380.0,155,379,155,381,77,55.333333333333336
66,0,4,6,82.66666666666667,142.83333333333334,81,142,85,144,76,54.166666666666664
66,0,5,2,160.0,382.5,160,382,160,383,74,53.5
66,0,6,3,34.0,22.666666666666668,33,22,35,23,72,42.666666666666664
66,0,7,2,103.0,136.5,103,136,103,137,72,48.5
66,0,8,3,154.0,384.0,154,383,154,385,70,53.666666666666664
66,1,1,3,53.0,24.0,52,23,54,25,118,84.33333333333333
66,1,2,17,151.35294117647058,391.52941176470586,148,390,155,393,92,52.05882352941177
66,1,3,2,156.0,379.5,156,379,156,380,79,68.0
66,1,4,2,155.0,383.5,155,383,155,384,79,65.5
66,1,5,3,154.0,387.0,154,386,154,388,74,45.666666666666664
66,1,6,2,158.0,386.5,158,386,158,387,63,60.0
66,1,7,2,159.0,382.5,159,382,159,383,60,56.5
66,1,8,2,163.0,379.5,163,379,163,380,55,48.5
66,2,1,83722,127.08550918516042,242.86682114617423,0,0,253,507,255,102.88463008528224
66,2,2,23,73.34782608695652,210.47826086956522,69,207,77,213,219,113.17391304347827
66,2,3,20,72.05,230.75,69,227,75,234,219,115.45
66,2,4,20,179.55,493.45,175,490,184,497,219,111.75
66,2,5,16,169.1875,503.75,167,501,172,507,219,90.25
66,2,6,14,129.42857142857142,501.85714285714283,127,499,132,504,219,98.42857142857143
66,2,7,13,78.3076923076923,234.84615384615384,76,233,81,237,219,129.92307692307693
66,2,8,12,142.66666666666666,203.66666666666666,140,203,146,206,219,106.5
66,3,1,81796,127.60842828500171,242.51057508924643,0,0,253,507,255,102.5437062937063
66,3,2,84,10.404761904761905,475.4642857142857,0,465,18,488,182,130.78571428571428
66,3,3,59,26.54237288135593,466.0169491525424,19,460,36,472,182,129.76271186440678
66,3,4,50,176.06,503.9,167,501,184,507,182,132.84
66,3,5,32,146.5625,503.375,141,499,151,507,182,129.0625
66,3,6,25,200.4,503.88,197,500,204,507,182,126.32
66,3,7,21,178.8095238095238,495.57142857142856,175,491,182,499,182,136.1904761904762
66,3,8,21,79.04761904761905,228.28571428571428,76,225,82,232,182,133.9047619047619
66,4,1,77935,126.73032655417977,240.9660871238853,0,0,253,507,255,77.01424263809585
66,4,2,2,86.5,144.0,86,144,87,144,183,109.5
66,4,3,18,9.11111111111111,433.05555555555554,7,430,12,437,171,77.16666666666667
66,4,4,79,189.67088607594937,502.27848101265823,181,495,199,507,162,34.43037974683544
66,4,5,220,244.6409090909091,464.3454545454546,231,444,253,480,150,41.54545454545455
66,4,6,4,251.75,262.5,251,262,253,263,144,61.0
66,4,7,240,14.9375,231.25,0,215,28,249,109,38.96666666666667
66,4,8,204,215.63235294117646,497.4656862745098,196,488,231,507,109,39.818627450980394
66,5,1,83062,126.37494883340156,240.80085959885386,0,0,253,507,255,103.45297488622957
66,5,2,516,216.20736434108528,493.31201550387595,188,474,241,507,219,79.31782945736434
66,5,3,114,243.6140350877193,470.8333333333333,231,460,253,480,219,85.57894736842105
66,5,4,89,7.269662921348314,6.235955056179775,0,0,18,18,219,73.88764044943821
66,5,5,65,180.4923076923077,500.73846153846154,174,493,189,507,219,86.29230769230769
66,5,6,38,250.42105263157896,453.94736842105266,246,446,253,461,219,90.34210526315789
66,5,7,35,164.74285714285713,505.9428571428571,156,503,175,507,219,85.45714285714286
66,5,8,20,96.35,187.55,93,185,99,191,219,86.95
66,6,1,81829,127.04717154065185,243.24465653985752,0,0,253,507,251,102.76267582397439
66,6,2,63,222.3015873015873,224.55555555555554,217,217,228,232,182,139.26984126984127
66,6,3,42,172.4047619047619,504.2142857142857,165,501,179,507,182,132.47619047619048
66,6,4,29,178.72413793103448,246.6206896551724,174,243,183,251,182,127.86206896551724
66,6,5,24,45.875,464.8333333333333,41,461,51,468,182,135.41666666666666
66,6,6,20,98.55,193.15,94,189,102,196,182,108.8
66,6,7,17,137.88235294117646,493.6470588235294,132,492,143,496,182,130.0
66,6,8,16,240.0,200.4375,237,198,242,203,182,145.125
66,7,1,76461,128.04011195249865,241.78712023122898,0,0,253,507,255,77.64009102679798
66,7,2,10,79.7,120.0,78,118,81,122,223,125.8
66,7,3,2,38.5,395.0,38,395,39,395,219,127.5
66,7,4,4,29.25,398.25,29,397,30,399,216,82.75
66,7,5,3,100.33333333333333,136.66666666666666,100,136,101,137,189,111.33333333333333
66,7,6,3,88.0,142.0,87,141,89,143,184,121.33333333333333
66,7,7,19,5.7368421052631575,131.52631578947367,1,129,10,136,183,46.73684210526316
66,7,8,3,247.66666666666666,459.6666666666667,247,459,248,460,176,80.0
68,0,1,2,169.5,408.0,169,408,170,408,68,65.0
68,0,2,2,86.0,140.5,86,140,86,141,57,44.5
68,0,3,3,136.66666666666666,385.0,136,384,137,386,52,36.0
68,0,4,2,67.5,125.0,67,125,68,125,51,44.0
68,0,5,6,43.5,27.0,41,27,46,27,50,41.166666666666664
68,0,6,3,101.66666666666667,136.0,101,135,102,137,45,41.666666666666664
68,0,7,4,82.5,141.5,81,141,84,142,39,31.75
68,1,1,2,57.5,21.5,57,21,58,22,47,42.5
68,2,1,69986,127.90280913325522,232.33392392764267,0,0,253,507,252,102.62832566513303
68,2,2,490,70.54285714285714,194.63877551020408,50,177,95,214,219,86.25102040816327
68,2,3,430,232.67441860465115,470.57906976744187,211,448,249,492,219,70.15116279069767
68,2,4,367,205.71389645776566,496.38692098092645,183,482,232,507,219,70.40054495912807
68,2,5,351,48.971509971509974,223.7037037037037,28,211,72,238,219,89.47578347578347
68,2,6,113,147.31858407079645,210.81415929203538,139,198,156,222,219,88.92035398230088
68,2,7,60,79.03333333333333,465.55,70,460,86,471,219,71.63333333333334
68,2,8,53,249.32075471698113,202.9811320754717,244,197,253,209,219,99.13207547169812
68,3,1,67796,123.8815564340079,232.50995633960704,0,0,253,507,255,102.79581391232522
68,3,2,2029,200.80581567274518,210.33563331690488,152,178,253,248,219,116.46919664859537
68,3,3,650,217.37076923076924,485.7230769230769,184,455,253,507,182,130.86307692307693
68,3,4,380,42.06842105263158,487.9421052631579,24,469,60,507,182,128.7
68,3,5,232,237.71120689655172,229.07758620689654,224,216,253,245,182,135.27586206896552
68,3,6,105,10.523809523809524,474.20952380952383,2,465,19,483,182,135.14285714285714
68,3,7,85,65.74117647058823,219.7764705882353,59,212,72,228,182,139.38823529411764
68,3,8,78,248.62820512820514,178.25641025641025,240,166,253,187,182,129.51282051282053
68,4,1,64584,125.81863929146537,223.84810479375696,0,0,253,507,251,74.41391056608448
68,4,2,1842,141.87839305103148,464.3583061889251,101,432,185,494,219,61.61183496199783
68,4,3,2,0.5,191.0,0,191,1,191,183,128.5
68,4,4,10,185.4,214.1,184,212,187,216,169,101.8
68,4,5,8,69.625,504.625,69,503,71,507,146,66.75
68,4,6,21,20.904761904761905,302.0,19,296,24,307,137,52.904761904761905
68,4,7,3,100.33333333333333,493.0,100,492,101,494,126,66.0
68,4,8,8,14.375,298.625,13,297,16,300,114,62.875
68,5,1,71351,126.9110453952993,232.28592451402224,0,0,253,507,246,102.33996720438397
68,5,2,3,45.333333333333336,19.666666666666668,45,19,46,20,231,110.0
68,5,3,6,14.5,298.6666666666667,13,297,16,300,228,115.16666666666667
68,5,4,462,222.6904761904762,479.3982683982684,185,447,253,507,219,69.62337662337663
68,5,5,163,84.79754601226993,462.9815950920245,73,452,96,474,219,74.73006134969326
68,5,6,133,61.99248120300752,224.31578947368422,50,214,72,235,219,86.8796992481203
68,5,7,123,214.5772357723577,499.3333333333333,199,492,230,507,219,83.83739837398375
68,5,8,122,8.21311475409836,471.2704918032787,0,459,16,483,219,81.32786885245902
68,6,1,67224,126.84507021301916,225.88197667499702,0,0,253,495,249,102.97710639057479
68,6,2,8,32.625,372.375,31,371,34,373,224,113.75
68,6,3,710,68.89718309859155,486.73943661971833,36,463,115,507,214,131.81408450704225
68,6,4,321,96.17757009345794,499.41121495327104,76,488,116,507,207,92.34890965732087
68,6,5,2,53.0,17.5,53,17,53,18,196,132.0
68,6,6,13,27.0,395.53846153846155,25,393,30,398,193,113.46153846153847
68,6,7,9,71.88888888888889,501.3333333333333,71,500,74,503,193,96.44444444444444
68,6,8,457,232.20787746170677,472.2253829321663,203,445,253,492,182,132.03938730853392
68,7,1,58910,125.73778645391275,220.46817178747241,0,0,253,489,245,76.07236462400272
68,7,2,1515,142.46402640264026,465.6752475247525,103,432,186,495,215,61.36171617161716
68,7,3,42,8.047619047619047,351.1904761904762,5,345,13,358,209,85.04761904761905
68,7,4,404,94.96534653465346,496.91089108910893,67,479,116,507,197,80.12871287128714
68,7,5,34,90.8529411764706,481.4117647058824,86,477,96,487,195,53.1764705882353
68,7,6,1492,192.08243967828417,206.12198391420912,152,171,239,242,190,53.19101876675603
68,7,7,4,10.0,324.5,9,323,11,326,189,87.25
68,7,8,3,41.0,17.0,41,16,41,18,184,105.66666666666667
70,0,1,55,71.69090909090909,128.61818181818182,60,122,83,135,164,55.527272727272724
70,0,2,9,40.666666666666664,11.333333333333334,37,8,43,14,151,74.11111111111111
70,0,3,2,31.5,16.0,31,16,32,16,146,110.5
70,0,4,14,132.64285714285714,356.42857142857144,128,355,137,358,135,84.64285714285714
70,0,5,3,84.33333333333333,122.0,84,121,85,123,131,61.333333333333336
70,0,6,8,88.625,121.375,87,120,91,123,128,69.375
70,0,7,2,34.5,15.0,34,15,35,15,128,100.0
70,0,8,4,138.5,358.5,137,358,140,359,105,91.0
70,1,1,9,38.0,12.0,34,9,42,14,170,107.55555555555556
70,1,2,2,31.5,15.0,31,15,32,15,118,104.0
70,1,3,29,130.10344827586206,372.2068965517241,124,369,136,375,94,52.58620689655172
70,1,4,2,144.5,361.0,144,361,145,361,77,51.5
70,1,5,2,142.5,377.0,142,377,143,377,75,65.5
70,1,6,2,138.5,376.0,138,376,139,376,70,63.5
70,1,7,2,137.5,373.0,137,373,138,373,68,58.0
70,1,8,2,186.5,119.0,186,119,187,119,64,61.5
70,2,1,80526,125.58326503241189,240.93918734321835,0,0,253,507,255,100.07372774010878
70,2,2,695,203.8863309352518,493.58561151079135,170,473,234,507,219,73.68201438848921
70,2,3,58,248.43103448275863,180.39655172413794,242,174,253,187,219,105.22413793103448
70,2,4,39,58.41025641025641,504.7435897435897,53,502,63,507,219,124.33333333333333
70,2,5,26,15.653846153846153,11.0,12,8,20,15,219,76.88461538461539
70,2,6,19,233.26315789473685,168.73684210526315,230,166,237,171,219,96.0
70,2,7,18,190.72222222222223,240.77777777777777,187,237,194,243,219,105.44444444444444
70,2,8,13,54.61538461538461,496.53846153846155,52,493,57,499,219,100.07692307692308
70,3,1,80459,126.00114343951577,242.6798369355821,0,0,253,507,255,102.86359512298189
70,3,2,111,212.23423423423424,501.72972972972974,201,493,221,507,182,134.75675675675674
70,3,3,85,239.6235294117647,182.30588235294118,232,176,247,189,182,124.90588235294118
70,3,4,68,245.75,166.75,239,158,253,175,182,124.44117647058823
70,3,5,49,206.3469387755102,231.9387755102041,199,227,213,237,182,137.53061224489795
70,3,6,32,99.28125,410.40625,96,406,105,415,182,137.8125
70,3,7,32,122.3125,418.8125,118,414,127,424,182,126.6875
70,3,8,30,250.5,179.66666666666666,248,175,253,184,182,127.13333333333334
70,4,1,77672,126.56235194149758,242.9346997631064,0,0,253,507,255,77.8560356370378
70,4,2,2,183.5,248.5,183,248,184,249,184,128.5
70,4,3,15,219.86666666666667,422.46666666666664,216,420,224,425,183,59.13333333333333
70,4,4,2,108.5,251.0,108,251,109,251,179,137.0
70,4,5,6,186.0,237.66666666666666,185,237,187,239,171,82.16666666666667
70,4,6,86,8.430232558139535,209.67441860465115,0,202,17,220,109,46.30232558139535
70,4,7,38,229.81578947368422,466.2368421052632,225,461,234,471,109,46.1578947368421
70,4,8,23,106.47826086956522,412.69565217391306,102,409,111,416,109,40.43478260869565
70,5,1,81108,126.98748582137397,242.97540316614885,0,0,253,507,255,100.29883611974158
70,5,2,237,9.172995780590718,219.0379746835443,0,197,21,243,219,77.32489451476793
70,5,3,102,35.470588235294116,247.04901960784315,25,240,47,254,219,71.02941176470588
70,5,4,36,41.72222222222222,502.75,36,499,47,507,219,90.94444444444444
70,5,5,34,222.7058823529412,167.02941176470588,217,163,230,172,219,79.91176470588235
70,5,6,29,80.10344827586206,217.44827586206895,74,214,84,222,219,106.03448275862068
70,5,7,22,170.63636363636363,466.8181818181818,168,464,173,469,219,89.36363636363636
70,5,8,21,15.523809523809524,10.666666666666666,12,8,18,14,219,78.14285714285714
70,6,1,78660,126.92770150012713,242.0612128146453,0,0,253,507,255,102.77168827866768
70,6,2,298,9.71476510067114,455.9697986577181,0,433,22,475,215,130.48657718120805
70,6,3,125,26.032,205.888,16,197,38,215,182,120.592
70,6,4,75,220.21333333333334,167.22666666666666,212,160,227,175,182,136.77333333333334
70,6,5,75,16.72,481.2266666666667,9,473,23,493,182,133.70666666666668
70,6,6,49,192.89795918367346,155.9387755102041,186,152,199,162,182,135.14285714285714
70,6,7,42,244.0,170.57142857142858,234,165,251,176,182,133.42857142857142
70,6,8,38,207.92105263157896,246.02631578947367,201,240,213,253,182,129.73684210526315
70,7,1,74663,127.06206554786172,241.89757979186479,0,0,253,507,255,77.70907946372367
70,7,2,5,44.4,2.2,44,1,45,3,199,89.8
70,7,3,22,141.4090909090909,500.22727272727275,138,497,145,504,183,58.95454545454545
70,7,4,18,0.8888888888888888,88.61111111111111,0,84,3,94,182,76.38888888888889
70,7,5,2,48.0,500.5,48,500,48,501,128,80.0
70,7,6,4,61.75,502.75,61,502,62,504,127,67.0
70,7,7,8,25.875,148.5,24,147,28,149,110,75.625
70,7,8,146,230.27397260273972,482.21232876712327,216,472,243,494,109,41.636986301369866
72,0,1,4,42.25,25.5,42,24,43,27,132,95.75
72,0,2,6,50.5,29.0,48,29,53,29,78,61.0
72,0,3,2,166.0,413.5,166,413,166,414,60,45.0
72,0,4,2,222.0,164.5,222,164,222,165,55,49.5
72,0,5,2,140.5,382.0,140,382,141,382,49,38.0
72,0,6,2,155.5,386.0,155,386,156,386,38,31.0
72,0,7,2,144.5,383.0,144,383,145,383,37,37.0
72,0,8,2,151.5,405.0,151,405,152,405,28,26.0
72,1,1,2,62.5,21.5,62,21,63,22,105,80.5
72,1,2,2,43.0,24.5,43,24,43,25,101,87.5
72,1,3,2,48.5,28.0,48,28,49,28,77,65.5
72,1,4,2,56.5,19.0,56,19,57,19,33,31.5
72,1,5,2,143.5,400.0,143,400,144,400,33,29.0
72,1,6,2,148.5,401.0,148,401,149,401,32,28.0
72,1,7,2,133.5,398.0,133,398,134,398,28,26.0
72,2,1,70063,128.77587314274297,234.72908667913163,0,0,253,507,255,102.98702596234817
72,2,2,337,104.18694362017804,502.32640949554894,76,492,134,507,236,94.0860534124629
72,2,3,3,162.66666666666666,479.3333333333333,162,479,163,480,232,170.66666666666666
72,2,4,164,205.35365853658536,498.4329268292683,193,486,223,507,219,72.72560975609755
72,2,5,161,61.79503105590062,213.416149068323,49,199,73,226,219,92.3913043478261
72,2,6,125,27.52,203.184,18,191,37,215,219,75.36
72,2,7,124,9.89516129032258,286.508064516129,0,273,16,304,219,75.0725806451613
72,2,8,98,51.755102040816325,203.46938775510205,43,193,60,213,219,79.95918367346938
72,3,1,69684,128.61720050513748,235.40177085127146,0,0,253,507,255,102.74222203088227
72,3,2,312,108.25961538461539,502.71794871794873,79,497,137,507,219,92.79807692307692
72,3,3,18,251.05555555555554,120.33333333333333,249,118,253,123,203,106.05555555555556
72,3,4,357,61.22408963585434,208.33333333333334,42,183,81,229,182,133.12605042016807
72,3,5,233,26.107296137339056,201.47210300429185,10,186,43,218,182,130.46351931330472
72,3,6,227,200.5022026431718,499.3920704845815,182,489,220,507,182,131.12775330396477
72,3,7,181,226.61325966850828,482.7182320441989,209,467,248,497,182,132.22099447513813
72,3,8,121,212.0909090909091,440.1322314049587,203,431,224,448,182,136.69421487603304
72,4,1,66662,128.43774564219495,235.5537787645135,0,0,253,507,255,74.17575230266118
72,4,2,275,110.04,502.8727272727273,78,497,140,507,218,89.23636363636363
72,4,3,49,95.46938775510205,482.51020408163265,90,475,102,490,192,35.59183673469388
72,4,4,3,37.666666666666664,376.6666666666667,37,376,38,377,191,83.33333333333333
72,4,5,120,243.20833333333334,26.033333333333335,234,13,253,37,180,36.86666666666667
72,4,6,44,2.409090909090909,417.5681818181818,0,411,6,424,171,71.86363636363636
72,4,7,2,7.5,330.0,7,330,8,330,160,94.0
72,4,8,8,145.5,249.375,143,249,148,250,149,86.625
72,5,1,71401,128.17582386801305,235.45614207083935,0,0,253,507,253,103.42128261508942
72,5,2,291,111.29209621993127,502.54639175257734,87,495,139,507,237,99.41580756013745
72,5,3,320,58.328125,214.134375,48,196,75,237,219,85.809375
72,5,4,199,14.050251256281408,199.66834170854273,0,188,31,215,219,86.56281407035176
72,5,5,191,193.45549738219896,498.29319371727746,177,487,207,507,219,67.75916230366492
72,5,6,164,26.475609756097562,484.0609756097561,12,470,41,497,219,70.7439024390244
72,5,7,104,244.15384615384616,186.39423076923077,235,177,253,196,219,68.28846153846153
72,5,8,88,210.73863636363637,439.8181818181818,204,431,218,449,219,84.69318181818181
72,6,1,68455,128.6614564312322,234.22734643196262,0,0,253,505,249,102.85745380176759
72,6,2,304,108.98684210526316,502.7467105263158,78,497,138,507,219,95.10855263157895
72,6,3,195,58.92820512820513,210.69230769230768,48,196,73,226,182,134.46666666666667
72,6,4,171,47.93567251461988,236.7719298245614,38,217,59,255,182,129.953216374269
72,6,5,151,24.450331125827816,203.66887417218544,12,192,36,215,182,131.9271523178808
72,6,6,147,246.94557823129253,207.46938775510205,236,194,253,223,182,132.0204081632653
72,6,7,101,227.8019801980198,239.45544554455446,221,229,238,248,182,134.23762376237624
72,6,8,93,213.40860215053763,493.13978494623655,203,485,225,503,182,133.63440860215053
72,7,1,63858,129.95090669923894,235.58963638071972,0,0,253,507,251,74.06754048044098
72,7,2,12,32.0,391.6666666666667,29,389,34,395,219,91.16666666666667
72,7,3,12,29.833333333333332,401.3333333333333,27,399,33,403,219,88.0
72,7,4,24,2.5,400.0833333333333,0,396,6,405,216,89.25
72,7,5,219,101.93150684931507,502.8767123287671,77,496,129,507,194,88.55707762557077
72,7,6,22,97.72727272727273,142.5,93,139,101,147,192,86.68181818181819
72,7,7,13,1.1538461538461537,345.3076923076923,0,342,2,348,192,84.0
72,7,8,3,31.666666666666668,396.3333333333333,31,396,32,397,192,142.0
73,0,1,12,107.33333333333333,324.6666666666667,106,323,109,326,209,88.41666666666667
73,0,2,8,188.125,72.125,187,71,189,73,131,84.875
73,0,3,2,162.0,410.5,162,410,162,411,52,46.5
73,0,4,2,88.5,122.0,88,122,89,122,30,27.0
73,0,5,3,104.33333333333333,337.3333333333333,104,337,105,338,28,27.0
73,0,6,2,92.5,121.0,92,121,93,121,25,24.5
73,1,1,4,107.5,325.0,107,324,108,326,47,39.0
73,1,2,2,57.5,20.5,57,20,58,21,30,29.5
73,2,1,74764,125.13257717618104,236.16806216895833,0,0,253,507,255,102.80851746830025
73,2,2,365,202.64657534246575,492.85205479452054,175,469,226,507,219,69.72054794520548
73,2,3,243,232.8312757201646,480.3292181069959,216,460,246,501,219,76.98353909465021
73,2,4,161,219.45962732919256,242.0496894409938,208,231,228,256,219,83.56521739130434
73,2,5,132,161.21969696969697,450.02272727272725,152,437,172,463,219,83.50757575757575
73,2,6,120,89.03333333333333,463.9166666666667,79,455,98,476,219,93.44166666666666
73,2,7,106,204.17924528301887,457.6509433962264,195,449,213,468,219,85.04716981132076
73,2,8,71,247.04225352112675,455.0,241,446,252,465,219,82.40845070422536
73,3,1,73541,126.24436708774697,235.6097143090249,0,0,253,507,255,103.31763234114304
73,3,2,3,154.33333333333334,244.0,154,243,155,245,221,107.66666666666667
73,3,3,44,172.1818181818182,448.15909090909093,169,442,177,457,219,116.27272727272727
73,3,4,4,252.5,379.5,252,379,253,380,196,126.75
73,3,5,551,214.8656987295826,489.2068965517241,183,466,242,507,182,131.42649727767696
73,3,6,267,20.56554307116105,470.87265917602997,3,455,36,489,182,130.96629213483146
73,3,7,97,21.649484536082475,234.1237113402062,14,226,32,243,182,132.55670103092783
73,3,8,70,36.31428571428572,244.12857142857143,28,234,44,253,182,135.42857142857142
73,4,1,70883,125.95646346796835,236.57489101759236,0,0,253,507,255,74.27954516597774
73,4,2,38,1.736842105263158,402.39473684210526,0,396,4,409,192,79.1842105263158
73,4,3,5,0.8,102.4,0,101,2,103,192,65.4
73,4,4,4,37.5,405.5,37,405,38,406,156,96.5
73,4,5,99,140.23232323232324,206.57575757575756,132,198,151,214,145,43.81818181818182
73,4,6,5,164.4,267.8,164,267,165,269,145,96.0
73,4,7,4,74.5,506.5,74,506,75,507,137,101.0
73,4,8,415,207.81686746987953,489.9277108433735,177,469,236,507,128,35.83373493975903
73,5,1,75187,127.12632502959288,237.0674850705574,0,0,253,507,254,103.14475906739197
73,5,2,759,30.988142292490117,217.88010540184453,0,191,70,240,219,85.64953886693017
73,5,3,614,210.44462540716611,491.7231270358306,175,468,241,507,219,71.7328990228013
73,5,4,178,36.01123595505618,245.02247191011236,20,232,48,256,219,74.46629213483146
73,5,5,77,242.9090909090909,466.6623376623377,234,458,253,475,219,88.20779220779221
73,5,6,64,4.84375,315.9375,0,307,11,323,219,84.265625
73,5,7,49,72.53061224489795,239.3673469387755,67,232,77,246,219,69.42857142857143
73,5,8,37,237.35135135135135,446.3783783783784,232,442,242,452,219,89.91891891891892
73,6,1,72128,126.93572537710736,236.4202806122449,0,0,253,507,254,103.66049245785271
73,6,2,150,30.94,200.64666666666668,19,190,44,213,212,129.96
73,6,3,496,41.832661290322584,222.23991935483872,15,205,71,236,182,135.30645161290323
73,6,4,201,208.82089552238807,492.8557213930348,192,480,229,507,182,135.84577114427861
73,6,5,169,235.98816568047337,476.9585798816568,222,461,252,489,182,135.92899408284023
73,6,6,117,5.461538461538462,221.1965811965812,0,205,13,236,182,139.69230769230768
73,6,7,64,15.109375,478.703125,6,470,22,485,182,139.53125
73,6,8,57,220.64912280701753,213.49122807017545,212,208,230,220,182,126.10526315789474
73,7,1,67106,125.5022054659792,237.12822996453372,0,0,253,507,255,75.10717372515126
73,7,2,28,1.9642857142857142,397.10714285714283,0,389,5,404,209,72.42857142857143
73,7,3,3,52.666666666666664,150.66666666666666,52,150,53,151,196,114.0
73,7,4,3,27.666666666666668,374.3333333333333,27,374,28,375,189,136.33333333333334
73,7,5,2,46.0,154.5,46,154,46,155,189,127.0
73,7,6,4,157.0,243.25,156,242,158,244,185,141.25
73,7,7,35,89.77142857142857,504.54285714285714,86,500,97,507,183,87.82857142857142
73,7,8,4,172.5,250.0,171,250,174,250,182,122.25
74,0,1,2,50.5,25.0,50,25,51,25,94,63.5
74,0,2,2,58.5,21.5,58,21,59,22,71,62.0
74,0,3,8,115.0,357.5,113,357,117,358,66,44.0
74,0,4,2,38.5,18.5,38,18,39,19,57,56.5
74,0,5,5,87.4,140.6,86,140,89,141,51,36.6
74,0,6,2,82.5,142.5,82,142,83,143,43,34.0
74,0,7,3,76.66666666666667,143.33333333333334,76,143,77,144,38,29.333333333333332
74,0,8,2,188.5,104.5,188,104,189,105,32,29.0
74,2,1,74231,125.26624994948202,234.61631932750467,0,0,253,507,254,101.56846869906104
74,2,2,291,232.61168384879724,478.70103092783506,211,463,250,494,219,74.21649484536083
74,2,3,125,212.064,493.288,203,480,221,504,219,76.008
74,2,4,117,196.47008547008548,501.6837606837607,183,493,210,507,219,73.90598290598291
74,2,5,86,137.2906976744186,438.6511627906977,129,427,143,449,219,76.13953488372093
74,2,6,58,37.775862068965516,449.1551724137931,33,443,44,455,219,75.6896551724138
74,2,7,53,143.1509433962264,217.71698113207546,137,213,149,222,219,114.47169811320755
74,2,8,53,146.0566037735849,226.60377358490567,139,221,153,232,219,91.9622641509434
74,3,1,73349,126.50406958513409,233.64227187828055,0,0,253,507,249,102.52704195012883
74,3,2,23,151.34782608695653,430.30434782608694,149,425,154,435,201,122.8695652173913
74,3,3,569,226.63268892794378,482.5518453427065,196,448,253,507,182,132.0140597539543
74,3,4,563,21.616341030195382,473.2273534635879,0,445,40,505,182,132.67140319715807
74,3,5,121,92.45454545454545,469.7107438016529,86,456,100,481,182,131.37190082644628
74,3,6,52,6.096153846153846,220.90384615384616,0,214,15,229,182,134.26923076923077
74,3,7,32,224.0,461.46875,217,458,231,465,182,133.8125
74,3,8,28,2.25,36.892857142857146,0,30,6,45,182,129.92857142857142
74,4,1,68824,126.54860223177961,229.7790596303615,0,0,253,507,252,75.88241020574219
74,4,2,327,12.899082568807339,278.0611620795107,0,253,29,302,173,38.40672782874618
74,4,3,2,150.5,465.0,150,465,151,465,172,113.5
74,4,4,19,171.31578947368422,475.63157894736844,169,472,174,480,167,62.78947368421053
74,4,5,18,251.94444444444446,444.27777777777777,250,440,253,450,167,76.38888888888889
74,4,6,17,17.0,318.29411764705884,14,315,21,321,165,49.11764705882353
74,4,7,3,126.33333333333333,506.0,126,505,127,507,163,109.33333333333333
74,4,8,8,211.625,474.375,210,472,213,476,146,46.25
74,5,1,75084,125.61415214959246,233.78951574236854,0,0,253,507,254,101.69645996483938
74,5,2,438,27.986301369863014,468.1917808219178,3,431,44,505,219,72.53424657534246
74,5,3,343,227.71137026239066,482.8483965014577,201,467,250,497,219,73.34985422740525
74,5,4,135,196.85925925925926,501.63703703703703,177,495,215,507,219,72.12592592592593
74,5,5,63,235.44444444444446,465.22222222222223,227,453,243,476,219,71.39682539682539
74,5,6,58,57.827586206896555,244.86206896551724,52,237,66,252,219,97.75862068965517
74,5,7,55,218.14545454545456,499.0,210,494,225,503,219,75.41818181818182
74,5,8,53,208.64150943396226,460.0,201,456,216,467,219,90.77358490566037
74,6,1,72590,125.93207053313128,233.88497038159525,0,0,253,507,254,102.36867337098774
74,6,2,7,194.71428571428572,140.14285714285714,194,139,196,141,226,148.57142857142858
74,6,3,2,125.5,507.0,125,507,126,507,201,116.5
74,6,4,595,228.0873949579832,480.3899159663866,197,447,253,507,182,131.66050420168068
74,6,5,124,245.54032258064515,283.991935483871,236,275,253,296,182,135.41935483870967
74,6,6,83,93.6987951807229,449.09638554216866,87,442,101,459,182,133.25301204819277
74,6,7,42,205.76190476190476,438.3809523809524,199,434,213,444,182,123.33333333333333
74,6,8,39,14.384615384615385,465.0769230769231,7,460,23,471,182,134.76923076923077
74,7,1,67303,126.75344338291012,232.3255872695125,0,0,253,507,254,75.51262202279244
74,7,2,4,44.5,14.5,44,14,45,15,229,122.5
74,7,3,6,20.0,399.0,19,397,21,401,216,115.83333333333333
74,7,4,3,42.333333333333336,169.33333333333334,42,169,43,170,196,120.66666666666667
74,7,5,6,44.5,11.0,44,10,45,12,193,95.5
74,7,6,32,33.84375,423.6875,27,420,38,428,192,58.5625
74,7,7,4,90.5,143.75,90,143,91,145,192,72.5
74,7,8,4,0.5,398.5,0,398,1,399,184,105.25
75,2,1,72897,126.14653552272384,233.42842640986598,0,0,253,507,248,101.8060414008807
75,2,2,192,235.91145833333334,473.2604166666667,219,459,253,488,219,77.5625
75,2,3,108,214.92592592592592,493.9259259259259,205,484,223,505,219,76.99074074074075
75,2,4,66,30.53030303030303,497.530303030303,21,490,38,507,219,72.71212121212122
75,2,5,66,41.57575757575758,459.43939393939394,35,454,50,466,219,68.03030303030303
75,2,6,59,105.77966101694915,439.3898305084746,96,434,115,447,219,102.61016949152543
75,2,7,48,30.0,435.8958333333333,23,428,35,441,219,71.8125
75,2,8,43,81.46511627906976,218.3953488372093,75,213,89,225,219,72.16279069767442
75,3,1,70984,125.95004508058155,232.8245660994027,0,0,253,507,246,102.39048236222247
75,3,2,123,169.4390243902439,437.9512195121951,159,428,178,448,213,128.8861788617886
75,3,3,20,180.0,235.4,176,234,183,237,184,141.5
75,3,4,251,205.003984063745,493.82868525896413,183,476,220,507,182,128.47011952191235
75,3,5,179,12.22905027932961,451.6815642458101,0,439,25,464,182,129.7877094972067
75,3,6,160,223.4,481.06875,216,464,232,498,182,130.8875
75,3,7,129,11.077519379844961,296.6744186046512,0,287,24,310,182,122.66666666666667
75,3,8,118,242.11864406779662,460.59322033898303,229,449,253,470,182,128.96610169491527
75,4,1,68385,126.8496892593405,235.34462235870438,0,0,253,507,247,73.90310740659501
75,4,2,2,0.5,100.0,0,100,1,100,192,128.0
75,4,3,21,17.523809523809526,305.3809523809524,14,303,21,308,174,71.80952380952381
75,4,4,4,171.75,246.25,171,245,172,247,173,91.5
75,4,5,6,175.16666666666666,246.33333333333334,174,245,176,247,168,101.5
75,4,6,10,15.5,348.3,15,345,16,351,161,80.5
75,4,7,3,164.0,156.66666666666666,163,156,165,157,161,96.66666666666667
75,4,8,7,138.57142857142858,500.14285714285717,138,498,139,502,160,73.57142857142857
75,5,1,72974,125.4553265546633,234.07114862827856,0,0,253,507,246,101.96842711102585
75,5,2,2,152.0,425.5,152,425,152,426,234,149.0
75,5,3,351,222.5185185185185,482.0883190883191,204,467,244,497,219,69.4957264957265
75,5,4,164,207.8048780487805,187.609756097561,193,174,225,197,219,70.0609756097561
75,5,5,67,206.61194029850745,496.9850746268657,197,488,216,505,219,70.31343283582089
75,5,6,66,66.27272727272727,499.1363636363636,59,490,73,507,219,83.60606060606061
75,5,7,64,240.734375,461.609375,232,456,250,468,219,71.46875
75,5,8,63,94.44444444444444,209.79365079365078,87,204,102,216,219,98.55555555555556
75,6,1,70255,126.7240054088677,233.6935734111451,0,0,253,507,242,102.54137072094512
75,6,2,42,89.0952380952381,141.02380952380952,84,136,94,146,226,112.52380952380952
75,6,3,5,0.0,77.0,0,75,0,79,224,138.2
75,6,4,3,40.666666666666664,167.33333333333334,40,167,41,168,224,166.0
75,6,5,3,77.0,121.0,77,120,77,122,224,138.66666666666666
75,6,6,121,5.892561983471074,88.12396694214875,0,79,13,98,215,108.05785123966942
75,6,7,6,44.333333333333336,16.5,43,15,45,18,193,104.83333333333333
75,6,8,224,32.38392857142857,245.83482142857142,19,230,46,260,182,138.5
75,7,1,63558,127.67026967494257,230.7835048302338,0,0,253,507,241,75.37853614021839
75,7,2,6,40.5,390.0,40,389,41,391,219,101.5
75,7,3,2,25.5,397.0,25,397,26,397,219,125.5
75,7,4,5,43.0,399.2,42,398,44,401,216,115.0
75,7,5,3,91.33333333333333,116.33333333333333,91,116,92,117,195,135.33333333333334
75,7,6,7,25.714285714285715,382.14285714285717,25,381,27,383,192,66.28571428571429
75,7,7,4,99.0,136.75,98,136,100,138,192,136.25
75,7,8,3,28.333333333333332,395.0,28,394,29,396,192,117.66666666666667
78,2,1,71012,124.72473666422576,232.1771813214668,0,0,253,507,246,101.14206049681744
78,2,2,43,70.5813953488372,503.7674418604651,65,498,78,507,226,101.20930232558139
78,2,3,712,180.51966292134833,452.1699438202247,152,426,211,484,219,98.36657303370787
78,2,4,674,217.92729970326408,483.47032640949556,170,454,253,507,219,72.5860534124629
78,2,5,182,33.18131868131868,244.4010989010989,17,235,53,252,219,70.99450549450549
78,2,6,93,152.68817204301075,439.64516129032256,145,433,161,451,219,69.26881720430107
78,2,7,79,246.34177215189874,443.8481012658228,238,437,253,453,219,75.13924050632912
78,2,8,48,155.85416666666666,426.9791666666667,148,421,163,432,219,116.16666666666667
78,3,1,70820,125.86630895227337,233.06032194295398,0,0,253,507,246,102.60542219711945
78,3,2,25,28.92,391.52,25,389,34,395,233,114.64
78,3,3,11,73.45454545454545,225.54545454545453,71,223,77,228,219,154.27272727272728
78,3,4,71,240.08450704225353,478.14084507042253,233,471,250,485,186,135.43661971830986
78,3,5,390,28.407692307692308,474.3538461538462,5,447,47,498,182,132.51282051282053
78,3,6,388,217.57474226804123,486.32474226804123,190,457,239,507,182,131.40463917525773
78,3,7,253,243.5494071146245,457.74308300395256,231,440,253,475,182,132.0395256916996
78,3,8,79,246.31645569620252,212.1772151898734,240,201,253,222,182,132.9620253164557
78,4,1,66184,126.63565212135863,231.49622265200048,0,0,253,507,251,74.1538438293243
78,4,2,3,11.0,97.0,10,97,12,97,219,119.66666666666667
78,4,3,2,197.0,125.5,197,125,197,126,184,128.0
78,4,4,117,120.52991452991454,429.35042735042737,107,421,136,441,183,38.162393162393165
78,4,5,8,19.75,305.375,18,304,21,307,181,74.125
78,4,6,5,70.2,506.2,69,505,71,507,165,80.2
78,4,7,3,208.0,231.0,207,231,209,231,146,82.33333333333333
78,4,8,16,15.6875,345.625,14,342,17,350,145,84.5625
78,5,1,71355,126.22823908625885,231.2287436059141,0,0,253,507,246,101.6228435288347
78,5,2,622,224.88424437299037,478.2475884244373,194,449,253,503,219,73.53215434083602
78,5,3,452,14.353982300884956,462.37610619469024,0,437,32,486,219,74.3075221238938
78,5,4,209,32.47846889952153,242.62200956937798,16,232,47,255,219,71.5598086124402
78,5,5,143,8.685314685314685,220.83916083916083,0,201,20,235,219,73.99300699300699
78,5,6,120,61.00833333333333,499.64166666666665,51,490,71,507,219,81.025
78,5,7,54,214.77777777777777,441.18518518518516,210,434,220,447,219,89.77777777777777
78,5,8,52,2.8076923076923075,302.03846153846155,0,293,10,312,219,80.5576923076923
78,6,1,69868,125.1029942176676,233.92591744432357,0,0,253,507,255,102.74553443636572
78,6,2,2,207.5,206.0,207,206,208,206,197,162.5
78,6,3,229,240.5938864628821,466.75545851528386,229,451,253,483,182,131.77292576419214
78,6,4,224,221.99553571428572,480.5357142857143,211,460,231,502,182,129.33035714285714
78,6,5,90,192.86666666666667,500.3666666666667,181,492,206,506,182,129.2888888888889
78,6,6,78,209.12820512820514,482.8076923076923,203,472,216,490,182,129.56410256410257
78,6,7,63,164.0793650793651,436.2063492063492,159,428,171,444,182,132.6984126984127
78,6,8,49,155.16326530612244,427.51020408163265,149,423,162,432,182,118.08163265306122
78,7,1,61897,126.6668336106758,226.72221593938318,0,0,253,507,244,75.25901093752525
78,7,2,19,124.42105263157895,505.42105263157896,121,502,128,507,219,127.47368421052632
78,7,3,7,98.0,409.2857142857143,97,408,100,410,219,64.42857142857143
78,7,4,2,17.5,399.0,17,399,18,399,219,125.5
78,7,5,474,88.57805907172995,492.80168776371306,64,473,114,507,216,63.05907172995781
78,7,6,2,124.0,501.5,124,501,124,502,216,188.5
78,7,7,11,110.27272727272727,501.0,109,499,112,503,199,118.18181818181819
78,7,8,25,251.44,413.52,249,407,253,421,198,72.08
79,0,1,2,98.0,134.5,98,134,98,135,38,31.5
79,0,2,2,112.5,202.0,112,202,113,202,35,30.5
79,1,1,2,49.5,13.0,49,13,50,13,35,29.5
79,2,1,71954,126.6282347055063,233.48332267837785,0,0,253,507,254,101.49284264947049
79,2,2,646,227.80340557275542,477.8219814241486,204,450,253,505,219,71.53715170278637
79,2,3,337,19.818991097922847,468.17210682492583,0,445,35,490,219,69.78635014836796
79,2,4,102,237.51960784313727,270.578431372549,225,262,252,282,219,76.41176470588235
79,2,5,78,108.93589743589743,435.1923076923077,103,430,121,443,219,98.53846153846153
79,2,6,53,227.11320754716982,8.320754716981131,221,0,233,15,219,77.26415094339623
79,2,7,45,66.66666666666667,221.95555555555555,61,217,73,226,219,95.66666666666667
79,2,8,42,60.5,245.71428571428572,53,242,69,251,219,76.85714285714286
79,3,1,71812,125.69467498468222,233.36705564529606,0,0,253,507,251,102.81731465493232
79,3,2,366,222.59016393442624,486.3879781420765,197,470,249,505,182,131.00819672131146
79,3,3,167,236.61676646706587,464.5808383233533,219,455,253,473,182,127.90419161676647
79,3,4,122,186.37704918032787,501.0983606557377,174,491,197,507,182,127.79508196721312
79,3,5,79,86.0886075949367,182.8227848101266,80,175,93,193,182,134.0506329113924
79,3,6,46,4.586956521739131,286.95652173913044,0,282,11,294,182,131.69565217391303
79,3,7,39,51.61538461538461,218.66666666666666,44,215,58,223,182,125.74358974358974
79,3,8,35,13.542857142857143,476.0,8,473,20,480,182,142.22857142857143
79,4,1,67954,125.42412514347942,234.48721193748713,0,0,253,507,252,74.30260176001413
79,4,2,3,8.666666666666666,324.0,8,323,9,325,216,132.33333333333334
79,4,3,3,7.333333333333333,79.33333333333333,7,79,8,80,197,112.66666666666667
79,4,4,2,190.5,476.0,190,476,191,476,182,109.0
79,4,5,2,154.5,474.5,154,474,155,475,181,106.5
79,4,6,12,151.5,424.9166666666667,148,423,155,427,144,67.08333333333333
79,4,7,8,57.125,173.625,56,172,59,175,128,52.0
79,4,8,4,49.25,151.25,48,151,50,152,128,100.5
79,5,1,71895,127.29248209193963,233.5026914249948,0,0,253,507,253,102.04188052020308
79,5,2,700,223.06285714285715,481.9614285714286,187,445,253,507,219,72.89571428571429
79,5,3,304,11.088815789473685,286.61842105263156,0,263,27,304,219,75.45394736842105
79,5,4,259,30.45945945945946,252.05791505791507,17,234,44,268,219,69.32432432432432
79,5,5,226,19.97787610619469,222.97345132743362,7,211,35,237,219,78.72566371681415
79,5,6,211,48.97156398104266,227.82938388625593,36,214,64,241,219,88.79620853080569
79,5,7,178,24.769662921348313,480.59550561797755,10,470,36,494,219,74.38202247191012
79,5,8,71,37.40845070422535,214.56338028169014,31,209,45,221,219,86.61971830985915
79,6,1,70002,126.99810005428417,231.7080654838433,0,0,253,507,253,102.57571212251078
79,6,2,8,20.0,403.875,18,403,22,405,224,114.875
79,6,3,3,24.0,403.0,24,402,24,404,223,117.66666666666667
79,6,4,2,184.5,470.0,184,470,185,470,215,125.5
79,6,5,3,238.0,53.0,237,53,239,53,209,154.33333333333334
79,6,6,303,237.11881188118812,468.3201320132013,225,449,253,497,182,130.66666666666666
79,6,7,249,28.40963855421687,457.93975903614455,7,448,45,473,182,128.2008032128514
79,6,8,203,218.20197044334975,483.25615763546796,201,469,229,497,182,129.2216748768473
79,7,1,63973,128.1247557563347,231.85107779844623,0,0,253,507,251,75.52304878620669
79,7,2,6,30.833333333333332,391.1666666666667,30,390,32,392,196,82.0
79,7,3,21,80.14285714285714,144.61904761904762,76,141,84,148,193,100.33333333333333
79,7,4,7,93.14285714285714,147.42857142857142,91,147,96,149,192,96.71428571428571
79,7,5,3,78.33333333333333,141.0,78,140,79,142,183,80.66666666666667
79,7,6,2,95.5,134.0,95,134,96,134,180,122.0
79,7,7,6,38.0,416.5,36,416,40,417,178,87.5
79,7,8,23,1.9130434782608696,418.17391304347825,0,413,4,423,177,70.8695652173913
80,2,1,69704,126.43208424193733,230.82072764834155,0,0,253,507,246,101.50750315620337
80,2,2,2,89.0,504.5,89,504,89,505,221,124.5
80,2,3,186,224.05913978494624,481.47849462365593,210,470,239,498,219,73.87096774193549
80,2,4,144,11.3125,290.8958333333333,0,278,24,303,219,81.61805555555556
80,2,5,119,37.46218487394958,452.56302521008405,25,442,47,461,219,67.95798319327731
80,2,6,117,248.2905982905983,181.71794871794873,240,172,253,198,219,66.2051282051282
80,2,7,103,236.39805825242718,461.49514563106794,223,455,248,468,219,71.14563106796116
80,2,8,88,167.38636363636363,485.7386363636364,158,478,176,494,219,79.0909090909091
80,3,1,68328,127.69586406743942,232.2160168598525,0,0,253,507,248,102.18377531904929
80,3,2,8,81.625,144.25,80,143,84,145,236,106.75
80,3,3,12,24.166666666666668,401.1666666666667,23,399,26,403,224,96.91666666666667
80,3,4,378,28.071428571428573,222.6904761904762,10,204,52,239,198,134.2962962962963
80,3,5,591,68.54314720812182,202.7072758037225,45,179,95,229,182,134.54314720812184
80,3,6,176,212.51704545454547,490.0511363636364,202,474,225,504,182,129.61363636363637
80,3,7,157,229.02547770700636,475.9872611464968,219,464,238,488,182,130.9936305732484
80,3,8,148,17.195945945945947,469.2567567567568,2,456,29,480,182,132.4189189189189
80,4,1,64026,128.0225064817418,228.66897822759503,0,0,253,507,251,74.56519226564208
80,4,2,18,3.0555555555555554,319.5,0,317,5,322,219,69.66666666666667
80,4,3,2,107.5,493.0,107,493,108,493,196,114.0
80,4,4,54,101.18518518518519,494.1296296296296,95,488,108,500,193,85.85185185185185
80,4,5,566,100.40636042402826,488.047703180212,65,470,133,507,192,51.2773851590106
80,4,6,11,85.0909090909091,128.36363636363637,83,127,87,130,192,86.36363636363636
80,4,7,2,194.5,124.0,194,124,195,124,192,160.0
80,4,8,5,80.8,143.8,80,143,82,145,187,76.4
80,5,1,69323,127.78890123047185,231.39967975996422,0,0,253,507,248,101.86733118878294
80,5,2,1057,54.67455061494797,210.05108798486282,11,180,93,239,219,90.8391674550615
80,5,3,269,239.66171003717471,465.68773234200745,228,445,253,485,219,72.75836431226766
80,5,4,156,10.371794871794872,457.5192307692308,0,443,20,472,219,69.43589743589743
80,5,5,132,189.0151515151515,501.6818181818182,172,493,204,507,219,66.1969696969697
80,5,6,108,136.4537037037037,435.48148148148147,125,425,144,448,219,68.0
80,5,7,105,88.0,471.96190476190475,75,463,100,480,219,88.66666666666667
80,5,8,100,209.01,494.61,199,484,217,507,219,71.24
80,6,1,64005,126.33553628622764,219.30821029607063,0,0,253,503,255,101.26058901648308
80,6,2,2588,125.7982998454405,471.8064142194745,66,425,183,507,228,109.86553323029366
80,6,3,5,128.6,417.0,128,416,129,418,227,151.8
80,6,4,22,86.86363636363636,142.86363636363637,84,138,89,147,223,123.31818181818181
80,6,5,3,158.0,241.33333333333334,157,241,159,242,208,152.0
80,6,6,7,241.85714285714286,153.71428571428572,241,153,243,155,202,140.57142857142858
80,6,7,12,175.41666666666666,248.91666666666666,172,247,178,251,194,109.0
80,6,8,9,22.22222222222222,211.11111111111111,20,209,24,213,188,140.88888888888889
80,7,1,62021,126.99646893794038,232.78465358507603,0,0,253,507,249,74.59773302591059
80,7,2,2,23.5,424.5,23,424,24,425,219,125.5
80,7,3,4,0.25,110.25,0,109,1,111,218,135.25
80,7,4,7,158.14285714285714,203.0,157,201,160,205,216,76.28571428571429
80,7,5,95,82.4,501.85263157894735,71,494,91,507,196,88.27368421052631
80,7,6,9,40.77777777777778,167.66666666666666,39,165,42,171,196,83.55555555555556
80,7,7,8,86.375,134.875,84,134,88,136,195,105.875
80,7,8,7,66.28571428571429,93.42857142857143,65,92,67,95,192,101.42857142857143
82,1,1,2,55.0,15.5,55,15,55,16,51,41.5
82,2,1,70767,125.27286729690393,232.81492786185652,0,0,253,507,251,101.15423855751975
82,2,2,38,4.157894736842105,317.1842105263158,0,312,8,324,232,89.57894736842105
82,2,3,25,3.4,119.52,0,117,7,122,221,100.72
82,2,4,275,239.40363636363637,462.4,224,440,253,484,219,70.90545454545455
82,2,5,141,140.84397163120568,209.93617021276594,128,202,151,222,219,91.57446808510639
82,2,6,120,218.98333333333332,496.09166666666664,205,482,232,507,219,81.19166666666666
82,2,7,60,140.8,195.83333333333334,133,190,150,200,219,87.16666666666667
82,2,8,56,16.607142857142858,269.9642857142857,7,262,24,280,219,73.35714285714286
82,3,1,69526,126.11946609901332,231.49049276529644,0,0,253,507,244,102.69230216034289
82,3,2,2,76.0,124.5,76,124,76,125,224,158.0
82,3,3,26,173.07692307692307,247.26923076923077,168,244,177,249,207,90.0
82,3,4,618,22.41747572815534,466.27831715210357,0,439,42,496,182,130.7831715210356
82,3,5,285,39.810526315789474,222.38245614035088,22,206,61,238,182,137.1859649122807
82,3,6,256,239.69921875,466.6171875,225,449,251,482,182,133.0390625
82,3,7,192,246.234375,205.88020833333334,237,188,253,225,182,128.875
82,3,8,159,224.58490566037736,484.62264150943395,214,472,238,501,182,134.11320754716982
82,4,1,65944,124.65211391483683,231.65830098265195,0,0,253,507,249,74.92003821424238
82,4,2,5,0.4,90.8,0,90,1,92,189,72.0
82,4,3,2,92.0,146.5,92,146,92,147,189,187.5
82,4,4,3,141.0,246.33333333333334,140,246,142,247,183,96.66666666666667
82,4,5,3,192.0,199.0,191,199,193,199,183,96.0
82,4,6,20,71.15,503.0,68,497,74,507,182,83.6
82,4,7,20,152.25,202.55,149,198,156,207,181,69.45
82,4,8,5,0.4,120.6,0,119,1,122,178,106.0
82,5,1,71802,125.29371048160219,232.87205091780174,0,0,253,507,246,101.65545527979722
82,5,2,271,214.7859778597786,489.3062730627306,201,473,231,507,219,72.56088560885608
82,5,3,232,21.07758620689655,234.67672413793105,0,211,36,256,219,74.95689655172414
82,5,4,123,243.71544715447155,415.7886178861789,232,407,253,427,219,86.72357723577235
82,5,5,104,7.125,287.7019230769231,0,276,16,299,219,71.02884615384616
82,5,6,103,186.8252427184466,502.41747572815535,170,494,204,507,219,69.75728155339806
82,5,7,102,170.65686274509804,170.57843137254903,159,164,181,179,219,69.63725490196079
82,5,8,58,220.8448275862069,460.98275862068965,214,456,228,467,219,73.87931034482759
82,6,1,68493,124.68277050209511,232.27158979749754,0,0,253,507,248,102.35407997897596
82,6,2,610,212.60163934426228,488.0983606557377,172,454,243,507,182,130.80983606557376
82,6,3,370,236.0054054054054,227.2891891891892,215,200,253,248,182,130.5837837837838
82,6,4,252,235.75396825396825,199.67857142857142,219,185,253,213,182,127.0952380952381
82,6,5,141,21.99290780141844,263.36879432624113,7,249,36,278,182,135.0212765957447
82,6,6,125,246.808,461.304,240,447,253,479,182,132.496
82,6,7,105,137.2,201.54285714285714,123,191,148,209,182,133.16190476190476
82,6,8,104,10.009615384615385,295.5192307692308,0,285,26,304,182,128.0
82,7,1,62901,125.96321203160522,232.0439102716968,0,0,253,507,237,75.07251077089394
82,7,2,5,186.2,69.0,185,68,187,70,219,97.2
82,7,3,2,76.5,141.0,76,141,77,141,219,162.0
82,7,4,3,151.33333333333334,245.0,151,244,152,246,215,149.0
82,7,5,15,38.86666666666667,11.533333333333333,37,9,42,14,192,85.73333333333333
82,7,6,2,161.5,388.0,161,388,162,388,189,157.5
82,7,7,3,7.0,129.33333333333334,6,129,8,130,181,83.0
82,7,8,2,114.5,250.5,114,250,115,251,180,121.0
