host_us,filename,lane,phase,led0,mean,std,bright_240,optical_dt_us,union_count
402862406282,camera-0001-event-0000-rel-p00-set-11-ts-23339611.vi,0,,,44.063054126108256,36.623003654450926,668,1204237.0,
402862406282,camera-0001-event-0000-rel-p00-set-11-ts-23339611.vi,1,,,23.42961435922872,24.09104736470807,120,1204237.0,
402862406282,camera-0001-event-0000-rel-p00-set-11-ts-23339611.vi,2,,,123.30671461342922,71.4108900439176,6442,1204237.0,
402862406282,camera-0001-event-0000-rel-p00-set-11-ts-23339611.vi,3,,,131.7768693037386,73.50885097826183,5996,1204237.0,
402862406282,camera-0001-event-0000-rel-p00-set-11-ts-23339611.vi,4,,,135.8028163556327,68.79924436801765,6843,1204237.0,
402862406282,camera-0001-event-0000-rel-p00-set-11-ts-23339611.vi,5,,,123.68327236654473,71.35602439998515,6534,1204237.0,
402862406282,camera-0001-event-0000-rel-p00-set-11-ts-23339611.vi,6,,,130.77976005952013,73.58157742915479,5914,1204237.0,
402862406282,camera-0001-event-0000-rel-p00-set-11-ts-23339611.vi,7,,,134.94034038068077,69.24973477774824,6926,1204237.0,
402862990387,camera-0002-event-0001-rel-m02-set-11-ts-23923227.vi,0,,,44.48305071610143,38.29763287906601,1407,620132.0,
402862990387,camera-0002-event-0001-rel-m02-set-11-ts-23923227.vi,1,,,23.53483631967264,25.45479061642404,226,620132.0,
402862990387,camera-0002-event-0001-rel-m02-set-11-ts-23923227.vi,2,,,123.05803211606423,71.79833932817179,6601,620132.0,
402862990387,camera-0002-event-0001-rel-m02-set-11-ts-23923227.vi,3,,,129.48367071734143,73.33047412278154,5653,620132.0,
402862990387,camera-0002-event-0001-rel-m02-set-11-ts-23923227.vi,4,,,135.70937441874884,68.62924752164837,6872,620132.0,
402862990387,camera-0002-event-0001-rel-m02-set-11-ts-23923227.vi,5,,,123.86854423708847,71.78197347677472,6769,620132.0,
402862990387,camera-0002-event-0001-rel-m02-set-11-ts-23923227.vi,6,,,129.49473773947548,73.50992970496027,5603,620132.0,
402862990387,camera-0002-event-0001-rel-m02-set-11-ts-23923227.vi,7,,,134.43421011842022,69.22747512791986,6822,620132.0,
402863006879,camera-0003-event-0001-rel-m01-set-11-ts-23939910.vi,0,,,44.515469030938064,38.14631771210258,1417,603640.0,
402863006879,camera-0003-event-0001-rel-m01-set-11-ts-23939910.vi,1,,,23.660526071052143,25.31403652191684,223,603640.0,
402863006879,camera-0003-event-0001-rel-m01-set-11-ts-23939910.vi,2,,,123.3982267964536,71.93505752441405,6632,603640.0,
402863006879,camera-0003-event-0001-rel-m01-set-11-ts-23939910.vi,3,,,129.73430621861243,73.39716634852994,5579,603640.0,
402863006879,camera-0003-event-0001-rel-m01-set-11-ts-23939910.vi,4,,,134.89370078740157,68.65820296510584,6534,603640.0,
402863006879,camera-0003-event-0001-rel-m01-set-11-ts-23939910.vi,5,,,123.30276210552421,71.80396063524849,6506,603640.0,
402863006879,camera-0003-event-0001-rel-m01-set-11-ts-23939910.vi,6,,,129.39734329468658,73.68794085837375,5634,603640.0,
402863006879,camera-0003-event-0001-rel-m01-set-11-ts-23939910.vi,7,,,134.27020429040857,69.14595186894736,6661,603640.0,
402863023804,camera-0004-event-0001-rel-p01-set-11-ts-23956506.vi,0,,,45.36796298592597,39.57901669140994,1998,586715.0,
402863023804,camera-0004-event-0001-rel-p01-set-11-ts-23956506.vi,1,,,23.953693657387316,26.693994345462627,245,586715.0,
402863023804,camera-0004-event-0001-rel-p01-set-11-ts-23956506.vi,2,,,125.74634199268398,71.8236974335841,7275,586715.0,
402863023804,camera-0004-event-0001-rel-p01-set-11-ts-23956506.vi,3,,,133.21702368404738,73.5931893043085,6873,586715.0,
402863023804,camera-0004-event-0001-rel-p01-set-11-ts-23956506.vi,4,,,137.53830832661666,69.60640580132338,7810,586715.0,
402863023804,camera-0004-event-0001-rel-p01-set-11-ts-23956506.vi,5,,,126.28822307644616,71.92303301425564,7438,586715.0,
402863023804,camera-0004-event-0001-rel-p01-set-11-ts-23956506.vi,6,,,132.47085219170438,73.81749501948785,6870,586715.0,
402863023804,camera-0004-event-0001-rel-p01-set-11-ts-23956506.vi,7,,,136.46975168950337,70.32474074377994,7809,586715.0,
402863040411,camera-0005-event-0001-rel-p02-set-11-ts-23973189.vi,0,,,44.54718209436419,38.291789190068705,1476,570108.0,
402863040411,camera-0005-event-0001-rel-p02-set-11-ts-23973189.vi,1,,,23.479237708475416,25.566062537575476,223,570108.0,
402863040411,camera-0005-event-0001-rel-p02-set-11-ts-23973189.vi,2,,,125.91341682683365,71.83740917583145,7278,570108.0,
402863040411,camera-0005-event-0001-rel-p02-set-11-ts-23973189.vi,3,,,133.16494357988717,73.52101274532674,6956,570108.0,
402863040411,camera-0005-event-0001-rel-p02-set-11-ts-23973189.vi,4,,,137.73194246388493,69.63587462372473,7787,570108.0,
402863040411,camera-0005-event-0001-rel-p02-set-11-ts-23973189.vi,5,,,125.92763810527622,71.67569287301353,7116,570108.0,
402863040411,camera-0005-event-0001-rel-p02-set-11-ts-23973189.vi,6,,,133.131293012586,73.57940145370821,6959,570108.0,
402863040411,camera-0005-event-0001-rel-p02-set-11-ts-23973189.vi,7,,,137.15622481244964,69.97890708243207,7794,570108.0,
402863056822,camera-0006-event-0001-rel-p03-set-11-ts-23989893.vi,0,,,44.64711079422159,38.36526903001258,1501,553697.0,
402863056822,camera-0006-event-0001-rel-p03-set-11-ts-23989893.vi,1,,,23.11979198958398,25.727292957968544,225,553697.0,
402863056822,camera-0006-event-0001-rel-p03-set-11-ts-23989893.vi,2,,,123.77093279186559,73.28884050165745,7060,553697.0,
402863056822,camera-0006-event-0001-rel-p03-set-11-ts-23989893.vi,3,,,131.38196726393454,73.45057256941094,6864,553697.0,
402863056822,camera-0006-event-0001-rel-p03-set-11-ts-23989893.vi,4,,,136.3036146072292,68.70904568701678,7690,553697.0,
402863056822,camera-0006-event-0001-rel-p03-set-11-ts-23989893.vi,5,,,124.30900861801723,73.34521911418152,7090,553697.0,
402863056822,camera-0006-event-0001-rel-p03-set-11-ts-23989893.vi,6,,,131.50992001984005,73.50076441655654,6847,553697.0,
402863056822,camera-0006-event-0001-rel-p03-set-11-ts-23989893.vi,7,,,135.88730702461405,68.91026275394199,7639,553697.0,
402863106969,camera-0007-event-0002-rel-m02-set-11-ts-24039860.vi,0,,,45.166532333064666,38.682646234865445,1716,503550.0,
402863106969,camera-0007-event-0002-rel-m02-set-11-ts-24039860.vi,1,,,23.978687457374914,26.032130696892494,232,503550.0,
402863106969,camera-0007-event-0002-rel-m02-set-11-ts-24039860.vi,2,,,122.68418686837374,72.771621520227,6578,503550.0,
402863106969,camera-0007-event-0002-rel-m02-set-11-ts-24039860.vi,3,,,130.29202058404115,73.46134576284109,6057,503550.0,
402863106969,camera-0007-event-0002-rel-m02-set-11-ts-24039860.vi,4,,,135.14344503689009,68.61130704436006,7003,503550.0,
402863106969,camera-0007-event-0002-rel-m02-set-11-ts-24039860.vi,5,,,122.8985057970116,72.67072396787862,6499,503550.0,
402863106969,camera-0007-event-0002-rel-m02-set-11-ts-24039860.vi,6,,,129.76798003596008,73.66654397596888,6041,503550.0,
402863106969,camera-0007-event-0002-rel-m02-set-11-ts-24039860.vi,7,,,134.33445966891935,68.89934756362923,7060,503550.0,
402863123778,camera-0008-event-0002-rel-m01-set-11-ts-24056505.vi,0,,,45.49708599417199,39.80458369733759,2132,486741.0,
402863123778,camera-0008-event-0002-rel-m01-set-11-ts-24056505.vi,1,,,24.205793911587822,26.962885693950966,246,486741.0,
402863123778,camera-0008-event-0002-rel-m01-set-11-ts-24056505.vi,2,,,124.65906906813814,71.49442048150672,6779,486741.0,
402863123778,camera-0008-event-0002-rel-m01-set-11-ts-24056505.vi,3,,,131.69106113212226,73.60787137565016,6148,486741.0,
402863123778,camera-0008-event-0002-rel-m01-set-11-ts-24056505.vi,4,,,135.97288269576538,68.96504026502731,7026,486741.0,
402863123778,camera-0008-event-0002-rel-m01-set-11-ts-24056505.vi,5,,,124.95484065968132,71.4918626632494,6839,486741.0,
402863123778,camera-0008-event-0002-rel-m01-set-11-ts-24056505.vi,6,,,131.43180761361523,73.69231088397966,6179,486741.0,
402863123778,camera-0008-event-0002-rel-m01-set-11-ts-24056505.vi,7,,,135.40972006944014,69.65940541962705,7344,486741.0,
402863140871,camera-0009-event-0002-rel-p01-set-11-ts-24073188.vi,0,,,44.64277853555707,38.54165338628647,1592,469648.0,
402863140871,camera-0009-event-0002-rel-p01-set-11-ts-24073188.vi,1,,,23.68007936015872,25.81550246207183,224,469648.0,
402863140871,camera-0009-event-0002-rel-p01-set-11-ts-24073188.vi,2,,,124.49499348998698,71.47707106043366,6672,469648.0,
402863140871,camera-0009-event-0002-rel-p01-set-11-ts-24073188.vi,3,,,131.69397513795028,73.16163824007586,6021,469648.0,
402863140871,camera-0009-event-0002-rel-p01-set-11-ts-24073188.vi,4,,,135.6250697501395,69.27726680353575,7175,469648.0,
402863140871,camera-0009-event-0002-rel-p01-set-11-ts-24073188.vi,5,,,124.89673879347758,71.34454498230926,6659,469648.0,
402863140871,camera-0009-event-0002-rel-p01-set-11-ts-24073188.vi,6,,,131.51608903217806,73.49894739269466,6133,469648.0,
402863140871,camera-0009-event-0002-rel-p01-set-11-ts-24073188.vi,7,,,135.20628216256432,69.37998827594352,7035,469648.0,
402863157211,camera-0010-event-0002-rel-p02-set-11-ts-24089993.vi,0,,,45.0492668485337,38.6858579163458,1721,453308.0,
402863157211,camera-0010-event-0002-rel-p02-set-11-ts-24089993.vi,1,,,23.586691673383346,25.90304093159442,227,453308.0,
402863157211,camera-0010-event-0002-rel-p02-set-11-ts-24089993.vi,2,,,123.23219046438093,73.12360998898201,6726,453308.0,
402863157211,camera-0010-event-0002-rel-p02-set-11-ts-24089993.vi,3,,,130.93875937751875,73.34718661416555,6461,453308.0,
402863157211,camera-0010-event-0002-rel-p02-set-11-ts-24089993.vi,4,,,135.33058466116933,68.6487866157311,7181,453308.0,
402863157211,camera-0010-event-0002-rel-p02-set-11-ts-24089993.vi,5,,,123.5993474486949,73.25482558605351,6807,453308.0,
402863157211,camera-0010-event-0002-rel-p02-set-11-ts-24089993.vi,6,,,130.56935488870977,73.58978646743296,6516,453308.0,
402863157211,camera-0010-event-0002-rel-p02-set-11-ts-24089993.vi,7,,,135.03878107756216,68.84856092017982,7277,453308.0,
402863173649,camera-0011-event-0002-rel-p03-set-11-ts-24106677.vi,0,,,45.659255068510134,39.898894699195296,2142,436870.0,
402863173649,camera-0011-event-0002-rel-p03-set-11-ts-24106677.vi,1,,,23.85254045508091,27.00400750645992,251,436870.0,
402863173649,camera-0011-event-0002-rel-p03-set-11-ts-24106677.vi,2,,,123.0242885485771,73.29233667376705,6778,436870.0,
402863173649,camera-0011-event-0002-rel-p03-set-11-ts-24106677.vi,3,,,130.65825531651063,73.56924474039698,6578,436870.0,
402863173649,camera-0011-event-0002-rel-p03-set-11-ts-24106677.vi,4,,,135.76742978485956,68.68150631903633,7449,436870.0,
402863173649,camera-0011-event-0002-rel-p03-set-11-ts-24106677.vi,5,,,123.83006541013081,73.05446711155487,6798,436870.0,
402863173649,camera-0011-event-0002-rel-p03-set-11-ts-24106677.vi,6,,,130.58222766445533,73.60763783598422,6487,436870.0,
402863173649,camera-0011-event-0002-rel-p03-set-11-ts-24106677.vi,7,,,134.86025947051894,69.03912240660596,7251,436870.0,
402863223731,camera-0012-event-0003-rel-m02-set-11-ts-24156818.vi,0,0,0,46.610770971541946,40.456647201628186,2377,386788.0,
402863223731,camera-0012-event-0003-rel-m02-set-11-ts-24156818.vi,1,0,0,23.95756866513733,27.510391045542292,264,386788.0,
402863223731,camera-0012-event-0003-rel-m02-set-11-ts-24156818.vi,2,0,0,124.75928451856903,72.44587139707447,6878,386788.0,
402863223731,camera-0012-event-0003-rel-m02-set-11-ts-24156818.vi,3,0,0,131.02794655589312,73.46624769287374,6236,386788.0,
402863223731,camera-0012-event-0003-rel-m02-set-11-ts-24156818.vi,4,0,0,135.00616901233803,68.55489738881734,7166,386788.0,
402863223731,camera-0012-event-0003-rel-m02-set-11-ts-24156818.vi,5,0,0,125.14053878107757,72.34227486539237,6725,386788.0,
402863223731,camera-0012-event-0003-rel-m02-set-11-ts-24156818.vi,6,0,0,130.43745737491474,73.56881066503438,6283,386788.0,
402863223731,camera-0012-event-0003-rel-m02-set-11-ts-24156818.vi,7,0,0,134.3310109120218,69.00779838828171,7148,386788.0,
402863240392,camera-0013-event-0003-rel-m01-set-11-ts-24173501.vi,0,0,0,45.461637423274844,39.14418522399111,1788,370127.0,
402863240392,camera-0013-event-0003-rel-m01-set-11-ts-24173501.vi,1,0,0,23.09526319052638,26.259069424108215,243,370127.0,
402863240392,camera-0013-event-0003-rel-m01-set-11-ts-24173501.vi,2,0,0,125.13782627565256,72.47402279385139,6797,370127.0,
402863240392,camera-0013-event-0003-rel-m01-set-11-ts-24173501.vi,3,0,0,131.41870233740468,73.37908154700828,6386,370127.0,
402863240392,camera-0013-event-0003-rel-m01-set-11-ts-24173501.vi,4,0,0,135.88557102114206,68.51395762623675,7183,370127.0,
402863240392,camera-0013-event-0003-rel-m01-set-11-ts-24173501.vi,5,0,0,125.58317316634633,72.50657863012242,6980,370127.0,
402863240392,camera-0013-event-0003-rel-m01-set-11-ts-24173501.vi,6,0,0,130.76901078802157,73.53806171999439,6325,370127.0,
402863240392,camera-0013-event-0003-rel-m01-set-11-ts-24173501.vi,7,0,0,134.46355942711887,69.0776782979754,7187,370127.0,
402863257338,camera-0014-event-0003-rel-p01-set-11-ts-24190197.vi,0,0,0,45.480818711637426,39.293228786835144,1948,353181.0,
402863257338,camera-0014-event-0003-rel-p01-set-11-ts-24190197.vi,1,0,0,23.06022537045074,26.438548478607892,242,353181.0,
402863257338,camera-0014-event-0003-rel-p01-set-11-ts-24190197.vi,2,0,0,124.73824322648645,72.09547889288694,6763,353181.0,
402863257338,camera-0014-event-0003-rel-p01-set-11-ts-24190197.vi,3,0,0,131.17121334242668,73.47707828848444,6211,353181.0,
402863257338,camera-0014-event-0003-rel-p01-set-11-ts-24190197.vi,4,0,0,136.06848688697377,68.6501552801837,7274,353181.0,
402863257338,camera-0014-event-0003-rel-p01-set-11-ts-24190197.vi,5,0,0,124.60374945749892,72.02444957522599,6814,353181.0,
402863257338,camera-0014-event-0003-rel-p01-set-11-ts-24190197.vi,6,0,0,131.18776737553475,73.36287579018618,6142,353181.0,
402863257338,camera-0014-event-0003-rel-p01-set-11-ts-24190197.vi,7,0,0,134.95191890383782,69.18708456004022,7429,353181.0,
402863273723,camera-0015-event-0003-rel-p02-set-11-ts-24206880.vi,0,0,0,46.38723727447455,40.274127645473314,2365,336796.0,
402863273723,camera-0015-event-0003-rel-p02-set-11-ts-24206880.vi,1,0,0,23.768119536239073,27.414210213608314,260,336796.0,
402863273723,camera-0015-event-0003-rel-p02-set-11-ts-24206880.vi,2,0,0,124.27166129332258,72.07585628972735,6691,336796.0,
402863273723,camera-0015-event-0003-rel-p02-set-11-ts-24206880.vi,3,0,0,131.29170283340568,73.32931399688495,6189,336796.0,
402863273723,camera-0015-event-0003-rel-p02-set-11-ts-24206880.vi,4,0,0,135.53553382106765,68.66586161151106,7144,336796.0,
402863273723,camera-0015-event-0003-rel-p02-set-11-ts-24206880.vi,5,0,0,125.20524366048733,72.17929776311301,6910,336796.0,
402863273723,camera-0015-event-0003-rel-p02-set-11-ts-24206880.vi,6,0,0,130.79770909541818,73.49310563205856,6206,336796.0,
402863273723,camera-0015-event-0003-rel-p02-set-11-ts-24206880.vi,7,0,0,135.00843201686402,68.9521553049698,7226,336796.0,
402863290616,camera-0016-event-0003-rel-p03-set-11-ts-24223406.vi,0,0,0,45.041780333560666,38.97658770346625,1798,319903.0,
402863290616,camera-0016-event-0003-rel-p03-set-11-ts-24223406.vi,1,0,0,23.36940448880898,26.136389107300925,237,319903.0,
402863290616,camera-0016-event-0003-rel-p03-set-11-ts-24223406.vi,2,0,0,123.71379192758386,73.20955670458264,6889,319903.0,
402863290616,camera-0016-event-0003-rel-p03-set-11-ts-24223406.vi,3,0,0,130.75593651187302,73.3004131641428,6600,319903.0,
402863290616,camera-0016-event-0003-rel-p03-set-11-ts-24223406.vi,4,0,0,136.28618482236965,68.78097158593613,7675,319903.0,
402863290616,camera-0016-event-0003-rel-p03-set-11-ts-24223406.vi,5,0,0,124.03558807117614,73.27889450984154,6984,319903.0,
402863290616,camera-0016-event-0003-rel-p03-set-11-ts-24223406.vi,6,0,0,130.61445222890447,73.48229587124446,6745,319903.0,
402863290616,camera-0016-event-0003-rel-p03-set-11-ts-24223406.vi,7,0,0,135.66337807675615,69.16542166334655,7618,319903.0,
402863407219,camera-0017-event-0000-rel-p00-set-11-ts-24340683.vi,0,5,255,45.779085808171615,38.88042649769398,1870,203300.0,
402863407219,camera-0017-event-0000-rel-p00-set-11-ts-24340683.vi,1,5,255,22.211978423956847,25.89848048052682,235,203300.0,
402863407219,camera-0017-event-0000-rel-p00-set-11-ts-24340683.vi,2,5,255,124.44116188232377,72.16366262719237,6694,203300.0,
402863407219,camera-0017-event-0000-rel-p00-set-11-ts-24340683.vi,3,5,255,131.9777497054994,73.4872022457868,6452,203300.0,
402863407219,camera-0017-event-0000-rel-p00-set-11-ts-24340683.vi,4,5,255,136.01525203050406,68.69411300204955,7294,203300.0,
402863407219,camera-0017-event-0000-rel-p00-set-11-ts-24340683.vi,5,5,255,124.33459916919834,72.19637656941978,6686,203300.0,
402863407219,camera-0017-event-0000-rel-p00-set-11-ts-24340683.vi,6,5,255,131.0707421414843,73.65850839659424,6475,203300.0,
402863407219,camera-0017-event-0000-rel-p00-set-11-ts-24340683.vi,7,5,255,135.04409758819517,69.26659169562232,7325,203300.0,
402863591048,camera-0018-event-0004-rel-m02-set-11-ts-24524221.vi,0,5,255,45.05337435674871,37.10727096315297,1315,19471.0,0
402863591048,camera-0018-event-0004-rel-m02-set-11-ts-24524221.vi,1,5,255,21.637795275590552,24.25665379376361,181,19471.0,0
402863591048,camera-0018-event-0004-rel-m02-set-11-ts-24524221.vi,2,5,255,123.92113584227168,72.4559667259453,6835,19471.0,0
402863591048,camera-0018-event-0004-rel-m02-set-11-ts-24524221.vi,3,5,255,132.86727323454647,73.4155137543577,6673,19471.0,0
402863591048,camera-0018-event-0004-rel-m02-set-11-ts-24524221.vi,4,5,255,136.3509052018104,68.71960122521665,7681,19471.0,0
402863591048,camera-0018-event-0004-rel-m02-set-11-ts-24524221.vi,5,5,255,124.16324632649265,72.47521909249362,6676,19471.0,0
402863591048,camera-0018-event-0004-rel-m02-set-11-ts-24524221.vi,6,5,255,132.62885950771903,73.68743808776054,6672,19471.0,0
402863591048,camera-0018-event-0004-rel-m02-set-11-ts-24524221.vi,7,5,255,135.56028737057474,69.33726528175835,7628,19471.0,0
402863607388,camera-0019-event-0004-rel-m01-set-11-ts-24540904.vi,0,5,255,45.57746140492281,37.42795813889463,1426,3131.0,0
402863607388,camera-0019-event-0004-rel-m01-set-11-ts-24540904.vi,1,5,255,22.065340380680762,24.405090434375968,168,3131.0,0
402863607388,camera-0019-event-0004-rel-m01-set-11-ts-24540904.vi,2,5,255,123.74521049042099,72.57892272785324,6754,3131.0,0
402863607388,camera-0019-event-0004-rel-m01-set-11-ts-24540904.vi,3,5,255,132.71470642941287,73.41779858513645,6444,3131.0,0
402863607388,camera-0019-event-0004-rel-m01-set-11-ts-24540904.vi,4,5,255,135.74050623101246,68.71520551106187,7473,3131.0,0
402863607388,camera-0019-event-0004-rel-m01-set-11-ts-24540904.vi,5,5,255,124.18677537355074,72.60573683405222,6813,3131.0,0
402863607388,camera-0019-event-0004-rel-m01-set-11-ts-24540904.vi,6,5,255,132.46891468782937,73.64218866960164,6676,3131.0,0
402863607388,camera-0019-event-0004-rel-m01-set-11-ts-24540904.vi,7,5,255,135.7021514043028,69.02907255582379,7639,3131.0,0
402863591048,camera-0020-event-0005-rel-m02-set-11-ts-24524221.vi,0,5,255,45.05337435674871,37.10727096315297,1315,19471.0,0
402863591048,camera-0020-event-0005-rel-m02-set-11-ts-24524221.vi,1,5,255,21.637795275590552,24.25665379376361,181,19471.0,0
402863591048,camera-0020-event-0005-rel-m02-set-11-ts-24524221.vi,2,5,255,123.92113584227168,72.4559667259453,6835,19471.0,0
402863591048,camera-0020-event-0005-rel-m02-set-11-ts-24524221.vi,3,5,255,132.86727323454647,73.4155137543577,6673,19471.0,0
402863591048,camera-0020-event-0005-rel-m02-set-11-ts-24524221.vi,4,5,255,136.3509052018104,68.71960122521665,7681,19471.0,0
402863591048,camera-0020-event-0005-rel-m02-set-11-ts-24524221.vi,5,5,255,124.16324632649265,72.47521909249362,6676,19471.0,0
402863591048,camera-0020-event-0005-rel-m02-set-11-ts-24524221.vi,6,5,255,132.62885950771903,73.68743808776054,6672,19471.0,0
402863591048,camera-0020-event-0005-rel-m02-set-11-ts-24524221.vi,7,5,255,135.56028737057474,69.33726528175835,7628,19471.0,0
402863607388,camera-0021-event-0005-rel-m01-set-11-ts-24540904.vi,0,5,255,45.57746140492281,37.42795813889463,1426,3131.0,0
402863607388,camera-0021-event-0005-rel-m01-set-11-ts-24540904.vi,1,5,255,22.065340380680762,24.405090434375968,168,3131.0,0
402863607388,camera-0021-event-0005-rel-m01-set-11-ts-24540904.vi,2,5,255,123.74521049042099,72.57892272785324,6754,3131.0,0
402863607388,camera-0021-event-0005-rel-m01-set-11-ts-24540904.vi,3,5,255,132.71470642941287,73.41779858513645,6444,3131.0,0
402863607388,camera-0021-event-0005-rel-m01-set-11-ts-24540904.vi,4,5,255,135.74050623101246,68.71520551106187,7473,3131.0,0
402863607388,camera-0021-event-0005-rel-m01-set-11-ts-24540904.vi,5,5,255,124.18677537355074,72.60573683405222,6813,3131.0,0
402863607388,camera-0021-event-0005-rel-m01-set-11-ts-24540904.vi,6,5,255,132.46891468782937,73.64218866960164,6676,3131.0,0
402863607388,camera-0021-event-0005-rel-m01-set-11-ts-24540904.vi,7,5,255,135.7021514043028,69.02907255582379,7639,3131.0,0
402863624844,camera-0022-event-0004-rel-p01-set-11-ts-24557272.vi,0,0,255,45.41389732779466,38.432258955488464,1861,2552.0,0
402863624844,camera-0022-event-0004-rel-p01-set-11-ts-24557272.vi,1,0,255,22.888810527621054,25.76565076634932,230,2552.0,0
402863624844,camera-0022-event-0004-rel-p01-set-11-ts-24557272.vi,2,0,255,123.63678002356005,71.94431505498895,6503,2552.0,0
402863624844,camera-0022-event-0004-rel-p01-set-11-ts-24557272.vi,3,0,255,130.78182156364312,73.27369583850754,6125,2552.0,0
402863624844,camera-0022-event-0004-rel-p01-set-11-ts-24557272.vi,4,0,255,136.374131998264,68.71793830644161,7339,2552.0,0
402863624844,camera-0022-event-0004-rel-p01-set-11-ts-24557272.vi,5,0,255,124.20871566743133,71.8812999044247,6626,2552.0,0
402863624844,camera-0022-event-0004-rel-p01-set-11-ts-24557272.vi,6,0,255,130.23917322834646,73.58766713125752,5855,2552.0,0
402863624844,camera-0022-event-0004-rel-p01-set-11-ts-24557272.vi,7,0,255,135.45994016988033,69.11186822546385,7214,2552.0,0
402863624844,camera-0023-event-0005-rel-p01-set-11-ts-24557272.vi,0,0,255,45.41389732779466,38.432258955488464,1861,2552.0,0
402863624844,camera-0023-event-0005-rel-p01-set-11-ts-24557272.vi,1,0,255,22.888810527621054,25.76565076634932,230,2552.0,0
402863624844,camera-0023-event-0005-rel-p01-set-11-ts-24557272.vi,2,0,255,123.63678002356005,71.94431505498895,6503,2552.0,0
402863624844,camera-0023-event-0005-rel-p01-set-11-ts-24557272.vi,3,0,255,130.78182156364312,73.27369583850754,6125,2552.0,0
402863624844,camera-0023-event-0005-rel-p01-set-11-ts-24557272.vi,4,0,255,136.374131998264,68.71793830644161,7339,2552.0,0
402863624844,camera-0023-event-0005-rel-p01-set-11-ts-24557272.vi,5,0,255,124.20871566743133,71.8812999044247,6626,2552.0,0
402863624844,camera-0023-event-0005-rel-p01-set-11-ts-24557272.vi,6,0,255,130.23917322834646,73.58766713125752,5855,2552.0,0
402863624844,camera-0023-event-0005-rel-p01-set-11-ts-24557272.vi,7,0,255,135.45994016988033,69.11186822546385,7214,2552.0,0
402863640955,camera-0024-event-0004-rel-p02-set-11-ts-24573955.vi,0,0,255,44.3246171492343,36.730589318571504,1289,3203.0,0
402863640955,camera-0024-event-0004-rel-p02-set-11-ts-24573955.vi,1,0,255,22.28429381858764,24.390807946014895,189,3203.0,0
402863640955,camera-0024-event-0004-rel-p02-set-11-ts-24573955.vi,2,0,255,123.26877053754107,71.88599414861656,6376,3203.0,0
402863640955,camera-0024-event-0004-rel-p02-set-11-ts-24573955.vi,3,0,255,130.66712908425816,73.18869597209323,5900,3203.0,0
402863640955,camera-0024-event-0004-rel-p02-set-11-ts-24573955.vi,4,0,255,136.07101339202677,68.44122380013722,7163,3203.0,0
402863640955,camera-0024-event-0004-rel-p02-set-11-ts-24573955.vi,5,0,255,123.07746140492281,71.81386099461587,6347,3203.0,0
402863640955,camera-0024-event-0004-rel-p02-set-11-ts-24573955.vi,6,0,255,130.73465496930993,73.26946135999253,5887,3203.0,0
402863640955,camera-0024-event-0004-rel-p02-set-11-ts-24573955.vi,7,0,255,135.58279341558682,68.77236707821676,7197,3203.0,0
402863640955,camera-0025-event-0005-rel-p02-set-11-ts-24573955.vi,0,0,255,44.3246171492343,36.730589318571504,1289,3203.0,0
402863640955,camera-0025-event-0005-rel-p02-set-11-ts-24573955.vi,1,0,255,22.28429381858764,24.390807946014895,189,3203.0,0
402863640955,camera-0025-event-0005-rel-p02-set-11-ts-24573955.vi,2,0,255,123.26877053754107,71.88599414861656,6376,3203.0,0
402863640955,camera-0025-event-0005-rel-p02-set-11-ts-24573955.vi,3,0,255,130.66712908425816,73.18869597209323,5900,3203.0,0
402863640955,camera-0025-event-0005-rel-p02-set-11-ts-24573955.vi,4,0,255,136.07101339202677,68.44122380013722,7163,3203.0,0
402863640955,camera-0025-event-0005-rel-p02-set-11-ts-24573955.vi,5,0,255,123.07746140492281,71.81386099461587,6347,3203.0,0
402863640955,camera-0025-event-0005-rel-p02-set-11-ts-24573955.vi,6,0,255,130.73465496930993,73.26946135999253,5887,3203.0,0
402863640955,camera-0025-event-0005-rel-p02-set-11-ts-24573955.vi,7,0,255,135.58279341558682,68.77236707821676,7197,3203.0,0
402863657498,camera-0026-event-0004-rel-p03-set-11-ts-24590507.vi,0,0,255,44.68138911277823,37.44321144805473,1468,3156.0,0
402863657498,camera-0026-event-0004-rel-p03-set-11-ts-24590507.vi,1,0,255,23.198865397730795,24.918605970369356,181,3156.0,0
402863657498,camera-0026-event-0004-rel-p03-set-11-ts-24590507.vi,2,0,255,124.3988467976936,72.68365951421852,6830,3156.0,0
402863657498,camera-0026-event-0004-rel-p03-set-11-ts-24590507.vi,3,0,255,133.17636710273422,73.43476154237644,6818,3156.0,0
402863657498,camera-0026-event-0004-rel-p03-set-11-ts-24590507.vi,4,0,255,136.94514539029078,68.72325477776286,7713,3156.0,0
402863657498,camera-0026-event-0004-rel-p03-set-11-ts-24590507.vi,5,0,255,124.57023064046128,72.7218432494665,6908,3156.0,0
402863657498,camera-0026-event-0004-rel-p03-set-11-ts-24590507.vi,6,0,255,132.30888461776922,73.68617439037202,6733,3156.0,0
402863657498,camera-0026-event-0004-rel-p03-set-11-ts-24590507.vi,7,0,255,136.16500558001115,68.77688945775365,7426,3156.0,0
402863657498,camera-0027-event-0005-rel-p03-set-11-ts-24590507.vi,0,0,255,44.68138911277823,37.44321144805473,1468,3156.0,0
402863657498,camera-0027-event-0005-rel-p03-set-11-ts-24590507.vi,1,0,255,23.198865397730795,24.918605970369356,181,3156.0,0
402863657498,camera-0027-event-0005-rel-p03-set-11-ts-24590507.vi,2,0,255,124.3988467976936,72.68365951421852,6830,3156.0,0
402863657498,camera-0027-event-0005-rel-p03-set-11-ts-24590507.vi,3,0,255,133.17636710273422,73.43476154237644,6818,3156.0,0
402863657498,camera-0027-event-0005-rel-p03-set-11-ts-24590507.vi,4,0,255,136.94514539029078,68.72325477776286,7713,3156.0,0
402863657498,camera-0027-event-0005-rel-p03-set-11-ts-24590507.vi,5,0,255,124.57023064046128,72.7218432494665,6908,3156.0,0
402863657498,camera-0027-event-0005-rel-p03-set-11-ts-24590507.vi,6,0,255,132.30888461776922,73.68617439037202,6733,3156.0,0
402863657498,camera-0027-event-0005-rel-p03-set-11-ts-24590507.vi,7,0,255,136.16500558001115,68.77688945775365,7426,3156.0,0
402864408363,camera-0028-event-0000-rel-p00-set-11-ts-25342686.vi,0,1,255,37.67883160766321,21.08116984779323,223,107556.0,
402864408363,camera-0028-event-0000-rel-p00-set-11-ts-25342686.vi,1,1,255,21.053343356686714,12.488035639925789,46,107556.0,
402864408363,camera-0028-event-0000-rel-p00-set-11-ts-25342686.vi,2,1,255,120.92884710769421,72.12726869715657,6297,107556.0,
402864408363,camera-0028-event-0000-rel-p00-set-11-ts-25342686.vi,3,1,255,127.07449314898629,73.46584011458101,5698,107556.0,
402864408363,camera-0028-event-0000-rel-p00-set-11-ts-25342686.vi,4,1,255,134.7018414036828,68.9447314439706,6549,107556.0,
402864408363,camera-0028-event-0000-rel-p00-set-11-ts-25342686.vi,5,1,255,121.05429660859322,71.98018379858384,6250,107556.0,
402864408363,camera-0028-event-0000-rel-p00-set-11-ts-25342686.vi,6,1,255,127.02777605555211,73.66741498972489,5702,107556.0,
402864408363,camera-0028-event-0000-rel-p00-set-11-ts-25342686.vi,7,1,255,133.82759315518632,69.59606828812065,6588,107556.0,
402865409128,camera-0029-event-0000-rel-p00-set-11-ts-26342793.vi,0,1,255,37.49763624527249,31.474547926968057,755,2552.0,0
402865409128,camera-0029-event-0000-rel-p00-set-11-ts-26342793.vi,1,1,255,22.676312852625706,21.01332116680998,260,2552.0,0
402865409128,camera-0029-event-0000-rel-p00-set-11-ts-26342793.vi,2,1,255,122.01901853803707,72.37597562285174,6732,2552.0,0
402865409128,camera-0029-event-0000-rel-p00-set-11-ts-26342793.vi,3,1,255,129.08983817967635,73.61883349104971,6087,2552.0,0
402865409128,camera-0029-event-0000-rel-p00-set-11-ts-26342793.vi,4,1,255,135.16132432264865,69.84291115839497,7204,2552.0,0
402865409128,camera-0029-event-0000-rel-p00-set-11-ts-26342793.vi,5,1,255,122.73351571703144,72.15343857888102,6737,2552.0,0
402865409128,camera-0029-event-0000-rel-p00-set-11-ts-26342793.vi,6,1,255,128.89549879099758,73.75246264614255,6219,2552.0,0
402865409128,camera-0029-event-0000-rel-p00-set-11-ts-26342793.vi,7,1,255,134.23101246202492,70.14109054893778,7088,2552.0,0
402866410397,camera-0030-event-0000-rel-p00-set-11-ts-27345043.vi,0,1,255,32.041160332320665,28.85121225122661,1023,2568.0,0
402866410397,camera-0030-event-0000-rel-p00-set-11-ts-27345043.vi,1,1,255,21.915129580259162,20.020622928044567,419,2568.0,0
402866410397,camera-0030-event-0000-rel-p00-set-11-ts-27345043.vi,2,1,255,115.82998790997581,71.6697733762978,4725,2568.0,0
402866410397,camera-0030-event-0000-rel-p00-set-11-ts-27345043.vi,3,1,255,123.16244807489615,73.79189017373015,4546,2568.0,0
402866410397,camera-0030-event-0000-rel-p00-set-11-ts-27345043.vi,4,1,255,127.31310062620125,68.80615212513396,5098,2568.0,0
402866410397,camera-0030-event-0000-rel-p00-set-11-ts-27345043.vi,5,1,255,116.00153450306901,71.87905370024029,4891,2568.0,0
402866410397,camera-0030-event-0000-rel-p00-set-11-ts-27345043.vi,6,1,255,122.98145421290843,73.85149624680237,4525,2568.0,0
402866410397,camera-0030-event-0000-rel-p00-set-11-ts-27345043.vi,7,1,255,125.08926467852936,69.40301274360833,4792,2568.0,0
402867411142,camera-0031-event-0000-rel-p00-set-11-ts-28344178.vi,0,1,255,34.21263717527435,33.78439373501677,1571,2572.0,0
402867411142,camera-0031-event-0000-rel-p00-set-11-ts-28344178.vi,1,1,255,24.36512648025296,25.690560001288393,770,2572.0,0
402867411142,camera-0031-event-0000-rel-p00-set-11-ts-28344178.vi,2,1,255,119.28309256618513,71.98459504521159,4618,2572.0,0
402867411142,camera-0031-event-0000-rel-p00-set-11-ts-28344178.vi,3,1,255,126.89101928203857,73.4294228118888,4505,2572.0,0
402867411142,camera-0031-event-0000-rel-p00-set-11-ts-28344178.vi,4,1,255,125.51837528675057,69.25959961358272,4988,2572.0,0
402867411142,camera-0031-event-0000-rel-p00-set-11-ts-28344178.vi,5,1,255,119.88533852067704,71.91860318507598,4799,2572.0,0
402867411142,camera-0031-event-0000-rel-p00-set-11-ts-28344178.vi,6,1,255,126.2476827453655,73.57907254029622,4407,2572.0,0
402867411142,camera-0031-event-0000-rel-p00-set-11-ts-28344178.vi,7,1,255,123.23555397110795,69.69520092359107,4766,2572.0,0
402868412333,camera-0032-event-0000-rel-p00-set-11-ts-29345046.vi,0,1,255,35.01612003224007,34.97315388820496,1676,2424.0,0
402868412333,camera-0032-event-0000-rel-p00-set-11-ts-29345046.vi,1,1,255,24.668400086800172,26.839566887194437,831,2424.0,0
402868412333,camera-0032-event-0000-rel-p00-set-11-ts-29345046.vi,2,1,255,116.96900768801538,72.30889041383351,4673,2424.0,0
402868412333,camera-0032-event-0000-rel-p00-set-11-ts-29345046.vi,3,1,255,125.54537634075268,73.65147956472227,4590,2424.0,0
402868412333,camera-0032-event-0000-rel-p00-set-11-ts-29345046.vi,4,1,255,126.44564139128278,68.86844211155211,4971,2424.0,0
402868412333,camera-0032-event-0000-rel-p00-set-11-ts-29345046.vi,5,1,255,117.64307303614608,72.35764717986261,4952,2424.0,0
402868412333,camera-0032-event-0000-rel-p00-set-11-ts-29345046.vi,6,1,255,125.53737832475665,73.73112354983337,4506,2424.0,0
402868412333,camera-0032-event-0000-rel-p00-set-11-ts-29345046.vi,7,1,255,124.63474176948354,69.60907584890599,4796,2424.0,0
402869413299,camera-0033-event-0000-rel-p00-set-11-ts-30346064.vi,0,1,255,36.042741335482674,36.30810172658985,1742,2432.0,0
402869413299,camera-0033-event-0000-rel-p00-set-11-ts-30346064.vi,1,1,255,24.856144212288424,27.126288775370956,800,2432.0,0
402869413299,camera-0033-event-0000-rel-p00-set-11-ts-30346064.vi,2,1,255,117.04753084506169,72.1338457775315,5252,2432.0,0
402869413299,camera-0033-event-0000-rel-p00-set-11-ts-30346064.vi,3,1,255,125.37256649513299,73.96857605385412,4926,2432.0,0
402869413299,camera-0033-event-0000-rel-p00-set-11-ts-30346064.vi,4,1,255,128.55558311116621,69.41584551198054,5678,2432.0,0
402869413299,camera-0033-event-0000-rel-p00-set-11-ts-30346064.vi,5,1,255,118.13112251224503,72.13489110379386,5285,2432.0,0
402869413299,camera-0033-event-0000-rel-p00-set-11-ts-30346064.vi,6,1,255,125.5737723975448,73.96306058238062,4918,2432.0,0
402869413299,camera-0033-event-0000-rel-p00-set-11-ts-30346064.vi,7,1,255,126.4738669477339,69.8893953981584,5340,2432.0,0
402870414051,camera-0034-event-0000-rel-p00-set-11-ts-31347015.vi,0,1,255,36.785572571145146,36.862406475211785,1778,2674.0,0
402870414051,camera-0034-event-0000-rel-p00-set-11-ts-31347015.vi,1,1,255,25.29290408580817,27.64425889363291,811,2674.0,0
402870414051,camera-0034-event-0000-rel-p00-set-11-ts-31347015.vi,2,1,255,119.26747628495256,72.0741375299953,5408,2674.0,0
402870414051,camera-0034-event-0000-rel-p00-set-11-ts-31347015.vi,3,1,255,126.31806063612127,73.64988361664118,4854,2674.0,0
402870414051,camera-0034-event-0000-rel-p00-set-11-ts-31347015.vi,4,1,255,128.93427211854424,69.15476640021042,5415,2674.0,0
402870414051,camera-0034-event-0000-rel-p00-set-11-ts-31347015.vi,5,1,255,120.28878882757766,72.24433230999486,5534,2674.0,0
402870414051,camera-0034-event-0000-rel-p00-set-11-ts-31347015.vi,6,1,255,126.3525792051584,73.7888005711361,4970,2674.0,0
402870414051,camera-0034-event-0000-rel-p00-set-11-ts-31347015.vi,7,1,255,126.62844875689751,70.08907587068731,5228,2674.0,0
402871415260,camera-0035-event-0000-rel-p00-set-11-ts-32348029.vi,0,1,255,36.65546531093062,37.19838147049686,1833,2430.0,0
402871415260,camera-0035-event-0000-rel-p00-set-11-ts-32348029.vi,1,1,255,25.206266662533324,27.958638231679362,833,2430.0,0
402871415260,camera-0035-event-0000-rel-p00-set-11-ts-32348029.vi,2,1,255,119.04662409324818,72.0031174574832,5326,2430.0,0
402871415260,camera-0035-event-0000-rel-p00-set-11-ts-32348029.vi,3,1,255,126.70504991009982,73.63212249417631,4916,2430.0,0
402871415260,camera-0035-event-0000-rel-p00-set-11-ts-32348029.vi,4,1,255,129.19486638973277,69.71741064254174,5679,2430.0,0
402871415260,camera-0035-event-0000-rel-p00-set-11-ts-32348029.vi,5,1,255,119.68841837683675,71.96337655392084,5424,2430.0,0
402871415260,camera-0035-event-0000-rel-p00-set-11-ts-32348029.vi,6,1,255,127.0022242544485,73.82406618974736,5192,2430.0,0
402871415260,camera-0035-event-0000-rel-p00-set-11-ts-32348029.vi,7,1,255,127.29546159092318,70.27540593186383,5432,2430.0,0
402872415988,camera-0036-event-0000-rel-p00-set-11-ts-33349003.vi,0,1,255,36.53409231818463,37.195248348265736,1853,2662.0,0
402872415988,camera-0036-event-0000-rel-p00-set-11-ts-33349003.vi,1,1,255,25.13734577469155,28.059984798666513,831,2662.0,0
402872415988,camera-0036-event-0000-rel-p00-set-11-ts-33349003.vi,2,1,255,117.87927800855601,72.15833430817503,5214,2662.0,0
402872415988,camera-0036-event-0000-rel-p00-set-11-ts-33349003.vi,3,1,255,125.13089776179552,73.57844329275294,4813,2662.0,0
402872415988,camera-0036-event-0000-rel-p00-set-11-ts-33349003.vi,4,1,255,129.24221898443798,69.64070221311476,5776,2662.0,0
402872415988,camera-0036-event-0000-rel-p00-set-11-ts-33349003.vi,5,1,255,118.6763516027032,72.14624094043008,5269,2662.0,0
402872415988,camera-0036-event-0000-rel-p00-set-11-ts-33349003.vi,6,1,255,125.56151962303925,73.91978919825205,4986,2662.0,0
402872415988,camera-0036-event-0000-rel-p00-set-11-ts-33349003.vi,7,1,255,127.27731880463762,70.01101875254994,5431,2662.0,0
402873417180,camera-0037-event-0000-rel-p00-set-11-ts-34349984.vi,0,1,255,36.62782875565751,37.16631121070916,1875,2931.0,0
402873417180,camera-0037-event-0000-rel-p00-set-11-ts-34349984.vi,1,1,255,24.98510447020894,28.049091698782803,858,2931.0,0
402873417180,camera-0037-event-0000-rel-p00-set-11-ts-34349984.vi,2,1,255,118.18215636431273,71.84518774133244,5280,2931.0,0
402873417180,camera-0037-event-0000-rel-p00-set-11-ts-34349984.vi,3,1,255,126.16330057660116,73.91640678493104,5059,2931.0,0
402873417180,camera-0037-event-0000-rel-p00-set-11-ts-34349984.vi,4,1,255,130.0514446028892,69.50344819803367,5822,2931.0,0
402873417180,camera-0037-event-0000-rel-p00-set-11-ts-34349984.vi,5,1,255,118.68979012958026,71.86677335838155,5507,2931.0,0
402873417180,camera-0037-event-0000-rel-p00-set-11-ts-34349984.vi,6,1,255,126.13037076074153,74.06023881163686,5097,2931.0,0
402873417180,camera-0037-event-0000-rel-p00-set-11-ts-34349984.vi,7,1,255,128.51849928699858,70.10519063345147,5641,2931.0,0
402874418174,camera-0038-event-0000-rel-p00-set-11-ts-35351023.vi,0,1,255,35.96890693781388,34.53482483713607,1379,3234.0,0
402874418174,camera-0038-event-0000-rel-p00-set-11-ts-35351023.vi,1,1,255,24.21490792981586,26.57336371183353,769,3234.0,0
402874418174,camera-0038-event-0000-rel-p00-set-11-ts-35351023.vi,2,1,255,119.5976269452539,72.42323186138304,5691,3234.0,0
402874418174,camera-0038-event-0000-rel-p00-set-11-ts-35351023.vi,3,1,255,125.9769979539959,74.06430251780377,5411,3234.0,0
402874418174,camera-0038-event-0000-rel-p00-set-11-ts-35351023.vi,4,1,255,130.31036487072973,69.62574214381925,6106,3234.0,0
402874418174,camera-0038-event-0000-rel-p00-set-11-ts-35351023.vi,5,1,255,120.22689720379441,72.59930568765962,5763,3234.0,0
402874418174,camera-0038-event-0000-rel-p00-set-11-ts-35351023.vi,6,1,255,126.34339543679087,74.12053320954132,5542,3234.0,0
402874418174,camera-0038-event-0000-rel-p00-set-11-ts-35351023.vi,7,1,255,128.68472161944325,70.49373843275636,5977,3234.0,0
402875419301,camera-0039-event-0000-rel-p00-set-11-ts-36351908.vi,0,1,255,36.414207328414655,36.582581226626445,1761,2957.0,0
402875419301,camera-0039-event-0000-rel-p00-set-11-ts-36351908.vi,1,1,255,25.156651063302128,28.993669498861085,1058,2957.0,0
402875419301,camera-0039-event-0000-rel-p00-set-11-ts-36351908.vi,2,1,255,117.88190526381052,71.92360160385542,5406,2957.0,0
402875419301,camera-0039-event-0000-rel-p00-set-11-ts-36351908.vi,3,1,255,125.65555056110112,73.88950460240692,4931,2957.0,0
402875419301,camera-0039-event-0000-rel-p00-set-11-ts-36351908.vi,4,1,255,129.88877177754355,69.84570149015117,5711,2957.0,0
402875419301,camera-0039-event-0000-rel-p00-set-11-ts-36351908.vi,5,1,255,118.88709002418005,71.81124184152344,5433,2957.0,0
402875419301,camera-0039-event-0000-rel-p00-set-11-ts-36351908.vi,6,1,255,125.29302808605617,74.09129503357673,5147,2957.0,0
402875419301,camera-0039-event-0000-rel-p00-set-11-ts-36351908.vi,7,1,255,127.90609306218613,70.46884009240904,5552,2957.0,0
402876420472,camera-0040-event-0000-rel-p00-set-11-ts-37352928.vi,0,1,255,37.1254417508835,37.56450087625362,1830,3323.0,0
402876420472,camera-0040-event-0000-rel-p00-set-11-ts-37352928.vi,1,1,255,25.338257176514354,29.191465500976282,1031,3323.0,0
402876420472,camera-0040-event-0000-rel-p00-set-11-ts-37352928.vi,2,1,255,118.21176917353834,72.04170197302724,5254,3323.0,0
402876420472,camera-0040-event-0000-rel-p00-set-11-ts-37352928.vi,3,1,255,126.54042408084815,73.93897106627763,5237,3323.0,0
402876420472,camera-0040-event-0000-rel-p00-set-11-ts-37352928.vi,4,1,255,129.998821997644,69.48729292885189,5831,3323.0,0
402876420472,camera-0040-event-0000-rel-p00-set-11-ts-37352928.vi,5,1,255,119.10467945935892,72.12375584822951,5509,3323.0,0
402876420472,camera-0040-event-0000-rel-p00-set-11-ts-37352928.vi,6,1,255,126.39087978175957,74.12853609023661,5154,3323.0,0
402876420472,camera-0040-event-0000-rel-p00-set-11-ts-37352928.vi,7,1,255,128.02715605431212,70.20565759053116,5716,3323.0,0
402877421257,camera-0041-event-0000-rel-p00-set-11-ts-38353903.vi,0,1,255,36.89774629549259,37.279525570034814,1713,3140.0,0
402877421257,camera-0041-event-0000-rel-p00-set-11-ts-38353903.vi,1,1,255,24.916113832227666,27.758148401046775,792,3140.0,0
402877421257,camera-0041-event-0000-rel-p00-set-11-ts-38353903.vi,2,1,255,118.127743505487,72.10978877047634,5354,3140.0,0
402877421257,camera-0041-event-0000-rel-p00-set-11-ts-38353903.vi,3,1,255,126.39671554343109,74.22860818185204,5170,3140.0,0
402877421257,camera-0041-event-0000-rel-p00-set-11-ts-38353903.vi,4,1,255,130.5209095418191,69.31493902769792,5873,3140.0,0
402877421257,camera-0041-event-0000-rel-p00-set-11-ts-38353903.vi,5,1,255,118.7751565503131,72.09471989210802,5423,3140.0,0
402877421257,camera-0041-event-0000-rel-p00-set-11-ts-38353903.vi,6,1,255,126.3513237026474,74.19779284808774,5299,3140.0,0
402877421257,camera-0041-event-0000-rel-p00-set-11-ts-38353903.vi,7,1,255,128.5501581003162,70.03912019098127,5711,3140.0,0
402878422763,camera-0042-event-0000-rel-p00-set-11-ts-39354942.vi,0,1,255,36.66446307892616,37.06266006011047,1714,3424.0,0
402878422763,camera-0042-event-0000-rel-p00-set-11-ts-39354942.vi,1,1,255,24.812635625271252,27.639504383141503,780,3424.0,0
402878422763,camera-0042-event-0000-rel-p00-set-11-ts-39354942.vi,2,1,255,118.32996465992932,71.99009993526838,5284,3424.0,0
402878422763,camera-0042-event-0000-rel-p00-set-11-ts-39354942.vi,3,1,255,126.10886446772894,73.92344186489076,5210,3424.0,0
402878422763,camera-0042-event-0000-rel-p00-set-11-ts-39354942.vi,4,1,255,130.41738483476968,69.44000031736329,5883,3424.0,0
402878422763,camera-0042-event-0000-rel-p00-set-11-ts-39354942.vi,5,1,255,118.96092442184884,72.12676450280132,5545,3424.0,0
402878422763,camera-0042-event-0000-rel-p00-set-11-ts-39354942.vi,6,1,255,126.15303955607911,74.09382258312907,5295,3424.0,0
402878422763,camera-0042-event-0000-rel-p00-set-11-ts-39354942.vi,7,1,255,128.33360716721432,70.01008921438219,5671,3424.0,0
402879423556,camera-0043-event-0000-rel-p00-set-11-ts-40355898.vi,0,1,255,35.930567611135224,36.23978056013044,1661,3356.0,0
402879423556,camera-0043-event-0000-rel-p00-set-11-ts-40355898.vi,1,1,255,24.225788951577904,26.739783001798962,748,3356.0,0
402879423556,camera-0043-event-0000-rel-p00-set-11-ts-40355898.vi,2,1,255,117.78909107818215,71.98742936371347,5254,3356.0,0
402879423556,camera-0043-event-0000-rel-p00-set-11-ts-40355898.vi,3,1,255,125.83108066216133,73.74940761975394,5067,3356.0,0
402879423556,camera-0043-event-0000-rel-p00-set-11-ts-40355898.vi,4,1,255,129.6769173538347,69.3822423650578,5763,3356.0,0
402879423556,camera-0043-event-0000-rel-p00-set-11-ts-40355898.vi,5,1,255,118.64050003100006,71.89815955552315,5445,3356.0,0
402879423556,camera-0043-event-0000-rel-p00-set-11-ts-40355898.vi,6,1,255,125.85871721743443,73.976064207495,5058,3356.0,0
402879423556,camera-0043-event-0000-rel-p00-set-11-ts-40355898.vi,7,1,255,128.35591946183894,69.92477709144981,5494,3356.0,0
402880424532,camera-0044-event-0000-rel-p00-set-11-ts-41356888.vi,0,1,255,35.804188108376216,35.85572493404372,1654,3430.0,0
402880424532,camera-0044-event-0000-rel-p00-set-11-ts-41356888.vi,1,1,255,24.28064356128712,26.504996290863474,742,3430.0,0
402880424532,camera-0044-event-0000-rel-p00-set-11-ts-41356888.vi,2,1,255,117.44251038502077,72.20984381629604,5173,3430.0,0
402880424532,camera-0044-event-0000-rel-p00-set-11-ts-41356888.vi,3,1,255,124.49714799429599,74.11899509314024,4921,3430.0,0
402880424532,camera-0044-event-0000-rel-p00-set-11-ts-41356888.vi,4,1,255,128.43620187240376,69.42998693542457,5653,3430.0,0
402880424532,camera-0044-event-0000-rel-p00-set-11-ts-41356888.vi,5,1,255,118.21582243164487,72.26074427724562,5293,3430.0,0
402880424532,camera-0044-event-0000-rel-p00-set-11-ts-41356888.vi,6,1,255,124.61401822803646,74.26010637951224,5098,3430.0,0
402880424532,camera-0044-event-0000-rel-p00-set-11-ts-41356888.vi,7,1,255,126.56279837559676,70.10073380570041,5457,3430.0,0
402881425521,camera-0045-event-0000-rel-p00-set-11-ts-42357934.vi,0,1,255,36.156666563333125,36.246173694022346,1674,3453.0,0
402881425521,camera-0045-event-0000-rel-p00-set-11-ts-42357934.vi,1,1,255,24.402264554529108,26.76416110104036,758,3453.0,0
402881425521,camera-0045-event-0000-rel-p00-set-11-ts-42357934.vi,2,1,255,118.25668051336103,72.24891993696995,5318,3453.0,0
402881425521,camera-0045-event-0000-rel-p00-set-11-ts-42357934.vi,3,1,255,125.45523591047183,74.48595509889975,5132,3453.0,0
402881425521,camera-0045-event-0000-rel-p00-set-11-ts-42357934.vi,4,1,255,129.02931055862112,69.63680184328695,5882,3453.0,0
402881425521,camera-0045-event-0000-rel-p00-set-11-ts-42357934.vi,5,1,255,118.92367009734019,72.05334690961423,5401,3453.0,0
402881425521,camera-0045-event-0000-rel-p00-set-11-ts-42357934.vi,6,1,255,125.34084568169136,74.42442323218347,5130,3453.0,0
402881425521,camera-0045-event-0000-rel-p00-set-11-ts-42357934.vi,7,1,255,127.60807396614793,69.89691803076514,5576,3453.0,0
402882426291,camera-0046-event-0000-rel-p00-set-11-ts-43358857.vi,0,1,255,36.64732779465559,37.35128377045602,1874,3987.0,0
402882426291,camera-0046-event-0000-rel-p00-set-11-ts-43358857.vi,1,1,255,25.042710335420672,28.413321131373078,898,3987.0,0
402882426291,camera-0046-event-0000-rel-p00-set-11-ts-43358857.vi,2,1,255,118.17790160580321,71.89459147944663,5238,3987.0,0
402882426291,camera-0046-event-0000-rel-p00-set-11-ts-43358857.vi,3,1,255,126.23999472998946,73.9546306492674,5131,3987.0,0
402882426291,camera-0046-event-0000-rel-p00-set-11-ts-43358857.vi,4,1,255,129.80480035960073,69.4182259439607,5684,3987.0,0
402882426291,camera-0046-event-0000-rel-p00-set-11-ts-43358857.vi,5,1,255,118.252650505301,71.92833867274875,5336,3987.0,0
402882426291,camera-0046-event-0000-rel-p00-set-11-ts-43358857.vi,6,1,255,125.53740932481865,74.08683664298229,5016,3987.0,0
402882426291,camera-0046-event-0000-rel-p00-set-11-ts-43358857.vi,7,1,255,127.98222921445843,70.1861707649516,5553,3987.0,0
402883427503,camera-0047-event-0000-rel-p00-set-11-ts-44359798.vi,0,1,255,36.06740963481927,35.47575269121544,1478,3426.0,0
402883427503,camera-0047-event-0000-rel-p00-set-11-ts-44359798.vi,1,1,255,24.495613491226983,26.473318547771246,728,3426.0,0
402883427503,camera-0047-event-0000-rel-p00-set-11-ts-44359798.vi,2,1,255,118.30841961683923,71.83851569022615,5412,3426.0,0
402883427503,camera-0047-event-0000-rel-p00-set-11-ts-44359798.vi,3,1,255,126.36771498542997,73.88347590121855,5042,3426.0,0
402883427503,camera-0047-event-0000-rel-p00-set-11-ts-44359798.vi,4,1,255,130.0490033480067,69.58452965236037,5859,3426.0,0
402883427503,camera-0047-event-0000-rel-p00-set-11-ts-44359798.vi,5,1,255,119.05866761733523,71.67871280089577,5487,3426.0,0
402883427503,camera-0047-event-0000-rel-p00-set-11-ts-44359798.vi,6,1,255,126.2780550561101,73.99521253178044,5267,3426.0,0
402883427503,camera-0047-event-0000-rel-p00-set-11-ts-44359798.vi,7,1,255,128.50523901047802,69.98379762857031,5599,3426.0,0
402884428177,camera-0048-event-0000-rel-p00-set-11-ts-45360785.vi,0,1,255,36.25292175584351,35.87777982809876,1504,3968.0,0
402884428177,camera-0048-event-0000-rel-p00-set-11-ts-45360785.vi,1,1,255,24.50204600409201,26.744081369634895,743,3968.0,0
402884428177,camera-0048-event-0000-rel-p00-set-11-ts-45360785.vi,2,1,255,118.0503053506107,71.70567576931853,5375,3968.0,0
402884428177,camera-0048-event-0000-rel-p00-set-11-ts-45360785.vi,3,1,255,126.45635966271932,73.78297720599394,5261,3968.0,0
402884428177,camera-0048-event-0000-rel-p00-set-11-ts-45360785.vi,4,1,255,130.41627658255317,69.57283826798385,5924,3968.0,0
402884428177,camera-0048-event-0000-rel-p00-set-11-ts-45360785.vi,5,1,255,118.7244946989894,71.79158898015434,5379,3968.0,0
402884428177,camera-0048-event-0000-rel-p00-set-11-ts-45360785.vi,6,1,255,126.04209808419617,73.95664383559591,5126,3968.0,0
402884428177,camera-0048-event-0000-rel-p00-set-11-ts-45360785.vi,7,1,255,128.47271219542438,70.01727364525433,5512,3968.0,0
402885429197,camera-0049-event-0000-rel-p00-set-11-ts-46361779.vi,0,1,255,35.96297042594085,35.46995882503031,1492,3978.0,0
402885429197,camera-0049-event-0000-rel-p00-set-11-ts-46361779.vi,1,1,255,24.2248124496249,26.400111541343037,722,3978.0,0
402885429197,camera-0049-event-0000-rel-p00-set-11-ts-46361779.vi,2,1,255,118.67104284208568,71.77736160436632,5439,3978.0,0
402885429197,camera-0049-event-0000-rel-p00-set-11-ts-46361779.vi,3,1,255,126.53388306776614,73.99205904750603,5187,3978.0,0
402885429197,camera-0049-event-0000-rel-p00-set-11-ts-46361779.vi,4,1,255,130.6216442432885,69.52568308077876,6035,3978.0,0
402885429197,camera-0049-event-0000-rel-p00-set-11-ts-46361779.vi,5,1,255,119.04364033728068,71.96373345534982,5461,3978.0,0
402885429197,camera-0049-event-0000-rel-p00-set-11-ts-46361779.vi,6,1,255,125.99691549383098,74.07754847760701,5189,3978.0,0
402885429197,camera-0049-event-0000-rel-p00-set-11-ts-46361779.vi,7,1,255,128.46417942835885,69.90154245322837,5640,3978.0,0
402886430338,camera-0050-event-0000-rel-p00-set-11-ts-47362789.vi,0,1,255,35.865738731477464,36.47130538875816,1762,4339.0,0
402886430338,camera-0050-event-0000-rel-p00-set-11-ts-47362789.vi,1,1,255,24.517127534255067,27.63955539689816,827,4339.0,0
402886430338,camera-0050-event-0000-rel-p00-set-11-ts-47362789.vi,2,1,255,117.51771653543307,71.83375200976805,5204,4339.0,0
402886430338,camera-0050-event-0000-rel-p00-set-11-ts-47362789.vi,3,1,255,125.62687550375101,73.96046692281003,5024,4339.0,0
402886430338,camera-0050-event-0000-rel-p00-set-11-ts-47362789.vi,4,1,255,129.76973928947857,69.52003540298203,5796,4339.0,0
402886430338,camera-0050-event-0000-rel-p00-set-11-ts-47362789.vi,5,1,255,118.5487320974642,71.8392448244107,5277,4339.0,0
402886430338,camera-0050-event-0000-rel-p00-set-11-ts-47362789.vi,6,1,255,126.18992187984377,74.06102023548645,5115,4339.0,0
402886430338,camera-0050-event-0000-rel-p00-set-11-ts-47362789.vi,7,1,255,127.90923181846364,69.95687786117401,5483,4339.0,0
402887431210,camera-0051-event-0000-rel-p00-set-11-ts-48363803.vi,0,1,255,35.77869830739662,36.51655789264372,1779,3622.0,0
402887431210,camera-0051-event-0000-rel-p00-set-11-ts-48363803.vi,1,1,255,24.50920701841404,27.718407833987275,835,3622.0,0
402887431210,camera-0051-event-0000-rel-p00-set-11-ts-48363803.vi,2,1,255,117.55861336722674,72.01022448878295,5227,3622.0,0
402887431210,camera-0051-event-0000-rel-p00-set-11-ts-48363803.vi,3,1,255,124.68492311984625,73.77493890876062,4847,3622.0,0
402887431210,camera-0051-event-0000-rel-p00-set-11-ts-48363803.vi,4,1,255,129.4501906503813,69.65001766176066,5762,3622.0,0
402887431210,camera-0051-event-0000-rel-p00-set-11-ts-48363803.vi,5,1,255,117.9486251472503,71.98153905734243,5331,3622.0,0
402887431210,camera-0051-event-0000-rel-p00-set-11-ts-48363803.vi,6,1,255,124.5515221030442,73.8986656408881,4947,3622.0,0
402887431210,camera-0051-event-0000-rel-p00-set-11-ts-48363803.vi,7,1,255,127.52279279558559,70.41994674044639,5572,3622.0,0
402888432153,camera-0052-event-0000-rel-p00-set-11-ts-49364767.vi,0,1,255,36.743482236964475,37.34270195732533,1832,2951.0,0
402888432153,camera-0052-event-0000-rel-p00-set-11-ts-49364767.vi,1,1,255,24.948834397668794,28.4641947630201,889,2951.0,0
402888432153,camera-0052-event-0000-rel-p00-set-11-ts-49364767.vi,2,1,255,118.19768739537479,72.51950664427854,5390,2951.0,0
402888432153,camera-0052-event-0000-rel-p00-set-11-ts-49364767.vi,3,1,255,125.5275513051026,74.1613841985768,5114,2951.0,0
402888432153,camera-0052-event-0000-rel-p00-set-11-ts-49364767.vi,4,1,255,128.70786316572634,69.41820129306211,5680,2951.0,0
402888432153,camera-0052-event-0000-rel-p00-set-11-ts-49364767.vi,5,1,255,119.2250217000434,72.52699332948598,5564,2951.0,0
402888432153,camera-0052-event-0000-rel-p00-set-11-ts-49364767.vi,6,1,255,125.08864467728935,74.47467665986763,5089,2951.0,0
402888432153,camera-0052-event-0000-rel-p00-set-11-ts-49364767.vi,7,1,255,127.0241025482051,70.16875285250612,5679,2951.0,0
402890867697,camera-0053-event-0000-rel-p00-set-11-ts-51800458.vi,0,1,255,36.55689286378573,36.00113668861317,1542,2901.0,0
402890867697,camera-0053-event-0000-rel-p00-set-11-ts-51800458.vi,1,1,255,24.659549569099138,26.92964056382844,775,2901.0,0
402890867697,camera-0053-event-0000-rel-p00-set-11-ts-51800458.vi,2,1,255,118.43794562589125,71.99590137002232,5262,2901.0,0
402890867697,camera-0053-event-0000-rel-p00-set-11-ts-51800458.vi,3,1,255,125.99433473866948,74.35451857717689,5252,2901.0,0
402890867697,camera-0053-event-0000-rel-p00-set-11-ts-51800458.vi,4,1,255,129.38602827205654,69.4861271989953,5846,2901.0,0
402890867697,camera-0053-event-0000-rel-p00-set-11-ts-51800458.vi,5,1,255,119.0229245458491,72.08501097984146,5396,2901.0,0
402890867697,camera-0053-event-0000-rel-p00-set-11-ts-51800458.vi,6,1,255,125.55979911959824,74.256928456241,5101,2901.0,0
402890867697,camera-0053-event-0000-rel-p00-set-11-ts-51800458.vi,7,1,255,127.20803366606734,70.05326224202153,5649,2901.0,0
402891868637,camera-0054-event-0000-rel-p00-set-11-ts-52801433.vi,0,1,255,36.993234236468474,36.6986675447343,1593,3124.0,0
402891868637,camera-0054-event-0000-rel-p00-set-11-ts-52801433.vi,1,1,255,24.856547213094426,27.398603316702367,778,3124.0,0
402891868637,camera-0054-event-0000-rel-p00-set-11-ts-52801433.vi,2,1,255,118.7220379440759,72.65260996380971,5615,3124.0,0
402891868637,camera-0054-event-0000-rel-p00-set-11-ts-52801433.vi,3,1,255,126.18519437038874,74.39051734940357,5592,3124.0,0
402891868637,camera-0054-event-0000-rel-p00-set-11-ts-52801433.vi,4,1,255,129.377650505301,69.77926980431992,5964,3124.0,0
402891868637,camera-0054-event-0000-rel-p00-set-11-ts-52801433.vi,5,1,255,119.93567487134975,72.58958614554938,5839,3124.0,0
402891868637,camera-0054-event-0000-rel-p00-set-11-ts-52801433.vi,6,1,255,125.86058497116994,74.37013538089522,5498,3124.0,0
402891868637,camera-0054-event-0000-rel-p00-set-11-ts-52801433.vi,7,1,255,128.12024924049848,70.2376030576987,5963,3124.0,0
402892869734,camera-0055-event-0000-rel-p00-set-11-ts-53802416.vi,0,1,255,36.43641887283775,36.4505545737539,1598,3364.0,0
402892869734,camera-0055-event-0000-rel-p00-set-11-ts-53802416.vi,1,1,255,24.617265484530968,27.23675394600412,772,3364.0,0
402892869734,camera-0055-event-0000-rel-p00-set-11-ts-53802416.vi,2,1,255,118.16094457188915,71.94098887045092,5325,3364.0,0
402892869734,camera-0055-event-0000-rel-p00-set-11-ts-53802416.vi,3,1,255,126.2486127472255,74.02024350519547,5162,3364.0,0
402892869734,camera-0055-event-0000-rel-p00-set-11-ts-53802416.vi,4,1,255,130.19530814061628,69.36665036615842,5746,3364.0,0
402892869734,camera-0055-event-0000-rel-p00-set-11-ts-53802416.vi,5,1,255,118.88883377766756,72.1257752287671,5570,3364.0,0
402892869734,camera-0055-event-0000-rel-p00-set-11-ts-53802416.vi,6,1,255,126.19220038440076,74.07217470454239,5169,3364.0,0
402892869734,camera-0055-event-0000-rel-p00-set-11-ts-53802416.vi,7,1,255,128.64319703639407,69.97662382971576,5645,3364.0,0
402893870747,camera-0056-event-0000-rel-p00-set-11-ts-54803426.vi,0,1,255,36.150799801599604,35.95867362011196,1543,3415.0,0
402893870747,camera-0056-event-0000-rel-p00-set-11-ts-54803426.vi,1,1,255,24.263826027652055,26.80305257379458,737,3415.0,0
402893870747,camera-0056-event-0000-rel-p00-set-11-ts-54803426.vi,2,1,255,119.1763748527497,72.25059895095424,5768,3415.0,0
402893870747,camera-0056-event-0000-rel-p00-set-11-ts-54803426.vi,3,1,255,127.18834862669725,73.92330755537506,5448,3415.0,0
402893870747,camera-0056-event-0000-rel-p00-set-11-ts-54803426.vi,4,1,255,130.97188294376588,69.64288061384575,6078,3415.0,0
402893870747,camera-0056-event-0000-rel-p00-set-11-ts-54803426.vi,5,1,255,119.52799305598612,72.29261736398422,5883,3415.0,0
402893870747,camera-0056-event-0000-rel-p00-set-11-ts-54803426.vi,6,1,255,126.9499968999938,73.96567221377983,5503,3415.0,0
402893870747,camera-0056-event-0000-rel-p00-set-11-ts-54803426.vi,7,1,255,128.73917322834646,70.32372019548237,6009,3415.0,0
402894871560,camera-0057-event-0000-rel-p00-set-11-ts-55804413.vi,0,1,255,36.39122853245706,35.84148172878928,1573,3156.0,0
402894871560,camera-0057-event-0000-rel-p00-set-11-ts-55804413.vi,1,1,255,24.476277202554407,26.68557598160358,753,3156.0,0
402894871560,camera-0057-event-0000-rel-p00-set-11-ts-55804413.vi,2,1,255,118.44660239320478,72.44876926732178,5659,3156.0,0
402894871560,camera-0057-event-0000-rel-p00-set-11-ts-55804413.vi,3,1,255,124.94907464814929,74.32239994108096,5320,3156.0,0
402894871560,camera-0057-event-0000-rel-p00-set-11-ts-55804413.vi,4,1,255,129.61263097526194,69.45251739565045,6016,3156.0,0
402894871560,camera-0057-event-0000-rel-p00-set-11-ts-55804413.vi,5,1,255,118.79301258602517,72.15461867665948,5569,3156.0,0
402894871560,camera-0057-event-0000-rel-p00-set-11-ts-55804413.vi,6,1,255,124.60633796267592,74.3239789998357,5249,3156.0,0
402894871560,camera-0057-event-0000-rel-p00-set-11-ts-55804413.vi,7,1,255,127.75275125550252,70.3615831220089,5827,3156.0,0
402895872662,camera-0058-event-0000-rel-p00-set-11-ts-56805599.vi,0,1,255,37.45532891065782,36.74321647768037,1662,3158.0,0
402895872662,camera-0058-event-0000-rel-p00-set-11-ts-56805599.vi,1,1,255,24.76033077066154,27.277335557775093,791,3158.0,0
402895872662,camera-0058-event-0000-rel-p00-set-11-ts-56805599.vi,2,1,255,120.10860096720194,72.55103172187091,5720,3158.0,0
402895872662,camera-0058-event-0000-rel-p00-set-11-ts-56805599.vi,3,1,255,126.1766306032612,73.78494113555601,5311,3158.0,0
402895872662,camera-0058-event-0000-rel-p00-set-11-ts-56805599.vi,4,1,255,130.75771126542253,69.13525404888023,6170,3158.0,0
402895872662,camera-0058-event-0000-rel-p00-set-11-ts-56805599.vi,5,1,255,120.98474796949594,72.44549412196226,5827,3158.0,0
402895872662,camera-0058-event-0000-rel-p00-set-11-ts-56805599.vi,6,1,255,126.65960381920763,74.05884923220276,5511,3158.0,0
402895872662,camera-0058-event-0000-rel-p00-set-11-ts-56805599.vi,7,1,255,129.83377766755532,69.68102377679023,6010,3158.0,0
402896873655,camera-0059-event-0000-rel-p00-set-11-ts-57806364.vi,0,1,255,36.48733647467295,35.88216701504058,1556,3243.0,0
402896873655,camera-0059-event-0000-rel-p00-set-11-ts-57806364.vi,1,1,255,24.55975261950524,26.823109319950028,768,3243.0,0
402896873655,camera-0059-event-0000-rel-p00-set-11-ts-57806364.vi,2,1,255,118.90119505239011,72.49420004848618,5544,3243.0,0
402896873655,camera-0059-event-0000-rel-p00-set-11-ts-57806364.vi,3,1,255,125.80559086118173,74.24738414086006,5496,3243.0,0
402896873655,camera-0059-event-0000-rel-p00-set-11-ts-57806364.vi,4,1,255,129.3215636431273,69.65284264886253,5917,3243.0,0
402896873655,camera-0059-event-0000-rel-p00-set-11-ts-57806364.vi,5,1,255,119.60416795833592,72.65375664199937,5775,3243.0,0
402896873655,camera-0059-event-0000-rel-p00-set-11-ts-57806364.vi,6,1,255,126.42125209250419,74.35939124897138,5579,3243.0,0
402896873655,camera-0059-event-0000-rel-p00-set-11-ts-57806364.vi,7,1,255,127.39663029326059,70.35228414282558,5951,3243.0,0
402897874621,camera-0060-event-0000-rel-p00-set-11-ts-58807414.vi,0,1,255,36.3247953995908,35.857306701734814,1526,3084.0,0
402897874621,camera-0060-event-0000-rel-p00-set-11-ts-58807414.vi,1,1,255,24.358275466550932,26.69313001959813,746,3084.0,0
402897874621,camera-0060-event-0000-rel-p00-set-11-ts-58807414.vi,2,1,255,118.94798964597929,72.46346855200235,5752,3084.0,0
402897874621,camera-0060-event-0000-rel-p00-set-11-ts-58807414.vi,3,1,255,125.98347696695393,74.19470819539204,5316,3084.0,0
402897874621,camera-0060-event-0000-rel-p00-set-11-ts-58807414.vi,4,1,255,129.38272676545353,69.72003599958053,6032,3084.0,0
402897874621,camera-0060-event-0000-rel-p00-set-11-ts-58807414.vi,5,1,255,119.99653574307149,72.63966567441652,5963,3084.0,0
402897874621,camera-0060-event-0000-rel-p00-set-11-ts-58807414.vi,6,1,255,125.5747178994358,74.15925429059183,5381,3084.0,0
402897874621,camera-0060-event-0000-rel-p00-set-11-ts-58807414.vi,7,1,255,127.76537603075207,70.30003131501407,5923,3084.0,0
402898875379,camera-0061-event-0000-rel-p00-set-11-ts-59808342.vi,0,1,255,36.77149079298159,37.708659712097635,1844,2944.0,0
402898875379,camera-0061-event-0000-rel-p00-set-11-ts-59808342.vi,1,1,255,25.093449686899373,28.674146928668833,884,2944.0,0
402898875379,camera-0061-event-0000-rel-p00-set-11-ts-59808342.vi,2,1,255,117.99248248496497,71.88804787841951,5316,2944.0,0
402898875379,camera-0061-event-0000-rel-p00-set-11-ts-59808342.vi,3,1,255,125.75711451422903,74.12446980001161,5196,2944.0,0
402898875379,camera-0061-event-0000-rel-p00-set-11-ts-59808342.vi,4,1,255,129.7979338458677,69.62976579889944,5683,2944.0,0
402898875379,camera-0061-event-0000-rel-p00-set-11-ts-59808342.vi,5,1,255,118.27008029016058,71.91055646279631,5404,2944.0,0
402898875379,camera-0061-event-0000-rel-p00-set-11-ts-59808342.vi,6,1,255,126.00136400272801,74.2513717797316,5249,2944.0,0
402898875379,camera-0061-event-0000-rel-p00-set-11-ts-59808342.vi,7,1,255,128.40562806125612,70.32760899462006,5738,2944.0,0
402899876352,camera-0062-event-0000-rel-p00-set-11-ts-60809324.vi,0,1,255,36.54139283278567,37.607698172245854,1836,3551.0,0
402899876352,camera-0062-event-0000-rel-p00-set-11-ts-60809324.vi,1,1,255,24.815696881393762,28.57371012998187,887,3551.0,0
402899876352,camera-0062-event-0000-rel-p00-set-11-ts-60809324.vi,2,1,255,117.93114111228222,72.07763747227509,5253,3551.0,0
402899876352,camera-0062-event-0000-rel-p00-set-11-ts-60809324.vi,3,1,255,125.69041013082027,73.96567328427588,5016,3551.0,0
402899876352,camera-0062-event-0000-rel-p00-set-11-ts-60809324.vi,4,1,255,129.96449717899435,69.43338542655287,5781,3551.0,0
402899876352,camera-0062-event-0000-rel-p00-set-11-ts-60809324.vi,5,1,255,118.43193161386323,72.13017483847048,5528,3551.0,0
402899876352,camera-0062-event-0000-rel-p00-set-11-ts-60809324.vi,6,1,255,125.89711854423709,74.24688932122595,5191,3551.0,0
402899876352,camera-0062-event-0000-rel-p00-set-11-ts-60809324.vi,7,1,255,127.99643499286998,70.10988803716313,5669,3551.0,0
402901411157,camera-0063-event-0000-rel-p00-set-11-ts-62344168.vi,0,1,255,36.85388120776241,37.81847580635001,1853,3238.0,0
402901411157,camera-0063-event-0000-rel-p00-set-11-ts-62344168.vi,1,1,255,25.129363258726517,28.814374385315116,893,3238.0,0
402901411157,camera-0063-event-0000-rel-p00-set-11-ts-62344168.vi,2,1,255,118.01427552855105,72.12431743555028,5312,3238.0,0
402901411157,camera-0063-event-0000-rel-p00-set-11-ts-62344168.vi,3,1,255,126.2014539029078,74.04548559753015,5111,3238.0,0
402901411157,camera-0063-event-0000-rel-p00-set-11-ts-62344168.vi,4,1,255,129.8300266600533,69.31678510833349,5773,3238.0,0
402901411157,camera-0063-event-0000-rel-p00-set-11-ts-62344168.vi,5,1,255,118.81983538967079,72.2223408382831,5510,3238.0,0
402901411157,camera-0063-event-0000-rel-p00-set-11-ts-62344168.vi,6,1,255,126.35263345526691,74.21621567580947,5111,3238.0,0
402901411157,camera-0063-event-0000-rel-p00-set-11-ts-62344168.vi,7,1,255,127.67044609089218,69.95837399151289,5498,3238.0,0
402902061827,camera-0064-event-0042-rel-m02-set-11-ts-62995712.vi,0,1,255,37.81103912207824,35.397280344582114,1497,4563.0,0
402902061827,camera-0064-event-0042-rel-m02-set-11-ts-62995712.vi,1,1,255,24.896018042036083,24.926171891249826,586,4563.0,0
402902061827,camera-0064-event-0042-rel-m02-set-11-ts-62995712.vi,2,1,255,118.69189813379627,72.26068639580924,5614,4563.0,0
402902061827,camera-0064-event-0042-rel-m02-set-11-ts-62995712.vi,3,1,255,126.11911773823547,74.16123523627718,5548,4563.0,0
402902061827,camera-0064-event-0042-rel-m02-set-11-ts-62995712.vi,4,1,255,130.79257083514167,69.65699684649087,6491,4563.0,0
402902061827,camera-0064-event-0042-rel-m02-set-11-ts-62995712.vi,5,1,255,119.38835327670655,72.31004486251744,5708,4563.0,0
402902061827,camera-0064-event-0042-rel-m02-set-11-ts-62995712.vi,6,1,255,125.52082429164858,74.48037874838838,5513,4563.0,0
402902061827,camera-0064-event-0042-rel-m02-set-11-ts-62995712.vi,7,1,255,127.6480872961746,70.64614925778604,6114,4563.0,0
402902078541,camera-0065-event-0042-rel-m01-set-11-ts-63012395.vi,0,1,255,36.900458800917605,34.222658231793964,1438,5132.0,5
402902078541,camera-0065-event-0042-rel-m01-set-11-ts-63012395.vi,1,1,255,24.39532054064108,24.0271765266568,570,5132.0,5
402902078541,camera-0065-event-0042-rel-m01-set-11-ts-63012395.vi,2,1,255,118.22147994295989,72.26861673464424,5411,5132.0,5
402902078541,camera-0065-event-0042-rel-m01-set-11-ts-63012395.vi,3,1,255,126.87751100502201,74.09683263073617,5388,5132.0,5
402902078541,camera-0065-event-0042-rel-m01-set-11-ts-63012395.vi,4,1,255,130.63829127658255,69.47217769242603,6258,5132.0,5
402902078541,camera-0065-event-0042-rel-m01-set-11-ts-63012395.vi,5,1,255,119.8492001984004,72.27702727978416,5850,5132.0,5
402902078541,camera-0065-event-0042-rel-m01-set-11-ts-63012395.vi,6,1,255,125.64273203546406,74.180660711857,5476,5132.0,5
402902078541,camera-0065-event-0042-rel-m01-set-11-ts-63012395.vi,7,1,255,127.38580352160704,70.46271241712233,5955,5132.0,5
402902095206,camera-0066-event-0042-rel-p01-set-11-ts-63029151.vi,0,1,255,37.86706398412797,35.11438519098865,1514,4020.0,5
402902095206,camera-0066-event-0042-rel-p01-set-11-ts-63029151.vi,1,1,255,24.66722983445967,24.664466605021566,584,4020.0,5
402902095206,camera-0066-event-0042-rel-p01-set-11-ts-63029151.vi,2,1,255,119.72847820695641,71.97759661423947,5782,4020.0,5
402902095206,camera-0066-event-0042-rel-p01-set-11-ts-63029151.vi,3,1,255,127.70855291710583,74.08984960424326,5753,4020.0,5
402902095206,camera-0066-event-0042-rel-p01-set-11-ts-63029151.vi,4,1,255,131.56527838055675,70.07079967843588,6413,4020.0,5
402902095206,camera-0066-event-0042-rel-p01-set-11-ts-63029151.vi,5,1,255,121.30859011718023,71.97342699690228,6099,4020.0,5
402902095206,camera-0066-event-0042-rel-p01-set-11-ts-63029151.vi,6,1,255,127.04516709033417,74.1074564181515,5770,4020.0,5
402902095206,camera-0066-event-0042-rel-p01-set-11-ts-63029151.vi,7,1,255,128.85571021142042,70.88237716542339,6342,4020.0,5
402902111950,camera-0067-event-0042-rel-p02-set-11-ts-63045834.vi,0,1,255,38.605702461404924,36.12625330316382,1563,4079.0,6
402902111950,camera-0067-event-0042-rel-p02-set-11-ts-63045834.vi,1,1,255,25.06248062496125,25.419228803283904,602,4079.0,6
402902111950,camera-0067-event-0042-rel-p02-set-11-ts-63045834.vi,2,1,255,120.34513144026288,72.04782524514823,5974,4079.0,6
402902111950,camera-0067-event-0042-rel-p02-set-11-ts-63045834.vi,3,1,255,127.86917973835948,74.29031560839783,5954,4079.0,6
402902111950,camera-0067-event-0042-rel-p02-set-11-ts-63045834.vi,4,1,255,132.26670903341807,69.92548631637133,6650,4079.0,6
402902111950,camera-0067-event-0042-rel-p02-set-11-ts-63045834.vi,5,1,255,121.2240064480129,72.04690306476809,6125,4079.0,6
402902111950,camera-0067-event-0042-rel-p02-set-11-ts-63045834.vi,6,1,255,128.0979989459979,74.31136130722292,6019,4079.0,6
402902111950,camera-0067-event-0042-rel-p02-set-11-ts-63045834.vi,7,1,255,129.14618854237708,70.86096948784157,6184,4079.0,6
402902128617,camera-0068-event-0042-rel-p03-set-11-ts-63062165.vi,0,1,255,37.525544051088104,34.918142033276126,1482,4341.0,6
402902128617,camera-0068-event-0042-rel-p03-set-11-ts-63062165.vi,1,1,255,24.918190836381672,24.635757865656675,580,4341.0,6
402902128617,camera-0068-event-0042-rel-p03-set-11-ts-63062165.vi,2,1,255,120.53888957777916,71.91151067203705,5681,4341.0,6
402902128617,camera-0068-event-0042-rel-p03-set-11-ts-63062165.vi,3,1,255,128.56198462396924,73.74851018223748,5595,4341.0,6
402902128617,camera-0068-event-0042-rel-p03-set-11-ts-63062165.vi,4,1,255,130.7988095976192,69.82978866788669,6213,4341.0,6
402902128617,camera-0068-event-0042-rel-p03-set-11-ts-63062165.vi,5,1,255,121.78096131192262,72.08143816105874,6069,4341.0,6
402902128617,camera-0068-event-0042-rel-p03-set-11-ts-63062165.vi,6,1,255,128.1756851013702,74.0562384219573,5806,4341.0,6
402902128617,camera-0068-event-0042-rel-p03-set-11-ts-63062165.vi,7,1,255,127.5478795957592,70.7848753304408,5957,4341.0,6
402902412304,camera-0069-event-0000-rel-p00-set-11-ts-63347127.vi,0,1,255,39.42076384152768,31.887327102581157,1041,4142.0,8
402902412304,camera-0069-event-0000-rel-p00-set-11-ts-63347127.vi,1,1,255,23.141654783309566,20.934995008610098,293,4142.0,8
402902412304,camera-0069-event-0000-rel-p00-set-11-ts-63347127.vi,2,1,255,120.36786998573997,71.88038287511505,6154,4142.0,8
402902412304,camera-0069-event-0000-rel-p00-set-11-ts-63347127.vi,3,1,255,128.5491118482237,73.59849578971267,5858,4142.0,8
402902412304,camera-0069-event-0000-rel-p00-set-11-ts-63347127.vi,4,1,255,134.12425599851198,69.3328738032868,6740,4142.0,8
402902412304,camera-0069-event-0000-rel-p00-set-11-ts-63347127.vi,5,1,255,121.20807241614483,72.15709718558234,6420,4142.0,8
402902412304,camera-0069-event-0000-rel-p00-set-11-ts-63347127.vi,6,1,255,128.50573501147002,73.8575429423631,5941,4142.0,8
402902412304,camera-0069-event-0000-rel-p00-set-11-ts-63347127.vi,7,1,255,131.84654969309938,70.28823435982856,6578,4142.0,8
402903413338,camera-0070-event-0000-rel-p00-set-11-ts-64348093.vi,0,1,255,34.18730237460475,20.041034009669268,262,4163.0,8
402903413338,camera-0070-event-0000-rel-p00-set-11-ts-64348093.vi,1,1,255,21.063271126542254,11.530140899436175,82,4163.0,8
402903413338,camera-0070-event-0000-rel-p00-set-11-ts-64348093.vi,2,1,255,122.32646940293881,72.52967875498078,6747,4163.0,8
402903413338,camera-0070-event-0000-rel-p00-set-11-ts-64348093.vi,3,1,255,129.0775234050468,73.85642707596496,6461,4163.0,8
402903413338,camera-0070-event-0000-rel-p00-set-11-ts-64348093.vi,4,1,255,133.44366513733027,69.82871585163736,7233,4163.0,8
402903413338,camera-0070-event-0000-rel-p00-set-11-ts-64348093.vi,5,1,255,123.53005456010912,72.22029245140529,6833,4163.0,8
402903413338,camera-0070-event-0000-rel-p00-set-11-ts-64348093.vi,6,1,255,128.11454522909045,74.52853617858158,6741,4163.0,8
402903413338,camera-0070-event-0000-rel-p00-set-11-ts-64348093.vi,7,1,255,129.93724812449625,71.13704415364823,6810,4163.0,8
402904414152,camera-0071-event-0000-rel-p00-set-11-ts-65349074.vi,0,1,255,30.341736933473868,17.194843040200237,72,5193.0,8
402904414152,camera-0071-event-0000-rel-p00-set-11-ts-65349074.vi,1,1,255,20.96783743567487,9.087710313631392,0,5193.0,8
402904414152,camera-0071-event-0000-rel-p00-set-11-ts-65349074.vi,2,1,255,121.49445873891747,71.34046033785492,4995,5193.0,8
402904414152,camera-0071-event-0000-rel-p00-set-11-ts-65349074.vi,3,1,255,130.43250511501023,72.33783616458743,5248,5193.0,8
402904414152,camera-0071-event-0000-rel-p00-set-11-ts-65349074.vi,4,1,255,125.58566867133734,70.02516094190544,5892,5193.0,8
402904414152,camera-0071-event-0000-rel-p00-set-11-ts-65349074.vi,5,1,255,123.28448756897514,71.2957838316022,5371,5193.0,8
402904414152,camera-0071-event-0000-rel-p00-set-11-ts-65349074.vi,6,1,255,129.14269328538657,73.0231366446553,5363,5193.0,8
402904414152,camera-0071-event-0000-rel-p00-set-11-ts-65349074.vi,7,1,255,120.92160859321719,71.10018984520102,5212,5193.0,8
402905065092,camera-0072-event-0046-rel-m02-set-11-ts-65999696.vi,0,1,255,29.627216504433008,18.666746834631972,113,3212.0,8
402905065092,camera-0072-event-0046-rel-m02-set-11-ts-65999696.vi,1,1,255,22.440301630603262,11.443083937477656,5,3212.0,8
402905065092,camera-0072-event-0046-rel-m02-set-11-ts-65999696.vi,2,1,255,119.17970735941472,72.67293257148646,3507,3212.0,8
402905065092,camera-0072-event-0046-rel-m02-set-11-ts-65999696.vi,3,1,255,128.6754216008432,70.81360001761948,3731,3212.0,8
402905065092,camera-0072-event-0046-rel-m02-set-11-ts-65999696.vi,4,1,255,114.24130448260897,69.33871281958817,3954,3212.0,8
402905065092,camera-0072-event-0046-rel-m02-set-11-ts-65999696.vi,5,1,255,120.89762229524459,72.77965627895797,3829,3212.0,8
402905065092,camera-0072-event-0046-rel-m02-set-11-ts-65999696.vi,6,1,255,127.45884741769484,71.31548853346071,3607,3212.0,8
402905065092,camera-0072-event-0046-rel-m02-set-11-ts-65999696.vi,7,1,255,109.86464597929196,69.78969003927006,3601,3212.0,8
402905081457,camera-0073-event-0046-rel-m01-set-11-ts-66016379.vi,0,1,255,30.889438278876558,20.225991763366157,146,4103.0,7
402905081457,camera-0073-event-0046-rel-m01-set-11-ts-66016379.vi,1,1,255,23.20229865459731,12.594373240565497,7,4103.0,7
402905081457,camera-0073-event-0046-rel-m01-set-11-ts-66016379.vi,2,1,255,119.46924018848037,72.7067762377518,3833,4103.0,7
402905081457,camera-0073-event-0046-rel-m01-set-11-ts-66016379.vi,3,1,255,128.41081282162565,71.26649301382224,3952,4103.0,7
402905081457,camera-0073-event-0046-rel-m01-set-11-ts-66016379.vi,4,1,255,115.36752898505797,69.84355251352092,4411,4103.0,7
402905081457,camera-0073-event-0046-rel-m01-set-11-ts-66016379.vi,5,1,255,121.15930931861864,72.65747472771834,4051,4103.0,7
402905081457,camera-0073-event-0046-rel-m01-set-11-ts-66016379.vi,6,1,255,127.36057722115444,71.42911160418828,3796,4103.0,7
402905081457,camera-0073-event-0046-rel-m01-set-11-ts-66016379.vi,7,1,255,110.77786905573811,69.97106760185162,3689,4103.0,7
402905098982,camera-0074-event-0046-rel-p01-set-11-ts-66033089.vi,0,2,255,30.495969991939983,19.63683505480579,123,3650.0,7
402905098982,camera-0074-event-0046-rel-p01-set-11-ts-66033089.vi,1,2,255,23.073857647715297,12.290140566889143,4,3650.0,7
402905098982,camera-0074-event-0046-rel-p01-set-11-ts-66033089.vi,2,2,255,119.09324043648087,72.98162862409022,3663,3650.0,7
402905098982,camera-0074-event-0046-rel-p01-set-11-ts-66033089.vi,3,2,255,128.11620373240746,71.13849717692342,3701,3650.0,7
402905098982,camera-0074-event-0046-rel-p01-set-11-ts-66033089.vi,4,2,255,114.25932326864654,69.37675389202639,4036,3650.0,7
402905098982,camera-0074-event-0046-rel-p01-set-11-ts-66033089.vi,5,2,255,120.87903000806001,72.88962931951598,3842,3650.0,7
402905098982,camera-0074-event-0046-rel-p01-set-11-ts-66033089.vi,6,2,255,127.11179397358795,71.42480256106633,3642,3650.0,7
402905098982,camera-0074-event-0046-rel-p01-set-11-ts-66033089.vi,7,2,255,110.08361491722984,69.66936024501096,3630,3650.0,7
402905114957,camera-0075-event-0046-rel-p02-set-11-ts-66049772.vi,0,2,255,29.435922871845744,18.72868665062413,132,4304.0,7
402905114957,camera-0075-event-0046-rel-p02-set-11-ts-66049772.vi,1,2,255,22.41253332506665,11.399359630561575,5,4304.0,7
402905114957,camera-0075-event-0046-rel-p02-set-11-ts-66049772.vi,2,2,255,119.23190371380743,73.1776059149867,3410,4304.0,7
402905114957,camera-0075-event-0046-rel-p02-set-11-ts-66049772.vi,3,2,255,128.11928048856097,70.98211688774391,3489,4304.0,7
402905114957,camera-0075-event-0046-rel-p02-set-11-ts-66049772.vi,4,2,255,112.77108004216008,69.01274143065663,3706,4304.0,7
402905114957,camera-0075-event-0046-rel-p02-set-11-ts-66049772.vi,5,2,255,120.77251379502759,73.20629936490835,3624,4304.0,7
402905114957,camera-0075-event-0046-rel-p02-set-11-ts-66049772.vi,6,2,255,127.94144088288176,71.08818143261044,3502,4304.0,7
402905114957,camera-0075-event-0046-rel-p02-set-11-ts-66049772.vi,7,2,255,108.89715729431458,69.21544952144677,3344,4304.0,7
402905131599,camera-0076-event-0046-rel-p03-set-11-ts-66066468.vi,0,2,255,29.609895219790438,18.754426118167924,107,6067.0,7
402905131599,camera-0076-event-0046-rel-p03-set-11-ts-66066468.vi,1,2,255,22.68469061938124,11.629426337117737,0,6067.0,7
402905131599,camera-0076-event-0046-rel-p03-set-11-ts-66066468.vi,2,2,255,117.96803893607787,73.31574499307338,3421,6067.0,7
402905131599,camera-0076-event-0046-rel-p03-set-11-ts-66066468.vi,3,2,255,127.43340411680823,71.00916275101123,3610,6067.0,7
402905131599,camera-0076-event-0046-rel-p03-set-11-ts-66066468.vi,4,2,255,110.29811984623969,69.57477793198105,3755,6067.0,7
402905131599,camera-0076-event-0046-rel-p03-set-11-ts-66066468.vi,5,2,255,119.93490761981523,73.32837182046758,3590,6067.0,7
402905131599,camera-0076-event-0046-rel-p03-set-11-ts-66066468.vi,6,2,255,126.74381548763097,71.29022852200889,3583,6067.0,7
402905131599,camera-0076-event-0046-rel-p03-set-11-ts-66066468.vi,7,2,255,106.01024552049104,69.82380687313986,3439,6067.0,7
402905214919,camera-0077-event-0047-rel-m02-set-11-ts-66148812.vi,0,2,255,27.963202926405852,16.834268004972518,67,4120.0,7
402905214919,camera-0077-event-0047-rel-m02-set-11-ts-66148812.vi,1,2,255,22.724300948601897,10.814924900815509,0,4120.0,7
402905214919,camera-0077-event-0047-rel-m02-set-11-ts-66148812.vi,2,2,255,110.3480919461839,75.09189765597567,2467,4120.0,7
402905214919,camera-0077-event-0047-rel-m02-set-11-ts-66148812.vi,3,2,255,120.36064697129395,70.99267314442744,2735,4120.0,7
402905214919,camera-0077-event-0047-rel-m02-set-11-ts-66148812.vi,4,2,255,92.62074524149048,69.07492492798181,2793,4120.0,7
402905214919,camera-0077-event-0047-rel-m02-set-11-ts-66148812.vi,5,2,255,112.03313131626263,75.19820851329641,2618,4120.0,7
402905214919,camera-0077-event-0047-rel-m02-set-11-ts-66148812.vi,6,2,255,118.75854051708103,71.44340937942562,2643,4120.0,7
402905214919,camera-0077-event-0047-rel-m02-set-11-ts-66148812.vi,7,2,255,88.10381920763841,68.33042835873754,2395,4120.0,7
402905231825,camera-0078-event-0047-rel-m01-set-11-ts-66165569.vi,0,2,255,28.323353896707793,17.10194794957132,58,6595.0,6
402905231825,camera-0078-event-0047-rel-m01-set-11-ts-66165569.vi,1,2,255,22.99008773017546,11.172147046599534,0,6595.0,6
402905231825,camera-0078-event-0047-rel-m01-set-11-ts-66165569.vi,2,2,255,110.49281573563147,75.12528107436378,2586,6595.0,6
402905231825,camera-0078-event-0047-rel-m01-set-11-ts-66165569.vi,3,2,255,120.0488328476657,71.28418197592617,2836,6595.0,6
402905231825,camera-0078-event-0047-rel-m01-set-11-ts-66165569.vi,4,2,255,92.8982267964536,69.35887308803616,2947,6595.0,6
402905231825,camera-0078-event-0047-rel-m01-set-11-ts-66165569.vi,5,2,255,112.47161169322338,75.28855201382066,2742,6595.0,6
402905231825,camera-0078-event-0047-rel-m01-set-11-ts-66165569.vi,6,2,255,119.18223386446773,71.42710190499704,2736,6595.0,6
402905231825,camera-0078-event-0047-rel-m01-set-11-ts-66165569.vi,7,2,255,87.93400861801723,68.31481071643937,2377,6595.0,6
402905248461,camera-0079-event-0047-rel-p01-set-11-ts-66182253.vi,0,2,6,28.02019654039308,16.79031099859853,60,4199.0,7
402905248461,camera-0079-event-0047-rel-p01-set-11-ts-66182253.vi,1,2,6,22.752549755099512,10.807658204241735,0,4199.0,7
402905248461,camera-0079-event-0047-rel-p01-set-11-ts-66182253.vi,2,2,6,109.79686434372869,75.26302549581496,2479,4199.0,7
402905248461,camera-0079-event-0047-rel-p01-set-11-ts-66182253.vi,3,2,6,120.13153326306653,71.21797784995056,2760,4199.0,7
402905248461,camera-0079-event-0047-rel-p01-set-11-ts-66182253.vi,4,2,6,92.2002914005828,69.11889308487115,2923,4199.0,7
402905248461,camera-0079-event-0047-rel-p01-set-11-ts-66182253.vi,5,2,6,112.09365893731787,75.32685535744395,2685,4199.0,7
402905248461,camera-0079-event-0047-rel-p01-set-11-ts-66182253.vi,6,2,6,119.16978733957468,71.3227379534947,2714,4199.0,7
402905248461,camera-0079-event-0047-rel-p01-set-11-ts-66182253.vi,7,2,6,87.60221495442991,68.05528368295337,2448,4199.0,7
402905265139,camera-0080-event-0047-rel-p02-set-11-ts-66198805.vi,0,2,6,27.228788207576414,15.905268899516273,55,5324.0,6
402905265139,camera-0080-event-0047-rel-p02-set-11-ts-66198805.vi,1,2,6,22.31505363010726,10.104369035482673,0,5324.0,6
402905265139,camera-0080-event-0047-rel-p02-set-11-ts-66198805.vi,2,2,6,107.6501875503751,75.53309021707149,2219,5324.0,6
402905265139,camera-0080-event-0047-rel-p02-set-11-ts-66198805.vi,3,2,6,117.89762229524459,71.35758281455294,2545,5324.0,6
402905265139,camera-0080-event-0047-rel-p02-set-11-ts-66198805.vi,4,2,6,88.05650536301073,68.53659219299772,2563,5324.0,6
402905265139,camera-0080-event-0047-rel-p02-set-11-ts-66198805.vi,5,2,6,109.47042594085188,75.88923739720593,2442,5324.0,6
402905265139,camera-0080-event-0047-rel-p02-set-11-ts-66198805.vi,6,2,6,116.94414563829127,71.62436610990815,2413,5324.0,6
402905265139,camera-0080-event-0047-rel-p02-set-11-ts-66198805.vi,7,2,6,84.03554932109864,67.61387257264462,2213,5324.0,6
402905282064,camera-0081-event-0047-rel-p03-set-11-ts-66215488.vi,0,2,6,27.891515283030564,16.594863538719252,57,4036.0,7
402905282064,camera-0081-event-0047-rel-p03-set-11-ts-66215488.vi,1,2,6,22.787238824477647,10.74891262412018,0,4036.0,7
402905282064,camera-0081-event-0047-rel-p03-set-11-ts-66215488.vi,2,2,6,108.31491412982825,75.21753630733136,2397,4036.0,7
402905282064,camera-0081-event-0047-rel-p03-set-11-ts-66215488.vi,3,2,6,118.90741056482113,71.15203109670657,2615,4036.0,7
402905282064,camera-0081-event-0047-rel-p03-set-11-ts-66215488.vi,4,2,6,89.70106640213281,68.87004923078065,2698,4036.0,7
402905282064,camera-0081-event-0047-rel-p03-set-11-ts-66215488.vi,5,2,6,110.55394010788022,75.35920113688158,2501,4036.0,7
402905282064,camera-0081-event-0047-rel-p03-set-11-ts-66215488.vi,6,2,6,117.53709157418315,71.43032009797474,2529,4036.0,7
402905282064,camera-0081-event-0047-rel-p03-set-11-ts-66215488.vi,7,2,6,85.19568014136028,67.83098368882435,2296,4036.0,7
402905417569,camera-0082-event-0000-rel-p00-set-11-ts-66349090.vi,0,2,6,26.483376216752433,14.780766170685483,50,3198.0,7
402905417569,camera-0082-event-0000-rel-p00-set-11-ts-66349090.vi,1,2,6,21.81022537045074,9.314525480816409,0,3198.0,7
402905417569,camera-0082-event-0000-rel-p00-set-11-ts-66349090.vi,2,2,6,106.6479167958336,75.56645679297166,2124,3198.0,7
402905417569,camera-0082-event-0000-rel-p00-set-11-ts-66349090.vi,3,2,6,117.23030721061443,71.47980011631587,2435,3198.0,7
402905417569,camera-0082-event-0000-rel-p00-set-11-ts-66349090.vi,4,2,6,86.5973711947424,68.40048146848915,2442,3198.0,7
402905417569,camera-0082-event-0000-rel-p00-set-11-ts-66349090.vi,5,2,6,108.80683086366173,75.77893112800022,2378,3198.0,7
402905417569,camera-0082-event-0000-rel-p00-set-11-ts-66349090.vi,6,2,6,116.35617521235042,71.6000001612561,2303,3198.0,7
402905417569,camera-0082-event-0000-rel-p00-set-11-ts-66349090.vi,7,2,6,82.91619908239817,67.38621463232742,2143,3198.0,7
402906084275,camera-0083-event-0048-rel-m02-set-11-ts-67017403.vi,0,2,6,25.37702275404551,12.485406136684423,69,2301.0,7
402906084275,camera-0083-event-0048-rel-m02-set-11-ts-67017403.vi,1,2,6,21.56971913943828,8.697300761581065,22,2301.0,7
402906084275,camera-0083-event-0048-rel-m02-set-11-ts-67017403.vi,2,2,6,99.74707049414098,74.22476682297516,1438,2301.0,7
402906084275,camera-0083-event-0048-rel-m02-set-11-ts-67017403.vi,3,2,6,110.25491350982702,71.91040204618741,1438,2301.0,7
402906084275,camera-0083-event-0048-rel-m02-set-11-ts-67017403.vi,4,2,6,81.06317812635625,67.15642594721241,1547,2301.0,7
402906084275,camera-0083-event-0048-rel-m02-set-11-ts-67017403.vi,5,2,6,100.92139159278318,74.46743458236158,1585,2301.0,7
402906084275,camera-0083-event-0048-rel-m02-set-11-ts-67017403.vi,6,2,6,109.32076539153078,71.99178316067092,1546,2301.0,7
402906084275,camera-0083-event-0048-rel-m02-set-11-ts-67017403.vi,7,2,6,78.2776365552731,66.24726746061481,1275,2301.0,7
402906099428,camera-0084-event-0048-rel-m01-set-11-ts-67034086.vi,0,2,6,24.768685287370573,11.932727606909932,63,5567.0,7
402906099428,camera-0084-event-0048-rel-m01-set-11-ts-67034086.vi,1,2,6,21.156426312852627,8.218291850392488,16,5567.0,7
402906099428,camera-0084-event-0048-rel-m01-set-11-ts-67034086.vi,2,2,6,98.27193254386509,74.23640840873263,1317,5567.0,7
402906099428,camera-0084-event-0048-rel-m01-set-11-ts-67034086.vi,3,2,6,109.07934465868932,72.0333751156503,1335,5567.0,7
402906099428,camera-0084-event-0048-rel-m01-set-11-ts-67034086.vi,4,2,6,79.08660642321284,66.49383263470392,1383,5567.0,7
402906099428,camera-0084-event-0048-rel-m01-set-11-ts-67034086.vi,5,2,6,99.49080848161697,74.46787633903206,1453,5567.0,7
402906099428,camera-0084-event-0048-rel-m01-set-11-ts-67034086.vi,6,2,6,108.2752030504061,72.10529843070233,1316,5567.0,7
402906099428,camera-0084-event-0048-rel-m01-set-11-ts-67034086.vi,7,2,6,76.4222285944572,65.57100404701548,1166,5567.0,7
402906115878,camera-0085-event-0048-rel-p01-set-11-ts-67050769.vi,0,2,14,24.40780581561163,11.706334346237176,65,5080.0,7
402906115878,camera-0085-event-0048-rel-p01-set-11-ts-67050769.vi,1,2,14,20.901303552607104,8.075435666642166,18,5080.0,7
402906115878,camera-0085-event-0048-rel-p01-set-11-ts-67050769.vi,2,2,14,97.83169291338582,74.19522467715817,1197,5080.0,7
402906115878,camera-0085-event-0048-rel-p01-set-11-ts-67050769.vi,3,2,14,108.43723262446525,72.16142600314419,1271,5080.0,7
402906115878,camera-0085-event-0048-rel-p01-set-11-ts-67050769.vi,4,2,14,78.04042408084815,66.17205278195694,1288,5080.0,7
402906115878,camera-0085-event-0048-rel-p01-set-11-ts-67050769.vi,5,2,14,98.59229493458987,74.67209971272428,1330,5080.0,7
402906115878,camera-0085-event-0048-rel-p01-set-11-ts-67050769.vi,6,2,14,107.58926467852936,72.15456132424715,1253,5080.0,7
402906115878,camera-0085-event-0048-rel-p01-set-11-ts-67050769.vi,7,2,14,75.16541633083266,65.31951884216005,1088,5080.0,7
402906132987,camera-0086-event-0048-rel-p02-set-11-ts-67067452.vi,0,2,14,24.953895157790317,12.261234023274152,89,5369.0,9
402906132987,camera-0086-event-0048-rel-p02-set-11-ts-67067452.vi,1,2,14,21.358290966581933,8.854746828853632,41,5369.0,9
402906132987,camera-0086-event-0048-rel-p02-set-11-ts-67067452.vi,2,2,14,97.8993350486701,74.12760172931887,1283,5369.0,9
402906132987,camera-0086-event-0048-rel-p02-set-11-ts-67067452.vi,3,2,14,108.59517794035588,71.99900988133541,1298,5369.0,9
402906132987,camera-0086-event-0048-rel-p02-set-11-ts-67067452.vi,4,2,14,78.98091171182342,66.46184009445089,1374,5369.0,9
402906132987,camera-0086-event-0048-rel-p02-set-11-ts-67067452.vi,5,2,14,98.85055645111291,74.38698767773995,1426,5369.0,9
402906132987,camera-0086-event-0048-rel-p02-set-11-ts-67067452.vi,6,2,14,107.92208909417819,72.09170585844811,1363,5369.0,9
402906132987,camera-0086-event-0048-rel-p02-set-11-ts-67067452.vi,7,2,14,76.6523110546221,65.84684054305002,1208,5369.0,9
402906149300,camera-0087-event-0048-rel-p03-set-11-ts-67084135.vi,0,2,14,24.628588257176514,12.10639154424714,90,5165.0,8
402906149300,camera-0087-event-0048-rel-p03-set-11-ts-67084135.vi,1,2,14,21.114297228594456,8.68501632287933,39,5165.0,8
402906149300,camera-0087-event-0048-rel-p03-set-11-ts-67084135.vi,2,2,14,97.5239320478641,74.35601475262166,1214,5165.0,8
402906149300,camera-0087-event-0048-rel-p03-set-11-ts-67084135.vi,3,2,14,107.75151900303801,72.02400647168034,1211,5165.0,8
402906149300,camera-0087-event-0048-rel-p03-set-11-ts-67084135.vi,4,2,14,78.0251333002666,66.35777389482557,1269,5165.0,8
402906149300,camera-0087-event-0048-rel-p03-set-11-ts-67084135.vi,5,2,14,98.61242947485896,74.57691207451602,1312,5165.0,8
402906149300,camera-0087-event-0048-rel-p03-set-11-ts-67084135.vi,6,2,14,107.19447888895778,72.13588818480106,1269,5165.0,8
402906149300,camera-0087-event-0048-rel-p03-set-11-ts-67084135.vi,7,2,14,75.26350052700106,65.26406577058846,1108,5165.0,8
402906416090,camera-0088-event-0000-rel-p00-set-11-ts-67349343.vi,0,2,14,23.956189162378326,12.373198800489822,124,5415.0,9
402906416090,camera-0088-event-0000-rel-p00-set-11-ts-67349343.vi,1,2,14,21.385338520677042,9.57270474029185,72,5415.0,9
402906416090,camera-0088-event-0000-rel-p00-set-11-ts-67349343.vi,2,2,14,79.9736654473309,75.18111300647409,682,5415.0,9
402906416090,camera-0088-event-0000-rel-p00-set-11-ts-67349343.vi,3,2,14,93.45899466798933,74.57116166308806,868,5415.0,9
402906416090,camera-0088-event-0000-rel-p00-set-11-ts-67349343.vi,4,2,14,55.24206398412797,59.15563750754171,796,5415.0,9
402906416090,camera-0088-event-0000-rel-p00-set-11-ts-67349343.vi,5,2,14,80.8499596999194,75.75015135380414,696,5415.0,9
402906416090,camera-0088-event-0000-rel-p00-set-11-ts-67349343.vi,6,2,14,92.66206057412114,74.35466378550102,786,5415.0,9
402906416090,camera-0088-event-0000-rel-p00-set-11-ts-67349343.vi,7,2,14,52.46490017980036,57.33406274104938,670,5415.0,9
402907083520,camera-0089-event-0049-rel-m02-set-11-ts-68016914.vi,0,2,14,24.63299026598053,13.68986687113637,186,4226.0,9
402907083520,camera-0089-event-0049-rel-m02-set-11-ts-68016914.vi,1,2,14,21.720836691673384,10.72253518057506,134,4226.0,9
402907083520,camera-0089-event-0049-rel-m02-set-11-ts-68016914.vi,2,2,14,86.83150691301383,75.0523315366775,789,4226.0,9
402907083520,camera-0089-event-0049-rel-m02-set-11-ts-68016914.vi,3,2,14,100.03232531465063,73.25333701565336,946,4226.0,9
402907083520,camera-0089-event-0049-rel-m02-set-11-ts-68016914.vi,4,2,14,61.728912207824415,60.93665943714701,992,4226.0,9
402907083520,camera-0089-event-0049-rel-m02-set-11-ts-68016914.vi,5,2,14,88.20701841403682,75.68111260891699,897,4226.0,9
402907083520,camera-0089-event-0049-rel-m02-set-11-ts-68016914.vi,6,2,14,99.26634478268957,73.19939237555666,949,4226.0,9
402907083520,camera-0089-event-0049-rel-m02-set-11-ts-68016914.vi,7,2,14,58.39407278814558,59.04256757626485,742,4226.0,9
402907100063,camera-0090-event-0049-rel-m01-set-11-ts-68033379.vi,0,2,14,24.33478516957034,13.464797722801238,183,6436.0,9
402907100063,camera-0090-event-0049-rel-m01-set-11-ts-68033379.vi,1,2,14,21.53955607911216,10.565794508306595,135,6436.0,9
402907100063,camera-0090-event-0049-rel-m01-set-11-ts-68033379.vi,2,2,14,84.95905666811333,75.30344130989947,738,6436.0,9
402907100063,camera-0090-event-0049-rel-m01-set-11-ts-68033379.vi,3,2,14,98.89672329344658,73.51772166052217,930,6436.0,9
402907100063,camera-0090-event-0049-rel-m01-set-11-ts-68033379.vi,4,2,14,59.22301444602889,60.07901663337053,892,6436.0,9
402907100063,camera-0090-event-0049-rel-m01-set-11-ts-68033379.vi,5,2,14,86.34723169446339,76.06257002902687,865,6436.0,9
402907100063,camera-0090-event-0049-rel-m01-set-11-ts-68033379.vi,6,2,14,97.26681753363506,73.47397199958125,887,6436.0,9
402907100063,camera-0090-event-0049-rel-m01-set-11-ts-68033379.vi,7,2,14,56.03081406162812,57.99524393337908,698,6436.0,9
402907117014,camera-0091-event-0049-rel-p01-set-11-ts-68050062.vi,0,2,12,24.72247194494389,13.764209630038112,183,4353.0,9
402907117014,camera-0091-event-0049-rel-p01-set-11-ts-68050062.vi,1,2,12,21.833444416888835,10.841396548183921,134,4353.0,9
402907117014,camera-0091-event-0049-rel-p01-set-11-ts-68050062.vi,2,2,12,86.29342333684667,75.25994826125789,785,4353.0,9
402907117014,camera-0091-event-0049-rel-p01-set-11-ts-68050062.vi,3,2,12,99.49291648583298,73.35847539143484,987,4353.0,9
402907117014,camera-0091-event-0049-rel-p01-set-11-ts-68050062.vi,4,2,12,60.77219604439209,60.71979584327349,922,4353.0,9
402907117014,camera-0091-event-0049-rel-p01-set-11-ts-68050062.vi,5,2,12,87.28096131192262,75.93288252301751,914,4353.0,9
402907117014,camera-0091-event-0049-rel-p01-set-11-ts-68050062.vi,6,2,12,98.5479028458057,73.33432038048109,923,4353.0,9
402907117014,camera-0091-event-0049-rel-p01-set-11-ts-68050062.vi,7,2,12,57.445509641019285,58.81743658379214,766,4353.0,9
402907133625,camera-0092-event-0049-rel-p02-set-11-ts-68066668.vi,0,2,12,24.52240529481059,13.586064060869203,182,3967.0,8
402907133625,camera-0092-event-0049-rel-p02-set-11-ts-68066668.vi,1,2,12,21.701895653791308,10.67138835782687,132,3967.0,8
402907133625,camera-0092-event-0049-rel-p02-set-11-ts-68066668.vi,2,2,12,85.0003797507595,75.23577171099183,757,3967.0,8
402907133625,camera-0092-event-0049-rel-p02-set-11-ts-68066668.vi,3,2,12,98.54681009362018,73.69278704237777,1013,3967.0,8
402907133625,camera-0092-event-0049-rel-p02-set-11-ts-68066668.vi,4,2,12,59.033456816913635,59.92894819159855,916,3967.0,8
402907133625,camera-0092-event-0049-rel-p02-set-11-ts-68066668.vi,5,2,12,86.20714241428483,76.05106673897167,903,3967.0,8
402907133625,camera-0092-event-0049-rel-p02-set-11-ts-68066668.vi,6,2,12,97.25492125984252,73.44706456335635,889,3967.0,8
402907133625,camera-0092-event-0049-rel-p02-set-11-ts-68066668.vi,7,2,12,56.10535371070742,58.186427110954654,753,3967.0,8
402907153268,camera-0093-event-0049-rel-p03-set-11-ts-68083352.vi,0,2,12,24.36783898567797,13.466028912381548,176,1485.0,9
402907153268,camera-0093-event-0049-rel-p03-set-11-ts-68083352.vi,1,2,12,21.581855663711327,10.57009243656021,133,1485.0,9
402907153268,camera-0093-event-0049-rel-p03-set-11-ts-68083352.vi,2,2,12,84.84286068572138,75.61749785464511,787,1485.0,9
402907153268,camera-0093-event-0049-rel-p03-set-11-ts-68083352.vi,3,2,12,98.71698493396987,73.59534311137934,950,1485.0,9
402907153268,camera-0093-event-0049-rel-p03-set-11-ts-68083352.vi,4,2,12,58.88577252154504,59.973173614728516,954,1485.0,9
402907153268,camera-0093-event-0049-rel-p03-set-11-ts-68083352.vi,5,2,12,86.11917973835948,76.26886840709615,866,1485.0,9
402907153268,camera-0093-event-0049-rel-p03-set-11-ts-68083352.vi,6,2,12,97.07763965527931,73.58227504839998,887,1485.0,9
402907153268,camera-0093-event-0049-rel-p03-set-11-ts-68083352.vi,7,2,12,55.53000031000062,57.772172823350736,661,1485.0,9
402907419761,camera-0094-event-0000-rel-p00-set-11-ts-68350302.vi,0,2,12,24.548274846549692,13.517800468482678,189,3122.0,8
402907419761,camera-0094-event-0000-rel-p00-set-11-ts-68350302.vi,1,2,12,21.771932543865088,10.720152339533895,136,3122.0,8
402907419761,camera-0094-event-0000-rel-p00-set-11-ts-68350302.vi,2,2,12,84.45507316014633,75.62319164659296,756,3122.0,8
402907419761,camera-0094-event-0000-rel-p00-set-11-ts-68350302.vi,3,2,12,97.88887252774505,73.741002447285,977,3122.0,8
402907419761,camera-0094-event-0000-rel-p00-set-11-ts-68350302.vi,4,2,12,58.32729090458181,59.847710040776086,906,3122.0,8
402907419761,camera-0094-event-0000-rel-p00-set-11-ts-68350302.vi,5,2,12,85.51916578833158,76.21911219884039,865,3122.0,8
402907419761,camera-0094-event-0000-rel-p00-set-11-ts-68350302.vi,6,2,12,96.77352129704259,73.77458011488126,906,3122.0,8
402907419761,camera-0094-event-0000-rel-p00-set-11-ts-68350302.vi,7,2,12,55.44026288052576,58.15366668303549,738,3122.0,8
402908085650,camera-0095-event-0050-rel-m02-set-11-ts-69017444.vi,0,2,12,24.011927273854546,13.200245697841986,181,2764.0,7
402908085650,camera-0095-event-0050-rel-m02-set-11-ts-69017444.vi,1,2,12,21.38000651001302,10.536817457857088,135,2764.0,7
402908085650,camera-0095-event-0050-rel-m02-set-11-ts-69017444.vi,2,2,12,81.45904116808234,75.90541897745314,730,2764.0,7
402908085650,camera-0095-event-0050-rel-m02-set-11-ts-69017444.vi,3,2,12,95.34716969433939,74.27849390660597,909,2764.0,7
402908085650,camera-0095-event-0050-rel-m02-set-11-ts-69017444.vi,4,2,12,55.79240808481617,59.07176297207745,891,2764.0,7
402908085650,camera-0095-event-0050-rel-m02-set-11-ts-69017444.vi,5,2,12,83.3272599045198,76.95143122752577,866,2764.0,7
402908085650,camera-0095-event-0050-rel-m02-set-11-ts-69017444.vi,6,2,12,94.17108159216319,74.25256397784439,883,2764.0,7
402908085650,camera-0095-event-0050-rel-m02-set-11-ts-69017444.vi,7,2,12,52.547112344224686,56.87920696018739,653,2764.0,7
402908101298,camera-0096-event-0050-rel-m01-set-11-ts-69034103.vi,0,2,12,24.12749550499101,13.29080725425782,179,5557.0,6
402908101298,camera-0096-event-0050-rel-m01-set-11-ts-69034103.vi,1,2,12,21.473091946183892,10.633733122034242,134,5557.0,6
402908101298,camera-0096-event-0050-rel-m01-set-11-ts-69034103.vi,2,2,12,82.10319920639841,75.86048239413375,720,5557.0,6
402908101298,camera-0096-event-0050-rel-m01-set-11-ts-69034103.vi,3,2,12,95.33177816355632,74.27860546343611,876,5557.0,6
402908101298,camera-0096-event-0050-rel-m01-set-11-ts-69034103.vi,4,2,12,56.21352067704135,59.29195450761762,860,5557.0,6
402908101298,camera-0096-event-0050-rel-m01-set-11-ts-69034103.vi,5,2,12,83.4015360530721,76.72715341704453,869,5557.0,6
402908101298,camera-0096-event-0050-rel-m01-set-11-ts-69034103.vi,6,2,12,94.51350052700106,74.1987601961661,873,5557.0,6
402908101298,camera-0096-event-0050-rel-m01-set-11-ts-69034103.vi,7,2,12,52.93430311860624,57.12109222797444,683,5557.0,6
402908117752,camera-0097-event-0050-rel-p01-set-11-ts-69050786.vi,0,2,12,24.34202368404737,13.420414384383053,177,4766.0,6
402908117752,camera-0097-event-0050-rel-p01-set-11-ts-69050786.vi,1,2,12,21.646018042036083,10.777625345522948,135,4766.0,6
402908117752,camera-0097-event-0050-rel-p01-set-11-ts-69050786.vi,2,2,12,82.90622481244962,76.03032390732065,716,4766.0,6
402908117752,camera-0097-event-0050-rel-p01-set-11-ts-69050786.vi,3,2,12,95.8241753983508,74.22609623001877,925,4766.0,6
402908117752,camera-0097-event-0050-rel-p01-set-11-ts-69050786.vi,4,2,12,57.03123256246513,59.77434446293413,925,4766.0,6
402908117752,camera-0097-event-0050-rel-p01-set-11-ts-69050786.vi,5,2,12,83.95905666811333,76.64198744412494,845,4766.0,6
402908117752,camera-0097-event-0050-rel-p01-set-11-ts-69050786.vi,6,2,12,94.97922220844441,74.10464209164093,835,4766.0,6
402908117752,camera-0097-event-0050-rel-p01-set-11-ts-69050786.vi,7,2,12,53.625418500837,57.456309594213685,712,4766.0,6
402908134766,camera-0098-event-0050-rel-p02-set-11-ts-69067508.vi,0,2,4,24.044159588319175,13.168242127932684,177,3933.0,6
402908134766,camera-0098-event-0050-rel-p02-set-11-ts-69067508.vi,1,2,4,21.40962706925414,10.542612486622044,135,3933.0,6
402908134766,camera-0098-event-0050-rel-p02-set-11-ts-69067508.vi,2,2,4,81.81534813069626,75.92328734615275,724,3933.0,6
402908134766,camera-0098-event-0050-rel-p02-set-11-ts-69067508.vi,3,2,4,95.4718674437349,74.38596658379126,892,3933.0,6
402908134766,camera-0098-event-0050-rel-p02-set-11-ts-69067508.vi,4,2,4,55.76581003162006,59.11197022277677,873,3933.0,6
402908134766,camera-0098-event-0050-rel-p02-set-11-ts-69067508.vi,5,2,4,83.21228067456136,76.83489614073714,900,3933.0,6
402908134766,camera-0098-event-0050-rel-p02-set-11-ts-69067508.vi,6,2,4,94.36459172918346,74.24934814237943,843,3933.0,6
402908134766,camera-0098-event-0050-rel-p02-set-11-ts-69067508.vi,7,2,4,52.692394134788266,56.944811242939295,673,3933.0,6
402908152885,camera-0099-event-0050-rel-p03-set-11-ts-69084190.vi,0,2,4,24.145080290160582,13.273435091175974,177,3063.0,6
402908152885,camera-0099-event-0050-rel-p03-set-11-ts-69084190.vi,1,2,4,21.482833715667432,10.64388335635906,134,3063.0,6
402908152885,camera-0099-event-0050-rel-p03-set-11-ts-69084190.vi,2,2,4,81.80935736871474,75.64834801272887,713,3063.0,6
402908152885,camera-0099-event-0050-rel-p03-set-11-ts-69084190.vi,3,2,4,95.83583917167834,74.1916003807943,873,3063.0,6
402908152885,camera-0099-event-0050-rel-p03-set-11-ts-69084190.vi,4,2,4,56.34098518197036,59.29583037473393,862,3063.0,6
402908152885,camera-0099-event-0050-rel-p03-set-11-ts-69084190.vi,5,2,4,83.73105121210243,76.57647629238106,838,3063.0,6
402908152885,camera-0099-event-0050-rel-p03-set-11-ts-69084190.vi,6,2,4,94.46169942339884,74.26007059103118,863,3063.0,6
402908152885,camera-0099-event-0050-rel-p03-set-11-ts-69084190.vi,7,2,4,53.05625736251473,57.20306440870671,659,3063.0,6
402908418090,camera-0100-event-0000-rel-p00-set-11-ts-69351129.vi,0,2,4,24.3507424514849,13.505130525317698,186,3553.0,7
402908418090,camera-0100-event-0000-rel-p00-set-11-ts-69351129.vi,1,2,4,21.630611011222022,10.756078731783502,137,3553.0,7
402908418090,camera-0100-event-0000-rel-p00-set-11-ts-69351129.vi,2,2,4,82.79753084506169,75.8292520451324,743,3553.0,7
402908418090,camera-0100-event-0000-rel-p00-set-11-ts-69351129.vi,3,2,4,96.09499968999938,74.2815043571462,941,3553.0,7
402908418090,camera-0100-event-0000-rel-p00-set-11-ts-69351129.vi,4,2,4,57.000868001736,59.59156676121407,902,3553.0,7
402908418090,camera-0100-event-0000-rel-p00-set-11-ts-69351129.vi,5,2,4,84.04691859383719,76.44992418133435,856,3553.0,7
402908418090,camera-0100-event-0000-rel-p00-set-11-ts-69351129.vi,6,2,4,94.90891406782814,74.27101016201041,904,3553.0,7
402908418090,camera-0100-event-0000-rel-p00-set-11-ts-69351129.vi,7,2,4,53.53541757083514,57.342496448288536,723,3553.0,7
402909085649,camera-0101-event-0051-rel-m02-set-11-ts-70018435.vi,0,2,4,23.921345092690185,13.249684799127255,187,3372.0,7
402909085649,camera-0101-event-0051-rel-m02-set-11-ts-70018435.vi,1,2,4,21.278930807861617,10.498139831985014,134,3372.0,7
402909085649,camera-0101-event-0051-rel-m02-set-11-ts-70018435.vi,2,2,4,80.80266910533821,75.95659391984485,705,3372.0,7
402909085649,camera-0101-event-0051-rel-m02-set-11-ts-70018435.vi,3,2,4,94.59310093620188,74.34417769971317,878,3372.0,7
402909085649,camera-0101-event-0051-rel-m02-set-11-ts-70018435.vi,4,2,4,55.05210335420671,59.003894103821224,871,3372.0,7
402909085649,camera-0101-event-0051-rel-m02-set-11-ts-70018435.vi,5,2,4,82.27004929009858,76.73616427509644,815,3372.0,7
402909085649,camera-0101-event-0051-rel-m02-set-11-ts-70018435.vi,6,2,4,93.2492017484035,74.34121063443877,867,3372.0,7
402909085649,camera-0101-event-0051-rel-m02-set-11-ts-70018435.vi,7,2,4,51.96259067518135,56.834738287161734,708,3372.0,7
402909102091,camera-0102-event-0051-rel-m01-set-11-ts-70035119.vi,0,2,4,24.203817657635316,13.488470171712375,187,7178.0,6
402909102091,camera-0102-event-0051-rel-m01-set-11-ts-70035119.vi,1,2,4,21.498783247566497,10.729949244201393,136,7178.0,6
402909102091,camera-0102-event-0051-rel-m01-set-11-ts-70035119.vi,2,2,4,81.78928482856966,76.10537976393645,770,7178.0,6
402909102091,camera-0102-event-0051-rel-m01-set-11-ts-70035119.vi,3,2,4,94.86441347882696,74.48312848595245,971,7178.0,6
402909102091,camera-0102-event-0051-rel-m01-set-11-ts-70035119.vi,4,2,4,56.053947857895714,59.54792447512397,902,7178.0,6
402909102091,camera-0102-event-0051-rel-m01-set-11-ts-70035119.vi,5,2,4,82.99655124310249,76.76833313359126,884,7178.0,6
402909102091,camera-0102-event-0051-rel-m01-set-11-ts-70035119.vi,6,2,4,93.58062341124682,74.35353642749831,891,7178.0,6
402909102091,camera-0102-event-0051-rel-m01-set-11-ts-70035119.vi,7,2,4,52.9009858019716,57.47462496070092,681,7178.0,6
402909119312,camera-0103-event-0051-rel-p01-set-11-ts-70051802.vi,0,2,14,24.139019778039557,13.404779965229517,185,4328.0,7
402909119312,camera-0103-event-0051-rel-p01-set-11-ts-70051802.vi,1,2,14,21.452128154256307,10.67362708471674,136,4328.0,7
402909119312,camera-0103-event-0051-rel-p01-set-11-ts-70051802.vi,2,2,14,81.58513392026784,75.8873175504316,724,4328.0,7
402909119312,camera-0103-event-0051-rel-p01-set-11-ts-70051802.vi,3,2,14,94.73115971231942,74.42997463009455,943,4328.0,7
402909119312,camera-0103-event-0051-rel-p01-set-11-ts-70051802.vi,4,2,14,56.05655186310373,59.61066683913524,938,4328.0,7
402909119312,camera-0103-event-0051-rel-p01-set-11-ts-70051802.vi,5,2,14,82.87654225308451,76.67143071073987,871,4328.0,7
402909119312,camera-0103-event-0051-rel-p01-set-11-ts-70051802.vi,6,2,14,93.70747566495133,74.43909908303223,942,4328.0,7
402909119312,camera-0103-event-0051-rel-p01-set-11-ts-70051802.vi,7,2,14,52.59693719387439,57.227086166237925,733,4328.0,7
402909135444,camera-0104-event-0051-rel-p02-set-11-ts-70068467.vi,0,2,14,23.91981833963668,13.233126374574788,184,3690.0,7
402909135444,camera-0104-event-0051-rel-p02-set-11-ts-70068467.vi,1,2,14,21.283890817781636,10.50924641938174,135,3690.0,7
402909135444,camera-0104-event-0051-rel-p02-set-11-ts-70068467.vi,2,2,14,80.85271095542191,75.96634635483197,700,3690.0,7
402909135444,camera-0104-event-0051-rel-p02-set-11-ts-70068467.vi,3,2,14,94.43775187550375,74.51778182406105,938,3690.0,7
402909135444,camera-0104-event-0051-rel-p02-set-11-ts-70068467.vi,4,2,14,54.90751131502263,58.99874673299841,877,3690.0,7
402909135444,camera-0104-event-0051-rel-p02-set-11-ts-70068467.vi,5,2,14,81.749286998574,76.591213422589,842,3690.0,7
402909135444,camera-0104-event-0051-rel-p02-set-11-ts-70068467.vi,6,2,14,93.15542656085312,74.39891386491651,927,3690.0,7
402909135444,camera-0104-event-0051-rel-p02-set-11-ts-70068467.vi,7,2,14,52.01078027156054,56.81548729910861,718,3690.0,7
402909152042,camera-0105-event-0051-rel-p03-set-11-ts-70085150.vi,0,2,14,24.220573191146382,13.466106897939083,186,4201.0,6
402909152042,camera-0105-event-0051-rel-p03-set-11-ts-70085150.vi,1,2,14,21.51985553971108,10.728520236296532,137,4201.0,6
402909152042,camera-0105-event-0051-rel-p03-set-11-ts-70085150.vi,2,2,14,81.72866420732842,75.8284820282078,719,4201.0,6
402909152042,camera-0105-event-0051-rel-p03-set-11-ts-70085150.vi,3,2,14,95.01333002666006,74.43827447908878,927,4201.0,6
402909152042,camera-0105-event-0051-rel-p03-set-11-ts-70085150.vi,4,2,14,55.95916516833034,59.504913817594876,890,4201.0,6
402909152042,camera-0105-event-0051-rel-p03-set-11-ts-70085150.vi,5,2,14,83.17342209684419,76.75705879512728,887,4201.0,6
402909152042,camera-0105-event-0051-rel-p03-set-11-ts-70085150.vi,6,2,14,93.65675956351913,74.44306823022012,927,4201.0,6
402909152042,camera-0105-event-0051-rel-p03-set-11-ts-70085150.vi,7,2,14,52.73532922065844,57.31071504792784,704,4201.0,6
402909421182,camera-0106-event-0000-rel-p00-set-11-ts-70352123.vi,0,2,14,24.0500418500837,13.402303395749598,187,2639.0,8
402909421182,camera-0106-event-0000-rel-p00-set-11-ts-70352123.vi,1,2,14,21.368691487382975,10.669252564022406,137,2639.0,8
402909421182,camera-0106-event-0000-rel-p00-set-11-ts-70352123.vi,2,2,14,81.61273172546345,75.82121283846708,716,2639.0,8
402909421182,camera-0106-event-0000-rel-p00-set-11-ts-70352123.vi,3,2,14,94.80593961187923,74.44363901873592,862,2639.0,8
402909421182,camera-0106-event-0000-rel-p00-set-11-ts-70352123.vi,4,2,14,55.874426498853,59.304765653257626,841,2639.0,8
402909421182,camera-0106-event-0000-rel-p00-set-11-ts-70352123.vi,5,2,14,82.86892398784798,76.65520787855964,859,2639.0,8
402909421182,camera-0106-event-0000-rel-p00-set-11-ts-70352123.vi,6,2,14,93.3501767003534,74.29642030030732,911,2639.0,8
402909421182,camera-0106-event-0000-rel-p00-set-11-ts-70352123.vi,7,2,14,52.658999317998635,57.11448219931256,662,2639.0,8
402910086699,camera-0107-event-0052-rel-m02-set-11-ts-71019372.vi,0,2,14,24.09791369582739,13.486052227192099,182,3850.0,8
402910086699,camera-0107-event-0052-rel-m02-set-11-ts-71019372.vi,1,2,14,21.36209622419245,10.756578521751976,137,3850.0,8
402910086699,camera-0107-event-0052-rel-m02-set-11-ts-71019372.vi,2,2,14,82.03643282286565,76.1266605266444,724,3850.0,8
402910086699,camera-0107-event-0052-rel-m02-set-11-ts-71019372.vi,3,2,14,95.65485305970611,74.35485727487787,917,3850.0,8
402910086699,camera-0107-event-0052-rel-m02-set-11-ts-71019372.vi,4,2,14,56.37754200508401,59.3871291125584,869,3850.0,8
402910086699,camera-0107-event-0052-rel-m02-set-11-ts-71019372.vi,5,2,14,83.55850486700973,76.80320451746678,863,3850.0,8
402910086699,camera-0107-event-0052-rel-m02-set-11-ts-71019372.vi,6,2,14,94.06561163122326,74.41490254833302,947,3850.0,8
402910086699,camera-0107-event-0052-rel-m02-set-11-ts-71019372.vi,7,2,14,53.0758571517143,57.334154690852735,699,3850.0,8
402910103317,camera-0108-event-0052-rel-m01-set-11-ts-71036235.vi,0,2,14,24.4504929009858,13.765402138137524,186,6337.0,8
402910103317,camera-0108-event-0052-rel-m01-set-11-ts-71036235.vi,1,2,14,21.598355446710894,10.995673855436827,140,6337.0,8
402910103317,camera-0108-event-0052-rel-m01-set-11-ts-71036235.vi,2,2,14,84.47911370822742,75.93066047516042,787,6337.0,8
402910103317,camera-0108-event-0052-rel-m01-set-11-ts-71036235.vi,3,2,14,97.05363785727572,74.1861799388175,1009,6337.0,8
402910103317,camera-0108-event-0052-rel-m01-set-11-ts-71036235.vi,4,2,14,59.05764461528923,60.743830976741805,948,6337.0,8
402910103317,camera-0108-event-0052-rel-m01-set-11-ts-71036235.vi,5,2,14,85.95198865397731,76.73670674266381,919,6337.0,8
402910103317,camera-0108-event-0052-rel-m01-set-11-ts-71036235.vi,6,2,14,96.10471820943641,74.16614249340415,970,6337.0,8
402910103317,camera-0108-event-0052-rel-m01-set-11-ts-71036235.vi,7,2,14,55.74025048050096,58.62560024207912,723,6337.0,8
402910120146,camera-0109-event-0052-rel-p01-set-11-ts-71052918.vi,0,2,6,24.09259718519437,13.489635010590463,184,3808.0,8
402910120146,camera-0109-event-0052-rel-p01-set-11-ts-71052918.vi,1,2,6,21.318719387438776,10.747231685937201,138,3808.0,8
402910120146,camera-0109-event-0052-rel-p01-set-11-ts-71052918.vi,2,2,6,83.28242606485213,75.816394997579,736,3808.0,8
402910120146,camera-0109-event-0052-rel-p01-set-11-ts-71052918.vi,3,2,6,96.4008773017546,74.4480802220154,978,3808.0,8
402910120146,camera-0109-event-0052-rel-p01-set-11-ts-71052918.vi,4,2,6,57.81857213714427,60.088597527114224,884,3808.0,8
402910120146,camera-0109-event-0052-rel-p01-set-11-ts-71052918.vi,5,2,6,84.64256928513856,76.66817148958638,883,3808.0,8
402910120146,camera-0109-event-0052-rel-p01-set-11-ts-71052918.vi,6,2,6,95.36025172050344,74.30911276987445,959,3808.0,8
402910120146,camera-0109-event-0052-rel-p01-set-11-ts-71052918.vi,7,2,6,54.455623411246826,58.02913687522642,734,3808.0,8
402910136684,camera-0110-event-0052-rel-p02-set-11-ts-71069587.vi,0,2,6,24.04518259036518,13.466323671342423,184,4860.0,9
402910136684,camera-0110-event-0052-rel-p02-set-11-ts-71069587.vi,1,2,6,21.286479322958645,10.6999346721773,138,4860.0,9
402910136684,camera-0110-event-0052-rel-p02-set-11-ts-71069587.vi,2,2,6,83.10951546903094,75.96576951977981,711,4860.0,9
402910136684,camera-0110-event-0052-rel-p02-set-11-ts-71069587.vi,3,2,6,96.08358391716783,74.40194643819495,938,4860.0,9
402910136684,camera-0110-event-0052-rel-p02-set-11-ts-71069587.vi,4,2,6,57.745396490792984,60.08180982069771,934,4860.0,9
402910136684,camera-0110-event-0052-rel-p02-set-11-ts-71069587.vi,5,2,6,84.40248930497862,76.82262587685393,867,4860.0,9
402910136684,camera-0110-event-0052-rel-p02-set-11-ts-71069587.vi,6,2,6,95.45811116622234,74.42262723314732,926,4860.0,9
402910136684,camera-0110-event-0052-rel-p02-set-11-ts-71069587.vi,7,2,6,54.246101742203486,57.75628338008044,683,4860.0,9
402910155507,camera-0111-event-0052-rel-p03-set-11-ts-71086271.vi,0,2,6,24.35236220472441,13.734643857992236,188,1421.0,9
402910155507,camera-0111-event-0052-rel-p03-set-11-ts-71086271.vi,1,2,6,21.52244404488809,10.897149570488333,139,1421.0,9
402910155507,camera-0111-event-0052-rel-p03-set-11-ts-71086271.vi,2,2,6,84.16366482732965,76.05892804134788,735,1421.0,9
402910155507,camera-0111-event-0052-rel-p03-set-11-ts-71086271.vi,3,2,6,96.7262462024924,74.22076268269855,931,1421.0,9
402910155507,camera-0111-event-0052-rel-p03-set-11-ts-71086271.vi,4,2,6,58.716845433690864,60.48696977448082,988,1421.0,9
402910155507,camera-0111-event-0052-rel-p03-set-11-ts-71086271.vi,5,2,6,85.35399745799492,76.64427801206732,926,1421.0,9
402910155507,camera-0111-event-0052-rel-p03-set-11-ts-71086271.vi,6,2,6,95.54312108624217,74.2290527757171,921,1421.0,9
402910155507,camera-0111-event-0052-rel-p03-set-11-ts-71086271.vi,7,2,6,55.42012059024118,58.48892429085345,707,1421.0,9
402910420030,camera-0112-event-0000-rel-p00-set-11-ts-71353028.vi,0,2,6,24.149009548019094,13.561738394855707,188,4303.0,7
402910420030,camera-0112-event-0000-rel-p00-set-11-ts-71353028.vi,1,2,6,21.38543152086304,10.7253200723718,136,4303.0,7
402910420030,camera-0112-event-0000-rel-p00-set-11-ts-71353028.vi,2,2,6,83.72004619009238,76.25311436161782,696,4303.0,7
402910420030,camera-0112-event-0000-rel-p00-set-11-ts-71353028.vi,3,2,6,96.74059923119846,74.4167221686282,884,4303.0,7
402910420030,camera-0112-event-0000-rel-p00-set-11-ts-71353028.vi,4,2,6,57.56706863413727,59.597388113948846,871,4303.0,7
402910420030,camera-0112-event-0000-rel-p00-set-11-ts-71353028.vi,5,2,6,84.86585498170996,76.96198801808109,851,4303.0,7
402910420030,camera-0112-event-0000-rel-p00-set-11-ts-71353028.vi,6,2,6,95.49119598239197,74.37530921187938,875,4303.0,7
402910420030,camera-0112-event-0000-rel-p00-set-11-ts-71353028.vi,7,2,6,54.69031713063426,58.016420251272535,716,4303.0,7
402911087848,camera-0113-event-0053-rel-m02-set-11-ts-72021003.vi,0,2,6,24.419415338830678,13.526822874394643,192,3829.0,8
402911087848,camera-0113-event-0053-rel-m02-set-11-ts-72021003.vi,1,2,6,21.543059086118173,10.926407950080952,145,3829.0,8
402911087848,camera-0113-event-0053-rel-m02-set-11-ts-72021003.vi,2,2,6,83.61598673197346,74.56515497220927,879,3829.0,8
402911087848,camera-0113-event-0053-rel-m02-set-11-ts-72021003.vi,3,2,6,97.0006432512865,74.07477432284631,1078,3829.0,8
402911087848,camera-0113-event-0053-rel-m02-set-11-ts-72021003.vi,4,2,6,61.10841496682993,61.95133382667398,1029,3829.0,8
402911087848,camera-0113-event-0053-rel-m02-set-11-ts-72021003.vi,5,2,6,84.78477431954865,75.2546843378148,932,3829.0,8
402911087848,camera-0113-event-0053-rel-m02-set-11-ts-72021003.vi,6,2,6,95.97678095356191,73.83478623947035,965,3829.0,8
402911087848,camera-0113-event-0053-rel-m02-set-11-ts-72021003.vi,7,2,6,57.448222146444294,60.08983332174737,777,3829.0,8
402911104176,camera-0114-event-0053-rel-m01-set-11-ts-72037699.vi,0,2,6,24.53456506913014,13.53231042746347,191,6608.0,9
402911104176,camera-0114-event-0053-rel-m01-set-11-ts-72037699.vi,1,2,6,21.648056296112593,10.991008255912998,143,6608.0,9
402911104176,camera-0114-event-0053-rel-m01-set-11-ts-72037699.vi,2,2,6,84.14514229028458,74.855359720647,841,6608.0,9
402911104176,camera-0114-event-0053-rel-m01-set-11-ts-72037699.vi,3,2,6,97.00944726889453,74.07126883350267,1026,6608.0,9
402911104176,camera-0114-event-0053-rel-m01-set-11-ts-72037699.vi,4,2,6,61.55604036208072,62.50214199145183,1057,6608.0,9
402911104176,camera-0114-event-0053-rel-m01-set-11-ts-72037699.vi,5,2,6,85.60491970983942,75.5444412965092,935,6608.0,9
402911104176,camera-0114-event-0053-rel-m01-set-11-ts-72037699.vi,6,2,6,96.23026846053692,73.95127606826398,949,6608.0,9
402911104176,camera-0114-event-0053-rel-m01-set-11-ts-72037699.vi,7,2,6,58.071726393452785,60.33738116444815,754,6608.0,9
402911123929,camera-0115-event-0053-rel-p01-set-11-ts-72054382.vi,0,2,10,24.046306342612684,13.177302484178009,189,640.0,8
402911123929,camera-0115-event-0053-rel-p01-set-11-ts-72054382.vi,1,2,10,21.258757517515036,10.551649200747818,135,640.0,8
402911123929,camera-0115-event-0053-rel-p01-set-11-ts-72054382.vi,2,2,10,82.81919213838428,74.55862809937297,798,640.0,8
402911123929,camera-0115-event-0053-rel-p01-set-11-ts-72054382.vi,3,2,10,96.36291772583544,74.04155204876888,980,640.0,8
402911123929,camera-0115-event-0053-rel-p01-set-11-ts-72054382.vi,4,2,10,60.071059892119784,61.698155981979994,962,640.0,8
402911123929,camera-0115-event-0053-rel-p01-set-11-ts-72054382.vi,5,2,10,84.3248961497923,75.39596282166166,890,640.0,8
402911123929,camera-0115-event-0053-rel-p01-set-11-ts-72054382.vi,6,2,10,95.2748620497241,73.87492759397179,930,640.0,8
402911123929,camera-0115-event-0053-rel-p01-set-11-ts-72054382.vi,7,2,10,56.58190991381983,59.38533557634914,724,640.0,8
402911137421,camera-0116-event-0053-rel-p02-set-11-ts-72071053.vi,0,2,10,24.063588877177754,13.111425915275785,186,3582.0,8
402911137421,camera-0116-event-0053-rel-p02-set-11-ts-72071053.vi,1,2,10,21.296771343542687,10.58323765232723,137,3582.0,8
402911137421,camera-0116-event-0053-rel-p02-set-11-ts-72071053.vi,2,2,10,82.7231849463699,74.71313952167833,813,3582.0,8
402911137421,camera-0116-event-0053-rel-p02-set-11-ts-72071053.vi,3,2,10,95.93721712443426,74.10456726843628,968,3582.0,8
402911137421,camera-0116-event-0053-rel-p02-set-11-ts-72071053.vi,4,2,10,59.63016926033852,61.316602102929174,941,3582.0,8
402911137421,camera-0116-event-0053-rel-p02-set-11-ts-72071053.vi,5,2,10,84.28463481926964,75.65160588026296,931,3582.0,8
402911137421,camera-0116-event-0053-rel-p02-set-11-ts-72071053.vi,6,2,10,95.37767375534752,74.00671305230999,983,3582.0,8
402911137421,camera-0116-event-0053-rel-p02-set-11-ts-72071053.vi,7,2,10,56.09805319610639,59.172057411034125,695,3582.0,8
402911154378,camera-0117-event-0053-rel-p03-set-11-ts-72087737.vi,0,2,10,24.346619443238886,13.36032495669266,192,3739.0,9
402911154378,camera-0117-event-0053-rel-p03-set-11-ts-72087737.vi,1,2,10,21.51788703577407,10.741968061502826,140,3739.0,9
402911154378,camera-0117-event-0053-rel-p03-set-11-ts-72087737.vi,2,2,10,83.31935488870978,74.60284294567724,788,3739.0,9
402911154378,camera-0117-event-0053-rel-p03-set-11-ts-72087737.vi,3,2,10,96.37937875875751,74.07535810823069,1016,3739.0,9
402911154378,camera-0117-event-0053-rel-p03-set-11-ts-72087737.vi,4,2,10,60.57094364188728,61.86221428203854,996,3739.0,9
402911154378,camera-0117-event-0053-rel-p03-set-11-ts-72087737.vi,5,2,10,84.79084258168517,75.39950529965469,929,3739.0,9
402911154378,camera-0117-event-0053-rel-p03-set-11-ts-72087737.vi,6,2,10,95.5505688511377,73.96744591820459,985,3739.0,9
402911154378,camera-0117-event-0053-rel-p03-set-11-ts-72087737.vi,7,2,10,56.755758261516526,59.65469733146182,743,3739.0,9
402911422791,camera-0118-event-0000-rel-p00-set-11-ts-72354224.vi,0,2,10,23.829026908053816,12.978101820857614,189,4164.0,8
402911422791,camera-0118-event-0000-rel-p00-set-11-ts-72354224.vi,1,2,10,21.23044671089342,10.45723789426723,136,4164.0,8
402911422791,camera-0118-event-0000-rel-p00-set-11-ts-72354224.vi,2,2,10,79.81346487692976,74.97499217716769,672,4164.0,8
402911422791,camera-0118-event-0000-rel-p00-set-11-ts-72354224.vi,3,2,10,93.80518786037572,74.32306175670628,852,4164.0,8
402911422791,camera-0118-event-0000-rel-p00-set-11-ts-72354224.vi,4,2,10,55.350455700911404,59.546740311085884,858,4164.0,8
402911422791,camera-0118-event-0000-rel-p00-set-11-ts-72354224.vi,5,2,10,81.05615661231323,75.64192321617884,829,4164.0,8
402911422791,camera-0118-event-0000-rel-p00-set-11-ts-72354224.vi,6,2,10,92.82706615413231,74.20913738844368,835,4164.0,8
402911422791,camera-0118-event-0000-rel-p00-set-11-ts-72354224.vi,7,2,10,52.169035588071175,57.23556661375235,678,4164.0,8
402912088348,camera-0119-event-0054-rel-m02-set-11-ts-73022361.vi,0,2,10,25.041733833467667,14.062803172393961,202,4038.0,8
402912088348,camera-0119-event-0054-rel-m02-set-11-ts-73022361.vi,1,2,10,21.65744931489863,11.157991273717553,147,4038.0,8
402912088348,camera-0119-event-0054-rel-m02-set-11-ts-73022361.vi,2,2,10,93.98539122078245,74.31020208454734,1141,4038.0,8
402912088348,camera-0119-event-0054-rel-m02-set-11-ts-73022361.vi,3,2,10,105.80508711017423,72.57520103217746,1234,4038.0,8
402912088348,camera-0119-event-0054-rel-m02-set-11-ts-73022361.vi,4,2,10,72.56079887159774,64.89772586874098,1228,4038.0,8
402912088348,camera-0119-event-0054-rel-m02-set-11-ts-73022361.vi,5,2,10,95.67869985739972,74.98102543466035,1227,4038.0,8
402912088348,camera-0119-event-0054-rel-m02-set-11-ts-73022361.vi,6,2,10,105.13515252030504,72.51667462328223,1183,4038.0,8
402912088348,camera-0119-event-0054-rel-m02-set-11-ts-73022361.vi,7,2,10,69.05853586707174,63.47898463642988,1013,4038.0,8
402912105099,camera-0120-event-0054-rel-m01-set-11-ts-73038834.vi,0,2,10,25.154450058900117,14.119247861813877,202,7227.0,8
402912105099,camera-0120-event-0054-rel-m01-set-11-ts-73038834.vi,1,2,10,21.81479787959576,11.24800229055402,151,7227.0,8
402912105099,camera-0120-event-0054-rel-m01-set-11-ts-73038834.vi,2,2,10,93.10442370884742,74.19588081065079,1050,7227.0,8
402912105099,camera-0120-event-0054-rel-m01-set-11-ts-73038834.vi,3,2,10,104.84151993303986,72.58889442031608,1168,7227.0,8
402912105099,camera-0120-event-0054-rel-m01-set-11-ts-73038834.vi,4,2,10,71.48882447764896,64.8862639166599,1263,7227.0,8
402912105099,camera-0120-event-0054-rel-m01-set-11-ts-73038834.vi,5,2,10,94.32326089652179,74.89738363312784,1220,7227.0,8
402912105099,camera-0120-event-0054-rel-m01-set-11-ts-73038834.vi,6,2,10,104.08262291524584,72.72417927230276,1199,7227.0,8
402912105099,camera-0120-event-0054-rel-m01-set-11-ts-73038834.vi,7,2,10,68.08545942091884,63.29871285741979,963,7227.0,8
402912122099,camera-0121-event-0054-rel-p01-set-11-ts-73055517.vi,0,2,12,24.707599665199332,13.688694157073561,200,4034.0,9
402912122099,camera-0121-event-0054-rel-p01-set-11-ts-73055517.vi,1,2,12,21.486460722921446,10.942249707167175,147,4034.0,9
402912122099,camera-0121-event-0054-rel-p01-set-11-ts-73055517.vi,2,2,12,92.11674623349246,74.53697022527871,994,4034.0,9
402912122099,camera-0121-event-0054-rel-p01-set-11-ts-73055517.vi,3,2,12,104.58161541323082,72.66995897744488,1088,4034.0,9
402912122099,camera-0121-event-0054-rel-p01-set-11-ts-73055517.vi,4,2,12,70.39360778721557,64.32420440569975,1152,4034.0,9
402912122099,camera-0121-event-0054-rel-p01-set-11-ts-73055517.vi,5,2,12,93.43900737801475,74.84565317472419,1122,4034.0,9
402912122099,camera-0121-event-0054-rel-p01-set-11-ts-73055517.vi,6,2,12,103.87080724161449,72.6688805493587,1076,4034.0,9
402912122099,camera-0121-event-0054-rel-p01-set-11-ts-73055517.vi,7,2,12,66.8494171988344,62.74683122433356,874,4034.0,9
402912138681,camera-0122-event-0054-rel-p02-set-11-ts-73072190.vi,0,2,12,25.307055614111228,14.252849533544117,205,4185.0,8
402912138681,camera-0122-event-0054-rel-p02-set-11-ts-73072190.vi,1,2,12,21.952104904209808,11.385504131297646,150,4185.0,8
402912138681,camera-0122-event-0054-rel-p02-set-11-ts-73072190.vi,2,2,12,93.00898226796454,74.24896081687197,1102,4185.0,8
402912138681,camera-0122-event-0054-rel-p02-set-11-ts-73072190.vi,3,2,12,104.92816510633021,72.9125167442365,1238,4185.0,8
402912138681,camera-0122-event-0054-rel-p02-set-11-ts-73072190.vi,4,2,12,71.75387500775001,65.02025321294897,1260,4185.0,8
402912138681,camera-0122-event-0054-rel-p02-set-11-ts-73072190.vi,5,2,12,94.59647219294439,74.74056059086924,1243,4185.0,8
402912138681,camera-0122-event-0054-rel-p02-set-11-ts-73072190.vi,6,2,12,104.00620776241553,72.7787177284491,1226,4185.0,8
402912138681,camera-0122-event-0054-rel-p02-set-11-ts-73072190.vi,7,2,12,68.21624868249737,63.50041636443498,980,4185.0,8
402912157284,camera-0123-event-0054-rel-p03-set-11-ts-73088873.vi,0,2,12,25.265910781821564,14.210835751046933,203,3759.0,8
402912157284,camera-0123-event-0054-rel-p03-set-11-ts-73088873.vi,1,2,12,21.91044857089714,11.34611456738456,151,3759.0,8
402912157284,camera-0123-event-0054-rel-p03-set-11-ts-73088873.vi,2,2,12,92.78642507285015,74.07425775755736,1071,3759.0,8
402912157284,camera-0123-event-0054-rel-p03-set-11-ts-73088873.vi,3,2,12,104.7742962985926,72.6557030307561,1126,3759.0,8
402912157284,camera-0123-event-0054-rel-p03-set-11-ts-73088873.vi,4,2,12,71.623945997892,64.92127665846272,1220,3759.0,8
402912157284,camera-0123-event-0054-rel-p03-set-11-ts-73088873.vi,5,2,12,94.47932295864592,74.90014757679073,1243,3759.0,8
402912157284,camera-0123-event-0054-rel-p03-set-11-ts-73088873.vi,6,2,12,103.72785820571642,72.82424083697704,1165,3759.0,8
402912157284,camera-0123-event-0054-rel-p03-set-11-ts-73088873.vi,7,2,12,68.10908921817844,63.548103424013966,976,3759.0,8
402912421998,camera-0124-event-0000-rel-p00-set-11-ts-73355400.vi,0,2,12,24.28204631409263,13.274073948411068,182,3848.0,8
402912421998,camera-0124-event-0000-rel-p00-set-11-ts-73355400.vi,1,2,12,21.406038812077625,10.510394937852007,117,3848.0,8
402912421998,camera-0124-event-0000-rel-p00-set-11-ts-73355400.vi,2,2,12,83.71682218364437,74.71636646214495,781,3848.0,8
402912421998,camera-0124-event-0000-rel-p00-set-11-ts-73355400.vi,3,2,12,97.18345061690124,73.99584967388377,981,3848.0,8
402912421998,camera-0124-event-0000-rel-p00-set-11-ts-73355400.vi,4,2,12,60.418159836319674,61.586562438654994,938,3848.0,8
402912421998,camera-0124-event-0000-rel-p00-set-11-ts-73355400.vi,5,2,12,85.73811922623845,75.71024233503077,957,3848.0,8
402912421998,camera-0124-event-0000-rel-p00-set-11-ts-73355400.vi,6,2,12,96.03039556079112,73.94197827313003,883,3848.0,8
402912421998,camera-0124-event-0000-rel-p00-set-11-ts-73355400.vi,7,2,12,57.251185752371505,59.63297842031894,731,3848.0,8
402913090606,camera-0125-event-0055-rel-m02-set-11-ts-74022769.vi,0,2,12,23.77715605431211,10.628510530909837,66,4572.0,7
402913090606,camera-0125-event-0055-rel-m02-set-11-ts-74022769.vi,1,2,12,21.167005084010167,7.812403738606991,20,4572.0,7
402913090606,camera-0125-event-0055-rel-m02-set-11-ts-74022769.vi,2,2,12,83.03058931117862,75.1284829716654,726,4572.0,7
402913090606,camera-0125-event-0055-rel-m02-set-11-ts-74022769.vi,3,2,12,96.15803831607663,73.84194261194367,826,4572.0,7
402913090606,camera-0125-event-0055-rel-m02-set-11-ts-74022769.vi,4,2,12,58.483608717217436,60.141193334956846,836,4572.0,7
402913090606,camera-0125-event-0055-rel-m02-set-11-ts-74022769.vi,5,2,12,84.44568789137578,75.8916847407961,802,4572.0,7
402913090606,camera-0125-event-0055-rel-m02-set-11-ts-74022769.vi,6,2,12,95.38681102362204,73.84482751282144,802,4572.0,7
402913090606,camera-0125-event-0055-rel-m02-set-11-ts-74022769.vi,7,2,12,55.349370698741396,58.415245797144976,665,4572.0,7
402913105937,camera-0126-event-0055-rel-m01-set-11-ts-74039567.vi,0,2,12,23.4001565503131,10.322364550233239,58,7891.0,7
402913105937,camera-0126-event-0055-rel-m01-set-11-ts-74039567.vi,1,2,12,20.84261268522537,7.517951205073774,10,7891.0,7
402913105937,camera-0126-event-0055-rel-m01-set-11-ts-74039567.vi,2,2,12,82.70435240870482,75.02258353624366,670,7891.0,7
402913105937,camera-0126-event-0055-rel-m01-set-11-ts-74039567.vi,3,2,12,96.35954646909293,73.76501164779273,828,7891.0,7
402913105937,camera-0126-event-0055-rel-m01-set-11-ts-74039567.vi,4,2,12,57.87777450554901,59.77152747319895,807,7891.0,7
402913105937,camera-0126-event-0055-rel-m01-set-11-ts-74039567.vi,5,2,12,84.26147777295554,75.76905928980301,748,7891.0,7
402913105937,camera-0126-event-0055-rel-m01-set-11-ts-74039567.vi,6,2,12,95.50958676917354,73.57392665774614,786,7891.0,7
402913105937,camera-0126-event-0055-rel-m01-set-11-ts-74039567.vi,7,2,12,55.01173352346704,57.92583331838251,623,7891.0,7
402913122619,camera-0127-event-0055-rel-p01-set-11-ts-74056249.vi,0,2,14,23.457661665323332,10.518559537749994,66,4319.0,7
402913122619,camera-0127-event-0055-rel-p01-set-11-ts-74056249.vi,1,2,14,20.894088288176576,7.745650826234466,19,4319.0,7
402913122619,camera-0127-event-0055-rel-p01-set-11-ts-74056249.vi,2,2,14,82.6512338024676,75.03958215342429,692,4319.0,7
402913122619,camera-0127-event-0055-rel-p01-set-11-ts-74056249.vi,3,2,14,95.80983786967575,73.80491904350728,822,4319.0,7
402913122619,camera-0127-event-0055-rel-p01-set-11-ts-74056249.vi,4,2,14,57.80679986359973,59.7774987828252,817,4319.0,7
402913122619,camera-0127-event-0055-rel-p01-set-11-ts-74056249.vi,5,2,14,84.06072137144274,75.95900723228276,779,4319.0,7
402913122619,camera-0127-event-0055-rel-p01-set-11-ts-74056249.vi,6,2,14,95.20811116622234,73.83664881534462,830,4319.0,7
402913122619,camera-0127-event-0055-rel-p01-set-11-ts-74056249.vi,7,2,14,54.9256773513547,58.12370405768109,618,4319.0,7
402913139580,camera-0128-event-0055-rel-p02-set-11-ts-74073021.vi,0,2,14,23.84472843945688,11.03862945493622,86,3526.0,8
402913139580,camera-0128-event-0055-rel-p02-set-11-ts-74073021.vi,1,2,14,21.1752821005642,8.26853794416576,32,3526.0,8
402913139580,camera-0128-event-0055-rel-p02-set-11-ts-74073021.vi,2,2,14,83.78614607229214,74.9100988928389,744,3526.0,8
402913139580,camera-0128-event-0055-rel-p02-set-11-ts-74073021.vi,3,2,14,97.0274815549631,73.59997829944828,882,3526.0,8
402913139580,camera-0128-event-0055-rel-p02-set-11-ts-74073021.vi,4,2,14,59.90253580507161,60.8794736579607,878,3526.0,8
402913139580,camera-0128-event-0055-rel-p02-set-11-ts-74073021.vi,5,2,14,84.52059179118358,75.47859610853878,821,3526.0,8
402913139580,camera-0128-event-0055-rel-p02-set-11-ts-74073021.vi,6,2,14,96.02064604129208,73.67979718462081,842,3526.0,8
402913139580,camera-0128-event-0055-rel-p02-set-11-ts-74073021.vi,7,2,14,56.63997302994606,58.875579706342116,687,3526.0,8
402913157959,camera-0129-event-0055-rel-p03-set-11-ts-74089705.vi,0,2,14,23.44244838489677,10.636346345524414,68,3959.0,8
402913157959,camera-0129-event-0055-rel-p03-set-11-ts-74089705.vi,1,2,14,20.859771219542438,7.883174152416591,20,3959.0,8
402913157959,camera-0129-event-0055-rel-p03-set-11-ts-74089705.vi,2,2,14,82.80231260462521,74.77822499122145,659,3959.0,8
402913157959,camera-0129-event-0055-rel-p03-set-11-ts-74089705.vi,3,2,14,96.44485863971728,73.64212080908848,852,3959.0,8
402913157959,camera-0129-event-0055-rel-p03-set-11-ts-74089705.vi,4,2,14,58.303738607477214,60.01326513135929,871,3959.0,8
402913157959,camera-0129-event-0055-rel-p03-set-11-ts-74089705.vi,5,2,14,84.11596348192697,75.51725006882779,786,3959.0,8
402913157959,camera-0129-event-0055-rel-p03-set-11-ts-74089705.vi,6,2,14,95.75468100936202,73.52991290970893,799,3959.0,8
402913157959,camera-0129-event-0055-rel-p03-set-11-ts-74089705.vi,7,2,14,55.41864808729618,58.30047427568782,626,3959.0,8
402913423320,camera-0130-event-0000-rel-p00-set-11-ts-74356538.vi,0,2,14,23.81529388058776,12.089633525717888,128,3825.0,5
402913423320,camera-0130-event-0000-rel-p00-set-11-ts-74356538.vi,1,2,14,21.160340070680142,9.515571183872362,72,3825.0,5
402913423320,camera-0130-event-0000-rel-p00-set-11-ts-74356538.vi,2,2,14,83.06928513857028,75.07665593969745,679,3825.0,5
402913423320,camera-0130-event-0000-rel-p00-set-11-ts-74356538.vi,3,2,14,96.0235677971356,73.96828073183234,895,3825.0,5
402913423320,camera-0130-event-0000-rel-p00-set-11-ts-74356538.vi,4,2,14,58.62045849091698,60.36361892575665,856,3825.0,5
402913423320,camera-0130-event-0000-rel-p00-set-11-ts-74356538.vi,5,2,14,84.10334645669292,75.93825108281862,840,3825.0,5
402913423320,camera-0130-event-0000-rel-p00-set-11-ts-74356538.vi,6,2,14,95.2983290966582,73.82201904790386,864,3825.0,5
402913423320,camera-0130-event-0000-rel-p00-set-11-ts-74356538.vi,7,2,14,55.53906782813566,58.60573779480011,692,3825.0,5
402914090322,camera-0131-event-0056-rel-m02-set-11-ts-75024261.vi,0,2,14,23.628813007626015,9.448804543542348,0,3787.0,4
402914090322,camera-0131-event-0056-rel-m02-set-11-ts-75024261.vi,1,2,14,20.834072168144335,6.597622645084281,0,3787.0,4
402914090322,camera-0131-event-0056-rel-m02-set-11-ts-75024261.vi,2,2,14,85.67246109492218,74.68777562464876,784,3787.0,4
402914090322,camera-0131-event-0056-rel-m02-set-11-ts-75024261.vi,3,2,14,98.5989599479199,73.72286595466987,882,3787.0,4
402914090322,camera-0131-event-0056-rel-m02-set-11-ts-75024261.vi,4,2,14,63.65776706553413,62.71374649254191,913,3787.0,4
402914090322,camera-0131-event-0056-rel-m02-set-11-ts-75024261.vi,5,2,14,87.16400582801165,75.31932513401624,909,3787.0,4
402914090322,camera-0131-event-0056-rel-m02-set-11-ts-75024261.vi,6,2,14,97.33066216132433,73.60412367447756,893,3787.0,4
402914090322,camera-0131-event-0056-rel-m02-set-11-ts-75024261.vi,7,2,14,59.8005611011222,60.66839174984517,708,3787.0,4
402914106893,camera-0132-event-0056-rel-m01-set-11-ts-75041606.vi,0,2,14,23.319106888213778,8.968610991648548,0,6748.0,3
402914106893,camera-0132-event-0056-rel-m01-set-11-ts-75041606.vi,1,2,14,20.305955111910222,6.030390608238809,0,6748.0,3
402914106893,camera-0132-event-0056-rel-m01-set-11-ts-75041606.vi,2,2,14,91.3994590489181,74.5201709072726,893,6748.0,3
402914106893,camera-0132-event-0056-rel-m01-set-11-ts-75041606.vi,3,2,14,103.45446090892182,72.5391599486428,903,6748.0,3
402914106893,camera-0132-event-0056-rel-m01-set-11-ts-75041606.vi,4,2,14,69.68086211172422,64.35052757703517,1010,6748.0,3
402914106893,camera-0132-event-0056-rel-m01-set-11-ts-75041606.vi,5,2,14,92.33490141980283,75.07178405405625,1007,6748.0,3
402914106893,camera-0132-event-0056-rel-m01-set-11-ts-75041606.vi,6,2,14,102.6981291462583,72.68030480655214,955,6748.0,3
402914106893,camera-0132-event-0056-rel-m01-set-11-ts-75041606.vi,7,2,14,66.68923212846425,62.85397051512651,818,6748.0,3
402914123683,camera-0133-event-0056-rel-p01-set-11-ts-75058289.vi,0,2,14,23.41516058032116,9.019253377144196,0,4069.0,4
402914123683,camera-0133-event-0056-rel-p01-set-11-ts-75058289.vi,1,2,14,20.35988746977494,6.106375937803957,0,4069.0,4
402914123683,camera-0133-event-0056-rel-p01-set-11-ts-75058289.vi,2,2,14,91.60701221402442,74.61117171753062,951,4069.0,4
402914123683,camera-0133-event-0056-rel-p01-set-11-ts-75058289.vi,3,2,14,104.11607198214396,72.6946495905721,1010,4069.0,4
402914123683,camera-0133-event-0056-rel-p01-set-11-ts-75058289.vi,4,2,14,70.27006479012958,64.54326434315935,1052,4069.0,4
402914123683,camera-0133-event-0056-rel-p01-set-11-ts-75058289.vi,5,2,14,92.53966457932916,75.10107501938458,1045,4069.0,4
402914123683,camera-0133-event-0056-rel-p01-set-11-ts-75058289.vi,6,2,14,102.67109709219419,72.8576106958392,1034,4069.0,4
402914123683,camera-0133-event-0056-rel-p01-set-11-ts-75058289.vi,7,2,14,67.25251100502201,63.128377907277645,845,4069.0,4
402914140300,camera-0134-event-0056-rel-p02-set-11-ts-75074976.vi,0,2,12,24.00685101370203,9.570003695592106,0,4616.0,4
402914140300,camera-0134-event-0056-rel-p02-set-11-ts-75074976.vi,1,2,12,20.773653047306095,6.5991365159903745,0,4616.0,4
402914140300,camera-0134-event-0056-rel-p02-set-11-ts-75074976.vi,2,2,12,93.71451267902536,74.64904788316639,1068,4616.0,4
402914140300,camera-0134-event-0056-rel-p02-set-11-ts-75074976.vi,3,2,12,105.53494481988965,72.68223201908226,1160,4616.0,4
402914140300,camera-0134-event-0056-rel-p02-set-11-ts-75074976.vi,4,2,12,72.95206615413231,65.21721769342804,1119,4616.0,4
402914140300,camera-0134-event-0056-rel-p02-set-11-ts-75074976.vi,5,2,12,95.00343325686651,75.20331554220272,1116,4616.0,4
402914140300,camera-0134-event-0056-rel-p02-set-11-ts-75074976.vi,6,2,12,104.43347386694774,72.70854933464678,1136,4616.0,4
402914140300,camera-0134-event-0056-rel-p02-set-11-ts-75074976.vi,7,2,12,69.96400892801786,64.00482812945735,952,4616.0,4
402914158673,camera-0135-event-0056-rel-p03-set-11-ts-75091659.vi,0,2,12,23.4000945501891,9.03763294666689,0,3140.0,4
402914158673,camera-0135-event-0056-rel-p03-set-11-ts-75091659.vi,1,2,12,20.320796391592783,6.08132535686078,0,3140.0,4
402914158673,camera-0135-event-0056-rel-p03-set-11-ts-75091659.vi,2,2,12,91.6776226052452,74.31191129821333,910,3140.0,4
402914158673,camera-0135-event-0056-rel-p03-set-11-ts-75091659.vi,3,2,12,104.10556296112593,72.75582866378977,1027,3140.0,4
402914158673,camera-0135-event-0056-rel-p03-set-11-ts-75091659.vi,4,2,12,70.37116374232748,64.54729549685732,1026,3140.0,4
402914158673,camera-0135-event-0056-rel-p03-set-11-ts-75091659.vi,5,2,12,92.95578616157232,75.05434990859145,1102,3140.0,4
402914158673,camera-0135-event-0056-rel-p03-set-11-ts-75091659.vi,6,2,12,102.82050964101929,72.67355248414603,1052,3140.0,4
402914158673,camera-0135-event-0056-rel-p03-set-11-ts-75091659.vi,7,2,12,67.73367071734144,63.50356372291458,901,3140.0,4
402914426663,camera-0136-event-0000-rel-p00-set-11-ts-75358935.vi,0,2,12,24.78255781511563,11.805037927030808,78,371.0,0
402914426663,camera-0136-event-0000-rel-p00-set-11-ts-75358935.vi,1,2,12,21.153194556389114,8.44430682989821,33,371.0,0
402914426663,camera-0136-event-0000-rel-p00-set-11-ts-75358935.vi,2,2,12,99.3010183520367,73.94042380697792,1293,371.0,0
402914426663,camera-0136-event-0000-rel-p00-set-11-ts-75358935.vi,3,2,12,109.90647281294562,71.89747574620972,1317,371.0,0
402914426663,camera-0136-event-0000-rel-p00-set-11-ts-75358935.vi,4,2,12,80.91079732159464,66.8077522107247,1346,371.0,0
402914426663,camera-0136-event-0000-rel-p00-set-11-ts-75358935.vi,5,2,12,100.69618389236778,74.44819918591769,1477,371.0,0
402914426663,camera-0136-event-0000-rel-p00-set-11-ts-75358935.vi,6,2,12,109.38956227912456,71.93437419024775,1353,371.0,0
402914426663,camera-0136-event-0000-rel-p00-set-11-ts-75358935.vi,7,2,12,78.49277698555397,66.19496131409076,1311,371.0,0
402915074574,camera-0137-event-0057-rel-m02-set-11-ts-76008085.vi,0,2,12,23.85723696447393,12.402054472076804,163,4209.0,11
402915074574,camera-0137-event-0057-rel-m02-set-11-ts-76008085.vi,1,2,12,21.281542563085125,10.137692118490623,111,4209.0,11
402915074574,camera-0137-event-0057-rel-m02-set-11-ts-76008085.vi,2,2,12,83.4009703019406,75.54928359042869,696,4209.0,11
402915074574,camera-0137-event-0057-rel-m02-set-11-ts-76008085.vi,3,2,12,96.05397885795772,73.94506368097608,853,4209.0,11
402915074574,camera-0137-event-0057-rel-m02-set-11-ts-76008085.vi,4,2,12,58.50113150226301,60.03719447683367,805,4209.0,11
402915074574,camera-0137-event-0057-rel-m02-set-11-ts-76008085.vi,5,2,12,84.58590117180235,76.24135462786421,806,4209.0,11
402915074574,camera-0137-event-0057-rel-m02-set-11-ts-76008085.vi,6,2,12,95.17747535495072,74.01703455356873,843,4209.0,11
402915074574,camera-0137-event-0057-rel-m02-set-11-ts-76008085.vi,7,2,12,55.46673693347387,58.452832224262735,667,4209.0,11
402915091235,camera-0138-event-0057-rel-m01-set-11-ts-76024768.vi,0,2,12,23.534014818029636,12.24121504137395,154,3832.0,10
402915091235,camera-0138-event-0057-rel-m01-set-11-ts-76024768.vi,1,2,12,20.98279496558993,9.830816587511565,97,3832.0,10
402915091235,camera-0138-event-0057-rel-m01-set-11-ts-76024768.vi,2,2,12,82.55382385764771,75.50068601148813,719,3832.0,10
402915091235,camera-0138-event-0057-rel-m01-set-11-ts-76024768.vi,3,2,12,95.98136121272242,73.91075555997165,822,3832.0,10
402915091235,camera-0138-event-0057-rel-m01-set-11-ts-76024768.vi,4,2,12,57.51179552359105,59.76164162967348,835,3832.0,10
402915091235,camera-0138-event-0057-rel-m01-set-11-ts-76024768.vi,5,2,12,83.9489583979168,76.27817290338955,817,3832.0,10
402915091235,camera-0138-event-0057-rel-m01-set-11-ts-76024768.vi,6,2,12,95.21290067580135,73.87325129678138,818,3832.0,10
402915091235,camera-0138-event-0057-rel-m01-set-11-ts-76024768.vi,7,2,12,54.22692820385641,57.61029435643702,603,3832.0,10
402915108094,camera-0139-event-0057-rel-p01-set-11-ts-76041384.vi,0,1,255,23.505890011780025,12.328301070376451,154,4529.0,9
402915108094,camera-0139-event-0057-rel-p01-set-11-ts-76041384.vi,1,1,255,20.94037138074276,9.838268064955013,98,4529.0,9
402915108094,camera-0139-event-0057-rel-p01-set-11-ts-76041384.vi,2,1,255,82.7007874015748,75.53314021017886,684,4529.0,9
402915108094,camera-0139-event-0057-rel-p01-set-11-ts-76041384.vi,3,1,255,96.07187364374728,74.01802431182227,814,4529.0,9
402915108094,camera-0139-event-0057-rel-p01-set-11-ts-76041384.vi,4,1,255,57.3998775497551,59.550679442654975,795,4529.0,9
402915108094,camera-0139-event-0057-rel-p01-set-11-ts-76041384.vi,5,1,255,83.7520847541695,76.13764047620863,720,4529.0,9
402915108094,camera-0139-event-0057-rel-p01-set-11-ts-76041384.vi,6,1,255,95.4004278008556,73.96846300663564,790,4529.0,9
402915108094,camera-0139-event-0057-rel-p01-set-11-ts-76041384.vi,7,1,255,54.368776737553475,57.7688116673784,621,4529.0,9
402915125031,camera-0140-event-0057-rel-p02-set-11-ts-76058067.vi,0,1,255,23.861778473556946,12.669827135635176,163,5320.0,10
402915125031,camera-0140-event-0057-rel-p02-set-11-ts-76058067.vi,1,1,255,21.223742947485896,10.211026134707597,114,5320.0,10
402915125031,camera-0140-event-0057-rel-p02-set-11-ts-76058067.vi,2,1,255,83.29090458180916,75.76700383063377,702,5320.0,10
402915125031,camera-0140-event-0057-rel-p02-set-11-ts-76058067.vi,3,1,255,96.3011501023002,74.10880583660402,821,5320.0,10
402915125031,camera-0140-event-0057-rel-p02-set-11-ts-76058067.vi,4,1,255,58.38241676483353,60.20422945116852,846,5320.0,10
402915125031,camera-0140-event-0057-rel-p02-set-11-ts-76058067.vi,5,1,255,84.74244373488747,76.52910411118455,830,5320.0,10
402915125031,camera-0140-event-0057-rel-p02-set-11-ts-76058067.vi,6,1,255,95.53332506665014,74.02088045020567,810,5320.0,10
402915125031,camera-0140-event-0057-rel-p02-set-11-ts-76058067.vi,7,1,255,55.39730454460909,58.4780163738591,674,5320.0,10
402915141643,camera-0141-event-0057-rel-p03-set-11-ts-76074552.vi,0,1,255,23.678072106144214,12.645774836666797,163,5252.0,9
402915141643,camera-0141-event-0057-rel-p03-set-11-ts-76074552.vi,1,1,255,21.089008928017854,10.10659549319766,110,5252.0,9
402915141643,camera-0141-event-0057-rel-p03-set-11-ts-76074552.vi,2,1,255,81.98192696385392,75.63297426757465,675,5252.0,9
402915141643,camera-0141-event-0057-rel-p03-set-11-ts-76074552.vi,3,1,255,95.46622543245087,74.11367635905613,812,5252.0,9
402915141643,camera-0141-event-0057-rel-p03-set-11-ts-76074552.vi,4,1,255,56.83547492094984,59.5416717830786,863,5252.0,9
402915141643,camera-0141-event-0057-rel-p03-set-11-ts-76074552.vi,5,1,255,83.3249813999628,76.36304787776001,737,5252.0,9
402915141643,camera-0141-event-0057-rel-p03-set-11-ts-76074552.vi,6,1,255,94.5240017980036,74.14118296024732,800,5252.0,9
402915141643,camera-0141-event-0057-rel-p03-set-11-ts-76074552.vi,7,1,255,53.796120342240684,57.353565188061026,590,5252.0,9
402915424956,camera-0142-event-0000-rel-p00-set-11-ts-76359422.vi,0,1,255,25.838071176142353,15.359970360187058,212,4338.0,9
402915424956,camera-0142-event-0000-rel-p00-set-11-ts-76359422.vi,1,1,255,22.046810093620188,12.116293572238066,150,4338.0,9
402915424956,camera-0142-event-0000-rel-p00-set-11-ts-76359422.vi,2,1,255,99.71455917911835,74.36881342264071,1299,4338.0,9
402915424956,camera-0142-event-0000-rel-p00-set-11-ts-76359422.vi,3,1,255,109.66464907929816,71.95956392025028,1421,4338.0,9
402915424956,camera-0142-event-0000-rel-p00-set-11-ts-76359422.vi,4,1,255,79.36600998201996,65.92534153125261,1385,4338.0,9
402915424956,camera-0142-event-0000-rel-p00-set-11-ts-76359422.vi,5,1,255,100.87091574183148,74.76618201601286,1481,4338.0,9
402915424956,camera-0142-event-0000-rel-p00-set-11-ts-76359422.vi,6,1,255,109.6245272490545,72.19507407540142,1415,4338.0,9
402915424956,camera-0142-event-0000-rel-p00-set-11-ts-76359422.vi,7,1,255,76.749271498543,65.37234219783268,1266,4338.0,9
402916425864,camera-0143-event-0000-rel-p00-set-11-ts-77358985.vi,0,1,255,24.87206274412549,14.465133790307172,202,4204.0,6
402916425864,camera-0143-event-0000-rel-p00-set-11-ts-77358985.vi,1,1,255,21.83248341496683,11.452812114658702,144,4204.0,6
402916425864,camera-0143-event-0000-rel-p00-set-11-ts-77358985.vi,2,1,255,87.251054002108,76.19885352185189,867,4204.0,6
402916425864,camera-0143-event-0000-rel-p00-set-11-ts-77358985.vi,3,1,255,99.25592876185752,74.26691685063902,1059,4204.0,6
402916425864,camera-0143-event-0000-rel-p00-set-11-ts-77358985.vi,4,1,255,62.83993117986236,62.011694291677934,997,4204.0,6
402916425864,camera-0143-event-0000-rel-p00-set-11-ts-77358985.vi,5,1,255,89.10655496310993,77.05644853745251,1055,4204.0,6
402916425864,camera-0143-event-0000-rel-p00-set-11-ts-77358985.vi,6,1,255,98.46190092380185,74.19422508544291,1018,4204.0,6
402916425864,camera-0143-event-0000-rel-p00-set-11-ts-77358985.vi,7,1,255,59.690937131874264,60.39478755360692,792,4204.0,6
402917429327,camera-0144-event-0000-rel-p00-set-11-ts-78360221.vi,0,1,255,24.286866823733646,13.391233456642187,193,3186.0,7
402917429327,camera-0144-event-0000-rel-p00-set-11-ts-78360221.vi,1,1,255,21.500868001736002,10.733408436218562,143,3186.0,7
402917429327,camera-0144-event-0000-rel-p00-set-11-ts-78360221.vi,2,1,255,84.96982143964289,76.25850685645538,738,3186.0,7
402917429327,camera-0144-event-0000-rel-p00-set-11-ts-78360221.vi,3,1,255,96.99508649017298,74.18664884381289,895,3186.0,7
402917429327,camera-0144-event-0000-rel-p00-set-11-ts-78360221.vi,4,1,255,59.43980562961126,60.54084739688921,868,3186.0,7
402917429327,camera-0144-event-0000-rel-p00-set-11-ts-78360221.vi,5,1,255,85.98598797197594,76.90536542097648,889,3186.0,7
402917429327,camera-0144-event-0000-rel-p00-set-11-ts-78360221.vi,6,1,255,95.61160797321595,74.15936062903162,884,3186.0,7
402917429327,camera-0144-event-0000-rel-p00-set-11-ts-78360221.vi,7,1,255,56.19653264306529,58.72872315463113,699,3186.0,7
402918094216,camera-0145-event-0060-rel-m02-set-11-ts-79029208.vi,0,1,255,26.22203794407589,17.82534360778893,362,3774.0,8
402918094216,camera-0145-event-0060-rel-m02-set-11-ts-79029208.vi,1,1,255,21.336513423026847,12.90522213222701,221,3774.0,8
402918094216,camera-0145-event-0060-rel-m02-set-11-ts-79029208.vi,2,1,255,111.32151714303428,73.87953905721167,1930,3774.0,8
402918094216,camera-0145-event-0060-rel-m02-set-11-ts-79029208.vi,3,1,255,120.30617986235973,70.50761948880553,2171,3774.0,8
402918094216,camera-0145-event-0060-rel-m02-set-11-ts-79029208.vi,4,1,255,93.71203267406534,67.70878486351782,2243,3774.0,8
402918094216,camera-0145-event-0060-rel-m02-set-11-ts-79029208.vi,5,1,255,112.53091481182962,74.00866310332022,2146,3774.0,8
402918094216,camera-0145-event-0060-rel-m02-set-11-ts-79029208.vi,6,1,255,118.95700291400583,70.91632952998823,2110,3774.0,8
402918094216,camera-0145-event-0060-rel-m02-set-11-ts-79029208.vi,7,1,255,90.62270599541199,67.28181356023093,1961,3774.0,8
402918111498,camera-0146-event-0060-rel-m01-set-11-ts-79045892.vi,0,1,255,27.567053134106267,18.828503350273902,354,3353.0,8
402918111498,camera-0146-event-0060-rel-m01-set-11-ts-79045892.vi,1,1,255,22.10515996031992,13.444981635908809,204,3353.0,8
402918111498,camera-0146-event-0060-rel-m01-set-11-ts-79045892.vi,2,1,255,113.77335079670159,73.85701601885236,2462,3353.0,8
402918111498,camera-0146-event-0060-rel-m01-set-11-ts-79045892.vi,3,1,255,122.15531031062062,70.74368189875838,2477,3353.0,8
402918111498,camera-0146-event-0060-rel-m01-set-11-ts-79045892.vi,4,1,255,99.75888151776303,68.55439767005966,2641,3353.0,8
402918111498,camera-0146-event-0060-rel-m01-set-11-ts-79045892.vi,5,1,255,115.44723789447579,73.81402728267193,2560,3353.0,8
402918111498,camera-0146-event-0060-rel-m01-set-11-ts-79045892.vi,6,1,255,120.67918810837622,71.24734028055383,2447,3353.0,8
402918111498,camera-0146-event-0060-rel-m01-set-11-ts-79045892.vi,7,1,255,95.95813441626883,68.20039762248366,2315,3353.0,8
402918127546,camera-0147-event-0060-rel-p01-set-11-ts-79062575.vi,0,2,255,27.02215729431459,18.090249081190514,321,3679.0,8
402918127546,camera-0147-event-0060-rel-p01-set-11-ts-79062575.vi,1,2,255,21.728981957963917,12.808373822490989,184,3679.0,8
402918127546,camera-0147-event-0060-rel-p01-set-11-ts-79062575.vi,2,2,255,113.64584754169509,73.8898859348667,2416,3679.0,8
402918127546,camera-0147-event-0060-rel-p01-set-11-ts-79062575.vi,3,2,255,122.08554467108934,70.74021750376959,2376,3679.0,8
402918127546,camera-0147-event-0060-rel-p01-set-11-ts-79062575.vi,4,2,255,98.5265670531341,68.2401324341069,2640,3679.0,8
402918127546,camera-0147-event-0060-rel-p01-set-11-ts-79062575.vi,5,2,255,115.04762384524768,73.80568167005298,2505,3679.0,8
402918127546,camera-0147-event-0060-rel-p01-set-11-ts-79062575.vi,6,2,255,120.77237429474859,70.99391004982374,2421,3679.0,8
402918127546,camera-0147-event-0060-rel-p01-set-11-ts-79062575.vi,7,2,255,95.38795027590055,68.15941786207485,2270,3679.0,8
402918144376,camera-0148-event-0060-rel-p02-set-11-ts-79079258.vi,0,2,255,26.890810031620063,18.17415087216374,319,4884.0,8
402918144376,camera-0148-event-0060-rel-p02-set-11-ts-79079258.vi,1,2,255,21.48487971975944,12.525608494572989,166,4884.0,8
402918144376,camera-0148-event-0060-rel-p02-set-11-ts-79079258.vi,2,2,255,114.46445842891686,73.90162089357982,2301,4884.0,8
402918144376,camera-0148-event-0060-rel-p02-set-11-ts-79079258.vi,3,2,255,123.67177134354269,70.46797872535156,2409,4884.0,8
402918144376,camera-0148-event-0060-rel-p02-set-11-ts-79079258.vi,4,2,255,100.5523668547337,68.27226438622188,2673,4884.0,8
402918144376,camera-0148-event-0060-rel-p02-set-11-ts-79079258.vi,5,2,255,115.91777233554467,73.66072374358784,2458,4884.0,8
402918144376,camera-0148-event-0060-rel-p02-set-11-ts-79079258.vi,6,2,255,122.06794438588877,70.97868520384951,2419,4884.0,8
402918144376,camera-0148-event-0060-rel-p02-set-11-ts-79079258.vi,7,2,255,97.03289881579764,68.00152111411796,2249,4884.0,8
402918160952,camera-0149-event-0060-rel-p03-set-11-ts-79095941.vi,0,2,255,27.543818587637176,18.50899374901069,299,4381.0,7
402918160952,camera-0149-event-0060-rel-p03-set-11-ts-79095941.vi,1,2,255,21.893367536735074,12.567972497518621,141,4381.0,7
402918160952,camera-0149-event-0060-rel-p03-set-11-ts-79095941.vi,2,2,255,115.11459172918346,73.73471859903799,2621,4381.0,7
402918160952,camera-0149-event-0060-rel-p03-set-11-ts-79095941.vi,3,2,255,124.000666501333,70.53579598085504,2578,4381.0,7
402918160952,camera-0149-event-0060-rel-p03-set-11-ts-79095941.vi,4,2,255,102.04617459234919,68.54125493247508,2828,4381.0,7
402918160952,camera-0149-event-0060-rel-p03-set-11-ts-79095941.vi,5,2,255,116.66987258974518,73.75626132968738,2639,4381.0,7
402918160952,camera-0149-event-0060-rel-p03-set-11-ts-79095941.vi,6,2,255,122.48074896149792,71.10619360913505,2617,4381.0,7
402918160952,camera-0149-event-0060-rel-p03-set-11-ts-79095941.vi,7,2,255,98.21097867195735,68.29921143690876,2537,4381.0,7
402918311317,camera-0150-event-0061-rel-m02-set-11-ts-79246088.vi,0,2,255,30.788998077996155,20.733251855736942,291,3671.0,6
402918311317,camera-0150-event-0061-rel-m02-set-11-ts-79246088.vi,1,2,255,23.065929381858762,13.255376436952291,75,3671.0,6
402918311317,camera-0150-event-0061-rel-m02-set-11-ts-79246088.vi,2,2,255,119.70676266352532,72.7714163607151,3835,3671.0,6
402918311317,camera-0150-event-0061-rel-m02-set-11-ts-79246088.vi,3,2,255,128.6015872031744,71.13143989070004,3797,3671.0,6
402918311317,camera-0150-event-0061-rel-m02-set-11-ts-79246088.vi,4,2,255,117.16369582739165,68.9581673602727,4167,3671.0,6
402918311317,camera-0150-event-0061-rel-m02-set-11-ts-79246088.vi,5,2,255,121.26754603509207,72.45247371542371,3866,3671.0,6
402918311317,camera-0150-event-0061-rel-m02-set-11-ts-79246088.vi,6,2,255,126.43307861615723,72.04660998246456,3845,3671.0,6
402918311317,camera-0150-event-0061-rel-m02-set-11-ts-79246088.vi,7,2,255,113.74255998511997,69.63400252793103,3953,3671.0,6
402918329527,camera-0151-event-0061-rel-m01-set-11-ts-79262771.vi,0,2,255,30.0503131006262,19.855818910436746,288,6620.0,7
402918329527,camera-0151-event-0061-rel-m01-set-11-ts-79262771.vi,1,2,255,22.598277946555893,12.523057578661854,74,6620.0,7
402918329527,camera-0151-event-0061-rel-m01-set-11-ts-79262771.vi,2,2,255,119.93810062620125,72.52920700446768,3747,6620.0,7
402918329527,camera-0151-event-0061-rel-m01-set-11-ts-79262771.vi,3,2,255,128.47815270630542,71.03959025391039,3718,6620.0,7
402918329527,camera-0151-event-0061-rel-m01-set-11-ts-79262771.vi,4,2,255,116.43019561039122,69.02460366890026,4123,6620.0,7
402918329527,camera-0151-event-0061-rel-m01-set-11-ts-79262771.vi,5,2,255,120.99300173600348,72.6120742012032,3812,6620.0,7
402918329527,camera-0151-event-0061-rel-m01-set-11-ts-79262771.vi,6,2,255,126.98979322958645,71.861482455606,3761,6620.0,7
402918329527,camera-0151-event-0061-rel-m01-set-11-ts-79262771.vi,7,2,255,113.0753611507223,69.59045057240212,3780,6620.0,7
402918344456,camera-0152-event-0061-rel-p01-set-11-ts-79279455.vi,0,2,14,30.033642817285635,19.966172209744517,297,3804.0,7
402918344456,camera-0152-event-0061-rel-p01-set-11-ts-79279455.vi,1,2,14,22.38777977555955,12.604688726928924,82,3804.0,7
402918344456,camera-0152-event-0061-rel-p01-set-11-ts-79279455.vi,2,2,14,119.96968193936388,72.44014064705418,3872,3804.0,7
402918344456,camera-0152-event-0061-rel-p01-set-11-ts-79279455.vi,3,2,14,128.75610701221402,71.3126420897117,3801,3804.0,7
402918344456,camera-0152-event-0061-rel-p01-set-11-ts-79279455.vi,4,2,14,118.44447888895778,68.88620232695469,4299,3804.0,7
402918344456,camera-0152-event-0061-rel-p01-set-11-ts-79279455.vi,5,2,14,121.21465217930435,72.2817354459799,3982,3804.0,7
402918344456,camera-0152-event-0061-rel-p01-set-11-ts-79279455.vi,6,2,14,127.14104253208507,72.14852548121401,3913,3804.0,7
402918344456,camera-0152-event-0061-rel-p01-set-11-ts-79279455.vi,7,2,14,115.15469030938061,69.51224262933684,3857,3804.0,7
402918361177,camera-0153-event-0061-rel-p02-set-11-ts-79296138.vi,0,2,14,31.0994946989894,20.635050882789734,299,4385.0,7
402918361177,camera-0153-event-0061-rel-p02-set-11-ts-79296138.vi,1,2,14,23.072811395622793,13.231611349807258,77,4385.0,7
402918361177,camera-0153-event-0061-rel-p02-set-11-ts-79296138.vi,2,2,14,120.01094302188605,72.35323958008424,4093,4385.0,7
402918361177,camera-0153-event-0061-rel-p02-set-11-ts-79296138.vi,3,2,14,128.02218829437658,71.75928996458904,3934,4385.0,7
402918361177,camera-0153-event-0061-rel-p02-set-11-ts-79296138.vi,4,2,14,119.11948198896398,69.05759199200975,4397,4385.0,7
402918361177,camera-0153-event-0061-rel-p02-set-11-ts-79296138.vi,5,2,14,121.45375565751131,72.20950136505057,4225,4385.0,7
402918361177,camera-0153-event-0061-rel-p02-set-11-ts-79296138.vi,6,2,14,126.72231694463389,72.08135549654016,4079,4385.0,7
402918361177,camera-0153-event-0061-rel-p02-set-11-ts-79296138.vi,7,2,14,115.62816975633952,69.72082505272945,3959,4385.0,7
402918377780,camera-0154-event-0061-rel-p03-set-11-ts-79312820.vi,0,2,14,31.23172546345093,20.7263803661582,301,3838.0,6
402918377780,camera-0154-event-0061-rel-p03-set-11-ts-79312820.vi,1,2,14,22.97053444106888,13.14533854194802,82,3838.0,6
402918377780,camera-0154-event-0061-rel-p03-set-11-ts-79312820.vi,2,2,14,119.15462055924112,71.4657136323211,4138,3838.0,6
402918377780,camera-0154-event-0061-rel-p03-set-11-ts-79312820.vi,3,2,14,126.45837466674934,72.10792614852492,3915,3838.0,6
402918377780,camera-0154-event-0061-rel-p03-set-11-ts-79312820.vi,4,2,14,120.01280302560605,69.38797936217932,4473,3838.0,6
402918377780,camera-0154-event-0061-rel-p03-set-11-ts-79312820.vi,5,2,14,120.48138446276893,71.89643036448933,4309,3838.0,6
402918377780,camera-0154-event-0061-rel-p03-set-11-ts-79312820.vi,6,2,14,125.57665540331081,72.61106318388327,4075,3838.0,6
402918377780,camera-0154-event-0061-rel-p03-set-11-ts-79312820.vi,7,2,14,116.64903279806559,70.03835406769353,4116,3838.0,6
402918427889,camera-0155-event-0000-rel-p00-set-11-ts-79362870.vi,0,2,14,31.43506262012524,20.531225394689944,294,3475.0,6
402918427889,camera-0155-event-0000-rel-p00-set-11-ts-79362870.vi,1,2,14,22.97193719387439,13.017356015474212,88,3475.0,6
402918427889,camera-0155-event-0000-rel-p00-set-11-ts-79362870.vi,2,2,14,119.81932388864777,72.01632435885645,4187,3475.0,6
402918427889,camera-0155-event-0000-rel-p00-set-11-ts-79362870.vi,3,2,14,128.17823485646971,72.03416520819401,4297,3475.0,6
402918427889,camera-0155-event-0000-rel-p00-set-11-ts-79362870.vi,4,2,14,121.0477323454647,69.19976954509288,4815,3475.0,6
402918427889,camera-0155-event-0000-rel-p00-set-11-ts-79362870.vi,5,2,14,121.40854981709964,71.91837173063055,4382,3475.0,6
402918427889,camera-0155-event-0000-rel-p00-set-11-ts-79362870.vi,6,2,14,126.97209219418438,72.55394283603873,4319,3475.0,6
402918427889,camera-0155-event-0000-rel-p00-set-11-ts-79362870.vi,7,2,14,117.82256339512679,69.79578107211302,4293,3475.0,6
402919111859,camera-0156-event-0062-rel-m02-set-11-ts-80046512.vi,0,2,14,32.21223417446835,22.418292367059088,276,5011.0,5
402919111859,camera-0156-event-0062-rel-m02-set-11-ts-80046512.vi,1,2,14,24.510648521297043,14.342720524241036,51,5011.0,5
402919111859,camera-0156-event-0062-rel-m02-set-11-ts-80046512.vi,2,2,14,118.35542346084692,72.84394178410336,3721,5011.0,5
402919111859,camera-0156-event-0062-rel-m02-set-11-ts-80046512.vi,3,2,14,126.61120497240995,71.42072674174676,3724,5011.0,5
402919111859,camera-0156-event-0062-rel-m02-set-11-ts-80046512.vi,4,2,14,113.39709529419059,69.75308288977517,4108,5011.0,5
402919111859,camera-0156-event-0062-rel-m02-set-11-ts-80046512.vi,5,2,14,119.31370512741026,72.51215463158572,3709,5011.0,5
402919111859,camera-0156-event-0062-rel-m02-set-11-ts-80046512.vi,6,2,14,125.26236127472255,71.86679196347063,3719,5011.0,5
402919111859,camera-0156-event-0062-rel-m02-set-11-ts-80046512.vi,7,2,14,108.58661417322834,70.01909022435233,3547,5011.0,5
402919131535,camera-0157-event-0062-rel-m01-set-11-ts-80063195.vi,0,2,14,31.240304730609463,21.56331700957022,277,4852.0,5
402919131535,camera-0157-event-0062-rel-m01-set-11-ts-80063195.vi,1,2,14,23.881153512307023,13.452475487017454,50,4852.0,5
402919131535,camera-0157-event-0062-rel-m01-set-11-ts-80063195.vi,2,2,14,117.39041478082956,72.78868450170631,3469,4852.0,5
402919131535,camera-0157-event-0062-rel-m01-set-11-ts-80063195.vi,3,2,14,126.61283247566494,71.2194783488765,3557,4852.0,5
402919131535,camera-0157-event-0062-rel-m01-set-11-ts-80063195.vi,4,2,14,111.80464535929072,69.72209548437195,4034,4852.0,5
402919131535,camera-0157-event-0062-rel-m01-set-11-ts-80063195.vi,5,2,14,119.27132804265608,72.73080034812723,3565,4852.0,5
402919131535,camera-0157-event-0062-rel-m01-set-11-ts-80063195.vi,6,2,14,124.96592318184636,71.80234933257773,3493,4852.0,5
402919131535,camera-0157-event-0062-rel-m01-set-11-ts-80063195.vi,7,2,14,107.54212133424267,69.93617859473666,3568,4852.0,5
402919145276,camera-0158-event-0062-rel-p01-set-11-ts-80080242.vi,0,2,14,31.36291772583545,21.481415954032357,253,5245.0,5
402919145276,camera-0158-event-0062-rel-p01-set-11-ts-80080242.vi,1,2,14,23.58724967449935,13.300468274254008,50,5245.0,5
402919145276,camera-0158-event-0062-rel-p01-set-11-ts-80080242.vi,2,2,14,118.55710986421973,72.5936452876187,3718,5245.0,5
402919145276,camera-0158-event-0062-rel-p01-set-11-ts-80080242.vi,3,2,14,127.90311705623411,71.3585872306895,3746,5245.0,5
402919145276,camera-0158-event-0062-rel-p01-set-11-ts-80080242.vi,4,2,14,115.03339481678964,69.59826580005888,4169,5245.0,5
402919145276,camera-0158-event-0062-rel-p01-set-11-ts-80080242.vi,5,2,14,120.05739661479323,72.49135072977369,3942,5245.0,5
402919145276,camera-0158-event-0062-rel-p01-set-11-ts-80080242.vi,6,2,14,126.35712846425693,71.8524741454404,3778,5245.0,5
402919145276,camera-0158-event-0062-rel-p01-set-11-ts-80080242.vi,7,2,14,111.19310713621427,70.03728676142157,3793,5245.0,5
402919163696,camera-0159-event-0062-rel-p02-set-11-ts-80096925.vi,0,2,6,32.362692975385954,22.347901695150675,265,4054.0,6
402919163696,camera-0159-event-0062-rel-p02-set-11-ts-80096925.vi,1,2,6,24.24566774133548,14.075973625211132,45,4054.0,6
402919163696,camera-0159-event-0062-rel-p02-set-11-ts-80096925.vi,2,2,6,118.71469867939736,72.51069616733363,3882,4054.0,6
402919163696,camera-0159-event-0062-rel-p02-set-11-ts-80096925.vi,3,2,6,127.6030829561659,71.37343682883969,3866,4054.0,6
402919163696,camera-0159-event-0062-rel-p02-set-11-ts-80096925.vi,4,2,6,115.83098766197533,69.57606097677022,4240,4054.0,6
402919163696,camera-0159-event-0062-rel-p02-set-11-ts-80096925.vi,5,2,6,120.3248341496683,72.47350886224027,4133,4054.0,6
402919163696,camera-0159-event-0062-rel-p02-set-11-ts-80096925.vi,6,2,6,125.9484778969558,71.86477094215782,3810,4054.0,6
402919163696,camera-0159-event-0062-rel-p02-set-11-ts-80096925.vi,7,2,6,111.96748093496187,70.1520534384684,3877,4054.0,6
402919178761,camera-0160-event-0062-rel-p03-set-11-ts-80113608.vi,0,2,6,30.409247318494636,20.510998912033134,228,6983.0,5
402919178761,camera-0160-event-0062-rel-p03-set-11-ts-80113608.vi,1,2,6,23.043105586211173,12.451285896693342,47,6983.0,5
402919178761,camera-0160-event-0062-rel-p03-set-11-ts-80113608.vi,2,2,6,118.78509982019963,73.24602138488058,3451,6983.0,5
402919178761,camera-0160-event-0062-rel-p03-set-11-ts-80113608.vi,3,2,6,128.35285045570092,71.10277356590062,3567,6983.0,5
402919178761,camera-0160-event-0062-rel-p03-set-11-ts-80113608.vi,4,2,6,113.3276086552173,69.24986899534463,3838,6983.0,5
402919178761,camera-0160-event-0062-rel-p03-set-11-ts-80113608.vi,5,2,6,120.49521824043649,73.13163418525978,3720,6983.0,5
402919178761,camera-0160-event-0062-rel-p03-set-11-ts-80113608.vi,6,2,6,126.46762818525637,71.53303522511794,3468,6983.0,5
402919178761,camera-0160-event-0062-rel-p03-set-11-ts-80113608.vi,7,2,6,109.125015500031,69.54595825198346,3457,6983.0,5
402919431692,camera-0161-event-0000-rel-p00-set-11-ts-80362671.vi,0,2,6,28.70554591109182,18.11384218451428,216,2103.0,8
402919431692,camera-0161-event-0000-rel-p00-set-11-ts-80362671.vi,1,2,6,23.495737491474983,11.803896686900112,83,2103.0,8
402919431692,camera-0161-event-0000-rel-p00-set-11-ts-80362671.vi,2,2,6,108.46446617893235,73.33668669833207,2162,2103.0,8
402919431692,camera-0161-event-0000-rel-p00-set-11-ts-80362671.vi,3,2,6,116.45289540579081,71.08211728695508,2162,2103.0,8
402919431692,camera-0161-event-0000-rel-p00-set-11-ts-80362671.vi,4,2,6,93.45556141112282,68.67131371405692,2318,2103.0,8
402919431692,camera-0161-event-0000-rel-p00-set-11-ts-80362671.vi,5,2,6,109.84667369334738,73.22416213345528,2103,2103.0,8
402919431692,camera-0161-event-0000-rel-p00-set-11-ts-80362671.vi,6,2,6,115.68294686589373,71.58314235072204,2198,2103.0,8
402919431692,camera-0161-event-0000-rel-p00-set-11-ts-80362671.vi,7,2,6,89.30242110484221,67.90113166424862,1986,2103.0,8
402920212921,camera-0162-event-0064-rel-m02-set-11-ts-81146782.vi,0,2,6,24.0999519499039,12.989647198425361,167,3098.0,0
402920212921,camera-0162-event-0064-rel-m02-set-11-ts-81146782.vi,1,2,6,21.26209777419555,10.199873049159615,109,3098.0,0
402920212921,camera-0162-event-0064-rel-m02-set-11-ts-81146782.vi,2,2,6,84.35512896025791,74.65264562598446,799,3098.0,0
402920212921,camera-0162-event-0064-rel-m02-set-11-ts-81146782.vi,3,2,6,98.03222456444912,73.60122679249778,926,3098.0,0
402920212921,camera-0162-event-0064-rel-m02-set-11-ts-81146782.vi,4,2,6,60.72639345278691,61.37803297298559,923,3098.0,0
402920212921,camera-0162-event-0064-rel-m02-set-11-ts-81146782.vi,5,2,6,85.70883966767934,75.54832586616008,927,3098.0,0
402920212921,camera-0162-event-0064-rel-m02-set-11-ts-81146782.vi,6,2,6,97.06332537665075,73.48155884801079,951,3098.0,0
402920212921,camera-0162-event-0064-rel-m02-set-11-ts-81146782.vi,7,2,6,57.17975385950772,59.24612436118601,775,3098.0,0
402920229588,camera-0163-event-0064-rel-m01-set-11-ts-81163466.vi,0,2,6,24.103168206336413,13.051628424549088,170,2806.0,0
402920229588,camera-0163-event-0064-rel-m01-set-11-ts-81163466.vi,1,2,6,21.2499612499225,10.254109519700993,112,2806.0,0
402920229588,camera-0163-event-0064-rel-m01-set-11-ts-81163466.vi,2,2,6,84.17998635997272,74.71207572249303,833,2806.0,0
402920229588,camera-0163-event-0064-rel-m01-set-11-ts-81163466.vi,3,2,6,97.9727819455639,73.67449858019039,931,2806.0,0
402920229588,camera-0163-event-0064-rel-m01-set-11-ts-81163466.vi,4,2,6,60.56165912331824,61.362057044758565,971,2806.0,0
402920229588,camera-0163-event-0064-rel-m01-set-11-ts-81163466.vi,5,2,6,85.60213745427491,75.22484925885323,926,2806.0,0
402920229588,camera-0163-event-0064-rel-m01-set-11-ts-81163466.vi,6,2,6,97.07267964535929,73.40763487227628,938,2806.0,0
402920229588,camera-0163-event-0064-rel-m01-set-11-ts-81163466.vi,7,2,6,57.57670190340381,59.56533615189561,761,2806.0,0
402920246644,camera-0164-event-0064-rel-p01-set-11-ts-81180146.vi,0,2,6,24.491978733957467,13.371103441086463,181,4645.0,0
402920246644,camera-0164-event-0064-rel-p01-set-11-ts-81180146.vi,1,2,6,21.56450337900676,10.593976533252075,122,4645.0,0
402920246644,camera-0164-event-0064-rel-p01-set-11-ts-81180146.vi,2,2,6,84.77720255440511,74.50482009463514,823,4645.0,0
402920246644,camera-0164-event-0064-rel-p01-set-11-ts-81180146.vi,3,2,6,97.79233058466117,73.63237565401293,963,4645.0,0
402920246644,camera-0164-event-0064-rel-p01-set-11-ts-81180146.vi,4,2,6,61.55185535371071,61.954039187397726,989,4645.0,0
402920246644,camera-0164-event-0064-rel-p01-set-11-ts-81180146.vi,5,2,6,86.1013237026474,75.25382170563286,928,4645.0,0
402920246644,camera-0164-event-0064-rel-p01-set-11-ts-81180146.vi,6,2,6,96.92032984065968,73.60674042900473,966,4645.0,0
402920246644,camera-0164-event-0064-rel-p01-set-11-ts-81180146.vi,7,2,6,58.30683086366173,60.22596943673206,799,4645.0,0
402920262876,camera-0165-event-0064-rel-p02-set-11-ts-81196829.vi,0,2,6,24.094619939239877,13.008176015886725,172,5390.0,0
402920262876,camera-0165-event-0064-rel-p02-set-11-ts-81196829.vi,1,2,6,21.25707576415153,10.231625081382012,111,5390.0,0
402920262876,camera-0165-event-0064-rel-p02-set-11-ts-81196829.vi,2,2,6,84.4003348006696,74.63446398262894,793,5390.0,0
402920262876,camera-0165-event-0064-rel-p02-set-11-ts-81196829.vi,3,2,6,97.71914718829437,73.50434584692002,932,5390.0,0
402920262876,camera-0165-event-0064-rel-p02-set-11-ts-81196829.vi,4,2,6,60.44272738545477,61.267933141027754,922,5390.0,0
402920262876,camera-0165-event-0064-rel-p02-set-11-ts-81196829.vi,5,2,6,85.54519034038069,75.38857502441407,895,5390.0,0
402920262876,camera-0165-event-0064-rel-p02-set-11-ts-81196829.vi,6,2,6,97.14664579329158,73.50853660333763,897,5390.0,0
402920262876,camera-0165-event-0064-rel-p02-set-11-ts-81196829.vi,7,2,6,57.299452848905695,59.31754490083766,729,5390.0,0
402920279893,camera-0166-event-0064-rel-p03-set-11-ts-81213319.vi,0,2,6,24.158596317192636,13.12790434312436,171,3807.0,0
402920279893,camera-0166-event-0064-rel-p03-set-11-ts-81213319.vi,1,2,6,21.358492466984934,10.432098533636863,122,3807.0,0
402920279893,camera-0166-event-0064-rel-p03-set-11-ts-81213319.vi,2,2,6,83.373263996528,74.7332651945531,766,3807.0,0
402920279893,camera-0166-event-0064-rel-p03-set-11-ts-81213319.vi,3,2,6,97.05381610763222,73.75047644319257,944,3807.0,0
402920279893,camera-0166-event-0064-rel-p03-set-11-ts-81213319.vi,4,2,6,59.081305412610824,60.841964314791355,923,3807.0,0
402920279893,camera-0166-event-0064-rel-p03-set-11-ts-81213319.vi,5,2,6,84.65825531651063,75.55526029999237,907,3807.0,0
402920279893,camera-0166-event-0064-rel-p03-set-11-ts-81213319.vi,6,2,6,95.75687426374853,73.78086190182219,954,3807.0,0
402920279893,camera-0166-event-0064-rel-p03-set-11-ts-81213319.vi,7,2,6,55.783077066154135,58.77536944692896,751,3807.0,0
402920429736,camera-0167-event-0000-rel-p00-set-11-ts-81363086.vi,0,2,6,24.286494822989646,13.255486356463718,182,4551.0,0
402920429736,camera-0167-event-0000-rel-p00-set-11-ts-81363086.vi,1,2,6,21.531441812883624,10.484830913168715,127,4551.0,0
402920429736,camera-0167-event-0000-rel-p00-set-11-ts-81363086.vi,2,2,6,81.750248000496,75.14301859128354,736,4551.0,0
402920429736,camera-0167-event-0000-rel-p00-set-11-ts-81363086.vi,3,2,6,95.15498480996962,74.23761209927768,927,4551.0,0
402920429736,camera-0167-event-0000-rel-p00-set-11-ts-81363086.vi,4,2,6,57.30738886477773,60.108647590207994,913,4551.0,0
402920429736,camera-0167-event-0000-rel-p00-set-11-ts-81363086.vi,5,2,6,83.44377363754728,76.12409391485613,892,4551.0,0
402920429736,camera-0167-event-0000-rel-p00-set-11-ts-81363086.vi,6,2,6,94.59506169012339,74.02661850424913,901,4551.0,0
402920429736,camera-0167-event-0000-rel-p00-set-11-ts-81363086.vi,7,2,6,54.00815301630603,58.20665449549315,752,4551.0,0
402921013845,camera-0168-event-0065-rel-m02-set-11-ts-81947068.vi,0,2,6,23.82767840535681,13.436834101618969,189,4783.0,0
402921013845,camera-0168-event-0065-rel-m02-set-11-ts-81947068.vi,1,2,6,20.98236871473743,10.567237492429996,140,4783.0,0
402921013845,camera-0168-event-0065-rel-m02-set-11-ts-81947068.vi,2,2,6,87.43418686837374,76.51624044025209,773,4783.0,0
402921013845,camera-0168-event-0065-rel-m02-set-11-ts-81947068.vi,3,2,6,100.09572819145639,73.71186547978496,906,4783.0,0
402921013845,camera-0168-event-0065-rel-m02-set-11-ts-81947068.vi,4,2,6,61.144173538347076,60.61914165214716,966,4783.0,0
402921013845,camera-0168-event-0065-rel-m02-set-11-ts-81947068.vi,5,2,6,88.81034162068325,77.07375100186368,836,4783.0,0
402921013845,camera-0168-event-0065-rel-m02-set-11-ts-81947068.vi,6,2,6,99.26461652923305,73.70010204635122,916,4783.0,0
402921013845,camera-0168-event-0065-rel-m02-set-11-ts-81947068.vi,7,2,6,58.51645328290657,59.07875387047649,675,4783.0,0
402921030335,camera-0169-event-0065-rel-m01-set-11-ts-81963751.vi,0,2,6,24.04772459544919,13.611894887740993,191,9238.0,6
402921030335,camera-0169-event-0065-rel-m01-set-11-ts-81963751.vi,1,2,6,21.153977307954616,10.766485980601738,145,9238.0,6
402921030335,camera-0169-event-0065-rel-m01-set-11-ts-81963751.vi,2,2,6,88.05442060884121,76.37339857041374,819,9238.0,6
402921030335,camera-0169-event-0065-rel-m01-set-11-ts-81963751.vi,3,2,6,100.4743629487259,73.7245039104901,948,9238.0,6
402921030335,camera-0169-event-0065-rel-m01-set-11-ts-81963751.vi,4,2,6,62.06074462148924,61.07799596124222,958,9238.0,6
402921030335,camera-0169-event-0065-rel-m01-set-11-ts-81963751.vi,5,2,6,89.36641298282596,76.87744081215467,907,9238.0,6
402921030335,camera-0169-event-0065-rel-m01-set-11-ts-81963751.vi,6,2,6,99.09679769359539,73.72134966819345,935,9238.0,6
402921030335,camera-0169-event-0065-rel-m01-set-11-ts-81963751.vi,7,2,6,59.303273606547215,59.57740644941033,689,9238.0,6
402921013845,camera-0170-event-0066-rel-m02-set-11-ts-81947068.vi,0,2,6,23.82767840535681,13.436834101618969,189,4783.0,0
402921013845,camera-0170-event-0066-rel-m02-set-11-ts-81947068.vi,1,2,6,20.98236871473743,10.567237492429996,140,4783.0,0
402921013845,camera-0170-event-0066-rel-m02-set-11-ts-81947068.vi,2,2,6,87.43418686837374,76.51624044025209,773,4783.0,0
402921013845,camera-0170-event-0066-rel-m02-set-11-ts-81947068.vi,3,2,6,100.09572819145639,73.71186547978496,906,4783.0,0
402921013845,camera-0170-event-0066-rel-m02-set-11-ts-81947068.vi,4,2,6,61.144173538347076,60.61914165214716,966,4783.0,0
402921013845,camera-0170-event-0066-rel-m02-set-11-ts-81947068.vi,5,2,6,88.81034162068325,77.07375100186368,836,4783.0,0
402921013845,camera-0170-event-0066-rel-m02-set-11-ts-81947068.vi,6,2,6,99.26461652923305,73.70010204635122,916,4783.0,0
402921013845,camera-0170-event-0066-rel-m02-set-11-ts-81947068.vi,7,2,6,58.51645328290657,59.07875387047649,675,4783.0,0
402921030335,camera-0171-event-0066-rel-m01-set-11-ts-81963751.vi,0,2,6,24.04772459544919,13.611894887740993,191,9238.0,6
402921030335,camera-0171-event-0066-rel-m01-set-11-ts-81963751.vi,1,2,6,21.153977307954616,10.766485980601738,145,9238.0,6
402921030335,camera-0171-event-0066-rel-m01-set-11-ts-81963751.vi,2,2,6,88.05442060884121,76.37339857041374,819,9238.0,6
402921030335,camera-0171-event-0066-rel-m01-set-11-ts-81963751.vi,3,2,6,100.4743629487259,73.7245039104901,948,9238.0,6
402921030335,camera-0171-event-0066-rel-m01-set-11-ts-81963751.vi,4,2,6,62.06074462148924,61.07799596124222,958,9238.0,6
402921030335,camera-0171-event-0066-rel-m01-set-11-ts-81963751.vi,5,2,6,89.36641298282596,76.87744081215467,907,9238.0,6
402921030335,camera-0171-event-0066-rel-m01-set-11-ts-81963751.vi,6,2,6,99.09679769359539,73.72134966819345,935,9238.0,6
402921030335,camera-0171-event-0066-rel-m01-set-11-ts-81963751.vi,7,2,6,59.303273606547215,59.57740644941033,689,9238.0,6
402921047153,camera-0172-event-0065-rel-p01-set-11-ts-81980589.vi,0,2,12,24.51211327422655,14.030518699598776,195,-7580.0,6
402921047153,camera-0172-event-0065-rel-p01-set-11-ts-81980589.vi,1,2,12,21.421562093124187,11.032849108665852,146,-7580.0,6
402921047153,camera-0172-event-0065-rel-p01-set-11-ts-81980589.vi,2,2,12,91.11307272614545,75.72645858666066,889,-7580.0,6
402921047153,camera-0172-event-0065-rel-p01-set-11-ts-81980589.vi,3,2,12,102.73328321656643,73.16644290729491,1044,-7580.0,6
402921047153,camera-0172-event-0065-rel-p01-set-11-ts-81980589.vi,4,2,12,66.03786657573315,62.54899096610474,1063,-7580.0,6
402921047153,camera-0172-event-0065-rel-p01-set-11-ts-81980589.vi,5,2,12,92.32186589373178,76.20422514186143,993,-7580.0,6
402921047153,camera-0172-event-0065-rel-p01-set-11-ts-81980589.vi,6,2,12,101.9485398970798,73.13936439836179,1042,-7580.0,6
402921047153,camera-0172-event-0065-rel-p01-set-11-ts-81980589.vi,7,2,12,63.228323206646415,61.099087092725505,812,-7580.0,6
402921047153,camera-0173-event-0066-rel-p01-set-11-ts-81980589.vi,0,2,12,24.51211327422655,14.030518699598776,195,-7580.0,6
402921047153,camera-0173-event-0066-rel-p01-set-11-ts-81980589.vi,1,2,12,21.421562093124187,11.032849108665852,146,-7580.0,6
402921047153,camera-0173-event-0066-rel-p01-set-11-ts-81980589.vi,2,2,12,91.11307272614545,75.72645858666066,889,-7580.0,6
402921047153,camera-0173-event-0066-rel-p01-set-11-ts-81980589.vi,3,2,12,102.73328321656643,73.16644290729491,1044,-7580.0,6
402921047153,camera-0173-event-0066-rel-p01-set-11-ts-81980589.vi,4,2,12,66.03786657573315,62.54899096610474,1063,-7580.0,6
402921047153,camera-0173-event-0066-rel-p01-set-11-ts-81980589.vi,5,2,12,92.32186589373178,76.20422514186143,993,-7580.0,6
402921047153,camera-0173-event-0066-rel-p01-set-11-ts-81980589.vi,6,2,12,101.9485398970798,73.13936439836179,1042,-7580.0,6
402921047153,camera-0173-event-0066-rel-p01-set-11-ts-81980589.vi,7,2,12,63.228323206646415,61.099087092725505,812,-7580.0,6
402921063880,camera-0174-event-0065-rel-p02-set-11-ts-81997272.vi,0,2,12,24.058559117118236,13.564856941646983,190,6316.0,6
402921063880,camera-0174-event-0065-rel-p02-set-11-ts-81997272.vi,1,2,12,21.09189968379937,10.689571717281083,143,6316.0,6
402921063880,camera-0174-event-0065-rel-p02-set-11-ts-81997272.vi,2,2,12,89.98478671957344,75.93167580163987,821,6316.0,6
402921063880,camera-0174-event-0065-rel-p02-set-11-ts-81997272.vi,3,2,12,102.29061008122017,73.22763592403436,954,6316.0,6
402921063880,camera-0174-event-0065-rel-p02-set-11-ts-81997272.vi,4,2,12,64.41200632401265,61.72038372320773,990,6316.0,6
402921063880,camera-0174-event-0065-rel-p02-set-11-ts-81997272.vi,5,2,12,91.39015903031806,76.30165029584344,881,6316.0,6
402921063880,camera-0174-event-0065-rel-p02-set-11-ts-81997272.vi,6,2,12,101.23044671089342,73.24514532289683,920,6316.0,6
402921063880,camera-0174-event-0065-rel-p02-set-11-ts-81997272.vi,7,2,12,61.717046934093865,60.34224556722943,710,6316.0,6
402921063880,camera-0175-event-0066-rel-p02-set-11-ts-81997272.vi,0,2,12,24.058559117118236,13.564856941646983,190,6316.0,6
402921063880,camera-0175-event-0066-rel-p02-set-11-ts-81997272.vi,1,2,12,21.09189968379937,10.689571717281083,143,6316.0,6
402921063880,camera-0175-event-0066-rel-p02-set-11-ts-81997272.vi,2,2,12,89.98478671957344,75.93167580163987,821,6316.0,6
402921063880,camera-0175-event-0066-rel-p02-set-11-ts-81997272.vi,3,2,12,102.29061008122017,73.22763592403436,954,6316.0,6
402921063880,camera-0175-event-0066-rel-p02-set-11-ts-81997272.vi,4,2,12,64.41200632401265,61.72038372320773,990,6316.0,6
402921063880,camera-0175-event-0066-rel-p02-set-11-ts-81997272.vi,5,2,12,91.39015903031806,76.30165029584344,881,6316.0,6
402921063880,camera-0175-event-0066-rel-p02-set-11-ts-81997272.vi,6,2,12,101.23044671089342,73.24514532289683,920,6316.0,6
402921063880,camera-0175-event-0066-rel-p02-set-11-ts-81997272.vi,7,2,12,61.717046934093865,60.34224556722943,710,6316.0,6
402921080573,camera-0176-event-0065-rel-p03-set-11-ts-82013907.vi,0,2,12,24.761772273544548,14.135044287613916,198,-10377.0,6
402921080573,camera-0176-event-0065-rel-p03-set-11-ts-82013907.vi,1,2,12,21.60529946059892,11.159493542019089,148,-10377.0,6
402921080573,camera-0176-event-0065-rel-p03-set-11-ts-82013907.vi,2,2,12,91.98226021452042,75.49248295214964,916,-10377.0,6
402921080573,camera-0176-event-0065-rel-p03-set-11-ts-82013907.vi,3,2,12,103.6246822493645,72.86033171845747,1067,-10377.0,6
402921080573,camera-0176-event-0065-rel-p03-set-11-ts-82013907.vi,4,2,12,67.67319734639469,63.053077142358966,1148,-10377.0,6
402921080573,camera-0176-event-0065-rel-p03-set-11-ts-82013907.vi,5,2,12,92.90491505983012,75.73772164534127,1000,-10377.0,6
402921080573,camera-0176-event-0065-rel-p03-set-11-ts-82013907.vi,6,2,12,102.6475835451671,73.00507149590148,1066,-10377.0,6
402921080573,camera-0176-event-0065-rel-p03-set-11-ts-82013907.vi,7,2,12,64.58642817285634,61.545680664263465,851,-10377.0,6
402921080573,camera-0177-event-0066-rel-p03-set-11-ts-82013907.vi,0,2,12,24.761772273544548,14.135044287613916,198,-10377.0,6
402921080573,camera-0177-event-0066-rel-p03-set-11-ts-82013907.vi,1,2,12,21.60529946059892,11.159493542019089,148,-10377.0,6
402921080573,camera-0177-event-0066-rel-p03-set-11-ts-82013907.vi,2,2,12,91.98226021452042,75.49248295214964,916,-10377.0,6
402921080573,camera-0177-event-0066-rel-p03-set-11-ts-82013907.vi,3,2,12,103.6246822493645,72.86033171845747,1067,-10377.0,6
402921080573,camera-0177-event-0066-rel-p03-set-11-ts-82013907.vi,4,2,12,67.67319734639469,63.053077142358966,1148,-10377.0,6
402921080573,camera-0177-event-0066-rel-p03-set-11-ts-82013907.vi,5,2,12,92.90491505983012,75.73772164534127,1000,-10377.0,6
402921080573,camera-0177-event-0066-rel-p03-set-11-ts-82013907.vi,6,2,12,102.6475835451671,73.00507149590148,1066,-10377.0,6
402921080573,camera-0177-event-0066-rel-p03-set-11-ts-82013907.vi,7,2,12,64.58642817285634,61.545680664263465,851,-10377.0,6
402921433529,camera-0178-event-0000-rel-p00-set-11-ts-82364020.vi,0,2,12,25.317882385764772,15.034071297806143,195,4950.0,9
402921433529,camera-0178-event-0000-rel-p00-set-11-ts-82364020.vi,1,2,12,22.109050468100936,11.716122195685294,139,4950.0,9
402921433529,camera-0178-event-0000-rel-p00-set-11-ts-82364020.vi,2,2,12,86.36659898319796,75.4101698552108,958,4950.0,9
402921433529,camera-0178-event-0000-rel-p00-set-11-ts-82364020.vi,3,2,12,98.6489010478021,73.94913210762236,1089,4950.0,9
402921433529,camera-0178-event-0000-rel-p00-set-11-ts-82364020.vi,4,2,12,63.34476718953438,63.18470382486844,1149,4950.0,9
402921433529,camera-0178-event-0000-rel-p00-set-11-ts-82364020.vi,5,2,12,87.67075609151219,75.96131480996246,1068,4950.0,9
402921433529,camera-0178-event-0000-rel-p00-set-11-ts-82364020.vi,6,2,12,97.75926126852254,73.92848993163815,1052,4950.0,9
402921433529,camera-0178-event-0000-rel-p00-set-11-ts-82364020.vi,7,2,12,60.14755254510509,61.160820100222715,948,4950.0,9
402922114872,camera-0179-event-0068-rel-m02-set-11-ts-83047929.vi,0,2,12,23.9998527497055,13.408274079535552,179,3685.0,9
402922114872,camera-0179-event-0068-rel-m02-set-11-ts-83047929.vi,1,2,12,21.26736778473557,10.593517820152861,126,3685.0,9
402922114872,camera-0179-event-0068-rel-m02-set-11-ts-83047929.vi,2,2,12,79.2748542997086,74.93732120058229,766,3685.0,9
402922114872,camera-0179-event-0068-rel-m02-set-11-ts-83047929.vi,3,2,12,92.82891840783681,74.63742771819373,953,3685.0,9
402922114872,camera-0179-event-0068-rel-m02-set-11-ts-83047929.vi,4,2,12,55.89427428854858,60.40266885710518,910,3685.0,9
402922114872,camera-0179-event-0068-rel-m02-set-11-ts-83047929.vi,5,2,12,80.78338706677414,75.82661331802692,914,3685.0,9
402922114872,camera-0179-event-0068-rel-m02-set-11-ts-83047929.vi,6,2,12,91.98866172732346,74.69781956471236,914,3685.0,9
402922114872,camera-0179-event-0068-rel-m02-set-11-ts-83047929.vi,7,2,12,52.33424266848534,57.88542008144811,696,3685.0,9
402922131456,camera-0180-event-0068-rel-m01-set-11-ts-83064612.vi,0,2,12,24.286533573067146,13.634209638224478,182,6504.0,8
402922131456,camera-0180-event-0068-rel-m01-set-11-ts-83064612.vi,1,2,12,21.491614483228968,10.813361389541098,131,6504.0,8
402922131456,camera-0180-event-0068-rel-m01-set-11-ts-83064612.vi,2,2,12,80.02911680823361,75.15139232859703,841,6504.0,8
402922131456,camera-0180-event-0068-rel-m01-set-11-ts-83064612.vi,3,2,12,93.14366203732408,74.7582798465235,957,6504.0,8
402922131456,camera-0180-event-0068-rel-m01-set-11-ts-83064612.vi,4,2,12,56.77738855477711,60.93642307552095,974,6504.0,8
402922131456,camera-0180-event-0068-rel-m01-set-11-ts-83064612.vi,5,2,12,81.56399187798375,75.71999516034768,882,6504.0,8
402922131456,camera-0180-event-0068-rel-m01-set-11-ts-83064612.vi,6,2,12,92.09447268894537,74.6741537139013,952,6504.0,8
402922131456,camera-0180-event-0068-rel-m01-set-11-ts-83064612.vi,7,2,12,53.373651497302994,58.64362147102166,710,6504.0,8
402922148228,camera-0181-event-0068-rel-p01-set-11-ts-83081269.vi,0,2,14,24.01821253642507,13.412478447078174,171,4761.0,8
402922148228,camera-0181-event-0068-rel-p01-set-11-ts-83081269.vi,1,2,14,21.2753580507161,10.567518982261864,122,4761.0,8
402922148228,camera-0181-event-0068-rel-p01-set-11-ts-83081269.vi,2,2,14,79.30494760989522,75.04814184967137,711,4761.0,8
402922148228,camera-0181-event-0068-rel-p01-set-11-ts-83081269.vi,3,2,14,93.07939890879781,75.01826113057338,1033,4761.0,8
402922148228,camera-0181-event-0068-rel-p01-set-11-ts-83081269.vi,4,2,14,55.80724161448323,60.21888135714967,887,4761.0,8
402922148228,camera-0181-event-0068-rel-p01-set-11-ts-83081269.vi,5,2,14,80.46767468534937,75.8631985815647,908,4761.0,8
402922148228,camera-0181-event-0068-rel-p01-set-11-ts-83081269.vi,6,2,14,91.93248961497923,74.68754571590902,886,4761.0,8
402922148228,camera-0181-event-0068-rel-p01-set-11-ts-83081269.vi,7,2,14,52.573811147622294,58.14346316440052,691,4761.0,8
402922167199,camera-0182-event-0068-rel-p02-set-11-ts-83097952.vi,0,2,14,24.04172608345217,13.446354972495927,176,4177.0,8
402922167199,camera-0182-event-0068-rel-p02-set-11-ts-83097952.vi,1,2,14,21.298484096968195,10.610658466569772,124,4177.0,8
402922167199,camera-0182-event-0068-rel-p02-set-11-ts-83097952.vi,2,2,14,79.10344720689442,74.80288671662686,765,4177.0,8
402922167199,camera-0182-event-0068-rel-p02-set-11-ts-83097952.vi,3,2,14,92.67835885671771,74.66291077424148,977,4177.0,8
402922167199,camera-0182-event-0068-rel-p02-set-11-ts-83097952.vi,4,2,14,55.78392956785913,60.53059355042901,946,4177.0,8
402922167199,camera-0182-event-0068-rel-p02-set-11-ts-83097952.vi,5,2,14,80.01815053630108,75.65166961415274,844,4177.0,8
402922167199,camera-0182-event-0068-rel-p02-set-11-ts-83097952.vi,6,2,14,91.20883966767934,74.61240420233189,901,4177.0,8
402922167199,camera-0182-event-0068-rel-p02-set-11-ts-83097952.vi,7,2,14,52.53360406720813,58.267361159054374,761,4177.0,8
402922182663,camera-0183-event-0068-rel-p03-set-11-ts-83114683.vi,0,2,14,24.35453995907992,13.723687153895304,181,4717.0,9
402922182663,camera-0183-event-0068-rel-p03-set-11-ts-83114683.vi,1,2,14,21.523560047120093,10.883793425970952,134,4717.0,9
402922182663,camera-0183-event-0068-rel-p03-set-11-ts-83114683.vi,2,2,14,80.55909386818773,75.02431795236991,778,4717.0,9
402922182663,camera-0183-event-0068-rel-p03-set-11-ts-83114683.vi,3,2,14,93.53538657077314,74.7538786356792,1012,4717.0,9
402922182663,camera-0183-event-0068-rel-p03-set-11-ts-83114683.vi,4,2,14,57.655914811829625,61.17856588507055,975,4717.0,9
402922182663,camera-0183-event-0068-rel-p03-set-11-ts-83114683.vi,5,2,14,82.00785076570153,75.96019799223116,962,4717.0,9
402922182663,camera-0183-event-0068-rel-p03-set-11-ts-83114683.vi,6,2,14,92.30450585901171,74.56038407303856,931,4717.0,9
402922182663,camera-0183-event-0068-rel-p03-set-11-ts-83114683.vi,7,2,14,54.04725959451919,59.03048842108897,754,4717.0,9
402922431937,camera-0184-event-0000-rel-p00-set-11-ts-83364877.vi,0,2,14,24.438519127038255,13.84498409088969,189,4681.0,8
402922431937,camera-0184-event-0000-rel-p00-set-11-ts-83364877.vi,1,2,14,21.575314650629302,10.932064271435822,135,4681.0,8
402922431937,camera-0184-event-0000-rel-p00-set-11-ts-83364877.vi,2,2,14,81.23560047120094,75.4066891089014,877,4681.0,8
402922431937,camera-0184-event-0000-rel-p00-set-11-ts-83364877.vi,3,2,14,94.48661572323145,74.77896215278636,1016,4681.0,8
402922431937,camera-0184-event-0000-rel-p00-set-11-ts-83364877.vi,4,2,14,58.205832661665326,61.50334377554376,1026,4681.0,8
402922431937,camera-0184-event-0000-rel-p00-set-11-ts-83364877.vi,5,2,14,82.9228175956352,76.20557239609778,948,4681.0,8
402922431937,camera-0184-event-0000-rel-p00-set-11-ts-83364877.vi,6,2,14,93.30755936511873,74.62548272608666,997,4681.0,8
402922431937,camera-0184-event-0000-rel-p00-set-11-ts-83364877.vi,7,2,14,54.46796918593837,59.189594371351845,768,4681.0,8
402923432874,camera-0185-event-0000-rel-p00-set-11-ts-84366398.vi,0,2,14,24.33211916423833,13.01207230649305,134,3879.0,7
402923432874,camera-0185-event-0000-rel-p00-set-11-ts-84366398.vi,1,2,14,21.41251007502015,9.979112946235572,82,3879.0,7
402923432874,camera-0185-event-0000-rel-p00-set-11-ts-84366398.vi,2,2,14,85.56220162440324,74.75826910826159,806,3879.0,7
402923432874,camera-0185-event-0000-rel-p00-set-11-ts-84366398.vi,3,2,14,97.73588722177445,73.66249048637236,973,3879.0,7
402923432874,camera-0185-event-0000-rel-p00-set-11-ts-84366398.vi,4,2,14,62.34730919461839,62.17415336227164,930,3879.0,7
402923432874,camera-0185-event-0000-rel-p00-set-11-ts-84366398.vi,5,2,14,86.9228098456197,75.60739955288581,975,3879.0,7
402923432874,camera-0185-event-0000-rel-p00-set-11-ts-84366398.vi,6,2,14,97.07176514353029,73.75180454695209,932,3879.0,7
402923432874,camera-0185-event-0000-rel-p00-set-11-ts-84366398.vi,7,2,14,59.254851509703016,60.530607858726114,811,3879.0,7
402924116916,camera-0186-event-0070-rel-m02-set-11-ts-85050022.vi,0,2,14,24.6504975509951,11.907929065542536,36,3287.0,3
402924116916,camera-0186-event-0070-rel-m02-set-11-ts-85050022.vi,1,2,14,21.536440572881144,8.150627887026486,3,3287.0,3
402924116916,camera-0186-event-0070-rel-m02-set-11-ts-85050022.vi,2,2,14,87.05619536239072,74.3383226452547,966,3287.0,3
402924116916,camera-0186-event-0070-rel-m02-set-11-ts-85050022.vi,3,2,14,99.75737026474053,73.57153363034121,1058,3287.0,3
402924116916,camera-0186-event-0070-rel-m02-set-11-ts-85050022.vi,4,2,14,65.03745582491165,63.560843986496614,1068,3287.0,3
402924116916,camera-0186-event-0070-rel-m02-set-11-ts-85050022.vi,5,2,14,88.37127224254448,75.07505791357235,1051,3287.0,3
402924116916,camera-0186-event-0070-rel-m02-set-11-ts-85050022.vi,6,2,14,98.78983507967015,73.51161897762047,1125,3287.0,3
402924116916,camera-0186-event-0070-rel-m02-set-11-ts-85050022.vi,7,2,14,61.255758261516526,61.41073699809935,906,3287.0,3
402924133887,camera-0187-event-0070-rel-m01-set-11-ts-85066705.vi,0,2,14,24.416617583235166,11.775249262731982,31,5264.0,2
402924133887,camera-0187-event-0070-rel-m01-set-11-ts-85066705.vi,1,2,14,21.360848471696944,7.99246902715422,3,5264.0,2
402924133887,camera-0187-event-0070-rel-m01-set-11-ts-85066705.vi,2,2,14,86.50634726269452,74.38378357953336,875,5264.0,2
402924133887,camera-0187-event-0070-rel-m01-set-11-ts-85066705.vi,3,2,14,99.18724037448075,73.43820567628534,1084,5264.0,2
402924133887,camera-0187-event-0070-rel-m01-set-11-ts-85066705.vi,4,2,14,64.11538223076447,63.038966602333126,1077,5264.0,2
402924133887,camera-0187-event-0070-rel-m01-set-11-ts-85066705.vi,5,2,14,87.92894785789572,75.1712700540764,1059,5264.0,2
402924133887,camera-0187-event-0070-rel-m01-set-11-ts-85066705.vi,6,2,14,98.24342023684048,73.55323584393695,1088,5264.0,2
402924133887,camera-0187-event-0070-rel-m01-set-11-ts-85066705.vi,7,2,14,60.65722456444913,61.22118036310328,836,5264.0,2
402924150132,camera-0188-event-0070-rel-p01-set-11-ts-85083598.vi,0,2,5,24.300351850703702,11.73620887141153,36,4845.0,2
402924150132,camera-0188-event-0070-rel-p01-set-11-ts-85083598.vi,1,2,5,21.221851943703886,7.983284773774698,5,4845.0,2
402924150132,camera-0188-event-0070-rel-p01-set-11-ts-85083598.vi,2,2,5,87.39952879905759,74.60474441544417,917,4845.0,2
402924150132,camera-0188-event-0070-rel-p01-set-11-ts-85083598.vi,3,2,5,100.00465775931552,73.55594416503105,1072,4845.0,2
402924150132,camera-0188-event-0070-rel-p01-set-11-ts-85083598.vi,4,2,5,65.03762632525265,63.25113668879845,1020,4845.0,2
402924150132,camera-0188-event-0070-rel-p01-set-11-ts-85083598.vi,5,2,5,89.04006758013516,75.30047920110847,1037,4845.0,2
402924150132,camera-0188-event-0070-rel-p01-set-11-ts-85083598.vi,6,2,5,99.24723324446649,73.28391264567405,1104,4845.0,2
402924150132,camera-0188-event-0070-rel-p01-set-11-ts-85083598.vi,7,2,5,61.54316758633517,61.47353799444899,862,4845.0,2
402924168843,camera-0189-event-0070-rel-p02-set-11-ts-85100281.vi,0,2,5,24.7748232996466,12.2230997342475,48,4050.0,2
402924168843,camera-0189-event-0070-rel-p02-set-11-ts-85100281.vi,1,2,5,21.60222270444541,8.498711431492826,14,4050.0,2
402924168843,camera-0189-event-0070-rel-p02-set-11-ts-85100281.vi,2,2,5,88.15879781759564,74.43955376879882,1000,4050.0,2
402924168843,camera-0189-event-0070-rel-p02-set-11-ts-85100281.vi,3,2,5,100.66774908549817,73.47266926393006,1120,4050.0,2
402924168843,camera-0189-event-0070-rel-p02-set-11-ts-85100281.vi,4,2,5,66.51953778907559,64.01365012066071,1118,4050.0,2
402924168843,camera-0189-event-0070-rel-p02-set-11-ts-85100281.vi,5,2,5,89.61611073222146,75.00732177608707,1071,4050.0,2
402924168843,camera-0189-event-0070-rel-p02-set-11-ts-85100281.vi,6,2,5,99.46491567983136,73.3422546235495,1113,4050.0,2
402924168843,camera-0189-event-0070-rel-p02-set-11-ts-85100281.vi,7,2,5,63.066595883191766,62.39224704506317,913,4050.0,2
402924186325,camera-0190-event-0070-rel-p03-set-11-ts-85117113.vi,0,2,5,24.621458242916486,12.135776962308462,50,3160.0,2
402924186325,camera-0190-event-0070-rel-p03-set-11-ts-85117113.vi,1,2,5,21.45763066526133,8.455613451303329,13,3160.0,2
402924186325,camera-0190-event-0070-rel-p03-set-11-ts-85117113.vi,2,2,5,88.75767251534504,74.15629889511044,969,3160.0,2
402924186325,camera-0190-event-0070-rel-p03-set-11-ts-85117113.vi,3,2,5,101.13286626573253,73.15025162984311,1108,3160.0,2
402924186325,camera-0190-event-0070-rel-p03-set-11-ts-85117113.vi,4,2,5,67.12688325376651,63.937675432602276,1073,3160.0,2
402924186325,camera-0190-event-0070-rel-p03-set-11-ts-85117113.vi,5,2,5,90.39598704197408,74.89063657454845,1131,3160.0,2
402924186325,camera-0190-event-0070-rel-p03-set-11-ts-85117113.vi,6,2,5,100.30273885547771,73.25177822936938,1054,3160.0,2
402924186325,camera-0190-event-0070-rel-p03-set-11-ts-85117113.vi,7,2,5,63.538788827577655,62.379270577465554,888,3160.0,2
402924436371,camera-0191-event-0000-rel-p00-set-11-ts-85368244.vi,0,2,5,24.878859507719014,13.611754068457806,173,372.0,0
402924436371,camera-0191-event-0000-rel-p00-set-11-ts-85368244.vi,1,2,5,21.588962427924855,10.669918481252195,117,372.0,0
402924436371,camera-0191-event-0000-rel-p00-set-11-ts-85368244.vi,2,2,5,92.71111042222084,74.30884626064403,1029,372.0,0
402924436371,camera-0191-event-0000-rel-p00-set-11-ts-85368244.vi,3,2,5,104.38314526629053,72.84933752993555,1132,372.0,0
402924436371,camera-0191-event-0000-rel-p00-set-11-ts-85368244.vi,4,2,5,72.39514229028458,65.28612056124777,1148,372.0,0
402924436371,camera-0191-event-0000-rel-p00-set-11-ts-85368244.vi,5,2,5,94.21461342922686,75.02690461921607,1196,372.0,0
402924436371,camera-0191-event-0000-rel-p00-set-11-ts-85368244.vi,6,2,5,103.24144398288797,72.74389164230396,1119,372.0,0
402924436371,camera-0191-event-0000-rel-p00-set-11-ts-85368244.vi,7,2,5,69.21274567549135,64.01976245018447,977,372.0,0
402925235816,camera-0192-event-0072-rel-m02-set-11-ts-86167835.vi,0,2,5,23.790672081344162,12.847715090150219,183,3641.0,0
402925235816,camera-0192-event-0072-rel-m02-set-11-ts-86167835.vi,1,2,5,21.211776923553845,10.371571446185843,133,3641.0,0
402925235816,camera-0192-event-0072-rel-m02-set-11-ts-86167835.vi,2,2,5,80.04061008122017,75.30717353390295,665,3641.0,0
402925235816,camera-0192-event-0072-rel-m02-set-11-ts-86167835.vi,3,2,5,94.03775032550065,74.45732696620833,881,3641.0,0
402925235816,camera-0192-event-0072-rel-m02-set-11-ts-86167835.vi,4,2,5,55.14843604687209,59.228511065762085,853,3641.0,0
402925235816,camera-0192-event-0072-rel-m02-set-11-ts-86167835.vi,5,2,5,81.24336598673197,75.96339896944397,796,3641.0,0
402925235816,camera-0192-event-0072-rel-m02-set-11-ts-86167835.vi,6,2,5,93.0017282534565,74.32458074250907,864,3641.0,0
402925235816,camera-0192-event-0072-rel-m02-set-11-ts-86167835.vi,7,2,5,52.30846611693224,57.379808475890265,691,3641.0,0
402925251219,camera-0193-event-0072-rel-m01-set-11-ts-86184431.vi,0,2,5,24.01295027590055,13.053766730041609,184,7335.0,4
402925251219,camera-0193-event-0072-rel-m01-set-11-ts-86184431.vi,1,2,5,21.405511811023622,10.589550782595623,140,7335.0,4
402925251219,camera-0193-event-0072-rel-m01-set-11-ts-86184431.vi,2,2,5,79.80946586893174,75.32614840893415,674,7335.0,4
402925251219,camera-0193-event-0072-rel-m01-set-11-ts-86184431.vi,3,2,5,93.1478160456321,74.48066633663845,893,7335.0,4
402925251219,camera-0193-event-0072-rel-m01-set-11-ts-86184431.vi,4,2,5,55.61006572013144,59.75068305759971,910,7335.0,4
402925251219,camera-0193-event-0072-rel-m01-set-11-ts-86184431.vi,5,2,5,81.44881889763779,76.33378278778531,867,7335.0,4
402925251219,camera-0193-event-0072-rel-m01-set-11-ts-86184431.vi,6,2,5,92.42169384338769,74.57985262433102,854,7335.0,4
402925251219,camera-0193-event-0072-rel-m01-set-11-ts-86184431.vi,7,2,5,52.35796546593093,57.40819057531921,636,7335.0,4
402925267884,camera-0194-event-0072-rel-p01-set-11-ts-86201114.vi,0,2,6,24.146219542439084,13.170730202780609,185,8393.0,6
402925267884,camera-0194-event-0072-rel-p01-set-11-ts-86201114.vi,1,2,6,21.511811023622048,10.672055602626028,140,8393.0,6
402925267884,camera-0194-event-0072-rel-p01-set-11-ts-86201114.vi,2,2,6,80.08486266972534,75.34956659102998,716,8393.0,6
402925267884,camera-0194-event-0072-rel-p01-set-11-ts-86201114.vi,3,2,6,94.00919926839853,74.56502161877597,882,8393.0,6
402925267884,camera-0194-event-0072-rel-p01-set-11-ts-86201114.vi,4,2,6,56.064022878045755,59.695021428260254,863,8393.0,6
402925267884,camera-0194-event-0072-rel-p01-set-11-ts-86201114.vi,5,2,6,81.83662192324384,76.232263072293,836,8393.0,6
402925267884,camera-0194-event-0072-rel-p01-set-11-ts-86201114.vi,6,2,6,92.76398877797756,74.47144106337376,850,8393.0,6
402925267884,camera-0194-event-0072-rel-p01-set-11-ts-86201114.vi,7,2,6,52.58289416578833,57.53150747042637,692,8393.0,6
402925285185,camera-0195-event-0072-rel-p02-set-11-ts-86217773.vi,0,2,6,23.81974238948478,12.927158726174227,182,5698.0,6
402925285185,camera-0195-event-0072-rel-p02-set-11-ts-86217773.vi,1,2,6,21.247574245148492,10.400736642967681,137,5698.0,6
402925285185,camera-0195-event-0072-rel-p02-set-11-ts-86217773.vi,2,2,6,79.51260152520305,75.26940039728728,670,5698.0,6
402925285185,camera-0195-event-0072-rel-p02-set-11-ts-86217773.vi,3,2,6,93.31733988467977,74.41723467180591,808,5698.0,6
402925285185,camera-0195-event-0072-rel-p02-set-11-ts-86217773.vi,4,2,6,54.79677134354269,59.0473883218719,808,5698.0,6
402925285185,camera-0195-event-0072-rel-p02-set-11-ts-86217773.vi,5,2,6,81.02865955731912,76.13415235260537,823,5698.0,6
402925285185,camera-0195-event-0072-rel-p02-set-11-ts-86217773.vi,6,2,6,92.25489025978052,74.38071310707079,820,5698.0,6
402925285185,camera-0195-event-0072-rel-p02-set-11-ts-86217773.vi,7,2,6,51.58486266972534,56.935763815058216,645,5698.0,6
402925301315,camera-0196-event-0072-rel-p03-set-11-ts-86234456.vi,0,2,6,24.053792857585716,13.091089215091836,185,3914.0,7
402925301315,camera-0196-event-0072-rel-p03-set-11-ts-86234456.vi,1,2,6,21.435922871845744,10.559844182111663,137,3914.0,7
402925301315,camera-0196-event-0072-rel-p03-set-11-ts-86234456.vi,2,2,6,80.4750992001984,75.67025141312342,732,3914.0,7
402925301315,camera-0196-event-0072-rel-p03-set-11-ts-86234456.vi,3,2,6,93.66798933597867,74.51802844622613,875,3914.0,7
402925301315,camera-0196-event-0072-rel-p03-set-11-ts-86234456.vi,4,2,6,55.744187488374976,59.56310897793767,866,3914.0,7
402925301315,camera-0196-event-0072-rel-p03-set-11-ts-86234456.vi,5,2,6,82.0238467976936,76.54044011801425,832,3914.0,7
402925301315,camera-0196-event-0072-rel-p03-set-11-ts-86234456.vi,6,2,6,92.83558342116685,74.54813976111647,848,3914.0,7
402925301315,camera-0196-event-0072-rel-p03-set-11-ts-86234456.vi,7,2,6,52.36235972471945,57.4095347777865,662,3914.0,7
402925434740,camera-0197-event-0000-rel-p00-set-11-ts-86367809.vi,0,2,6,23.859352718705438,12.90266429228163,184,4197.0,8
402925434740,camera-0197-event-0000-rel-p00-set-11-ts-86367809.vi,1,2,6,21.285192820385642,10.340445387771844,131,4197.0,8
402925434740,camera-0197-event-0000-rel-p00-set-11-ts-86367809.vi,2,2,6,79.58266941533883,75.37726729091659,649,4197.0,8
402925434740,camera-0197-event-0000-rel-p00-set-11-ts-86367809.vi,3,2,6,93.59492218984438,74.55657211916859,892,4197.0,8
402925434740,camera-0197-event-0000-rel-p00-set-11-ts-86367809.vi,4,2,6,54.55841186682373,58.83509694219856,846,4197.0,8
402925434740,camera-0197-event-0000-rel-p00-set-11-ts-86367809.vi,5,2,6,81.06402287804576,76.17881388386573,777,4197.0,8
402925434740,camera-0197-event-0000-rel-p00-set-11-ts-86367809.vi,6,2,6,92.57891840783681,74.53026085702993,845,4197.0,8
402925434740,camera-0197-event-0000-rel-p00-set-11-ts-86367809.vi,7,2,6,51.293950337900675,56.56952326866108,637,4197.0,8
402926118873,camera-0198-event-0073-rel-m02-set-11-ts-87051849.vi,0,2,6,24.424476098952198,14.05293163797339,189,4270.0,8
402926118873,camera-0198-event-0073-rel-m02-set-11-ts-87051849.vi,1,2,6,21.523978547957096,11.057240571477402,137,4270.0,8
402926118873,camera-0198-event-0073-rel-m02-set-11-ts-87051849.vi,2,2,6,82.2003999007998,75.85656094165986,916,4270.0,8
402926118873,camera-0198-event-0073-rel-m02-set-11-ts-87051849.vi,3,2,6,94.74193998387997,74.5450263168722,1103,4270.0,8
402926118873,camera-0198-event-0073-rel-m02-set-11-ts-87051849.vi,4,2,6,58.50870326740653,61.5109019966007,1041,4270.0,8
402926118873,camera-0198-event-0073-rel-m02-set-11-ts-87051849.vi,5,2,6,84.0018987537975,76.70524810946716,1020,4270.0,8
402926118873,camera-0198-event-0073-rel-m02-set-11-ts-87051849.vi,6,2,6,94.41816758633517,74.7507651186477,1009,4270.0,8
402926118873,camera-0198-event-0073-rel-m02-set-11-ts-87051849.vi,7,2,6,55.19054963109926,59.26282972341668,800,4270.0,8
402926137877,camera-0199-event-0073-rel-m01-set-11-ts-87068532.vi,0,2,6,24.261880773761547,13.957158734930868,189,4449.0,9
402926137877,camera-0199-event-0073-rel-m01-set-11-ts-87068532.vi,1,2,6,21.39065503131006,10.953807770521818,134,4449.0,9
402926137877,camera-0199-event-0073-rel-m01-set-11-ts-87068532.vi,2,2,6,81.71272242544485,75.65055326481514,917,4449.0,9
402926137877,camera-0199-event-0073-rel-m01-set-11-ts-87068532.vi,3,2,6,94.64137578275157,74.61427455258116,1045,4449.0,9
402926137877,camera-0199-event-0073-rel-m01-set-11-ts-87068532.vi,4,2,6,57.76565503131006,61.08348054039385,1046,4449.0,9
402926137877,camera-0199-event-0073-rel-m01-set-11-ts-87068532.vi,5,2,6,83.08359166718333,76.41552775197536,941,4449.0,9
402926137877,camera-0199-event-0073-rel-m01-set-11-ts-87068532.vi,6,2,6,93.70888616777233,74.65576445340649,992,4449.0,9
402926137877,camera-0199-event-0073-rel-m01-set-11-ts-87068532.vi,7,2,6,54.741110732221465,59.16592916067002,773,4449.0,9
402926152834,camera-0200-event-0073-rel-p01-set-11-ts-87085247.vi,0,2,10,24.645615041230084,14.254487650666768,191,4108.0,8
402926152834,camera-0200-event-0073-rel-p01-set-11-ts-87085247.vi,1,2,10,21.688433876867755,11.253634658795766,140,4108.0,8
402926152834,camera-0200-event-0073-rel-p01-set-11-ts-87085247.vi,2,2,10,83.0264895529791,75.80596333991899,915,4108.0,8
402926152834,camera-0200-event-0073-rel-p01-set-11-ts-87085247.vi,3,2,10,95.63662502325005,74.52310682954152,1087,4108.0,8
402926152834,camera-0200-event-0073-rel-p01-set-11-ts-87085247.vi,4,2,10,59.35274970549941,61.5911228451549,1033,4108.0,8
402926152834,camera-0200-event-0073-rel-p01-set-11-ts-87085247.vi,5,2,10,84.56651838303677,76.53808721787577,988,4108.0,8
402926152834,camera-0200-event-0073-rel-p01-set-11-ts-87085247.vi,6,2,10,94.69281263562527,74.57871277603748,1004,4108.0,8
402926152834,camera-0200-event-0073-rel-p01-set-11-ts-87085247.vi,7,2,10,55.86656023312047,59.61909626317315,827,4108.0,8
402926168892,camera-0201-event-0073-rel-p02-set-11-ts-87101930.vi,0,2,10,24.398443796887594,14.056857456370532,191,10623.0,7
402926168892,camera-0201-event-0073-rel-p02-set-11-ts-87101930.vi,1,2,10,21.493784487568973,11.096146070433543,140,10623.0,7
402926168892,camera-0201-event-0073-rel-p02-set-11-ts-87101930.vi,2,2,10,81.99396273792547,75.53273073104377,825,10623.0,7
402926168892,camera-0201-event-0073-rel-p02-set-11-ts-87101930.vi,3,2,10,95.04406658813318,74.57125615399129,999,10623.0,7
402926168892,camera-0201-event-0073-rel-p02-set-11-ts-87101930.vi,4,2,10,58.55642786285573,61.46238625088119,1069,10623.0,7
402926168892,camera-0201-event-0073-rel-p02-set-11-ts-87101930.vi,5,2,10,84.07391189782379,76.49570688266517,1032,10623.0,7
402926168892,camera-0201-event-0073-rel-p02-set-11-ts-87101930.vi,6,2,10,94.10388120776241,74.57667038743276,969,10623.0,7
402926168892,camera-0201-event-0073-rel-p02-set-11-ts-87101930.vi,7,2,10,55.33166191332383,59.403424521478044,858,10623.0,7
402926185537,camera-0202-event-0073-rel-p03-set-11-ts-87118519.vi,0,2,10,24.32004464008928,14.022087126068715,189,5387.0,8
402926185537,camera-0202-event-0073-rel-p03-set-11-ts-87118519.vi,1,2,10,21.447129394258788,11.07897286267633,141,5387.0,8
402926185537,camera-0202-event-0073-rel-p03-set-11-ts-87118519.vi,2,2,10,81.4741149482299,75.63128308872857,884,5387.0,8
402926185537,camera-0202-event-0073-rel-p03-set-11-ts-87118519.vi,3,2,10,94.57242389484779,74.49782607326287,1031,5387.0,8
402926185537,camera-0202-event-0073-rel-p03-set-11-ts-87118519.vi,4,2,10,57.704592659185316,61.10575745995391,1020,5387.0,8
402926185537,camera-0202-event-0073-rel-p03-set-11-ts-87118519.vi,5,2,10,83.09224843449687,76.252756133526,956,5387.0,8
402926185537,camera-0202-event-0073-rel-p03-set-11-ts-87118519.vi,6,2,10,93.75548701097402,74.57933682778852,947,5387.0,8
402926185537,camera-0202-event-0073-rel-p03-set-11-ts-87118519.vi,7,2,10,54.481066712133426,58.89585517653038,774,5387.0,8
402926437577,camera-0203-event-0000-rel-p00-set-11-ts-87368873.vi,0,2,10,24.66744683489367,14.468328817753575,190,2187.0,8
402926437577,camera-0203-event-0000-rel-p00-set-11-ts-87368873.vi,1,2,10,21.621086242172485,11.37714698552442,143,2187.0,8
402926437577,camera-0203-event-0000-rel-p00-set-11-ts-87368873.vi,2,2,10,85.01587978175957,75.91636110991362,930,2187.0,8
402926437577,camera-0203-event-0000-rel-p00-set-11-ts-87368873.vi,3,2,10,97.53720782441565,74.1953084228926,1133,2187.0,8
402926437577,camera-0203-event-0000-rel-p00-set-11-ts-87368873.vi,4,2,10,60.73808047616095,61.97695368107254,1058,2187.0,8
402926437577,camera-0203-event-0000-rel-p00-set-11-ts-87368873.vi,5,2,10,86.55784611569223,76.68646092016614,1038,2187.0,8
402926437577,camera-0203-event-0000-rel-p00-set-11-ts-87368873.vi,6,2,10,96.60978671957344,74.18772190892827,1022,2187.0,8
402926437577,camera-0203-event-0000-rel-p00-set-11-ts-87368873.vi,7,2,10,57.41579608159216,59.9755697626312,877,2187.0,8
402927119772,camera-0204-event-0074-rel-m02-set-11-ts-88052926.vi,0,2,10,24.35445470890942,13.884508603827742,188,4149.0,9
402927119772,camera-0204-event-0074-rel-m02-set-11-ts-88052926.vi,1,2,10,21.42002759005518,10.919375183221225,141,4149.0,9
402927119772,camera-0204-event-0074-rel-m02-set-11-ts-88052926.vi,2,2,10,83.2276722053444,75.38224480065743,833,4149.0,9
402927119772,camera-0204-event-0074-rel-m02-set-11-ts-88052926.vi,3,2,10,96.14404178808357,74.38056655432347,1042,4149.0,9
402927119772,camera-0204-event-0074-rel-m02-set-11-ts-88052926.vi,4,2,10,59.846836443672885,61.79919792767265,1003,4149.0,9
402927119772,camera-0204-event-0074-rel-m02-set-11-ts-88052926.vi,5,2,10,84.88209901419803,76.24585029360432,993,4149.0,9
402927119772,camera-0204-event-0074-rel-m02-set-11-ts-88052926.vi,6,2,10,95.11606423212847,74.4018520797174,953,4149.0,9
402927119772,camera-0204-event-0074-rel-m02-set-11-ts-88052926.vi,7,2,10,56.481485212970426,59.71408330324461,824,4149.0,9
402927137998,camera-0205-event-0074-rel-m01-set-11-ts-88069609.vi,0,2,10,24.511361522723046,13.988065243199221,188,4030.0,9
402927137998,camera-0205-event-0074-rel-m01-set-11-ts-88069609.vi,1,2,10,21.543152086304172,11.018229744561747,140,4030.0,9
402927137998,camera-0205-event-0074-rel-m01-set-11-ts-88069609.vi,2,2,10,83.3996527993056,75.39545251477685,876,4030.0,9
402927137998,camera-0205-event-0074-rel-m01-set-11-ts-88069609.vi,3,2,10,96.51966953933908,74.3834845171664,1061,4030.0,9
402927137998,camera-0205-event-0074-rel-m01-set-11-ts-88069609.vi,4,2,10,60.38314526629053,62.032712939331205,1026,4030.0,9
402927137998,camera-0205-event-0074-rel-m01-set-11-ts-88069609.vi,5,2,10,85.35779496558993,76.18307524962839,982,4030.0,9
402927137998,camera-0205-event-0074-rel-m01-set-11-ts-88069609.vi,6,2,10,95.53223231446462,74.36178294278257,1046,4030.0,9
402927137998,camera-0205-event-0074-rel-m01-set-11-ts-88069609.vi,7,2,10,56.94268088536177,60.03403294128998,838,4030.0,9
402927153283,camera-0206-event-0074-rel-p01-set-11-ts-88086155.vi,0,2,12,24.70569316138632,14.101743035039728,189,4685.0,9
402927153283,camera-0206-event-0074-rel-p01-set-11-ts-88086155.vi,1,2,12,21.727129704259408,11.149733330162006,140,4685.0,9
402927153283,camera-0206-event-0074-rel-p01-set-11-ts-88086155.vi,2,2,12,83.5729508959018,75.51546063785231,915,4685.0,9
402927153283,camera-0206-event-0074-rel-p01-set-11-ts-88086155.vi,3,2,12,96.05470735941472,74.48372031867095,1057,4685.0,9
402927153283,camera-0206-event-0074-rel-p01-set-11-ts-88086155.vi,4,2,12,60.131262012524026,62.04068072370465,1037,4685.0,9
402927153283,camera-0206-event-0074-rel-p01-set-11-ts-88086155.vi,5,2,12,84.90887531775064,75.97374731332826,1017,4685.0,9
402927153283,camera-0206-event-0074-rel-p01-set-11-ts-88086155.vi,6,2,12,95.21486142972286,74.27118487728707,972,4685.0,9
402927153283,camera-0206-event-0074-rel-p01-set-11-ts-88086155.vi,7,2,12,56.546910843821685,59.84797737549637,814,4685.0,9
402927170013,camera-0207-event-0074-rel-p02-set-11-ts-88102838.vi,0,2,12,24.3499286998574,13.848306419959723,187,4681.0,8
402927170013,camera-0207-event-0074-rel-p02-set-11-ts-88102838.vi,1,2,12,21.448811147622294,10.892729617031256,138,4681.0,8
402927170013,camera-0207-event-0074-rel-p02-set-11-ts-88102838.vi,2,2,12,82.4229803459607,75.38626217794463,846,4681.0,8
402927170013,camera-0207-event-0074-rel-p02-set-11-ts-88102838.vi,3,2,12,95.47727695455391,74.48537867466011,1049,4681.0,8
402927170013,camera-0207-event-0074-rel-p02-set-11-ts-88102838.vi,4,2,12,58.89335978671957,61.44982273000536,970,4681.0,8
402927170013,camera-0207-event-0074-rel-p02-set-11-ts-88102838.vi,5,2,12,83.86001147002294,76.11201064271654,982,4681.0,8
402927170013,camera-0207-event-0074-rel-p02-set-11-ts-88102838.vi,6,2,12,94.62241149482298,74.49654395960948,980,4681.0,8
402927170013,camera-0207-event-0074-rel-p02-set-11-ts-88102838.vi,7,2,12,55.68691487382975,59.39976478963472,759,4681.0,8
402927186588,camera-0208-event-0074-rel-p03-set-11-ts-88119557.vi,0,2,12,24.491017732035463,13.95953004423794,188,4227.0,9
402927186588,camera-0208-event-0074-rel-p03-set-11-ts-88119557.vi,1,2,12,21.55233585467171,11.012773266809045,140,4227.0,9
402927186588,camera-0208-event-0074-rel-p03-set-11-ts-88119557.vi,2,2,12,82.62101649203298,75.27676363075282,896,4227.0,9
402927186588,camera-0208-event-0074-rel-p03-set-11-ts-88119557.vi,3,2,12,95.63852377704755,74.53589348361234,1055,4227.0,9
402927186588,camera-0208-event-0074-rel-p03-set-11-ts-88119557.vi,4,2,12,59.54268708537417,61.72305019428509,1031,4227.0,9
402927186588,camera-0208-event-0074-rel-p03-set-11-ts-88119557.vi,5,2,12,84.43125736251473,76.16504674513062,1055,4227.0,9
402927186588,camera-0208-event-0074-rel-p03-set-11-ts-88119557.vi,6,2,12,94.68862762725526,74.35484388710003,978,4227.0,9
402927186588,camera-0208-event-0074-rel-p03-set-11-ts-88119557.vi,7,2,12,56.215713931427864,59.738412072540115,814,4227.0,9
402927436681,camera-0209-event-0000-rel-p00-set-11-ts-88369863.vi,0,2,12,24.376573253146507,13.710119995952263,185,4787.0,8
402927436681,camera-0209-event-0000-rel-p00-set-11-ts-88369863.vi,1,2,12,21.483662967325934,10.88274135822478,139,4787.0,8
402927436681,camera-0209-event-0000-rel-p00-set-11-ts-88369863.vi,2,2,12,82.62017949035898,75.30667601288671,842,4787.0,8
402927436681,camera-0209-event-0000-rel-p00-set-11-ts-88369863.vi,3,2,12,95.53325531651063,74.54319435040186,1042,4787.0,8
402927436681,camera-0209-event-0000-rel-p00-set-11-ts-88369863.vi,4,2,12,59.104121458242915,61.55623160032552,1027,4787.0,8
402927436681,camera-0209-event-0000-rel-p00-set-11-ts-88369863.vi,5,2,12,84.09561969123938,76.19118634780985,970,4787.0,8
402927436681,camera-0209-event-0000-rel-p00-set-11-ts-88369863.vi,6,2,12,94.67980035960072,74.41619395289702,976,4787.0,8
402927436681,camera-0209-event-0000-rel-p00-set-11-ts-88369863.vi,7,2,12,55.820098890197784,59.57629778339651,780,4787.0,8
402928103953,camera-0210-event-0075-rel-m02-set-11-ts-89037128.vi,0,2,12,24.33802467604935,13.74656989882462,184,3840.0,9
402928103953,camera-0210-event-0075-rel-m02-set-11-ts-89037128.vi,1,2,12,21.458080166160332,10.836680953980034,132,3840.0,9
402928103953,camera-0210-event-0075-rel-m02-set-11-ts-89037128.vi,2,2,12,81.72696695393391,75.07819600640309,795,3840.0,9
402928103953,camera-0210-event-0075-rel-m02-set-11-ts-89037128.vi,3,2,12,94.3992110484221,74.60799715723535,1017,3840.0,9
402928103953,camera-0210-event-0075-rel-m02-set-11-ts-89037128.vi,4,2,12,58.596503193006384,61.58520981232832,995,3840.0,9
402928103953,camera-0210-event-0075-rel-m02-set-11-ts-89037128.vi,5,2,12,83.36201872403745,76.14221511408377,1004,3840.0,9
402928103953,camera-0210-event-0075-rel-m02-set-11-ts-89037128.vi,6,2,12,93.89153853307707,74.50317125350286,978,3840.0,9
402928103953,camera-0210-event-0075-rel-m02-set-11-ts-89037128.vi,7,2,12,55.081475912951824,59.41417189548744,820,3840.0,9
402928120662,camera-0211-event-0075-rel-m01-set-11-ts-89053879.vi,0,2,12,24.121907743815488,13.572124849737667,179,3874.0,9
402928120662,camera-0211-event-0075-rel-m01-set-11-ts-89053879.vi,1,2,12,21.2744900489801,10.669887724653366,128,3874.0,9
402928120662,camera-0211-event-0075-rel-m01-set-11-ts-89053879.vi,2,2,12,81.77901605803211,75.37158815460678,855,3874.0,9
402928120662,camera-0211-event-0075-rel-m01-set-11-ts-89053879.vi,3,2,12,94.6767933535867,74.53539776994339,959,3874.0,9
402928120662,camera-0211-event-0075-rel-m01-set-11-ts-89053879.vi,4,2,12,58.37201624403249,61.38450582440229,1005,3874.0,9
402928120662,camera-0211-event-0075-rel-m01-set-11-ts-89053879.vi,5,2,12,82.90597681195362,76.1356424674403,960,3874.0,9
402928120662,camera-0211-event-0075-rel-m01-set-11-ts-89053879.vi,6,2,12,93.70540641081283,74.4888833550233,960,3874.0,9
402928120662,camera-0211-event-0075-rel-m01-set-11-ts-89053879.vi,7,2,12,54.76120652241305,59.08093741980944,715,3874.0,9
402928137364,camera-0212-event-0075-rel-p01-set-11-ts-89070562.vi,0,1,255,24.47002294004588,13.849156489690797,184,4450.0,8
402928137364,camera-0212-event-0075-rel-p01-set-11-ts-89070562.vi,1,1,255,21.548848347696694,10.963191402453536,137,4450.0,8
402928137364,camera-0212-event-0075-rel-p01-set-11-ts-89070562.vi,2,1,255,82.4733554467109,75.17073650928567,895,4450.0,8
402928137364,camera-0212-event-0075-rel-p01-set-11-ts-89070562.vi,3,1,255,95.26696478392957,74.5775150082662,1057,4450.0,8
402928137364,camera-0212-event-0075-rel-p01-set-11-ts-89070562.vi,4,1,255,59.449105648211294,61.90023965260131,1080,4450.0,8
402928137364,camera-0212-event-0075-rel-p01-set-11-ts-89070562.vi,5,1,255,83.88088226176453,75.94686165237115,989,4450.0,8
402928137364,camera-0212-event-0075-rel-p01-set-11-ts-89070562.vi,6,1,255,94.42839760679522,74.37595465721972,1021,4450.0,8
402928137364,camera-0212-event-0075-rel-p01-set-11-ts-89070562.vi,7,1,255,56.03174406348813,59.82402389629202,806,4450.0,8
402928153976,camera-0213-event-0075-rel-p02-set-11-ts-89087111.vi,0,1,255,24.320873891747784,13.691990755282317,184,4042.0,8
402928153976,camera-0213-event-0075-rel-p02-set-11-ts-89087111.vi,1,1,255,21.466372682745366,10.822977177258844,130,4042.0,8
402928153976,camera-0213-event-0075-rel-p02-set-11-ts-89087111.vi,2,1,255,81.1772041044082,75.22915470660041,868,4042.0,8
402928153976,camera-0213-event-0075-rel-p02-set-11-ts-89087111.vi,3,1,255,94.37363599727199,74.58548437303138,1000,4042.0,8
402928153976,camera-0213-event-0075-rel-p02-set-11-ts-89087111.vi,4,1,255,58.20724316448633,61.34448481647154,978,4042.0,8
402928153976,camera-0213-event-0075-rel-p02-set-11-ts-89087111.vi,5,1,255,82.64559179118358,76.0841512581226,964,4042.0,8
402928153976,camera-0213-event-0075-rel-p02-set-11-ts-89087111.vi,6,1,255,93.09479043958088,74.57602369198263,983,4042.0,8
402928153976,camera-0213-event-0075-rel-p02-set-11-ts-89087111.vi,7,1,255,54.66496682993366,59.00995967080583,697,4042.0,8
402928172076,camera-0214-event-0075-rel-p03-set-11-ts-89103794.vi,0,1,255,24.13949252898506,13.549354958569552,178,3091.0,7
402928172076,camera-0214-event-0075-rel-p03-set-11-ts-89103794.vi,1,1,255,21.32288114576229,10.673522465539639,126,3091.0,7
402928172076,camera-0214-event-0075-rel-p03-set-11-ts-89103794.vi,2,1,255,80.5233972967946,75.11106762263839,741,3091.0,7
402928172076,camera-0214-event-0075-rel-p03-set-11-ts-89103794.vi,3,1,255,93.96643468286936,74.67483076165917,1044,3091.0,7
402928172076,camera-0214-event-0075-rel-p03-set-11-ts-89103794.vi,4,1,255,57.295236840473684,60.902864004495264,993,3091.0,7
402928172076,camera-0214-event-0075-rel-p03-set-11-ts-89103794.vi,5,1,255,82.35935271870544,76.08318828877314,952,3091.0,7
402928172076,camera-0214-event-0075-rel-p03-set-11-ts-89103794.vi,6,1,255,93.02710955421911,74.59758748561282,963,3091.0,7
402928172076,camera-0214-event-0075-rel-p03-set-11-ts-89103794.vi,7,1,255,54.05193285386571,58.77801754010402,749,3091.0,7
402928439222,camera-0215-event-0000-rel-p00-set-11-ts-89370771.vi,0,1,255,24.538540827081654,13.931903936774516,187,2453.0,7
402928439222,camera-0215-event-0000-rel-p00-set-11-ts-89370771.vi,1,1,255,21.609647219294438,10.992117774325944,137,2453.0,7
402928439222,camera-0215-event-0000-rel-p00-set-11-ts-89370771.vi,2,1,255,81.79522134044268,75.0318431240325,846,2453.0,7
402928439222,camera-0215-event-0000-rel-p00-set-11-ts-89370771.vi,3,1,255,95.00587451174903,74.60734119040096,1017,2453.0,7
402928439222,camera-0215-event-0000-rel-p00-set-11-ts-89370771.vi,4,1,255,59.24005673011346,61.9080828838451,1031,2453.0,7
402928439222,camera-0215-event-0000-rel-p00-set-11-ts-89370771.vi,5,1,255,83.6767236034472,75.8967064400725,982,2453.0,7
402928439222,camera-0215-event-0000-rel-p00-set-11-ts-89370771.vi,6,1,255,94.20981616963233,74.52806176788035,993,2453.0,7
402928439222,camera-0215-event-0000-rel-p00-set-11-ts-89370771.vi,7,1,255,55.45274815549631,59.66505765191102,819,2453.0,7
402929441715,camera-0216-event-0000-rel-p00-set-11-ts-90371751.vi,0,1,255,24.48446896893794,13.820211278559968,184,4996.0,8
402929441715,camera-0216-event-0000-rel-p00-set-11-ts-90371751.vi,1,1,255,21.56561938123876,10.928255371236004,130,4996.0,8
402929441715,camera-0216-event-0000-rel-p00-set-11-ts-90371751.vi,2,1,255,82.23945222890445,75.20068035782256,879,4996.0,8
402929441715,camera-0216-event-0000-rel-p00-set-11-ts-90371751.vi,3,1,255,94.74871349742699,74.66809732991348,1074,4996.0,8
402929441715,camera-0216-event-0000-rel-p00-set-11-ts-90371751.vi,4,1,255,58.849339698679394,61.53060829416948,1025,4996.0,8
402929441715,camera-0216-event-0000-rel-p00-set-11-ts-90371751.vi,5,1,255,83.61484747969496,75.8480941187684,1020,4996.0,8
402929441715,camera-0216-event-0000-rel-p00-set-11-ts-90371751.vi,6,1,255,94.01986328972657,74.55891219876594,994,4996.0,8
402929441715,camera-0216-event-0000-rel-p00-set-11-ts-90371751.vi,7,1,255,55.5249162998326,59.55951002022861,849,4996.0,8
402930439625,camera-0217-event-0000-rel-p00-set-11-ts-91372721.vi,0,1,255,24.2006944013888,13.63349639975952,175,3864.0,8
402930439625,camera-0217-event-0000-rel-p00-set-11-ts-91372721.vi,1,1,255,21.356624713249428,10.702649842991661,126,3864.0,8
402930439625,camera-0217-event-0000-rel-p00-set-11-ts-91372721.vi,2,1,255,81.38801227602455,75.29541926687895,830,3864.0,8
402930439625,camera-0217-event-0000-rel-p00-set-11-ts-91372721.vi,3,1,255,94.48993272986546,74.59660434602257,1050,3864.0,8
402930439625,camera-0217-event-0000-rel-p00-set-11-ts-91372721.vi,4,1,255,57.87374449748899,61.05500426056047,984,3864.0,8
402930439625,camera-0217-event-0000-rel-p00-set-11-ts-91372721.vi,5,1,255,82.66644708289417,75.98076025268412,982,3864.0,8
402930439625,camera-0217-event-0000-rel-p00-set-11-ts-91372721.vi,6,1,255,93.83786967573936,74.34353599831809,942,3864.0,8
402930439625,camera-0217-event-0000-rel-p00-set-11-ts-91372721.vi,7,1,255,54.604617459234916,58.980902957677245,801,3864.0,8
402931123619,camera-0218-event-0078-rel-m02-set-11-ts-92056842.vi,0,1,255,24.485515221030443,13.943853396880394,183,3766.0,9
402931123619,camera-0218-event-0078-rel-m02-set-11-ts-92056842.vi,1,1,255,21.543748837497674,10.972207518167034,128,3766.0,9
402931123619,camera-0218-event-0078-rel-m02-set-11-ts-92056842.vi,2,1,255,82.23389546779093,74.95217857859576,866,3766.0,9
402931123619,camera-0218-event-0078-rel-m02-set-11-ts-92056842.vi,3,1,255,95.4487026474053,74.57510465282196,1061,3766.0,9
402931123619,camera-0218-event-0078-rel-m02-set-11-ts-92056842.vi,4,1,255,59.61841248682497,61.93917696768576,1015,3766.0,9
402931123619,camera-0218-event-0078-rel-m02-set-11-ts-92056842.vi,5,1,255,84.11695548391097,75.92093043204552,1019,3766.0,9
402931123619,camera-0218-event-0078-rel-m02-set-11-ts-92056842.vi,6,1,255,94.78079856159712,74.4433758064336,1047,3766.0,9
402931123619,camera-0218-event-0078-rel-m02-set-11-ts-92056842.vi,7,1,255,56.208707917415836,59.83470780806774,826,3766.0,9
402931140508,camera-0219-event-0078-rel-m01-set-11-ts-92073525.vi,0,1,255,24.168593837187675,13.660820067291711,178,3700.0,9
402931140508,camera-0219-event-0078-rel-m01-set-11-ts-92073525.vi,1,1,255,21.297228594457188,10.69275418259069,123,3700.0,9
402931140508,camera-0219-event-0078-rel-m01-set-11-ts-92073525.vi,2,1,255,81.65585281170563,75.05187635907548,885,3700.0,9
402931140508,camera-0219-event-0078-rel-m01-set-11-ts-92073525.vi,3,1,255,94.91572633145266,74.61442051699183,1012,3700.0,9
402931140508,camera-0219-event-0078-rel-m01-set-11-ts-92073525.vi,4,1,255,58.66536208072416,61.45627056438856,1020,3700.0,9
402931140508,camera-0219-event-0078-rel-m01-set-11-ts-92073525.vi,5,1,255,83.4510276520553,75.91555452643925,995,3700.0,9
402931140508,camera-0219-event-0078-rel-m01-set-11-ts-92073525.vi,6,1,255,94.31051212102425,74.59100247382946,1007,3700.0,9
402931140508,camera-0219-event-0078-rel-m01-set-11-ts-92073525.vi,7,1,255,55.171066092132186,59.21611970822064,811,3700.0,9
402931156907,camera-0220-event-0078-rel-p01-set-11-ts-92090167.vi,0,2,255,24.173197346394694,13.666246788046784,177,4789.0,9
402931156907,camera-0220-event-0078-rel-p01-set-11-ts-92090167.vi,1,2,255,21.309334118668236,10.705280136476977,126,4789.0,9
402931156907,camera-0220-event-0078-rel-p01-set-11-ts-92090167.vi,2,2,255,81.5732298964598,75.23958416208212,811,4789.0,9
402931156907,camera-0220-event-0078-rel-p01-set-11-ts-92090167.vi,3,2,255,95.0508633517267,74.49557680397241,1004,4789.0,9
402931156907,camera-0220-event-0078-rel-p01-set-11-ts-92090167.vi,4,2,255,58.477703205406414,61.27257131057856,1011,4789.0,9
402931156907,camera-0220-event-0078-rel-p01-set-11-ts-92090167.vi,5,2,255,83.11474672949346,75.9233105469761,923,4789.0,9
402931156907,camera-0220-event-0078-rel-p01-set-11-ts-92090167.vi,6,2,255,93.78073656147312,74.58268343116929,976,4789.0,9
402931156907,camera-0220-event-0078-rel-p01-set-11-ts-92090167.vi,7,2,255,54.99443548887098,59.229094127864734,782,4789.0,9
402931173649,camera-0221-event-0078-rel-p02-set-11-ts-92106850.vi,0,2,255,24.493923987847975,13.907519527951381,184,4840.0,9
402931173649,camera-0221-event-0078-rel-p02-set-11-ts-92106850.vi,1,2,255,21.563658627317256,10.9492439857353,129,4840.0,9
402931173649,camera-0221-event-0078-rel-p02-set-11-ts-92106850.vi,2,2,255,82.66545508091016,75.34576649447538,888,4840.0,9
402931173649,camera-0221-event-0078-rel-p02-set-11-ts-92106850.vi,3,2,255,95.63195951391903,74.49327055658269,1118,4840.0,9
402931173649,camera-0221-event-0078-rel-p02-set-11-ts-92106850.vi,4,2,255,59.45683241366483,61.788572177373716,999,4840.0,9
402931173649,camera-0221-event-0078-rel-p02-set-11-ts-92106850.vi,5,2,255,84.15748031496064,75.99818596485406,1004,4840.0,9
402931173649,camera-0221-event-0078-rel-p02-set-11-ts-92106850.vi,6,2,255,94.87127999255999,74.41483769436684,996,4840.0,9
402931173649,camera-0221-event-0078-rel-p02-set-11-ts-92106850.vi,7,2,255,56.02982205964412,59.71133590896966,818,4840.0,9
402931190354,camera-0222-event-0078-rel-p03-set-11-ts-92123453.vi,0,2,255,24.168438836877673,13.644499597263108,178,4892.0,9
402931190354,camera-0222-event-0078-rel-p03-set-11-ts-92123453.vi,1,2,255,21.32033139066278,10.684898927435423,123,4892.0,9
402931190354,camera-0222-event-0078-rel-p03-set-11-ts-92123453.vi,2,2,255,81.29384958769917,75.01528686660494,810,4892.0,9
402931190354,camera-0222-event-0078-rel-p03-set-11-ts-92123453.vi,3,2,255,94.6483972967946,74.60480793850408,1055,4892.0,9
402931190354,camera-0222-event-0078-rel-p03-set-11-ts-92123453.vi,4,2,255,57.839264678529354,61.11343697512406,987,4892.0,9
402931190354,camera-0222-event-0078-rel-p03-set-11-ts-92123453.vi,5,2,255,82.89704879409759,76.04560506984281,889,4892.0,9
402931190354,camera-0222-event-0078-rel-p03-set-11-ts-92123453.vi,6,2,255,93.83212691425383,74.35344821730844,951,4892.0,9
402931190354,camera-0222-event-0078-rel-p03-set-11-ts-92123453.vi,7,2,255,54.55261485522971,59.03205368483525,759,4892.0,9
402931440658,camera-0223-event-0000-rel-p00-set-11-ts-92373693.vi,0,2,255,24.199291648583298,13.665404298987593,181,5608.0,9
402931440658,camera-0223-event-0000-rel-p00-set-11-ts-92373693.vi,1,2,255,21.344302188604377,10.679217145061145,124,5608.0,9
402931440658,camera-0223-event-0000-rel-p00-set-11-ts-92373693.vi,2,2,255,81.61222022444045,75.3922334436654,856,5608.0,9
402931440658,camera-0223-event-0000-rel-p00-set-11-ts-92373693.vi,3,2,255,94.72134819269638,74.49405316401769,972,5608.0,9
402931440658,camera-0223-event-0000-rel-p00-set-11-ts-92373693.vi,4,2,255,58.0496698493397,61.178748261463134,965,5608.0,9
402931440658,camera-0223-event-0000-rel-p00-set-11-ts-92373693.vi,5,2,255,82.91755533511068,76.0843143396627,983,5608.0,9
402931440658,camera-0223-event-0000-rel-p00-set-11-ts-92373693.vi,6,2,255,93.73318246636494,74.4905428207371,1003,5608.0,9
402931440658,camera-0223-event-0000-rel-p00-set-11-ts-92373693.vi,7,2,255,54.603485956971916,59.07639761968937,761,5608.0,9
402931474810,camera-0224-event-0079-rel-m02-set-11-ts-92407055.vi,0,2,255,24.523606547213095,13.949390628376605,189,-10768.0,9
402931474810,camera-0224-event-0079-rel-m02-set-11-ts-92407055.vi,1,2,255,21.595875441750884,10.981415942447743,133,-10768.0,9
402931474810,camera-0224-event-0079-rel-m02-set-11-ts-92407055.vi,2,2,255,81.97943920887842,74.9806470810941,851,-10768.0,9
402931474810,camera-0224-event-0079-rel-m02-set-11-ts-92407055.vi,3,2,255,95.36112747225495,74.49317288802526,1079,-10768.0,9
402931474810,camera-0224-event-0079-rel-m02-set-11-ts-92407055.vi,4,2,255,59.223789447578895,61.82910637846957,1008,-10768.0,9
402931474810,camera-0224-event-0079-rel-m02-set-11-ts-92407055.vi,5,2,255,83.77304854609709,76.04789356520546,960,-10768.0,9
402931474810,camera-0224-event-0079-rel-m02-set-11-ts-92407055.vi,6,2,255,94.38412176824353,74.5420828378607,1039,-10768.0,9
402931474810,camera-0224-event-0079-rel-m02-set-11-ts-92407055.vi,7,2,255,55.695517391034784,59.6665743547126,815,-10768.0,9
402931490779,camera-0225-event-0079-rel-m01-set-11-ts-92423816.vi,0,2,255,24.2248434496869,13.701364037167796,179,-4037.0,8
402931490779,camera-0225-event-0079-rel-m01-set-11-ts-92423816.vi,1,2,255,21.33979942959886,10.714041063479428,126,-4037.0,8
402931490779,camera-0225-event-0079-rel-m01-set-11-ts-92423816.vi,2,2,255,81.97254944509889,75.13912462389112,858,-4037.0,8
402931490779,camera-0225-event-0079-rel-m01-set-11-ts-92423816.vi,3,2,255,94.63258726517454,74.6006544151427,1031,-4037.0,8
402931490779,camera-0225-event-0079-rel-m01-set-11-ts-92423816.vi,4,2,255,58.82678715357431,61.56608200246906,1039,-4037.0,8
402931490779,camera-0225-event-0079-rel-m01-set-11-ts-92423816.vi,5,2,255,83.37989025978052,75.92883614974929,985,-4037.0,8
402931490779,camera-0225-event-0079-rel-m01-set-11-ts-92423816.vi,6,2,255,94.12710025420051,74.55924333856417,966,-4037.0,8
402931490779,camera-0225-event-0079-rel-m01-set-11-ts-92423816.vi,7,2,255,55.43870512741025,59.537890279777855,808,-4037.0,8
402931507451,camera-0226-event-0079-rel-p01-set-11-ts-92440500.vi,0,2,14,24.346239692479386,13.782947099745291,181,4109.0,8
402931507451,camera-0226-event-0079-rel-p01-set-11-ts-92440500.vi,1,2,14,21.437860375720753,10.809155232972223,126,4109.0,8
402931507451,camera-0226-event-0079-rel-p01-set-11-ts-92440500.vi,2,2,14,82.10376495752992,75.05709070260353,854,4109.0,8
402931507451,camera-0226-event-0079-rel-p01-set-11-ts-92440500.vi,3,2,14,95.2247736995474,74.4945503376663,1041,4109.0,8
402931507451,camera-0226-event-0079-rel-p01-set-11-ts-92440500.vi,4,2,14,59.20439890879782,61.5576370879764,990,4109.0,8
402931507451,camera-0226-event-0079-rel-p01-set-11-ts-92440500.vi,5,2,14,83.68006386012772,75.83961451224143,957,4109.0,8
402931507451,camera-0226-event-0079-rel-p01-set-11-ts-92440500.vi,6,2,14,94.61119722239444,74.51113747636442,1033,4109.0,8
402931507451,camera-0226-event-0079-rel-p01-set-11-ts-92440500.vi,7,2,14,55.76370202740406,59.64379595267735,803,4109.0,8
402931524103,camera-0227-event-0079-rel-p02-set-11-ts-92457139.vi,0,2,14,24.58756742513485,13.969092749083448,188,4695.0,8
402931524103,camera-0227-event-0079-rel-p02-set-11-ts-92457139.vi,1,2,14,21.638035526071054,10.997006483582389,135,4695.0,8
402931524103,camera-0227-event-0079-rel-p02-set-11-ts-92457139.vi,2,2,14,82.86350672701346,75.12119169056474,883,4695.0,8
402931524103,camera-0227-event-0079-rel-p02-set-11-ts-92457139.vi,3,2,14,95.90504681009362,74.47426668146893,1076,4695.0,8
402931524103,camera-0227-event-0079-rel-p02-set-11-ts-92457139.vi,4,2,14,59.58719542439085,61.72832467146104,1048,4695.0,8
402931524103,camera-0227-event-0079-rel-p02-set-11-ts-92457139.vi,5,2,14,84.26736003472007,75.86757006475938,1018,4695.0,8
402931524103,camera-0227-event-0079-rel-p02-set-11-ts-92457139.vi,6,2,14,94.77304079608159,74.50643850226324,1052,4695.0,8
402931524103,camera-0227-event-0079-rel-p02-set-11-ts-92457139.vi,7,2,14,56.26315952631905,59.908630995795164,846,4695.0,8
402931542650,camera-0228-event-0079-rel-p03-set-11-ts-92473822.vi,0,2,14,24.243668237336475,13.689045399106163,181,3767.0,8
402931542650,camera-0228-event-0079-rel-p03-set-11-ts-92473822.vi,1,2,14,21.371365242730487,10.715249869483937,125,3767.0,8
402931542650,camera-0228-event-0079-rel-p03-set-11-ts-92473822.vi,2,2,14,81.88344751689503,75.22330347297054,884,3767.0,8
402931542650,camera-0228-event-0079-rel-p03-set-11-ts-92473822.vi,3,2,14,94.66695083390167,74.52466070922371,999,3767.0,8
402931542650,camera-0228-event-0079-rel-p03-set-11-ts-92473822.vi,4,2,14,58.35522196044392,61.27134525793181,1006,3767.0,8
402931542650,camera-0228-event-0079-rel-p03-set-11-ts-92473822.vi,5,2,14,83.18130386260772,75.91937474372448,970,3767.0,8
402931542650,camera-0228-event-0079-rel-p03-set-11-ts-92473822.vi,6,2,14,93.97190619381239,74.53459974604246,1026,3767.0,8
402931542650,camera-0228-event-0079-rel-p03-set-11-ts-92473822.vi,7,2,14,54.98612747225494,59.24307550707804,811,3767.0,8
402932141256,camera-0229-event-0080-rel-m02-set-11-ts-93074424.vi,0,2,14,24.0999286998574,13.437053299876393,172,3710.0,7
402932141256,camera-0229-event-0080-rel-m02-set-11-ts-93074424.vi,1,2,14,21.29453933907868,10.54728268283286,119,3710.0,7
402932141256,camera-0229-event-0080-rel-m02-set-11-ts-93074424.vi,2,2,14,81.21300142600285,75.23575043368376,814,3710.0,7
402932141256,camera-0229-event-0080-rel-m02-set-11-ts-93074424.vi,3,2,14,94.62238049476099,74.64726325842281,1050,3710.0,7
402932141256,camera-0229-event-0080-rel-m02-set-11-ts-93074424.vi,4,2,14,57.75844751689503,61.01359285709724,971,3710.0,7
402932141256,camera-0229-event-0080-rel-m02-set-11-ts-93074424.vi,5,2,14,82.5271405542811,76.00127715887442,964,3710.0,7
402932141256,camera-0229-event-0080-rel-m02-set-11-ts-93074424.vi,6,2,14,93.39404178808357,74.52651943961948,940,3710.0,7
402932141256,camera-0229-event-0080-rel-m02-set-11-ts-93074424.vi,7,2,14,54.019506789013576,58.50744059499743,757,3710.0,7
402932158495,camera-0230-event-0080-rel-m01-set-11-ts-93091060.vi,0,2,14,24.275846301692603,13.583564048012192,176,5353.0,8
402932158495,camera-0230-event-0080-rel-m01-set-11-ts-93091060.vi,1,2,14,21.438697377394753,10.708978796338682,123,5353.0,8
402932158495,camera-0230-event-0080-rel-m01-set-11-ts-93091060.vi,2,2,14,81.22224719449439,74.99212575778326,789,5353.0,8
402932158495,camera-0230-event-0080-rel-m01-set-11-ts-93091060.vi,3,2,14,94.78295306590613,74.58633858131411,1048,5353.0,8
402932158495,camera-0230-event-0080-rel-m01-set-11-ts-93091060.vi,4,2,14,58.228323206646415,61.118961742020275,999,5353.0,8
402932158495,camera-0230-event-0080-rel-m01-set-11-ts-93091060.vi,5,2,14,83.26698803397606,76.06243001323845,928,5353.0,8
402932158495,camera-0230-event-0080-rel-m01-set-11-ts-93091060.vi,6,2,14,93.65679831359662,74.62816051305772,1011,5353.0,8
402932158495,camera-0230-event-0080-rel-m01-set-11-ts-93091060.vi,7,2,14,54.59813069626139,58.97386033420329,792,5353.0,8
402932174625,camera-0231-event-0080-rel-p01-set-11-ts-93107743.vi,0,2,6,24.28728532457065,13.595590010642699,179,4617.0,7
402932174625,camera-0231-event-0080-rel-p01-set-11-ts-93107743.vi,1,2,6,21.4501751503503,10.727811037727209,121,4617.0,7
402932174625,camera-0231-event-0080-rel-p01-set-11-ts-93107743.vi,2,2,6,81.37025699051398,75.20102803934526,818,4617.0,7
402932174625,camera-0231-event-0080-rel-p01-set-11-ts-93107743.vi,3,2,6,94.62857275714552,74.62100394103285,984,4617.0,7
402932174625,camera-0231-event-0080-rel-p01-set-11-ts-93107743.vi,4,2,6,58.00416175832352,61.1831912186311,964,4617.0,7
402932174625,camera-0231-event-0080-rel-p01-set-11-ts-93107743.vi,5,2,6,82.76307427614856,76.00566310996368,951,4617.0,7
402932174625,camera-0231-event-0080-rel-p01-set-11-ts-93107743.vi,6,2,6,93.75965651931304,74.47922562994947,943,4617.0,7
402932174625,camera-0231-event-0080-rel-p01-set-11-ts-93107743.vi,7,2,6,54.50300700601401,58.975317923129346,795,4617.0,7
402932191394,camera-0232-event-0080-rel-p02-set-11-ts-93124437.vi,0,2,6,24.089210428420856,13.460103124201176,173,5712.0,7
402932191394,camera-0232-event-0080-rel-p02-set-11-ts-93124437.vi,1,2,6,21.288618327236655,10.557659224758146,118,5712.0,7
402932191394,camera-0232-event-0080-rel-p02-set-11-ts-93124437.vi,2,2,6,81.11216597433194,75.27975083746715,865,5712.0,7
402932191394,camera-0232-event-0080-rel-p02-set-11-ts-93124437.vi,3,2,6,94.11637423274847,74.49501457197945,939,5712.0,7
402932191394,camera-0232-event-0080-rel-p02-set-11-ts-93124437.vi,4,2,6,57.38366451732904,60.97240584355425,996,5712.0,7
402932191394,camera-0232-event-0080-rel-p02-set-11-ts-93124437.vi,5,2,6,82.0020847541695,75.70194877923491,948,5712.0,7
402932191394,camera-0232-event-0080-rel-p02-set-11-ts-93124437.vi,6,2,6,93.19116963233927,74.4746983743886,870,5712.0,7
402932191394,camera-0232-event-0080-rel-p02-set-11-ts-93124437.vi,7,2,6,53.838210676421355,58.71072945098394,769,5712.0,7
402932207971,camera-0233-event-0080-rel-p03-set-11-ts-93141120.vi,0,2,6,24.366467232934465,13.691824165095014,180,3939.0,7
402932207971,camera-0233-event-0080-rel-p03-set-11-ts-93141120.vi,1,2,6,21.50423150846302,10.809430525330578,125,3939.0,7
402932207971,camera-0233-event-0080-rel-p03-set-11-ts-93141120.vi,2,2,6,81.8001503503007,75.20875887263543,815,3939.0,7
402932207971,camera-0233-event-0080-rel-p03-set-11-ts-93141120.vi,3,2,6,94.59398443796887,74.5578358503307,1031,3939.0,7
402932207971,camera-0233-event-0080-rel-p03-set-11-ts-93141120.vi,4,2,6,58.39452228904458,61.569021873533536,1082,3939.0,7
402932207971,camera-0233-event-0080-rel-p03-set-11-ts-93141120.vi,5,2,6,83.35432295864592,76.07351921071297,1009,3939.0,7
402932207971,camera-0233-event-0080-rel-p03-set-11-ts-93141120.vi,6,2,6,93.87791400582802,74.50649401042259,984,3939.0,7
402932207971,camera-0233-event-0080-rel-p03-set-11-ts-93141120.vi,7,2,6,54.78541757083514,59.138908446928326,788,3939.0,7
402932441533,camera-0234-event-0000-rel-p00-set-11-ts-93374706.vi,0,2,6,24.13195951391903,13.476161181336222,174,4170.0,8
402932441533,camera-0234-event-0000-rel-p00-set-11-ts-93374706.vi,1,2,6,21.308853617707236,10.540676536415202,116,4170.0,8
402932441533,camera-0234-event-0000-rel-p00-set-11-ts-93374706.vi,2,2,6,81.18248186496373,75.18731250483344,858,4170.0,8
402932441533,camera-0234-event-0000-rel-p00-set-11-ts-93374706.vi,3,2,6,94.35298995597991,74.53828124192911,995,4170.0,8
402932441533,camera-0234-event-0000-rel-p00-set-11-ts-93374706.vi,4,2,6,57.68483786967574,61.08403065489266,988,4170.0,8
402932441533,camera-0234-event-0000-rel-p00-set-11-ts-93374706.vi,5,2,6,82.76240777481554,76.0013390652067,915,4170.0,8
402932441533,camera-0234-event-0000-rel-p00-set-11-ts-93374706.vi,6,2,6,93.51443827887655,74.57506259746916,931,4170.0,8
402932441533,camera-0234-event-0000-rel-p00-set-11-ts-93374706.vi,7,2,6,54.499155248310494,59.073354264920184,813,4170.0,8
402933359420,camera-0235-event-0082-rel-m02-set-11-ts-94292266.vi,0,2,6,24.5501813503627,13.832050371812095,175,3821.0,9
402933359420,camera-0235-event-0082-rel-m02-set-11-ts-94292266.vi,1,2,6,21.61994698989398,10.894252687443648,128,3821.0,9
402933359420,camera-0235-event-0082-rel-m02-set-11-ts-94292266.vi,2,2,6,82.35449345898692,74.89851950449564,875,3821.0,9
402933359420,camera-0235-event-0082-rel-m02-set-11-ts-94292266.vi,3,2,6,95.0723851447703,74.58435219972405,1098,3821.0,9
402933359420,camera-0235-event-0082-rel-m02-set-11-ts-94292266.vi,4,2,6,59.466287432574866,61.859249915422275,1035,3821.0,9
402933359420,camera-0235-event-0082-rel-m02-set-11-ts-94292266.vi,5,2,6,83.86734298468598,75.61344635174369,1037,3821.0,9
402933359420,camera-0235-event-0082-rel-m02-set-11-ts-94292266.vi,6,2,6,94.26367102734206,74.46970248162376,1015,3821.0,9
402933359420,camera-0235-event-0082-rel-m02-set-11-ts-94292266.vi,7,2,6,55.928141856283716,59.977519046915326,849,3821.0,9
402933375738,camera-0236-event-0082-rel-m01-set-11-ts-94308949.vi,0,2,6,24.231508463016926,13.550014470270067,167,5643.0,9
402933375738,camera-0236-event-0082-rel-m01-set-11-ts-94308949.vi,1,2,6,21.371853493706986,10.611871193592034,116,5643.0,9
402933375738,camera-0236-event-0082-rel-m01-set-11-ts-94308949.vi,2,2,6,81.54190433380867,75.06693085919083,867,5643.0,9
402933375738,camera-0236-event-0082-rel-m01-set-11-ts-94308949.vi,3,2,6,94.8265314030628,74.55895347328277,999,5643.0,9
402933375738,camera-0236-event-0082-rel-m01-set-11-ts-94308949.vi,4,2,6,58.30821036642073,61.378597205983844,1030,5643.0,9
402933375738,camera-0236-event-0082-rel-m01-set-11-ts-94308949.vi,5,2,6,82.91101432202865,75.84066756153103,959,5643.0,9
402933375738,camera-0236-event-0082-rel-m01-set-11-ts-94308949.vi,6,2,6,93.85408270816542,74.50659953086891,980,5643.0,9
402933375738,camera-0236-event-0082-rel-m01-set-11-ts-94308949.vi,7,2,6,55.05303335606671,59.343780993356454,797,5643.0,9
402933392626,camera-0237-event-0082-rel-p01-set-11-ts-94325625.vi,0,2,12,24.195695641391282,13.531784574139566,168,-11245.0,9
402933392626,camera-0237-event-0082-rel-p01-set-11-ts-94325625.vi,1,2,12,21.347014694029387,10.618105882468454,119,-11245.0,9
402933392626,camera-0237-event-0082-rel-p01-set-11-ts-94325625.vi,2,2,12,81.5502278504557,75.09165532655065,861,-11245.0,9
402933392626,camera-0237-event-0082-rel-p01-set-11-ts-94325625.vi,3,2,12,94.64630479260958,74.68656455893738,1002,-11245.0,9
402933392626,camera-0237-event-0082-rel-p01-set-11-ts-94325625.vi,4,2,12,58.21271467542935,61.26994637520103,1031,-11245.0,9
402933392626,camera-0237-event-0082-rel-p01-set-11-ts-94325625.vi,5,2,12,82.99174623349246,75.88625244780569,952,-11245.0,9
402933392626,camera-0237-event-0082-rel-p01-set-11-ts-94325625.vi,6,2,12,93.67004309008618,74.59763173867294,1047,-11245.0,9
402933392626,camera-0237-event-0082-rel-p01-set-11-ts-94325625.vi,7,2,12,54.91180482360965,59.29147245248535,849,-11245.0,9
402933409642,camera-0238-event-0082-rel-p02-set-11-ts-94342306.vi,0,2,12,24.49287773575547,13.787624014695405,177,-5657.0,9
402933409642,camera-0238-event-0082-rel-p02-set-11-ts-94342306.vi,1,2,12,21.580437410874822,10.851380457839813,126,-5657.0,9
402933409642,camera-0238-event-0082-rel-p02-set-11-ts-94342306.vi,2,2,12,82.06056637113274,74.93559760327265,892,-5657.0,9
402933409642,camera-0238-event-0082-rel-p02-set-11-ts-94342306.vi,3,2,12,95.06279837559676,74.63065514311987,1066,-5657.0,9
402933409642,camera-0238-event-0082-rel-p02-set-11-ts-94342306.vi,4,2,12,59.141011532023064,61.760522858554005,995,-5657.0,9
402933409642,camera-0238-event-0082-rel-p02-set-11-ts-94342306.vi,5,2,12,83.64368528737057,75.87358613629404,993,-5657.0,9
402933409642,camera-0238-event-0082-rel-p02-set-11-ts-94342306.vi,6,2,12,94.66885733771467,74.45663706707504,1008,-5657.0,9
402933409642,camera-0238-event-0082-rel-p02-set-11-ts-94342306.vi,7,2,12,55.561271622543245,59.58333880913612,898,-5657.0,9
402933427418,camera-0239-event-0082-rel-p03-set-11-ts-94359013.vi,0,2,12,24.193882137764277,13.522112676534645,168,5652.0,7
402933427418,camera-0239-event-0082-rel-p03-set-11-ts-94359013.vi,1,2,12,21.34460443920888,10.5651607660852,116,5652.0,7
402933427418,camera-0239-event-0082-rel-p03-set-11-ts-94359013.vi,2,2,12,81.50376650753302,75.08417694215409,848,5652.0,7
402933427418,camera-0239-event-0082-rel-p03-set-11-ts-94359013.vi,3,2,12,94.74688449376899,74.53316555771784,1028,5652.0,7
402933427418,camera-0239-event-0082-rel-p03-set-11-ts-94359013.vi,4,2,12,58.20527466054932,61.12537375976237,966,5652.0,7
402933427418,camera-0239-event-0082-rel-p03-set-11-ts-94359013.vi,5,2,12,82.86647498294997,75.76052558007997,960,5652.0,7
402933427418,camera-0239-event-0082-rel-p03-set-11-ts-94359013.vi,6,2,12,93.82761640523282,74.34425729565716,921,5652.0,7
402933427418,camera-0239-event-0082-rel-p03-set-11-ts-94359013.vi,7,2,12,54.4238095976192,58.80865202458989,746,5652.0,7
402933443351,camera-0240-event-0000-rel-p00-set-11-ts-94375696.vi,0,2,12,24.212699175398352,13.553845775820875,170,5168.0,7
402933443351,camera-0240-event-0000-rel-p00-set-11-ts-94375696.vi,1,2,12,21.35773296546593,10.601787062903242,118,5168.0,7
402933443351,camera-0240-event-0000-rel-p00-set-11-ts-94375696.vi,2,2,12,81.53632432264864,75.1301237395308,830,5168.0,7
402933443351,camera-0240-event-0000-rel-p00-set-11-ts-94375696.vi,3,2,12,94.83087916175832,74.47359280866827,1024,5168.0,7
402933443351,camera-0240-event-0000-rel-p00-set-11-ts-94375696.vi,4,2,12,58.21486142972286,61.23451728796891,1009,5168.0,7
402933443351,camera-0240-event-0000-rel-p00-set-11-ts-94375696.vi,5,2,12,83.19192138384277,75.85539874550216,962,5168.0,7
402933443351,camera-0240-event-0000-rel-p00-set-11-ts-94375696.vi,6,2,12,94.01728253456507,74.43308385309949,956,5168.0,7
402933443351,camera-0240-event-0000-rel-p00-set-11-ts-94375696.vi,7,2,12,54.61716473432947,59.06495815025223,785,5168.0,7
