host_us,frame_index,phase,led0,run_id,camera_rows,union_mask,union_count,pose_valid,tracking_result,pose_dt_us
409017923644,1,5,255,2,4,0x0,0,0,200,-274.0
409017943638,2,0,255,3,4,0x0,0,0,200,-335.0
409017960224,3,0,255,3,4,0x0,0,0,200,-82.0
409017977198,4,0,255,3,4,0x0,0,0,200,963.0
409017992192,5,0,255,3,4,0x0,0,0,200,0.0
409018009122,6,0,255,3,4,0x0,0,0,200,-982.0
409018025880,7,0,255,3,4,0x0,0,0,200,272.0
409018042415,8,0,255,3,4,0x0,0,0,200,-234.0
409018059582,9,0,255,3,4,0x0,0,0,200,546.0
409018075986,10,0,255,3,4,0x0,0,0,200,520.0
409018092436,11,0,255,3,4,0x0,0,0,200,-244.0
409018109670,12,0,255,3,4,0x0,0,0,200,659.0
409018125652,13,0,255,3,4,0x0,0,0,200,542.0
409018142330,14,0,255,3,4,0x0,0,0,200,-158.0
409018158881,15,0,255,3,4,0x0,0,0,200,-712.0
409018175560,16,0,255,3,4,0x0,0,0,200,1169.0
409018192575,17,0,255,3,4,0x0,0,0,200,624.0
409018209257,18,0,255,3,4,0x0,0,0,200,-59.0
409018225918,19,0,255,3,4,0x0,0,0,200,328.0
409018242798,20,0,255,3,4,0x0,0,0,200,365.0
409018259280,21,0,255,3,4,0x0,0,0,200,-61.0
409018276347,22,0,255,3,4,0x0,0,0,200,782.0
409018292543,23,0,255,3,4,0x0,0,0,200,677.0
409018309140,24,1,255,4,4,0x0,0,0,200,113.0
409018326072,25,1,255,4,4,0x0,0,0,200,-466.0
409018342772,26,1,255,4,4,0x0,0,0,200,437.0
409018379236,27,1,255,4,4,0x0,0,0,200,-33782.0
409018402319,28,1,255,4,4,0x0,0,0,200,18964.0
409018424461,29,1,255,4,4,0x0,0,0,200,-3178.0
409018466533,30,1,255,4,4,0x0,0,0,200,835.0
409018485378,31,1,255,4,4,0x0,0,0,200,1256.0
409018496585,32,1,255,4,4,0x0,0,0,200,-264.0
409018510798,33,1,255,4,4,0x0,0,0,200,589.0
409018526102,34,1,255,4,4,0x0,0,0,200,-858.0
409018542754,35,1,255,4,4,0x0,0,0,200,518.0
409018559462,36,1,255,4,4,0x0,0,0,200,-199.0
409018576407,37,1,255,4,4,0x0,0,0,200,855.0
409018592735,38,1,255,4,4,0x0,0,0,200,591.0
409018609607,39,1,255,4,4,0x0,0,0,200,-23.0
409018628556,40,1,255,4,4,0x0,0,0,200,272.0
409018642933,41,1,255,4,4,0x0,0,0,200,401.0
409018659641,42,1,255,4,4,0x0,0,0,200,-342.0
409018676227,43,1,255,4,4,0x0,0,0,200,-673.0
409018692894,44,1,255,4,4,0x0,0,0,200,407.0
409018710078,45,1,255,4,4,0x0,0,0,200,-755.0
409018726293,46,1,255,4,4,0x0,0,0,200,145.0
409018743280,47,1,255,4,4,0x0,0,0,200,-963.0
409018759620,48,1,255,4,4,0x0,0,0,200,607.0
409018776551,49,1,255,4,4,0x0,0,0,200,-272.0
409018793271,50,1,255,4,4,0x0,0,0,200,-833.0
409018809678,51,1,255,4,4,0x0,0,0,200,694.0
409018826504,52,1,255,5,4,0x0,0,0,200,-169.0
409018843144,53,1,255,5,4,0x0,0,0,200,571.0
409018861905,54,1,255,5,4,0x7e60,8,0,200,-946.0
409018877431,55,1,255,5,4,0x7e60,8,0,200,151.0
409018894112,56,1,255,5,4,0x7e60,8,0,200,186.0
409018910632,57,1,255,5,4,0x7c60,7,0,200,-179.0
409018927656,58,1,255,5,4,0x7c60,7,0,200,747.0
409018943973,59,1,255,5,4,0x7c60,7,0,200,257.0
409018960742,60,1,255,5,4,0x7c60,7,0,200,-566.0
409018977519,61,1,255,5,4,0x7c60,7,0,200,-994.0
409018994426,62,1,255,5,4,0x7c60,7,0,200,-861.0
409019010995,63,1,255,5,4,0x7e60,8,0,200,-989.0
409019027282,64,1,255,5,4,0x7e60,8,0,200,-57.0
409019044101,65,1,255,5,4,0x7c60,7,0,200,-711.0
409019060845,66,1,255,5,4,0x7c60,7,0,200,377.0
409019077825,67,1,255,5,4,0x7e60,8,0,200,-609.0
409019094172,68,1,255,5,4,0x7e60,8,0,200,-937.0
409019111259,69,1,255,5,4,0x7e60,8,0,200,-42.0
409019127428,70,1,255,5,4,0x7e60,8,0,200,-221.0
409019144013,71,1,255,5,4,0x7c60,7,0,200,-821.0
409019161234,72,1,255,5,4,0x7c60,7,0,200,137.0
409019178244,73,1,255,5,4,0x7c60,7,0,200,-502.0
409019194180,74,1,255,5,4,0x7e60,8,0,200,-546.0
409019210773,75,1,255,5,4,0x7e60,8,0,200,-386.0
409019227388,76,1,255,5,4,0x7e60,8,0,200,862.0
409019244303,77,1,255,5,4,0x7c60,7,0,200,-52.0
409019261571,78,1,255,5,4,0x7c60,7,1,200,472.0
409019278109,79,1,255,5,4,0x7e60,8,1,200,-1172.0
409019294430,80,1,255,5,4,0x7e60,8,1,200,-445.0
409019311981,81,1,255,5,4,0x7e60,8,1,200,-1618.0
409019327972,82,1,255,5,4,0x7e60,8,1,200,-471.0
409019344384,83,1,255,5,4,0x7e60,8,1,200,-97.0
409019361259,84,1,255,5,4,0x7e60,8,1,200,-960.0
409019378472,85,1,255,5,4,0x7e60,8,1,200,-120.0
409019395997,86,1,255,5,4,0x7c60,7,1,200,-365.0
409019413076,87,1,255,5,4,0x7e60,8,1,200,485.0
409019429728,88,1,255,5,4,0x7e60,8,1,200,672.0
409019445306,89,1,255,5,4,0x7c60,7,1,200,-782.0
409019461884,90,1,255,5,4,0x7c60,7,1,200,-547.0
409019478634,91,1,255,5,4,0x7e60,8,1,200,-576.0
409019496118,92,1,255,5,4,0x7e60,8,1,200,-570.0
409019512141,93,1,255,5,4,0x7e60,8,1,200,-805.0
409019529553,94,1,255,5,4,0x7e60,8,1,200,-217.0
409019546228,95,1,255,5,4,0x7c60,7,1,200,750.0
409019562380,96,1,255,5,4,0x7c60,7,1,200,933.0
409019579658,97,1,255,5,4,0x7e60,8,1,200,-446.0
409019596135,98,1,255,5,4,0x7e60,8,1,200,-1205.0
409019612190,99,1,255,5,4,0x7e60,8,1,200,-817.0
409019629180,100,1,255,5,4,0x7e60,8,1,200,185.0
409019646676,101,1,255,5,4,0x7e60,8,1,200,831.0
409019662706,102,1,255,5,4,0x7e60,8,1,200,654.0
409019679435,103,1,255,5,4,0x7e60,8,1,200,10.0
409019696454,104,1,255,5,4,0x7c60,7,1,200,-1208.0
409019712789,105,1,255,5,4,0x7e60,8,1,200,-452.0
409019729484,106,1,255,5,4,0x7e60,8,1,200,923.0
409019746443,107,1,255,5,4,0x7e60,8,1,200,-98.0
409019762691,108,1,255,5,4,0x7e60,8,1,200,-1014.0
409019779602,109,1,255,5,4,0x7c60,7,1,200,58.0
409019796317,110,1,255,5,4,0x7c60,7,1,200,347.0
409019812978,111,1,255,5,4,0x7c60,7,1,200,-1291.0
409019829943,112,1,255,6,4,0x7c60,7,1,200,-989.0
409019846473,113,1,255,6,4,0x7c60,7,1,200,-52.0
409019862800,114,1,255,6,4,0x7c60,7,1,200,-509.0
409019879480,115,1,255,6,4,0x7c60,7,1,200,1020.0
409019896453,116,1,255,6,4,0x7c60,7,1,200,-28.0
409019913224,117,1,255,6,4,0x7c60,7,1,200,-1127.0
409019929977,118,1,255,6,4,0x7c60,7,1,200,-648.0
409019947115,119,1,255,6,4,0x7c60,7,1,200,23.0
409019963484,120,1,255,6,4,0x7c60,7,1,200,933.0
409019979430,121,1,255,6,4,0x7c60,7,1,200,-3.0
409019996674,122,1,255,6,4,0x7c60,7,1,200,715.0
409020013603,123,1,255,6,4,0x7c60,7,1,200,-212.0
409020029832,124,1,255,6,4,0x7c70,8,1,200,-436.0
409020046778,125,1,255,6,4,0x7c70,8,1,200,621.0
409020063332,126,1,255,6,4,0x7c60,7,1,200,1441.0
409020079465,127,1,255,6,4,0x7c70,8,1,200,-739.0
409020096755,128,1,255,6,4,0x7c70,8,1,200,686.0
409020113899,129,1,255,6,4,0x7c60,7,1,200,-505.0
409020130082,130,1,255,6,4,0x7c60,7,1,200,-1221.0
409020146820,131,1,255,6,4,0x7c60,7,1,200,639.0
409020163484,132,1,255,6,4,0x7c60,7,1,200,-769.0
409020180214,133,1,255,6,4,0x7c60,7,1,200,209.0
409020197175,134,1,255,6,4,0x7c60,7,1,200,-765.0
409020214138,135,1,255,6,4,0x7c60,7,1,200,-327.0
409020230250,136,1,255,6,4,0x7c60,7,1,200,177.0
409020247523,137,1,255,6,4,0x7c60,7,1,200,-823.0
409020266534,138,1,255,6,4,0x7c70,8,1,200,258.0
409020280469,139,1,255,6,4,0x7c70,8,1,200,-1136.0
409020296543,140,1,255,6,4,0x7c70,8,1,200,927.0
409020313228,141,1,255,6,4,0x7c70,8,1,200,178.0
409020330356,142,1,255,6,4,0x7c70,8,1,200,-608.0
409020346887,143,1,255,6,4,0x7c70,8,1,200,-324.0
409020363450,144,1,255,6,4,0x7c60,7,1,200,-923.0
409020380597,145,1,255,6,4,0x7c70,8,1,200,-67.0
409020397151,146,1,255,6,4,0x7c70,8,1,200,-456.0
409020413877,147,1,255,6,4,0x7c70,8,1,200,883.0
409020430583,148,1,255,6,4,0x7c70,8,1,200,1444.0
409020447317,149,1,255,6,4,0x7c60,7,1,200,1266.0
409020463818,150,1,255,6,4,0x7c70,8,1,200,1023.0
409020481136,151,1,255,6,4,0x7c70,8,1,200,1287.0
409020496910,152,1,255,6,4,0x7c70,8,1,200,-932.0
409020514188,153,1,255,6,4,0x7c70,8,1,200,1344.0
409020530570,154,1,255,6,4,0x7c70,8,1,200,486.0
409020547343,155,1,255,6,4,0x7c70,8,1,200,324.0
409020564169,156,1,255,6,4,0x7c70,8,1,200,757.0
409020580386,157,1,255,6,4,0x7c70,8,1,200,752.0
409020597627,158,1,255,6,4,0x7c70,8,1,200,-57.0
409020614068,159,1,255,6,4,0x7c70,8,1,200,-1123.0
409020630728,160,1,255,6,4,0x7c70,8,1,200,-232.0
409020647539,161,1,255,6,4,0x7c70,8,1,200,1267.0
409020664186,162,1,255,6,4,0x7c70,8,1,200,50.0
409020681092,163,1,255,6,4,0x7c70,8,1,200,492.0
409020697107,164,1,255,6,4,0x7c70,8,1,200,-315.0
409020714280,165,1,255,6,4,0x7c60,7,1,200,803.0
409020730990,166,1,255,6,4,0x7c70,8,1,200,-6.0
409020747530,167,1,255,6,4,0x7c70,8,1,200,1120.0
409020764257,168,1,255,6,4,0x7c70,8,1,200,10.0
409020780805,169,1,255,6,4,0x7c70,8,1,200,-1112.0
409020797774,170,1,255,6,4,0x7c70,8,1,200,728.0
409020814322,171,1,255,6,4,0x7c70,8,1,200,-830.0
409020830837,172,1,255,6,4,0x7c70,8,1,200,-477.0
409020864185,173,1,255,7,4,0x7c70,8,1,200,223.0
409020868646,174,1,255,7,4,0x7c70,8,1,200,-129.0
409020881554,175,1,255,7,4,0x7c70,8,1,200,403.0
409020898164,176,1,255,7,4,0x7c70,8,1,200,-1438.0
409020914330,177,1,255,7,4,0x7c70,8,1,200,-513.0
409020931168,178,1,255,7,4,0x7c70,8,1,200,-1808.0
409020947766,179,1,255,7,4,0x7c70,8,1,200,-442.0
409020969899,180,1,255,7,4,0x7c70,8,1,200,1370.0
409020982207,181,1,255,7,4,0x7c70,8,1,200,1112.0
409020998090,182,1,255,7,4,0x7c70,8,1,200,878.0
409021014893,183,1,255,7,4,0x7c70,8,1,200,1257.0
409021031053,184,1,255,7,4,0x7c70,8,1,200,460.0
409021047740,185,1,255,7,4,0x7c70,8,1,200,152.0
409021064592,186,1,255,7,4,0x7c70,8,1,200,-246.0
409021080916,187,1,255,7,4,0x7c60,7,1,200,-438.0
409021097683,188,1,255,7,4,0x7c70,8,1,200,877.0
409021114153,189,1,255,7,4,0x7c70,8,1,200,505.0
409021131230,190,1,255,7,4,0x7c70,8,1,200,-290.0
409021147967,191,1,255,7,4,0x7c70,8,1,200,1028.0
409021164501,192,1,255,7,4,0x7c70,8,1,200,-117.0
409021181930,193,1,255,7,4,0x7c70,8,1,200,1076.0
409021197772,194,1,255,7,4,0x7c70,8,1,200,1053.0
409021214515,195,1,255,7,4,0x7c70,8,1,200,1097.0
409021231006,196,1,255,7,4,0x7c70,8,1,200,-1259.0
409021247923,197,1,255,7,4,0x7c60,7,1,200,615.0
409021264703,198,1,255,7,4,0x7c70,8,1,200,1017.0
409021281867,199,1,255,7,4,0x7c70,8,1,200,831.0
409021297867,200,1,255,7,4,0x7c60,7,1,200,-277.0
409021314758,201,1,255,7,4,0x7c70,8,1,200,1179.0
409021332316,202,1,255,7,4,0x7c70,8,1,200,780.0
409021347761,203,1,255,7,4,0x7c70,8,1,200,-31.0
409021364767,204,1,255,7,4,0x7c70,8,1,200,-961.0
409021381828,205,1,255,7,4,0x7c70,8,1,200,1259.0
409021398184,206,1,255,7,4,0x7c70,8,1,200,-824.0
409021414922,207,1,255,7,4,0x7c70,8,1,200,-1294.0
409021432213,208,1,255,7,4,0x7c70,8,1,200,98.0
409021448178,209,1,255,7,4,0x7c70,8,1,200,-1253.0
409021465907,210,1,255,7,4,0x7c70,8,1,200,1026.0
409021481944,211,1,255,7,4,0x7c70,8,1,200,764.0
409021498427,212,1,255,7,4,0x7c70,8,1,200,1278.0
409021515048,213,1,255,7,4,0x7c70,8,1,200,463.0
409021531519,214,1,255,7,4,0x7c70,8,1,200,86.0
409021548981,215,1,255,7,4,0x7c70,8,1,200,1578.0
409021572708,216,1,255,7,4,0x7c70,8,1,200,-977.0
409021582230,217,1,255,7,4,0x7c70,8,1,200,-829.0
409021598061,218,1,255,7,4,0x7c70,8,1,200,-273.0
409021616151,219,1,255,7,4,0x7c70,8,1,200,-342.0
409021631986,220,1,255,7,4,0x7c70,8,1,200,-1208.0
409021648561,221,1,255,7,4,0x7c70,8,1,200,-377.0
409021665514,222,1,255,7,4,0x7c70,8,1,200,-971.0
409021682824,223,1,255,7,4,0x7c70,8,1,200,-886.0
409021699407,224,1,255,7,4,0x7c70,8,1,200,1678.0
409021716083,225,1,255,7,4,0x7c70,8,1,200,-88.0
409021732385,226,1,255,7,4,0x7c70,8,1,200,1351.0
409021749326,227,1,255,7,4,0x7c70,8,1,200,-595.0
409021765854,228,1,255,7,4,0x7c70,8,1,200,685.0
409021782419,229,1,255,7,4,0x7c70,8,1,200,385.0
409021799193,230,1,255,7,4,0x7c70,8,1,200,359.0
409021816100,231,1,255,7,4,0x7c70,8,1,200,-350.0
409021831891,232,1,255,7,4,0x7c60,7,1,200,486.0
409021849681,233,1,255,8,4,0x7c70,8,1,200,-1143.0
409021865755,234,1,255,8,4,0x7c70,8,1,200,-1493.0
409021883164,235,2,255,9,4,0x7c70,8,1,200,896.0
409021899061,236,2,255,9,4,0x7c70,8,1,200,-875.0
409021915747,237,2,255,9,4,0x7c60,7,1,200,-233.0
409021932748,238,2,255,9,4,0x7c60,7,1,200,-916.0
409021949245,239,2,255,9,4,0x7c60,7,1,200,181.0
409021966315,240,2,255,9,4,0x7c60,7,1,200,1430.0
409021983290,241,2,255,9,4,0x7c60,7,1,200,523.0
409021999479,242,2,255,9,4,0x7ee0,9,1,200,-1068.0
409022016056,243,2,255,9,4,0x7ec0,8,1,200,-1070.0
409022033183,244,2,255,9,4,0x7ec0,8,1,200,-349.0
409022052117,245,2,255,9,4,0x7fc0,9,1,200,-143.0
409022068735,246,2,255,9,4,0x7fc0,9,1,200,1002.0
409022083083,247,2,255,9,4,0x7fc0,9,1,200,-548.0
409022099410,248,2,255,9,4,0x7fc0,9,1,200,1354.0
409022116313,249,2,255,9,4,0x7fc0,9,1,200,1290.0
409022132899,250,2,255,9,4,0x7fc0,9,1,200,-416.0
409022153245,251,2,255,9,4,0x7fc0,9,1,200,29.0
409022166130,252,2,255,9,4,0x7fc0,9,1,200,-363.0
409022182816,253,2,255,9,4,0x7fc0,9,1,200,-1169.0
409022199596,254,2,255,9,4,0x7fc0,9,1,200,1671.0
409022216491,255,2,255,9,4,0x7fc0,9,1,200,465.0
409022232778,256,2,255,9,4,0x7fc0,9,1,200,-712.0
409022250480,257,2,255,9,4,0x7fc0,9,1,200,1332.0
409022266912,258,2,255,9,4,0x7fc0,9,1,200,937.0
409022283761,259,2,255,9,4,0x7fc0,9,1,200,-493.0
409022300805,260,2,255,9,4,0x7fc0,9,1,200,-538.0
409022316255,261,2,255,9,4,0x7fc0,9,1,200,-1126.0
409022333313,262,2,255,9,4,0x7fc0,9,1,200,-247.0
409022350661,263,2,255,9,4,0x7fc0,9,1,200,1180.0
409022366838,264,2,255,9,4,0x7fc0,9,1,200,310.0
409022383161,265,2,255,9,4,0x7fc0,9,1,200,-1130.0
409022400131,266,2,255,9,4,0x7fc0,9,1,200,-1797.0
409022419044,267,2,255,9,4,0x7fc0,9,1,200,-360.0
409022438558,268,2,255,9,4,0x7ec0,8,1,200,-849.0
409022451969,269,2,255,9,4,0x7ee0,9,1,200,-1190.0
409022466514,270,2,255,9,4,0x7ee0,9,1,200,1501.0
409022483705,271,2,255,9,4,0x7e60,8,1,200,-659.0
409022500968,272,2,255,9,4,0x7c60,7,1,200,599.0
409022516435,273,2,255,9,4,0x7c70,8,1,200,1335.0
409022532746,274,2,255,9,4,0x7c70,8,1,200,39.0
409022549944,275,2,255,9,4,0x7c78,9,1,200,1105.0
409022566290,276,2,255,9,4,0x7c78,9,1,200,-587.0
409022583270,277,2,255,9,4,0x7c70,8,1,200,28.0
409022600131,278,2,255,9,4,0x7078,7,1,200,1429.0
409022616823,279,2,255,9,4,0x7870,7,1,200,93.0
409022633530,280,2,255,9,4,0x7870,7,1,200,-811.0
409022650862,281,2,255,9,4,0x7870,7,1,200,969.0
409022667343,282,2,255,9,4,0x7870,7,1,200,-501.0
409022684408,283,2,255,9,4,0x7870,7,1,200,1056.0
409022701519,284,2,255,9,4,0x7878,8,1,200,-399.0
409022716402,285,2,255,9,4,0x7870,7,1,200,1524.0
409022733682,286,2,255,9,4,0x7878,8,1,200,971.0
409022751126,287,2,255,9,4,0x7078,7,1,200,-574.0
409022766267,288,2,255,9,4,0x7878,8,1,200,-341.0
409022783813,289,2,255,9,4,0x7878,8,1,200,1837.0
409022799705,290,2,255,9,4,0x7860,6,1,200,-69.0
409022817951,291,2,255,9,4,0x7878,8,1,200,663.0
409022835979,292,2,255,9,4,0x7870,7,1,200,1463.0
409022850626,293,2,255,9,4,0x7870,7,1,200,-570.0
409022867545,294,2,255,9,4,0x7070,6,1,200,1695.0
409022884437,295,2,14,10,4,0x7070,6,1,200,514.0
409022901324,296,2,14,10,4,0x7070,6,1,200,-925.0
409022919289,297,2,14,10,4,0x7070,6,1,200,-166.0
409022933435,298,2,14,10,4,0x7070,6,1,200,1389.0
409022951927,299,2,14,10,4,0x7070,6,1,200,-255.0
409022970120,300,2,14,10,4,0x7070,6,1,200,1137.0
409022984978,301,2,14,10,4,0x7070,6,1,200,543.0
409023001408,302,2,14,10,4,0x7070,6,1,200,-197.0
409023017708,303,2,14,10,4,0x7070,6,1,200,-1008.0
409023033764,304,2,14,10,4,0x7060,5,1,200,-1032.0
409023050411,305,2,14,10,4,0x7070,6,1,200,-1270.0
409023067092,306,2,14,10,4,0x7060,5,1,200,1711.0
409023084459,307,2,14,10,4,0x7070,6,1,200,168.0
409023101032,308,2,14,10,4,0x7060,5,1,200,-1223.0
409023118042,309,2,14,10,4,0x7070,6,1,200,-860.0
409023134382,310,2,14,10,4,0x7070,6,1,200,-1734.0
409023150668,311,2,14,10,4,0x7070,6,1,200,-1341.0
409023167497,312,2,14,10,4,0x7070,6,1,200,-349.0
409023184472,313,2,14,10,4,0x7060,5,1,200,574.0
409023201711,314,2,14,10,4,0x7070,6,1,200,62.0
409023217983,315,2,14,10,4,0x7070,6,1,200,808.0
409023234143,316,2,14,10,4,0x7060,5,1,200,1478.0
409023251984,317,2,14,10,4,0x7060,5,1,200,191.0
409023267579,318,2,14,10,4,0x7070,6,1,200,-500.0
409023285537,319,2,14,10,4,0x7060,5,1,200,1092.0
409023301613,320,2,14,10,4,0x7060,5,1,200,-41.0
409023317648,321,2,14,10,4,0x7060,5,1,200,-1601.0
409023335686,322,2,14,10,4,0x7060,5,1,200,1088.0
409023352095,323,2,14,10,4,0x7060,5,1,200,-1045.0
409023368893,324,2,14,10,4,0x7060,5,1,200,697.0
409023386279,325,2,14,10,4,0x7060,5,1,200,231.0
409023400979,326,2,14,10,4,0x7060,5,1,200,-1452.0
409023418046,327,2,14,10,4,0x7060,5,1,200,-529.0
409023436415,328,2,14,10,4,0x7060,5,1,200,82.0
409023452404,329,2,14,10,4,0x7060,5,1,200,-589.0
409023467810,330,2,14,10,4,0x7060,5,1,200,669.0
409023485485,331,2,14,10,4,0x7060,5,1,200,-1254.0
409023501938,332,2,14,10,4,0x7060,5,1,200,2247.0
409023518636,333,2,14,10,4,0x7060,5,1,200,1145.0
409023535216,334,2,14,10,4,0x7060,5,1,200,-655.0
409023551649,335,2,14,10,4,0x7060,5,1,200,-190.0
409023569440,336,2,14,10,4,0x7060,5,1,200,-1421.0
409023585622,337,2,14,10,4,0x7060,5,1,200,-1905.0
409023602080,338,2,14,10,4,0x7060,5,1,200,-920.0
409023618179,339,2,14,10,4,0x7060,5,1,200,-526.0
409023634632,340,2,14,10,4,0x7060,5,1,200,1790.0
409023653261,341,2,14,10,4,0x7060,5,1,200,2284.0
409023668507,342,2,14,10,4,0x7060,5,1,200,1247.0
409023686858,343,2,14,10,4,0x7060,5,1,200,-19.0
409023702276,344,2,14,10,4,0x7060,5,1,200,-182.0
409023720236,345,2,14,10,4,0x7060,5,1,200,-1547.0
409023736379,346,2,14,10,4,0x7060,5,1,200,1931.0
409023754149,347,2,14,10,4,0x7060,5,1,200,764.0
409023769244,348,2,14,10,4,0x7060,5,1,200,37.0
409023787247,349,2,14,10,4,0x7060,5,1,200,-143.0
409023801854,350,2,14,10,4,0x7060,5,1,200,577.0
409023819896,351,2,14,10,4,0x7060,5,1,200,63.0
409023836255,352,2,14,10,4,0x7060,5,1,200,739.0
409023852316,353,2,14,10,4,0x7060,5,1,200,-1043.0
409023869215,354,2,14,10,4,0x7060,5,1,200,1554.0
409023886777,355,2,14,10,4,0x7060,5,1,200,200.0
409023902579,356,2,14,10,4,0x7060,5,1,200,1325.0
409023920242,357,2,14,10,4,0x7060,5,1,200,-755.0
409023935338,358,2,14,10,4,0x7060,5,1,200,-1495.0
409023952909,359,2,14,10,4,0x7060,5,1,200,-662.0
409023969339,360,2,14,10,4,0x7060,5,1,200,-1603.0
409023986776,361,2,14,10,4,0x7060,5,1,200,1620.0
409024003798,362,2,14,10,4,0x7060,5,1,200,-837.0
409024022118,363,2,14,10,4,0x7060,5,1,200,990.0
409024037101,364,2,14,10,4,0x7060,5,1,200,1816.0
409024054487,365,2,14,10,4,0x7060,5,1,200,-187.0
409024070269,366,2,14,10,4,0x7060,5,1,200,-779.0
409024085170,367,2,14,10,4,0x7060,5,1,200,-1588.0
409024103331,368,2,14,10,4,0x7060,5,1,200,1697.0
409024119202,369,2,14,10,4,0x7060,5,1,200,170.0
409024136321,370,2,14,10,4,0x7060,5,1,200,-2007.0
409024153925,371,2,14,10,4,0x7060,5,1,200,-863.0
409024169608,372,2,14,10,4,0x7060,5,1,200,-229.0
409024187162,373,2,14,10,4,0x7060,5,1,200,752.0
409024203090,374,2,14,10,4,0x7060,5,1,200,-495.0
409024219564,375,2,14,10,4,0x7060,5,1,200,-561.0
409024236612,376,2,14,10,4,0x7060,5,1,200,-967.0
409024252557,377,2,14,10,4,0x7060,5,1,200,1753.0
409024270958,378,2,14,10,4,0x7060,5,1,200,826.0
409024286882,379,2,14,10,4,0x7060,5,1,200,168.0
409024303265,380,2,14,10,4,0x7060,5,1,200,289.0
409024320283,381,2,14,10,4,0x7060,5,1,200,2089.0
409024337021,382,2,14,10,4,0x7060,5,1,200,-1233.0
409024353468,383,2,14,10,4,0x7060,5,1,200,567.0
409024370600,384,2,14,10,4,0x7060,5,1,200,68.0
409024386607,385,2,14,10,4,0x7060,5,1,200,974.0
409024404370,386,2,14,10,4,0x7060,5,1,200,2640.0
409024419727,387,2,14,10,4,0x7060,5,1,200,-1417.0
409024438011,388,2,14,10,4,0x7060,5,1,200,-1638.0
409024455566,389,2,14,10,4,0x7060,5,1,200,1460.0
409024472595,390,2,14,10,4,0x7060,5,1,200,142.0
409024489475,391,2,14,10,4,0x7060,5,1,200,-703.0
409024506331,392,2,14,10,4,0x7060,5,1,200,-163.0
409024523987,393,2,14,10,4,0x7060,5,1,200,-340.0
409024541916,394,2,14,10,4,0x7060,5,1,200,-1320.0
409024554608,395,2,14,10,4,0x7060,5,1,200,1784.0
409024571628,396,2,14,10,4,0x7060,5,1,200,151.0
409024587221,397,2,14,10,4,0x7060,5,1,200,-212.0
409024604475,398,2,14,10,4,0x7060,5,1,200,1220.0
409024622603,399,2,14,10,4,0x7060,5,1,200,1406.0
409024637217,400,2,14,10,4,0x7060,5,1,200,-1614.0
409024656366,401,2,14,10,4,0x7060,5,1,200,1249.0
409024670503,402,2,14,10,4,0x7060,5,1,200,-718.0
409024685798,403,2,14,10,4,0x7060,5,1,200,-1495.0
409024704148,404,2,14,10,4,0x7060,5,1,200,1341.0
409024721706,405,2,14,10,4,0x7060,5,1,200,172.0
409024737576,406,2,14,10,4,0x7060,5,1,200,1264.0
409024753782,407,2,14,10,4,0x7060,5,1,200,1269.0
409024770356,408,2,14,10,4,0x7060,5,1,200,-1622.0
409024787994,409,2,14,10,4,0x7060,5,1,200,-688.0
409024803673,410,2,14,10,4,0x7060,5,1,200,-169.0
409024821275,411,2,14,10,4,0x7060,5,1,200,-142.0
409024841895,412,2,14,10,4,0x7060,5,1,200,615.0
409024853840,413,2,14,10,4,0x7060,5,1,200,895.0
409024871336,414,2,14,10,4,0x7060,5,1,200,951.0
409024887152,415,2,14,10,4,0x7060,5,1,200,1322.0
409024903526,416,2,14,10,4,0x7060,5,1,200,1299.0
409024921484,417,2,14,10,4,0x7060,5,1,200,-1849.0
409024936820,418,2,14,10,4,0x7060,5,1,200,-1798.0
409024956466,419,2,14,10,4,0x7060,5,1,200,1238.0
409024970498,420,2,14,10,4,0x7060,5,1,200,-1024.0
409024986950,421,2,14,10,4,0x7060,5,1,200,-963.0
409025005319,422,2,14,10,4,0x7060,5,1,200,1723.0
409025021339,423,2,14,10,4,0x7060,5,1,200,-901.0
409025039054,424,2,14,10,4,0x7060,5,1,200,-2047.0
409025054643,425,2,14,10,4,0x7060,5,1,200,-1156.0
409025072766,426,2,14,10,4,0x7060,5,1,200,-178.0
409025088788,427,2,14,10,4,0x7060,5,1,200,130.0
409025104490,428,2,14,10,4,0x7060,5,1,200,-743.0
409025124685,429,2,14,10,4,0x7060,5,1,200,1148.0
409025138689,430,2,14,10,4,0x7060,5,1,200,1174.0
409025156219,431,2,14,10,4,0x7060,5,1,200,-62.0
409025171580,432,2,14,10,4,0x7060,5,1,200,-148.0
409025187698,433,2,14,10,4,0x7060,5,1,200,-430.0
409025205804,434,2,14,10,4,0x7060,5,1,200,1388.0
409025221707,435,2,14,10,4,0x7060,5,1,200,-283.0
409025239810,436,2,14,10,4,0x7060,5,1,200,-424.0
409025255522,437,2,14,10,4,0x7060,5,1,200,-488.0
409025271098,438,2,14,10,4,0x7060,5,1,200,1356.0
409025289775,439,2,14,10,4,0x7060,5,1,200,-1890.0
409025303040,440,2,14,10,4,0x7060,5,1,200,-585.0
409025321103,441,2,14,10,4,0x7060,5,1,200,520.0
409025338229,442,2,14,10,4,0x7060,5,1,200,-1823.0
409025354467,443,2,14,10,4,0x7060,5,1,200,1815.0
409025371327,444,2,14,10,4,0x7060,5,1,200,1497.0
409025390458,445,2,14,10,4,0x7060,5,1,200,-246.0
409025405097,446,2,14,10,4,0x7060,5,1,200,-810.0
409025422428,447,2,14,10,4,0x7060,5,1,200,-107.0
409025440750,448,2,14,10,4,0x7060,5,1,200,1127.0
409025457708,449,2,14,10,4,0x7060,5,1,200,241.0
409025477016,450,2,14,10,4,0x7060,5,1,200,-689.0
409025489475,451,2,14,10,4,0x7060,5,1,200,559.0
409025505907,452,2,14,10,4,0x7060,5,1,200,1110.0
409025522784,453,2,14,10,4,0x7060,5,1,200,-1292.0
409025539684,454,2,14,10,4,0x7060,5,1,200,-351.0
409025554824,455,2,14,10,4,0x7060,5,1,200,-489.0
409025571908,456,2,14,10,4,0x7060,5,1,200,1352.0
409025589994,457,2,14,10,4,0x7060,5,1,200,226.0
409025605171,458,2,14,10,4,0x7060,5,1,200,785.0
409025621684,459,2,14,10,4,0x7060,5,1,200,408.0
409025637737,460,2,14,10,4,0x7060,5,1,200,-871.0
409025654452,461,2,14,10,4,0x7060,5,1,200,912.0
409025672955,462,2,14,10,4,0x7060,5,1,200,179.0
409025690727,463,2,14,10,4,0x7060,5,1,200,420.0
409025705000,464,2,14,10,4,0x7060,5,1,200,-1100.0
409025726932,465,2,14,10,4,0x7060,5,1,200,-785.0
409025739769,466,2,14,10,4,0x7060,5,1,200,1039.0
409025755195,467,2,14,10,4,0x7060,5,1,200,-1519.0
409025772125,468,2,14,10,4,0x7060,5,1,200,1389.0
409025787428,469,2,14,10,4,0x7060,5,1,200,-535.0
409025805746,470,2,14,10,4,0x7060,5,1,200,-490.0
409025823708,471,2,14,10,4,0x7060,5,1,200,-1775.0
409025840308,472,2,14,10,4,0x7060,5,1,200,630.0
409025854985,473,2,14,10,4,0x7060,5,1,200,-658.0
409025871146,474,2,14,10,4,0x7060,5,1,200,1137.0
409025889500,475,2,14,10,4,0x7060,5,1,200,1612.0
409025905153,476,2,14,10,4,0x7060,5,1,200,-1040.0
409025922385,477,2,14,10,4,0x7060,5,1,200,-2062.0
409025939350,478,2,14,10,4,0x7060,5,1,200,1200.0
409025954789,479,2,14,10,4,0x7060,5,1,200,1745.0
409025972622,480,2,14,10,4,0x7060,5,1,200,393.0
409025990616,481,2,14,10,4,0x7060,5,1,200,-1658.0
409026005837,482,2,14,10,4,0x7060,5,1,200,968.0
409026022048,483,2,14,10,4,0x7060,5,1,200,-460.0
409026038770,484,2,14,10,4,0x7060,5,1,200,-354.0
409026055504,485,2,14,10,4,0x7060,5,1,200,1109.0
409026072651,486,2,14,10,4,0x7060,5,1,200,-730.0
409026088500,487,2,14,10,4,0x7060,5,1,200,-1997.0
409026105812,488,2,14,10,4,0x7060,5,1,200,-678.0
409026121582,489,2,14,10,4,0x7060,5,1,200,1178.0
409026138802,490,2,14,10,4,0x7060,5,1,200,642.0
409026157613,491,2,14,10,4,0x7060,5,1,200,918.0
409026172100,492,2,14,10,4,0x7060,5,1,200,-170.0
409026189712,493,2,14,10,4,0x7060,5,1,200,-1413.0
409026205455,494,2,14,10,4,0x7060,5,1,200,86.0
409026221696,495,2,14,10,4,0x7060,5,1,200,30.0
409026239908,496,2,14,10,4,0x7060,5,1,200,1784.0
409026256969,497,2,14,10,4,0x7060,5,1,200,-1481.0
409026272448,498,2,14,10,4,0x7060,5,1,200,1522.0
409026289319,499,2,14,10,4,0x7060,5,1,200,-1868.0
409026304955,500,2,14,10,4,0x7060,5,1,200,-2223.0
409026322126,501,2,14,10,4,0x7060,5,1,200,-2634.0
409026338658,502,2,14,10,4,0x7060,5,1,200,859.0
409026356014,503,2,14,10,4,0x7060,5,1,200,1414.0
409026373734,504,2,14,10,4,0x7060,5,1,200,-2025.0
409026389134,505,2,14,10,4,0x7060,5,1,200,1496.0
409026405823,506,2,14,10,4,0x7060,5,1,200,-1022.0
409026422293,507,2,14,10,4,0x7060,5,1,200,221.0
409026440280,508,2,14,10,4,0x7060,5,1,200,1403.0
409026456562,509,2,14,10,4,0x7060,5,1,200,-595.0
409026476836,510,2,14,10,4,0x7060,5,1,200,-371.0
409026489394,511,2,14,10,4,0x7060,5,1,200,-1172.0
409026504709,512,2,14,10,4,0x7060,5,1,200,-1527.0
409026523261,513,2,14,10,4,0x7060,5,1,200,2013.0
409026538569,514,2,14,10,4,0x7060,5,1,200,999.0
409026556472,515,2,14,10,4,0x7060,5,1,200,-771.0
409026572501,516,2,14,10,4,0x7060,5,1,200,-1190.0
409026589302,517,2,14,10,4,0x7060,5,1,200,-678.0
409026605248,518,2,14,10,4,0x7060,5,1,200,-846.0
409026622365,519,2,14,10,4,0x7060,5,1,200,84.0
409026639125,520,2,14,10,4,0x7060,5,1,200,-905.0
409026656777,521,2,14,10,4,0x7060,5,1,200,-1261.0
409026671457,522,2,14,10,4,0x7060,5,1,200,774.0
409026689710,523,2,14,10,4,0x7060,5,1,200,262.0
409026705585,524,2,14,10,4,0x7060,5,1,200,-924.0
409026723905,525,2,14,10,4,0x7060,5,1,200,-1678.0
409026740096,526,2,14,10,4,0x7060,5,1,200,2172.0
409026756541,527,2,14,10,4,0x7060,5,1,200,975.0
409026774574,528,2,14,10,4,0x7060,5,1,200,249.0
409026789487,529,2,14,10,4,0x7060,5,1,200,-897.0
409026804755,530,2,14,10,4,0x7060,5,1,200,824.0
409026822474,531,2,14,10,4,0x7060,5,1,200,849.0
409026839141,532,2,14,10,4,0x7060,5,1,200,75.0
409026856884,533,2,14,10,4,0x7060,5,1,200,-74.0
409026872533,534,2,14,10,4,0x7060,5,1,200,1354.0
409026889306,535,2,14,10,4,0x7060,5,1,200,-112.0
409026906580,536,2,14,10,4,0x7060,5,1,200,-1578.0
409026927289,537,2,14,10,4,0x7060,5,1,200,-192.0
409026939068,538,2,14,10,4,0x7060,5,1,200,-413.0
409026956303,539,2,14,10,4,0x7060,5,1,200,-480.0
409026972548,540,2,14,10,4,0x7060,5,1,200,-1954.0
409026989137,541,2,14,10,4,0x7060,5,1,200,988.0
409027006213,542,2,14,10,4,0x7060,5,1,200,1738.0
409027023095,543,2,14,10,4,0x7060,5,1,200,-1597.0
409027040308,544,2,14,10,4,0x7060,5,1,200,659.0
409027058032,545,2,14,10,4,0x7060,5,1,200,35.0
409027074861,546,2,14,10,4,0x7060,5,1,200,-67.0
409027093522,547,2,14,10,4,0x7060,5,1,200,-266.0
409027107755,548,2,14,10,4,0x7060,5,1,200,-200.0
409027123029,549,2,14,10,4,0x7060,5,1,200,-1476.0
409027138324,550,2,14,10,4,0x7060,5,1,200,258.0
409027156962,551,2,14,10,4,0x7060,5,1,200,242.0
409027171895,552,2,14,10,4,0x7060,5,1,200,-1319.0
409027190012,553,2,14,10,4,0x7060,5,1,200,-48.0
409027205513,554,2,14,10,4,0x7060,5,1,200,-31.0
409027222763,555,2,14,10,4,0x7060,5,1,200,1571.0
409027240490,556,2,14,10,4,0x7060,5,1,200,1000.0
409027254906,557,2,14,10,4,0x7060,5,1,200,-402.0
409027271947,558,2,14,10,4,0x7060,5,1,200,-1611.0
409027289067,559,2,14,10,4,0x7060,5,1,200,1444.0
409027305593,560,2,14,10,4,0x7060,5,1,200,-765.0
409027322691,561,2,14,10,4,0x7060,5,1,200,-306.0
409027339668,562,2,14,10,4,0x7060,5,1,200,296.0
409027356301,563,2,14,10,4,0x7060,5,1,200,-998.0
409027371563,564,2,14,10,4,0x7060,5,1,200,-1447.0
409027389602,565,2,14,10,4,0x7060,5,1,200,-91.0
409027406811,566,2,14,10,4,0x7060,5,1,200,-761.0
409027422134,567,2,14,10,4,0x7060,5,1,200,499.0
409027443827,568,2,14,10,4,0x7060,5,1,200,-176.0
409027455581,569,2,14,10,4,0x7060,5,1,200,-1407.0
409027472211,570,2,14,10,4,0x7060,5,1,200,145.0
409027489347,571,2,14,10,4,0x7060,5,1,200,-24.0
409027506342,572,2,14,10,4,0x7060,5,1,200,-913.0
409027521510,573,2,14,10,4,0x7060,5,1,200,1686.0
409027538995,574,2,14,10,4,0x7060,5,1,200,321.0
409027555839,575,2,14,10,4,0x7060,5,1,200,-617.0
409027572092,576,2,14,10,4,0x7060,5,1,200,850.0
409027589075,577,2,14,10,4,0x7060,5,1,200,-30.0
409027604978,578,2,14,10,4,0x7060,5,1,200,1071.0
409027622492,579,2,14,10,4,0x7060,5,1,200,1281.0
409027639456,580,2,14,10,4,0x7060,5,1,200,-1222.0
409027655611,581,2,14,10,4,0x7060,5,1,200,-1775.0
409027671775,582,2,14,10,4,0x7060,5,1,200,1521.0
409027688754,583,2,14,10,4,0x7060,5,1,200,379.0
409027706722,584,2,14,10,4,0x7060,5,1,200,649.0
409027722252,585,2,14,10,4,0x7060,5,1,200,1312.0
409027739559,586,2,14,10,4,0x7060,5,1,200,1745.0
409027756113,587,2,14,10,4,0x7060,5,1,200,-1661.0
409027771310,588,2,14,10,4,0x7060,5,1,200,-285.0
409027790035,589,2,14,10,4,0x7060,5,1,200,546.0
409027805264,590,2,14,10,4,0x7060,5,1,200,1517.0
409027822597,591,2,14,10,4,0x7060,5,1,200,54.0
409027839508,592,2,14,10,4,0x7060,5,1,200,886.0
409027855682,593,2,14,10,4,0x7060,5,1,200,-911.0
409027872609,594,2,14,10,4,0x7060,5,1,200,1519.0
409027889403,595,2,14,10,4,0x7060,5,1,200,450.0
409027905036,596,2,14,10,4,0x7060,5,1,200,42.0
409027922997,597,2,14,10,4,0x7060,5,1,200,-1070.0
409027941250,598,2,14,10,4,0x7060,5,1,200,1469.0
409027955927,599,2,14,10,4,0x7060,5,1,200,1913.0
409027971985,600,2,14,10,4,0x7060,5,1,200,-372.0
409027989281,601,2,14,10,4,0x7060,5,1,200,-1524.0
409028005822,602,2,14,10,4,0x7060,5,1,200,534.0
409028022028,603,2,14,10,4,0x7060,5,1,200,1236.0
409028039497,604,2,14,10,4,0x7060,5,1,200,2192.0
409028055587,605,2,14,10,4,0x7060,5,1,200,4.0
409028073257,606,2,14,10,4,0x7060,5,1,200,864.0
409028090442,607,2,14,10,4,0x7060,5,1,200,-52.0
409028105922,608,2,14,10,4,0x7060,5,1,200,1341.0
409028123276,609,2,14,10,4,0x7060,5,1,200,1870.0
409028139163,610,2,14,10,4,0x7060,5,1,200,114.0
409028158292,611,2,14,10,4,0x7060,5,1,200,-680.0
409028171751,612,2,14,10,4,0x7060,5,1,200,-742.0
409028189382,613,2,14,10,4,0x7060,5,1,200,1449.0
409028206090,614,2,14,10,4,0x7060,5,1,200,1240.0
409028224024,615,2,14,10,4,0x7060,5,1,200,-31.0
409028238901,616,2,14,10,4,0x7060,5,1,200,235.0
409028258770,617,2,14,10,4,0x7060,5,1,200,-417.0
409028272715,618,2,14,10,4,0x7060,5,1,200,-1484.0
409028289320,619,2,14,10,4,0x7060,5,1,200,2090.0
409028306821,620,2,14,10,4,0x7060,5,1,200,52.0
409028324219,621,2,14,10,4,0x7060,5,1,200,-1117.0
409028340333,622,2,14,10,4,0x7060,5,1,200,1023.0
409028356617,623,2,14,10,4,0x7060,5,1,200,-165.0
409028373234,624,2,14,10,4,0x7060,5,1,200,620.0
409028390175,625,2,14,10,4,0x7060,5,1,200,375.0
409028408336,626,2,14,10,4,0x7060,5,1,200,54.0
409028423018,627,2,14,10,4,0x7060,5,1,200,-1245.0
409028440801,628,2,14,10,4,0x7060,5,1,200,-527.0
409028456626,629,2,14,10,4,0x7060,5,1,200,287.0
409028472358,630,2,14,10,4,0x7060,5,1,200,-473.0
409028491196,631,2,14,10,4,0x7060,5,1,200,-354.0
409028507393,632,2,14,10,4,0x7060,5,1,200,900.0
409028523088,633,2,14,10,4,0x7060,5,1,200,1168.0
409028538676,634,2,14,10,4,0x7060,5,1,200,-1452.0
409028557012,635,2,14,10,4,0x7060,5,1,200,-1156.0
409028574112,636,2,14,10,4,0x7060,5,1,200,-307.0
409028590512,637,2,14,10,4,0x7060,5,1,200,-179.0
409028606527,638,2,14,10,4,0x7060,5,1,200,-902.0
409028622753,639,2,14,10,4,0x7060,5,1,200,-1371.0
409028640190,640,2,14,10,4,0x7060,5,1,200,1872.0
409028656957,641,2,14,10,4,0x7060,5,1,200,-1316.0
409028673400,642,2,14,10,4,0x7060,5,1,200,-816.0
409028689860,643,2,14,10,4,0x7060,5,1,200,1148.0
409028705960,644,2,14,10,4,0x7060,5,1,200,-1374.0
409028723801,645,2,14,10,4,0x7060,5,1,200,501.0
409028739882,646,2,14,10,4,0x7060,5,1,200,-499.0
409028756118,647,2,14,10,4,0x7060,5,1,200,-647.0
409028772834,648,2,14,10,4,0x7060,5,1,200,-545.0
409028789406,649,2,14,10,4,0x7060,5,1,200,1595.0
409028807241,650,2,14,10,4,0x7060,5,1,200,78.0
409028823374,651,2,14,10,4,0x7060,5,1,200,-1130.0
409028839620,652,2,14,10,4,0x7060,5,1,200,1451.0
409028856369,653,2,14,10,4,0x7060,5,1,200,645.0
409028873410,654,2,14,10,4,0x7060,5,1,200,330.0
409028890276,655,2,14,10,4,0x7060,5,1,200,1598.0
409028906966,656,2,14,10,4,0x7060,5,1,200,-296.0
409028923289,657,2,14,10,4,0x7060,5,1,200,-1140.0
409028941040,658,2,14,10,4,0x7060,5,1,200,-560.0
409028956746,659,2,14,10,4,0x7060,5,1,200,-646.0
409028972884,660,2,14,10,4,0x7060,5,1,200,-580.0
409028990021,661,2,14,10,4,0x7060,5,1,200,1564.0
409029007658,662,2,14,10,4,0x7060,5,1,200,-262.0
409029024058,663,2,14,10,4,0x7060,5,1,200,935.0
409029040325,664,2,14,10,4,0x7060,5,1,200,-1005.0
409029057259,665,2,14,10,4,0x7060,5,1,200,-2085.0
409029074894,666,2,14,10,4,0x7060,5,1,200,-958.0
409029090228,667,2,14,10,4,0x7060,5,1,200,-407.0
409029106031,668,2,14,10,4,0x7060,5,1,200,-1319.0
409029123475,669,2,14,10,4,0x7060,5,1,200,-431.0
409029140265,670,2,14,10,4,0x7060,5,1,200,469.0
409029156685,671,2,14,10,4,0x7060,5,1,200,-1467.0
409029173745,672,2,14,10,4,0x7060,5,1,200,-323.0
409029190242,673,2,14,10,4,0x7060,5,1,200,-891.0
409029206499,674,2,14,10,4,0x7060,5,1,200,-1953.0
409029224104,675,2,14,10,4,0x7060,5,1,200,-1353.0
409029242822,676,2,14,10,4,0x7060,5,1,200,-1052.0
409029258391,677,2,14,10,4,0x7060,5,1,200,1850.0
409029273016,678,2,14,10,4,0x7060,5,1,200,-725.0
409029289975,679,2,14,10,4,0x7060,5,1,200,-29.0
409029306881,680,2,14,10,4,0x7060,5,1,200,1495.0
409029324741,681,2,14,10,4,0x7060,5,1,200,1951.0
409029341581,682,2,14,10,4,0x7060,5,1,200,295.0
409029357635,683,2,14,10,4,0x7060,5,1,200,-1083.0
409029374630,684,2,14,10,4,0x7060,5,1,200,-524.0
409029391745,685,2,14,10,4,0x7060,5,1,200,-1092.0
409029407478,686,2,14,10,4,0x7060,5,1,200,1588.0
409029423993,687,2,14,10,4,0x7060,5,1,200,-1044.0
409029441603,688,2,14,10,4,0x7060,5,1,200,-1020.0
409029456759,689,2,14,10,4,0x7060,5,1,200,1962.0
409029474139,690,2,14,10,4,0x7060,5,1,200,-633.0
409029491486,691,2,14,10,4,0x7060,5,1,200,-935.0
409029506877,692,2,14,10,4,0x7060,5,1,200,-597.0
409029524017,693,2,14,10,4,0x7060,5,1,200,-794.0
409029540163,694,2,14,10,4,0x7060,5,1,200,834.0
409029557380,695,2,14,10,4,0x7060,5,1,200,1466.0
409029575003,696,2,14,10,4,0x7060,5,1,200,-1173.0
409029589851,697,2,14,10,4,0x7060,5,1,200,-654.0
409029607747,698,2,14,10,4,0x7060,5,1,200,-117.0
409029624274,699,2,14,10,4,0x7060,5,1,200,-747.0
409029640356,700,2,14,10,4,0x7060,5,1,200,1202.0
409029657133,701,2,14,10,4,0x7060,5,1,200,-1620.0
409029674786,702,2,14,10,4,0x7060,5,1,200,-1507.0
409029691997,703,2,14,10,4,0x7060,5,1,200,748.0
409029708738,704,2,14,10,4,0x7060,5,1,200,644.0
409029724592,705,2,14,10,4,0x7060,5,1,200,879.0
409029742219,706,2,14,10,4,0x7060,5,1,200,-1302.0
409029759324,707,2,14,10,4,0x7060,5,1,200,-902.0
409029774594,708,2,14,10,4,0x7060,5,1,200,1465.0
409029792145,709,2,14,10,4,0x7060,5,1,200,-1104.0
409029808181,710,2,14,10,4,0x7060,5,1,200,2070.0
409029826881,711,2,14,10,4,0x7060,5,1,200,-1269.0
409029841714,712,2,14,10,4,0x7060,5,1,200,-201.0
409029860046,713,2,14,10,4,0x7060,5,1,200,-1204.0
409029874078,714,2,14,10,4,0x7060,5,1,200,251.0
409029895463,715,2,14,10,4,0x7060,5,1,200,1387.0
409029907671,716,2,14,10,4,0x7060,5,1,200,-1893.0
409029923982,717,2,14,10,4,0x7060,5,1,200,-530.0
409029941890,718,2,14,10,4,0x7060,5,1,200,-236.0
409029958533,719,2,14,10,4,0x7060,5,1,200,982.0
409029974810,720,2,14,10,4,0x7060,5,1,200,1461.0
409029996225,721,2,14,10,4,0x7060,5,1,200,1510.0
409030008698,722,2,14,10,4,0x7060,5,1,200,-1723.0
409030025684,723,2,14,10,4,0x7060,5,1,200,-1636.0
409030042910,724,2,14,10,4,0x7060,5,1,200,-291.0
409030058955,725,2,14,10,4,0x7060,5,1,200,4157.0
409030075394,726,2,14,10,4,0x7060,5,1,200,1190.0
409030093334,727,2,14,10,4,0x7060,5,1,200,1211.0
409030107906,728,2,14,10,4,0x7060,5,1,200,-1143.0
409030125235,729,2,14,10,4,0x7060,5,1,200,-376.0
409030141640,730,2,14,10,4,0x7060,5,1,200,-1741.0
409030159154,731,2,14,10,4,0x7060,5,1,200,-662.0
409030175363,732,2,14,10,4,0x7060,5,1,200,362.0
409030192048,733,2,14,10,4,0x7060,5,1,200,1575.0
409030208566,734,2,14,10,4,0x7060,5,1,200,-847.0
409030224814,735,2,14,10,4,0x7060,5,1,200,-380.0
409030242769,736,2,14,10,4,0x7060,5,1,200,-2327.0
409030258361,737,2,14,10,4,0x7060,5,1,200,1812.0
409030275347,738,2,14,10,4,0x7060,5,1,200,-82.0
409030292434,739,2,14,10,4,0x7060,5,1,200,-474.0
409030307838,740,2,14,10,4,0x7060,5,1,200,1178.0
409030326031,741,2,14,10,4,0x7060,5,1,200,71.0
409030342432,742,2,14,10,4,0x7060,5,1,200,-594.0
409030359090,743,2,14,10,4,0x7060,5,1,200,1647.0
409030376038,744,2,14,10,4,0x7060,5,1,200,447.0
409030391949,745,2,14,10,4,0x7060,5,1,200,335.0
409030408496,746,2,14,10,4,0x7060,5,1,200,1325.0
409030426770,747,2,14,10,4,0x7060,5,1,200,818.0
409030441653,748,2,14,10,4,0x7060,5,1,200,-1501.0
409030458404,749,2,14,10,4,0x7060,5,1,200,-726.0
409030474433,750,2,14,10,4,0x7060,5,1,200,-591.0
409030493269,751,2,14,10,4,0x7060,5,1,200,2100.0
409030509204,752,2,14,10,4,0x7060,5,1,200,147.0
409030524937,753,2,14,10,4,0x7060,5,1,200,1738.0
409030541962,754,2,14,10,4,0x7060,5,1,200,-282.0
409030560515,755,2,14,10,4,0x7060,5,1,200,-1170.0
409030575821,756,2,14,10,4,0x7060,5,1,200,-54.0
409030592832,757,2,14,10,4,0x7060,5,1,200,254.0
409030608576,758,2,14,10,4,0x7060,5,1,200,-1238.0
409030625975,759,2,14,10,4,0x7060,5,1,200,-1758.0
409030642990,760,2,14,10,4,0x7060,5,1,200,-871.0
409030659760,761,2,14,10,4,0x7060,5,1,200,-908.0
409030675597,762,2,14,10,4,0x7060,5,1,200,738.0
409030692600,763,2,14,10,4,0x7060,5,1,200,-132.0
409030709038,764,2,14,10,4,0x7060,5,1,200,-487.0
409030726163,765,2,14,10,4,0x7060,5,1,200,-249.0
409030742704,766,2,14,10,4,0x7060,5,1,200,834.0
409030759148,767,2,14,10,4,0x7060,5,1,200,-477.0
409030776231,768,2,14,10,4,0x7060,5,1,200,-5402.0
409030826364,769,2,14,10,4,0x7060,5,1,200,643.0
409030841732,770,2,14,10,4,0x7060,5,1,200,252.0
409030859584,771,2,14,10,4,0x7060,5,1,200,-1319.0
409030875973,772,2,14,10,4,0x7060,5,1,200,1542.0
409030892683,773,2,14,10,4,0x7060,5,1,200,-186.0
409030908648,774,2,14,10,4,0x7060,5,1,200,13.0
409030925532,775,2,14,10,4,0x7060,5,1,200,1476.0
409030942130,776,2,14,10,4,0x7060,5,1,200,1277.0
409030961179,777,2,14,10,4,0x7060,5,1,200,1706.0
409030977188,778,2,14,10,4,0x7060,5,1,200,-1247.0
409030992726,779,2,14,10,4,0x7060,5,1,200,-465.0
409031010531,780,2,14,10,4,0x7060,5,1,200,1387.0
409031026506,781,2,14,10,4,0x7060,5,1,200,-2160.0
409031043007,782,2,14,10,4,0x7060,5,1,200,-238.0
409031061480,783,2,14,10,4,0x7060,5,1,200,-948.0
409031076851,784,2,14,10,4,0x7060,5,1,200,54.0
409031092797,785,2,14,10,4,0x7060,5,1,200,-22.0
409031109385,786,2,14,10,4,0x7060,5,1,200,1664.0
409031126006,787,2,14,10,4,0x7060,5,1,200,1313.0
409031142088,788,2,14,10,4,0x7060,5,1,200,-725.0
409031158820,789,2,14,10,4,0x7060,5,1,200,-1044.0
409031175777,790,2,14,10,4,0x7060,5,1,200,1628.0
409031192715,791,2,14,10,4,0x7060,5,1,200,-594.0
409031209176,792,2,14,10,4,0x7060,5,1,200,-370.0
409031226044,793,2,14,10,4,0x7060,5,1,200,1239.0
409031242528,794,2,14,10,4,0x7060,5,1,200,1330.0
409031259772,795,2,14,10,4,0x7060,5,1,200,618.0
409031276009,796,2,14,10,4,0x7060,5,1,200,454.0
409031292889,797,2,14,10,4,0x7060,5,1,200,-130.0
409031309927,798,2,14,10,4,0x7060,5,1,200,100.0
409031326212,799,2,14,10,4,0x7060,5,1,200,1551.0
409031343130,800,2,14,10,4,0x7060,5,1,200,635.0
409031359706,801,2,14,10,4,0x7060,5,1,200,-693.0
409031376036,802,2,14,10,4,0x7060,5,1,200,-992.0
409031392871,803,2,14,10,4,0x7060,5,1,200,-291.0
409031408854,804,2,14,10,4,0x7060,5,1,200,-348.0
409031426865,805,2,14,10,4,0x7060,5,1,200,-1754.0
409031442692,806,2,14,10,4,0x7060,5,1,200,-1169.0
409031459078,807,2,14,10,4,0x7060,5,1,200,1617.0
409031476513,808,2,14,10,4,0x7060,5,1,200,-376.0
409031493555,809,2,14,10,4,0x7060,5,1,200,-1399.0
409031509841,810,2,14,10,4,0x7060,5,1,200,683.0
409031525984,811,2,14,10,4,0x7060,5,1,200,838.0
409031542072,812,2,14,10,4,0x7060,5,1,200,423.0
409031560109,813,2,14,10,4,0x7060,5,1,200,-535.0
409031575922,814,2,14,10,4,0x7060,5,1,200,-1680.0
409031592568,815,2,14,10,4,0x7060,5,1,200,-2023.0
409031610064,816,2,14,10,4,0x7060,5,1,200,-633.0
409031626459,817,2,14,10,4,0x7060,5,1,200,-984.0
409031642103,818,2,14,10,4,0x7060,5,1,200,654.0
409031660182,819,2,14,10,4,0x7060,5,1,200,840.0
409031676337,820,2,14,10,4,0x7060,5,1,200,-1001.0
409031727455,821,2,14,10,4,0x7060,5,1,200,-395.0
409031742719,822,2,14,10,4,0x7060,5,1,200,-426.0
409031760018,823,2,14,10,4,0x7060,5,1,200,267.0
409031776841,824,2,14,10,4,0x7060,5,1,200,279.0
409031793142,825,2,14,10,4,0x7060,5,1,200,645.0
409031809518,826,2,14,10,4,0x7060,5,1,200,280.0
409031828150,827,2,14,10,4,0x7060,5,1,200,1998.0
409031843902,828,2,14,10,4,0x7060,5,1,200,-696.0
409031859608,829,2,14,10,4,0x7060,5,1,200,-145.0
409031876044,830,2,14,10,4,0x7060,5,1,200,2599.0
409031892807,831,1,255,11,4,0x7060,5,1,200,-1229.0
409031910369,832,1,255,11,4,0x7060,5,1,200,114.0
409031937916,833,1,255,11,4,0x7060,5,1,200,-171.0
409031944662,834,1,255,11,4,0x7060,5,1,200,-909.0
409031959856,835,1,255,11,4,0x7060,5,1,200,822.0
409031979288,836,1,255,11,4,0x7060,5,1,200,1719.0
409031992088,837,1,255,11,4,0x7060,5,1,200,1585.0
409032010072,838,1,255,11,4,0x7060,5,1,200,-892.0
409032025759,839,1,255,11,4,0x7060,5,1,200,499.0
409032042955,840,1,255,11,4,0x7060,5,1,200,1599.0
409032060162,841,1,255,11,4,0x7060,5,1,200,2370.0
409032077620,842,1,255,11,4,0x7060,5,1,200,-900.0
409032094313,843,1,255,11,4,0x7060,5,1,200,535.0
409032109384,844,1,255,11,4,0x7060,5,1,200,109.0
409032127481,845,1,255,11,4,0x7060,5,1,200,1545.0
409032143838,846,1,255,11,4,0x7060,5,1,200,1515.0
409032159954,847,1,255,11,4,0x7060,5,1,200,-484.0
409032176767,848,1,255,11,4,0x7060,5,1,200,-706.0
409032194505,849,1,255,11,4,0x7060,5,1,200,-1241.0
409032211484,850,1,255,11,4,0x7060,5,1,200,1943.0
409032227777,851,1,255,11,4,0x7060,5,1,200,-1654.0
409032243678,852,1,255,11,4,0x7060,5,1,200,354.0
409032262183,853,1,255,11,4,0x7060,5,1,200,-623.0
409032278268,854,1,255,11,4,0x7060,5,1,200,104.0
409032293412,855,1,255,11,4,0x7060,5,1,200,-1539.0
409032311038,856,1,255,11,4,0x7060,5,1,200,490.0
409032325875,857,1,255,11,4,0x7060,5,1,200,1120.0
409032343911,858,1,255,11,4,0x7060,5,1,200,-1934.0
409032360298,859,1,255,11,4,0x7060,5,1,200,-412.0
409032376564,860,1,255,11,4,0x7060,5,1,200,-1219.0
409032394501,861,1,255,11,4,0x7060,5,1,200,1558.0
409032409858,862,1,255,11,4,0x7060,5,1,200,-1292.0
409032428026,863,1,255,11,4,0x7060,5,1,200,1351.0
409032449902,864,1,255,11,4,0x7060,5,1,200,445.0
409032470541,865,1,255,11,4,0x7060,5,1,200,-1206.0
409032477379,866,1,255,11,4,0x7060,5,1,200,-1197.0
409032492720,867,1,255,11,4,0x7060,5,1,200,-383.0
409032509874,868,1,255,11,4,0x7060,5,1,200,-109.0
409032527491,869,1,255,11,4,0x7060,5,1,200,-1337.0
409032543260,870,1,255,11,4,0x7060,5,1,200,-485.0
409032559920,871,1,255,11,4,0x7060,5,1,200,27.0
409032576629,872,1,255,11,4,0x7060,5,1,200,-1474.0
409032679125,873,1,255,11,4,0x7060,5,1,200,676.0
409032697222,874,1,255,11,4,0x7060,5,1,200,-1890.0
409032710222,875,1,255,11,4,0x7060,5,1,200,-1399.0
409032727977,876,1,255,11,4,0x7060,5,1,200,1661.0
409032744307,877,1,255,11,4,0x7078,7,1,200,-650.0
409032760863,878,1,255,11,4,0x7068,6,1,200,-838.0
409032776681,879,1,255,11,4,0x7068,6,1,200,-1499.0
409032793296,880,1,255,11,4,0x7068,6,1,200,1652.0
409032809968,881,1,255,11,4,0x7068,6,1,200,-61.0
409032827621,882,1,255,11,4,0x7068,6,1,200,-283.0
409032843222,883,1,255,11,4,0x7078,7,1,200,-1809.0
409032859999,884,1,255,11,4,0x7078,7,1,200,-392.0
409032877368,885,1,255,11,4,0x7078,7,1,200,1574.0
409032894648,886,1,255,12,4,0x7078,7,1,200,-856.0
409032909694,887,1,255,12,4,0x7070,6,1,200,-1452.0
409032927546,888,1,255,12,4,0x7068,6,1,200,-1141.0
409032944001,889,1,255,12,4,0x7060,5,1,200,1654.0
409032960286,890,1,255,12,4,0x7068,6,1,200,-1964.0
409032976595,891,1,255,12,4,0x7078,7,1,200,1178.0
409032993611,892,1,255,12,4,0x7078,7,1,200,147.0
409033010577,893,1,255,12,4,0x7078,7,1,200,538.0
409033027901,894,1,255,12,4,0x7068,6,1,200,61.0
409033043713,895,1,255,12,4,0x7078,7,1,200,-599.0
409033061290,896,1,255,12,4,0x7078,7,1,200,526.0
409033077343,897,1,255,12,4,0x7078,7,1,200,-1138.0
409033093638,898,1,255,12,4,0x7078,7,1,200,1643.0
409033110512,899,1,255,12,4,0x7078,7,1,200,1816.0
409033127661,900,1,255,12,4,0x7068,6,1,200,507.0
409033143563,901,1,255,12,4,0x7078,7,1,200,-63.0
409033160319,902,1,255,12,4,0x7078,7,1,200,670.0
409033177919,903,1,255,12,4,0x7078,7,1,200,-126.0
409033194515,904,1,255,12,4,0x7078,7,1,200,-97.0
409033210872,905,1,255,12,4,0x7078,7,1,200,-705.0
409033226486,906,1,255,12,4,0x7060,5,1,200,813.0
409033243791,907,1,255,12,4,0x7060,5,1,200,1321.0
409033261877,908,1,255,12,4,0x7070,6,1,200,-288.0
409033277944,909,1,255,12,4,0x7078,7,1,200,629.0
409033293711,910,1,255,12,4,0x7068,6,1,200,839.0
409033310155,911,1,255,12,4,0x7078,7,1,200,-1240.0
409033326657,912,1,255,12,4,0x7068,6,1,200,-1067.0
409033344366,913,1,255,12,4,0x7068,6,1,200,248.0
409033360699,914,1,255,12,4,0x7068,6,1,200,-281.0
409033378031,915,1,255,12,4,0x7078,7,1,200,136.0
409033392840,916,1,255,12,4,0x7078,7,1,200,-1234.0
409033409194,917,1,255,12,4,0x7068,6,1,200,-711.0
409033426853,918,1,255,12,4,0x7070,6,1,200,-322.0
409033443003,919,1,255,12,4,0x7070,6,1,200,888.0
409033459620,920,1,255,12,4,0x7068,6,1,200,1041.0
409033475800,921,1,255,12,4,0x7078,7,1,200,975.0
409033493091,922,1,255,12,4,0x7068,6,1,200,-914.0
409033509956,923,1,255,12,4,0x7078,7,1,200,-833.0
409033526521,924,1,255,12,4,0x7078,7,1,200,499.0
409033544065,925,1,255,12,4,0x7078,7,1,200,-931.0
409033560068,926,1,255,12,4,0x7078,7,1,200,1185.0
409033576699,927,1,255,12,4,0x7078,7,1,200,930.0
409033593304,928,1,255,12,4,0x7078,7,1,200,250.0
409033609585,929,1,255,12,4,0x7078,7,1,200,161.0
409033626749,930,1,255,12,4,0x7068,6,1,200,319.0
409033642699,931,1,255,12,4,0x7078,7,1,200,-767.0
409033659315,932,1,255,12,4,0x7078,7,1,200,631.0
409033676672,933,1,255,12,4,0x7078,7,1,200,-419.0
409033693367,934,1,255,12,4,0x7068,6,1,200,-102.0
409033711145,935,1,255,12,4,0x7060,5,1,200,-499.0
409033726656,936,1,255,12,4,0x7060,5,1,200,-336.0
409033743163,937,1,255,12,4,0x7060,5,1,200,642.0
409033759898,938,1,255,12,4,0x7060,5,1,200,74.0
409033775946,939,1,255,12,4,0x7060,5,1,200,729.0
409033792835,940,1,255,12,4,0x7060,5,1,200,-426.0
409033809542,941,1,255,12,4,0x7060,5,1,200,-1077.0
409033826271,942,1,255,12,4,0x7060,5,1,200,1381.0
409033844337,943,1,255,12,4,0x7060,5,1,200,-278.0
409033861091,944,1,255,12,4,0x7060,5,1,200,190.0
409033877412,945,1,255,12,4,0x7040,4,1,200,8.0
409033894572,946,1,255,13,4,0x7060,5,1,200,88.0
409033909924,947,1,255,13,4,0x7040,4,1,200,-379.0
409033927060,948,1,255,13,4,0x7040,4,1,200,878.0
409033943781,949,1,255,13,4,0x7040,4,1,200,761.0
409033960297,950,1,255,13,4,0x7040,4,1,200,-957.0
409033976845,951,1,255,13,4,0x7040,4,1,200,475.0
409033993831,952,1,255,13,4,0x7040,4,1,200,-464.0
409034010692,953,1,255,13,4,0x7040,4,1,200,-73.0
409034026678,954,1,255,13,4,0x7060,5,1,200,766.0
409034043639,955,1,255,13,4,0x7040,4,1,200,-366.0
409034060654,956,1,255,13,4,0x7040,4,1,200,871.0
409034077314,957,1,255,13,4,0x7040,4,1,200,47.0
409034094361,958,1,255,13,4,0x7040,4,1,200,463.0
409034110542,959,1,255,13,4,0x7060,5,1,200,-68.0
409034127453,960,1,255,13,4,0x7060,5,1,200,-411.0
409034144572,961,1,255,13,4,0x7060,5,1,200,-67.0
409034160674,962,1,255,13,4,0x7060,5,1,200,-635.0
409034176838,963,1,255,13,4,0x7060,5,1,200,-810.0
409034194250,964,1,255,13,4,0x7060,5,1,200,880.0
409034209550,965,1,255,13,4,0x7060,5,1,200,21.0
409034226559,966,1,255,13,4,0x7060,5,1,200,937.0
409034243124,967,1,255,13,4,0x7060,5,1,200,159.0
409034260371,968,1,255,13,4,0x7060,5,1,200,417.0
409034276790,969,1,255,13,4,0x7060,5,1,200,-493.0
409034293093,970,1,255,13,4,0x7060,5,1,200,801.0
409034310001,971,1,255,13,4,0x7060,5,1,200,43.0
409034326253,972,1,255,13,4,0x7060,5,1,200,-396.0
409034343421,973,1,255,13,4,0x7060,5,1,200,282.0
409034360142,974,1,255,13,4,0x7060,5,1,200,-82.0
409034376970,975,1,255,13,4,0x7060,5,1,200,892.0
409034393553,976,1,255,13,4,0x7060,5,1,200,-984.0
409034410077,977,1,255,13,4,0x7068,6,1,200,423.0
409034427092,978,1,255,13,4,0x7060,5,1,200,-270.0
409034443399,979,1,255,13,4,0x7068,6,1,200,921.0
409034459944,980,1,255,13,4,0x7068,6,1,200,836.0
409034476716,981,1,255,13,4,0x7068,6,1,200,-1449.0
409034493590,982,1,255,13,4,0x7068,6,1,200,94.0
409034509764,983,1,255,13,4,0x7068,6,1,200,339.0
409034526759,984,1,255,13,4,0x7068,6,1,200,-1426.0
409034543413,985,1,255,13,4,0x7078,7,1,200,-406.0
409034559805,986,1,255,13,4,0x7078,7,1,200,-1250.0
409034576618,987,1,255,13,4,0x7068,6,1,200,-453.0
409034592782,988,1,255,13,4,0x7078,7,1,200,102.0
409034610357,989,1,255,13,4,0x7078,7,1,200,146.0
409034626759,990,1,255,13,4,0x7078,7,1,200,-17.0
409034643907,991,1,255,13,4,0x7078,7,1,200,-352.0
409034660038,992,1,255,13,4,0x7078,7,1,200,-1116.0
409034677250,993,1,255,13,4,0x707a,8,1,200,778.0
409034693495,994,1,255,13,4,0x707a,8,1,200,-589.0
409034710166,995,1,255,13,4,0x7078,7,1,200,477.0
409034727108,996,1,255,13,4,0x707a,8,1,200,-693.0
409034745545,997,1,255,13,4,0x707a,8,1,200,-668.0
409034760689,998,1,255,13,4,0x707a,8,1,200,614.0
409034776980,999,1,255,13,4,0x707a,8,1,200,1125.0
409034793622,1000,1,255,13,4,0x707a,8,1,200,666.0
409034810219,1001,1,255,13,4,0x707a,8,1,200,487.0
409034826855,1002,1,255,13,4,0x707a,8,1,200,466.0
409034843710,1003,1,255,13,4,0x707a,8,1,200,1312.0
409034859970,1004,1,255,13,4,0x707a,8,1,200,-208.0
409034876775,1005,1,255,13,4,0x707a,8,1,200,107.0
409034893680,1006,1,255,14,4,0x707a,8,1,200,-1168.0
409034910967,1007,2,255,15,4,0x707a,8,1,200,567.0
409034928651,1008,2,14,16,4,0x707a,8,1,200,-254.0
409034946049,1009,2,14,16,4,0x707a,8,1,200,139.0
409034960821,1010,2,14,16,4,0x707a,8,1,200,124.0
409034977308,1011,2,14,16,4,0x707a,8,1,200,1.0
409034993808,1012,2,14,16,4,0x707a,8,1,200,-986.0
409035010474,1013,2,14,16,4,0x707a,8,1,200,-149.0
409035027266,1014,2,14,16,4,0x707a,8,1,200,490.0
409035044012,1015,2,14,16,4,0x707a,8,1,200,1219.0
409035060655,1016,2,14,16,4,0x707a,8,1,200,-220.0
409035077066,1017,2,14,16,4,0x707a,8,1,200,-515.0
409035094276,1018,2,14,16,4,0x7078,7,1,200,-967.0
409035111005,1019,2,14,16,4,0x707a,8,1,200,-965.0
409035127485,1020,2,14,16,4,0x7078,7,1,200,886.0
409035144205,1021,2,14,16,4,0x707a,8,1,200,-338.0
409035160989,1022,2,14,16,4,0x707a,8,1,200,-480.0
409035177906,1023,2,14,16,4,0x707a,8,1,200,282.0
409035194119,1024,2,14,16,4,0x707a,8,1,200,-192.0
409035210971,1025,2,14,16,4,0x707a,8,1,200,753.0
409035227673,1026,2,14,16,4,0x7078,7,1,200,151.0
409035244548,1027,2,14,16,4,0x7078,7,1,200,-622.0
409035261279,1028,2,14,16,4,0x7078,7,1,200,-1104.0
409035277661,1029,2,14,16,4,0x7078,7,1,200,591.0
409035294236,1030,2,14,16,4,0x7078,7,1,200,-1195.0
409035310659,1031,2,14,16,4,0x707a,8,1,200,-434.0
409035327382,1032,2,14,16,4,0x707a,8,1,200,719.0
409035343931,1033,2,14,16,4,0x707a,8,1,200,-482.0
409035360988,1034,2,14,16,4,0x7078,7,1,200,929.0
409035377672,1035,2,14,16,4,0x7078,7,1,200,330.0
409035394107,1036,2,14,16,4,0x707a,8,1,200,2.0
409035411013,1037,2,14,16,4,0x707a,8,1,200,966.0
409035427442,1038,2,14,16,4,0x7078,7,1,200,-145.0
409035444672,1039,2,14,16,4,0x707a,8,1,200,1306.0
409035461448,1040,2,14,16,4,0x707a,8,1,200,-160.0
409035480511,1041,2,14,16,4,0x707a,8,1,200,824.0
409035499305,1042,2,14,16,4,0x707a,8,1,200,-489.0
409035512493,1043,2,14,16,4,0x707a,8,1,200,568.0
409035528079,1044,2,14,16,4,0x707a,8,1,200,-1139.0
409035545142,1045,2,14,16,4,0x707a,8,1,200,82.0
409035561085,1046,2,14,16,4,0x707a,8,1,200,979.0
409035578183,1047,2,14,16,4,0x707a,8,1,200,-766.0
409035595015,1048,2,14,16,4,0x707a,8,1,200,-219.0
409035612196,1049,2,14,16,4,0x707a,8,1,200,128.0
409035627730,1050,2,14,16,4,0x707a,8,1,200,-829.0
409035645055,1051,2,14,16,4,0x707a,8,1,200,-26.0
409035662895,1052,2,14,16,4,0x707a,8,1,200,996.0
409035678316,1053,2,14,16,4,0x707a,8,1,200,938.0
409035694427,1054,2,14,16,4,0x707a,8,1,200,524.0
409035711684,1055,2,14,16,4,0x707a,8,1,200,1079.0
409035728037,1056,2,14,16,4,0x707a,8,1,200,851.0
409035744934,1057,2,14,16,4,0x707a,8,1,200,-873.0
409035761718,1058,2,14,16,4,0x707a,8,1,200,-777.0
409035777948,1059,2,14,16,4,0x707a,8,1,200,185.0
409035794843,1060,2,14,16,4,0x707a,8,1,200,948.0
409035811433,1061,2,14,16,4,0x707a,8,1,200,-235.0
409035828229,1062,2,14,16,4,0x707a,8,1,200,-639.0
409035844909,1063,2,14,16,4,0x707a,8,1,200,1326.0
409035861181,1064,2,14,16,4,0x707a,8,1,200,906.0
409035878228,1065,2,14,16,4,0x7078,7,1,200,-284.0
409035894910,1066,2,14,16,4,0x707a,8,1,200,-1013.0
409035911945,1067,2,14,16,4,0x707a,8,1,200,942.0
409035928802,1068,2,14,16,4,0x707a,8,1,200,1008.0
409035944986,1069,2,14,16,4,0x707a,8,1,200,-384.0
409035961699,1070,2,14,16,4,0x707a,8,1,200,-301.0
409035978408,1071,2,14,16,4,0x707a,8,1,200,913.0
409035994857,1072,2,14,16,4,0x707a,8,1,200,650.0
409036011773,1073,2,14,16,4,0x707a,8,1,200,-194.0
409036028696,1074,2,14,16,4,0x707a,8,1,200,462.0
409036045045,1075,2,14,16,4,0x707a,8,1,200,579.0
409036061763,1076,2,14,16,4,0x707a,8,1,200,-477.0
409036078952,1077,2,14,16,4,0x707a,8,1,200,-1165.0
409036095240,1078,2,14,16,4,0x707a,8,1,200,-615.0
409036111846,1079,2,14,16,4,0x707a,8,1,200,213.0
409036128568,1080,2,14,16,4,0x707a,8,1,200,-796.0
409036145351,1081,2,14,16,4,0x707a,8,1,200,761.0
409036161741,1082,2,14,16,4,0x707a,8,1,200,1082.0
409036179118,1083,2,14,16,4,0x707a,8,1,200,-1589.0
409036195077,1084,2,14,16,4,0x707a,8,1,200,646.0
409036211820,1085,2,14,16,4,0x707a,8,1,200,-660.0
409036228718,1086,2,14,16,4,0x707a,8,1,200,-704.0
409036245303,1087,2,14,16,4,0x707a,8,1,200,-565.0
409036261720,1088,2,14,16,4,0x707a,8,1,200,-807.0
409036278630,1089,2,14,16,4,0x707a,8,1,200,1006.0
409036295356,1090,2,14,16,4,0x707a,8,1,200,597.0
409036312448,1091,2,14,16,4,0x707a,8,1,200,1115.0
409036328768,1092,2,14,16,4,0x707a,8,1,200,-512.0
409036345337,1093,2,14,16,4,0x707a,8,1,200,-654.0
409036362178,1094,2,14,16,4,0x707a,8,1,200,1059.0
409036378708,1095,2,14,16,4,0x707a,8,1,200,238.0
409036395767,1096,2,14,16,4,0x707a,8,1,200,-486.0
409036412074,1097,2,14,16,4,0x707a,8,1,200,-921.0
409036428585,1098,2,14,16,4,0x707a,8,1,200,777.0
409036445088,1099,2,14,16,4,0x707a,8,1,200,-1766.0
409036463688,1100,2,14,16,4,0x707a,8,1,200,728.0
409036479121,1101,2,14,16,4,0x707a,8,1,200,364.0
409036496755,1102,2,14,16,4,0x707a,8,1,200,-485.0
409036512303,1103,2,14,16,4,0x707a,8,1,200,982.0
409036528778,1104,2,14,16,4,0x707a,8,1,200,-1009.0
409036545175,1105,2,14,16,4,0x707a,8,1,200,856.0
409036562521,1106,2,14,16,4,0x707a,8,1,200,-734.0
409036578863,1107,2,14,16,4,0x707a,8,1,200,-252.0
409036595541,1108,2,14,16,4,0x707a,8,1,200,-1381.0
409036611981,1109,2,14,16,4,0x707a,8,1,200,939.0
409036628940,1110,2,14,16,4,0x707a,8,1,200,927.0
409036645666,1111,2,14,16,4,0x707a,8,1,200,-1062.0
409036662306,1112,2,14,16,4,0x707a,8,1,200,-1749.0
409036679527,1113,2,14,16,4,0x707a,8,1,200,1104.0
409036695513,1114,2,14,16,4,0x707a,8,1,200,1128.0
409036712680,1115,2,14,16,4,0x707a,8,1,200,222.0
409036729250,1116,2,14,16,4,0x707a,8,1,200,821.0
409036746333,1117,2,14,16,4,0x707a,8,1,200,729.0
409036762172,1118,2,14,16,4,0x707a,8,1,200,-770.0
409036778959,1119,2,14,16,4,0x707a,8,1,200,-228.0
409036795632,1120,2,14,16,4,0x707a,8,1,200,523.0
409036812402,1121,2,14,16,4,0x707a,8,1,200,-1130.0
409036829916,1122,2,14,16,4,0x707a,8,1,200,1087.0
409036846088,1123,2,14,16,4,0x707a,8,1,200,598.0
409036862195,1124,2,14,16,4,0x707a,8,1,200,-76.0
409036880709,1125,2,14,16,4,0x707a,8,1,200,1709.0
409036895723,1126,2,14,16,4,0x707a,8,1,200,-6.0
409036912767,1127,2,14,16,4,0x707a,8,1,200,1124.0
409036929550,1128,2,14,16,4,0x707a,8,1,200,-31.0
409036945850,1129,2,14,16,4,0x707a,8,1,200,448.0
409036962617,1130,2,14,16,4,0x707a,8,1,200,-1102.0
409036979436,1131,2,14,16,4,0x707a,8,1,200,678.0
409036996040,1132,2,14,16,4,0x707a,8,1,200,706.0
409037012582,1133,2,14,16,4,0x707a,8,1,200,-655.0
409037029190,1134,2,14,16,4,0x707a,8,1,200,-858.0
409037045958,1135,2,14,16,4,0x707a,8,1,200,761.0
409037063307,1136,2,14,16,4,0x707a,8,1,200,642.0
409037079792,1137,2,14,16,4,0x707a,8,1,200,-279.0
409037096503,1138,2,14,16,4,0x707a,8,1,200,-1033.0
409037112910,1139,2,14,16,4,0x707a,8,1,200,744.0
409037129854,1140,2,14,16,4,0x707a,8,1,200,-662.0
409037146430,1141,2,14,16,4,0x707a,8,1,200,-140.0
409037163283,1142,2,14,16,4,0x707a,8,1,200,-303.0
409037179337,1143,2,14,16,4,0x707a,8,1,200,-755.0
409037196171,1144,2,14,16,4,0x707a,8,1,200,867.0
409037212975,1145,2,14,16,4,0x707a,8,1,200,-953.0
409037229471,1146,2,14,16,4,0x707a,8,1,200,991.0
409037246488,1147,2,14,16,4,0x707a,8,1,200,-96.0
409037263339,1148,2,14,16,4,0x707a,8,1,200,-830.0
409037279671,1149,2,14,16,4,0x707a,8,1,200,803.0
409037296522,1150,2,14,16,4,0x707a,8,1,200,1076.0
409037312987,1151,2,14,16,4,0x707a,8,1,200,-166.0
409037329881,1152,2,14,16,4,0x707a,8,1,200,804.0
409037346241,1153,2,14,16,4,0x707a,8,1,200,949.0
409037363482,1154,2,14,16,4,0x707a,8,1,200,726.0
409037379650,1155,2,14,16,4,0x707a,8,1,200,741.0
409037396405,1156,2,14,16,4,0x707a,8,1,200,-865.0
409037413063,1157,2,14,16,4,0x707a,8,1,200,-878.0
409037429876,1158,2,14,16,4,0x707a,8,1,200,1189.0
409037446985,1159,2,14,16,4,0x707a,8,1,200,-425.0
409037465031,1160,2,14,16,4,0x707a,8,1,200,-435.0
409037480401,1161,2,14,16,4,0x707a,8,1,200,-876.0
409037496325,1162,2,14,16,4,0x707a,8,1,200,847.0
409037513365,1163,2,14,16,4,0x707a,8,1,200,785.0
409037530027,1164,2,14,16,4,0x707a,8,1,200,325.0
409037546210,1165,2,14,16,4,0x707a,8,1,200,178.0
409037563217,1166,2,14,16,4,0x707a,8,1,200,-1050.0
409037579919,1167,2,14,16,4,0x707a,8,1,200,1134.0
409037598267,1168,2,14,16,4,0x707a,8,1,200,48.0
409037612962,1169,2,14,16,4,0x707a,8,1,200,-810.0
409037629511,1170,2,14,16,4,0x707a,8,1,200,652.0
409037647164,1171,2,14,16,4,0x707a,8,1,200,-534.0
409037663402,1172,2,14,16,4,0x707a,8,1,200,128.0
409037679832,1173,2,14,16,4,0x707a,8,1,200,-675.0
409037696631,1174,2,14,16,4,0x707a,8,1,200,572.0
409037713608,1175,2,14,16,4,0x707a,8,1,200,-265.0
409037730051,1176,2,14,16,4,0x707a,8,1,200,-658.0
409037746525,1177,2,14,16,4,0x707a,8,1,200,619.0
409037763561,1178,2,14,16,4,0x707a,8,1,200,-279.0
409037779985,1179,2,14,16,4,0x707a,8,1,200,-830.0
409037797011,1180,2,14,16,4,0x707a,8,1,200,-597.0
409037813723,1181,2,14,16,4,0x707a,8,1,200,-1013.0
409037830037,1182,2,14,16,4,0x707a,8,1,200,-455.0
409037847234,1183,2,14,16,4,0x707a,8,1,200,1192.0
409037864224,1184,2,14,16,4,0x707a,8,1,200,1289.0
409037880333,1185,2,14,16,4,0x707a,8,1,200,-71.0
409037897491,1186,2,14,16,4,0x707a,8,1,200,810.0
409037913066,1187,2,14,16,4,0x707a,8,1,200,-916.0
409037930275,1188,2,14,16,4,0x707a,8,1,200,1118.0
409037946860,1189,2,14,16,4,0x707a,8,1,200,8.0
409037963614,1190,2,14,16,4,0x707a,8,1,200,1108.0
409037980627,1191,2,14,16,4,0x707a,8,1,200,998.0
409037996645,1192,2,14,16,4,0x707a,8,1,200,-318.0
409038013958,1193,2,14,16,4,0x707a,8,1,200,-1325.0
409038030051,1194,2,14,16,4,0x707a,8,1,200,-738.0
409038047118,1195,2,14,16,4,0x7078,7,1,200,629.0
409038063602,1196,2,14,16,4,0x7078,7,1,200,703.0
409038079981,1197,2,14,16,4,0x707a,8,1,200,262.0
409038097091,1198,2,14,16,4,0x707a,8,1,200,-914.0
409038113980,1199,2,14,16,4,0x707a,8,1,200,218.0
409038131044,1200,2,14,16,4,0x707a,8,1,200,687.0
409038147510,1201,2,14,16,4,0x707a,8,1,200,762.0
409038165075,1202,2,14,16,4,0x707a,8,1,200,460.0
409038180353,1203,2,14,16,4,0x707a,8,1,200,806.0
409038197223,1204,2,14,16,4,0x7078,7,1,200,1779.0
409038213643,1205,2,14,16,4,0x707a,8,1,200,940.0
409038230369,1206,2,14,16,4,0x707a,8,1,200,-113.0
409038247267,1207,2,14,16,4,0x707a,8,1,200,-784.0
409038264022,1208,2,14,16,4,0x7078,7,1,200,213.0
409038280612,1209,2,14,16,4,0x707a,8,1,200,-138.0
409038296951,1210,2,14,16,4,0x707a,8,1,200,563.0
409038313830,1211,2,14,16,4,0x707a,8,1,200,370.0
409038331009,1212,2,14,16,4,0x707a,8,1,200,451.0
409038347370,1213,2,14,16,4,0x707a,8,1,200,-1176.0
409038364234,1214,2,14,16,4,0x707a,8,1,200,928.0
409038381528,1215,2,14,16,4,0x707a,8,1,200,-1000.0
409038397913,1216,2,14,16,4,0x707a,8,1,200,1146.0
409038414431,1217,2,14,16,4,0x707a,8,1,200,-1831.0
409038431432,1218,2,14,16,4,0x707a,8,1,200,1332.0
409038447988,1219,2,14,16,4,0x707a,8,1,200,1247.0
409038464562,1220,2,14,16,4,0x707a,8,1,200,936.0
409038480604,1221,2,14,16,4,0x707a,8,1,200,-185.0
409038497615,1222,2,14,16,4,0x707a,8,1,200,-1052.0
409038514337,1223,2,14,16,4,0x707a,8,1,200,955.0
409038531188,1224,2,14,16,4,0x707a,8,1,200,1043.0
409038547735,1225,2,14,16,4,0x707a,8,1,200,800.0
409038564431,1226,2,14,16,4,0x707a,8,1,200,260.0
409038581175,1227,2,14,16,4,0x707a,8,1,200,-683.0
409038597790,1228,2,14,16,4,0x707a,8,1,200,-480.0
409038614296,1229,2,14,16,4,0x707a,8,1,200,1469.0
409038631886,1230,2,14,16,4,0x707a,8,1,200,538.0
409038648065,1231,2,14,16,4,0x707a,8,1,200,-655.0
409038664957,1232,2,14,16,4,0x707a,8,1,200,798.0
409038681278,1233,2,14,16,4,0x707a,8,1,200,963.0
409038697603,1234,2,14,16,4,0x707a,8,1,200,885.0
409038714187,1235,2,14,16,4,0x707a,8,1,200,-1019.0
409038730950,1236,2,14,16,4,0x707a,8,1,200,555.0
409038747745,1237,2,14,16,4,0x707a,8,1,200,-1029.0
409038764180,1238,2,14,16,4,0x707a,8,1,200,1015.0
409038780881,1239,2,14,16,4,0x707a,8,1,200,-1388.0
409038798088,1240,2,14,16,4,0x707a,8,1,200,-1714.0
409038814660,1241,2,14,16,4,0x707a,8,1,200,608.0
409038831303,1242,2,14,16,4,0x707a,8,1,200,958.0
409038847638,1243,2,14,16,4,0x707a,8,1,200,492.0
409038865558,1244,2,14,16,4,0x707a,8,1,200,386.0
409038882235,1245,2,14,16,4,0x707a,8,1,200,-6.0
409038897619,1246,2,14,16,4,0x707a,8,1,200,538.0
409038914840,1247,2,14,16,4,0x707a,8,1,200,-931.0
409038931181,1248,2,14,16,4,0x707a,8,1,200,-11.0
409038947919,1249,2,14,16,4,0x707a,8,1,200,-706.0
409038965063,1250,2,14,16,4,0x707a,8,1,200,-1351.0
409038981300,1251,2,14,16,4,0x707a,8,1,200,-1113.0
409038998387,1252,2,14,16,4,0x707a,8,1,200,121.0
409039015201,1253,2,14,16,4,0x707a,8,1,200,281.0
409039031652,1254,2,14,16,4,0x707a,8,1,200,601.0
409039049318,1255,2,14,16,4,0x707a,8,1,200,-1295.0
409039064350,1256,2,14,16,4,0x707a,8,1,200,-424.0
409039081903,1257,2,14,16,4,0x707a,8,1,200,-669.0
409039098248,1258,2,14,16,4,0x707a,8,1,200,-791.0
409039114943,1259,2,14,16,4,0x707a,8,1,200,-233.0
409039131956,1260,2,14,16,4,0x707a,8,1,200,-1308.0
409039148316,1261,2,14,16,4,0x707a,8,1,200,881.0
409039165312,1262,2,14,16,4,0x707a,8,1,200,-628.0
409039182429,1263,2,14,16,4,0x707a,8,1,200,877.0
409039198694,1264,2,14,16,4,0x707a,8,1,200,725.0
409039214888,1265,2,14,16,4,0x707a,8,1,200,1056.0
409039232302,1266,2,14,16,4,0x707a,8,1,200,-1126.0
409039248271,1267,2,14,16,4,0x707a,8,1,200,271.0
409039265299,1268,2,14,16,4,0x707a,8,1,200,1068.0
409039281615,1269,2,14,16,4,0x707a,8,1,200,937.0
409039298167,1270,2,14,16,4,0x707a,8,1,200,1043.0
409039315097,1271,2,14,16,4,0x707a,8,1,200,339.0
409039331990,1272,2,14,16,4,0x707a,8,1,200,246.0
409039348849,1273,2,14,16,4,0x707a,8,1,200,-1248.0
409039364897,1274,2,14,16,4,0x707a,8,1,200,-999.0
409039381460,1275,2,14,16,4,0x707a,8,1,200,806.0
409039398328,1276,2,14,16,4,0x707a,8,1,200,1557.0
409039415183,1277,2,14,16,4,0x707a,8,1,200,-965.0
409039431929,1278,2,14,16,4,0x707a,8,1,200,-1437.0
409039448546,1279,2,14,16,4,0x707a,8,1,200,843.0
409039464716,1280,2,14,16,4,0x707a,8,1,200,-580.0
409039481687,1281,2,14,16,4,0x707a,8,1,200,-1235.0
409039498327,1282,2,14,16,4,0x707a,8,1,200,-58.0
409039514999,1283,2,14,16,4,0x707a,8,1,200,-666.0
409039532280,1284,2,14,16,4,0x707a,8,1,200,-1443.0
409039549045,1285,2,14,16,4,0x707a,8,1,200,538.0
409039565106,1286,2,14,16,4,0x707a,8,1,200,1214.0
409039581642,1287,2,14,16,4,0x707a,8,1,200,841.0
409039598453,1288,2,14,16,4,0x707a,8,1,200,997.0
409039614797,1289,2,14,16,4,0x707a,8,1,200,-655.0
409039631650,1290,2,14,16,4,0x707a,8,1,200,-1148.0
409039648399,1291,2,14,16,4,0x707a,8,1,200,-214.0
409039665295,1292,2,14,16,4,0x707a,8,1,200,888.0
409039681748,1293,2,14,16,4,0x707a,8,1,200,-1191.0
409039698480,1294,2,14,16,4,0x707a,8,1,200,-485.0
409039715160,1295,2,14,16,4,0x707a,8,1,200,-888.0
409039732550,1296,2,14,16,4,0x707a,8,1,200,-906.0
409039748708,1297,2,14,16,4,0x707a,8,1,200,1149.0
409039765202,1298,2,14,16,4,0x707a,8,1,200,-984.0
409039781989,1299,2,14,16,4,0x707a,8,1,200,358.0
409039798809,1300,2,14,16,4,0x707a,8,1,200,-655.0
409039815592,1301,2,14,16,4,0x707a,8,1,200,803.0
409039831780,1302,2,14,16,4,0x707a,8,1,200,402.0
409039848670,1303,2,14,16,4,0x707a,8,1,200,318.0
409039865440,1304,2,14,16,4,0x707a,8,1,200,-1161.0
409039881907,1305,2,14,16,4,0x707a,8,1,200,-208.0
409039898750,1306,2,14,16,4,0x707a,8,1,200,-1052.0
409039915485,1307,2,14,16,4,0x707a,8,1,200,313.0
409039932011,1308,2,14,16,4,0x707a,8,1,200,130.0
409039949114,1309,2,14,16,4,0x707a,8,1,200,-699.0
409039965940,1310,2,14,16,4,0x707a,8,1,200,-639.0
409039982117,1311,2,14,16,4,0x707a,8,1,200,-964.0
409039999553,1312,2,14,16,4,0x707a,8,1,200,1065.0
409040015302,1313,2,14,16,4,0x707a,8,1,200,-714.0
409040032206,1314,2,14,16,4,0x707a,8,1,200,-554.0
409040049052,1315,2,14,16,4,0x707a,8,1,200,180.0
409040065173,1316,2,14,16,4,0x707a,8,1,200,-616.0
409040082706,1317,2,14,16,4,0x707a,8,1,200,-187.0
409040099147,1318,2,14,16,4,0x707a,8,1,200,868.0
409040116134,1319,2,14,16,4,0x707a,8,1,200,-786.0
409040132681,1320,2,14,16,4,0x707a,8,1,200,642.0
409040149143,1321,2,14,16,4,0x707a,8,1,200,45.0
409040165978,1322,2,14,16,4,0x707a,8,1,200,-1417.0
409040182288,1323,2,14,16,4,0x707a,8,1,200,-730.0
409040199074,1324,2,14,16,4,0x707a,8,1,200,912.0
409040216034,1325,2,14,16,4,0x707a,8,1,200,488.0
409040232422,1326,2,14,16,4,0x707a,8,1,200,-164.0
409040248746,1327,2,14,16,4,0x707a,8,1,200,-564.0
409040266078,1328,2,14,16,4,0x707a,8,1,200,136.0
409040282419,1329,2,14,16,4,0x707a,8,1,200,-219.0
409040298955,1330,2,14,16,4,0x707a,8,1,200,-775.0
409040315847,1331,2,14,16,4,0x707a,8,1,200,-1174.0
409040331922,1332,2,14,16,4,0x707a,8,1,200,-253.0
409040349276,1333,2,14,16,4,0x707a,8,1,200,-1104.0
409040365662,1334,2,14,16,4,0x707a,8,1,200,943.0
409040382339,1335,2,14,16,4,0x707a,8,1,200,-691.0
409040399236,1336,2,14,16,4,0x707a,8,1,200,877.0
409040415695,1337,2,14,16,4,0x707a,8,1,200,-566.0
409040432511,1338,2,14,16,4,0x707a,8,1,200,928.0
409040449283,1339,2,14,16,4,0x707a,8,1,200,-687.0
409040465640,1340,2,14,16,4,0x707a,8,1,200,-1030.0
409040482482,1341,2,14,16,4,0x707a,8,1,200,-669.0
409040499010,1342,2,14,16,4,0x707a,8,1,200,125.0
409040516006,1343,2,14,16,4,0x707a,8,1,200,700.0
409040532818,1344,2,14,16,4,0x707a,8,1,200,-146.0
409040549330,1345,2,14,16,4,0x707a,8,1,200,13.0
409040566032,1346,2,14,16,4,0x707a,8,1,200,801.0
409040583301,1347,2,14,16,4,0x707a,8,1,200,146.0
409040599654,1348,2,14,16,4,0x707a,8,1,200,1154.0
409040615643,1349,2,14,16,4,0x707a,8,1,200,-507.0
409040632718,1350,2,14,16,4,0x707a,8,1,200,454.0
409040650561,1351,2,14,16,4,0x707a,8,1,200,1670.0
409040666476,1352,2,14,16,4,0x707a,8,1,200,987.0
409040682329,1353,2,14,16,4,0x707a,8,1,200,-94.0
409040699400,1354,2,14,16,4,0x707a,8,1,200,887.0
409040715933,1355,2,14,16,4,0x707a,8,1,200,284.0
409040732414,1356,2,14,16,4,0x707a,8,1,200,-196.0
409040751943,1357,2,14,16,4,0x707a,8,1,200,-165.0
409040766100,1358,2,14,16,4,0x707a,8,1,200,1511.0
409040783479,1359,2,14,16,4,0x707a,8,1,200,945.0
409040799462,1360,2,14,16,4,0x707a,8,1,200,-947.0
409040847053,1361,2,14,16,4,0x707a,8,1,200,-306.0
409040866356,1362,2,14,16,4,0x707a,8,1,200,-1074.0
409040883446,1363,2,14,16,4,0x707a,8,1,200,1087.0
409040900119,1364,2,14,16,4,0x707a,8,1,200,-915.0
409040916651,1365,2,14,16,4,0x707a,8,1,200,965.0
409040934018,1366,2,14,16,4,0x707a,8,1,200,601.0
409040949640,1367,2,14,16,4,0x707a,8,1,200,860.0
409040966417,1368,2,14,16,4,0x707a,8,1,200,881.0
409040982686,1369,2,14,16,4,0x707a,8,1,200,516.0
409040999536,1370,2,14,16,4,0x707a,8,1,200,-425.0
409041016472,1371,2,14,16,4,0x707a,8,1,200,765.0
409041033186,1372,2,14,16,4,0x707a,8,1,200,132.0
409041049364,1373,2,14,16,4,0x707a,8,1,200,1242.0
409041066353,1374,2,14,16,4,0x707a,8,1,200,915.0
409041083533,1375,2,14,16,4,0x707a,8,1,200,949.0
409041099368,1376,2,14,16,4,0x707a,8,1,200,1326.0
409041116924,1377,2,14,16,4,0x707a,8,1,200,-1155.0
409041132986,1378,2,14,16,4,0x707a,8,1,200,-796.0
409041150145,1379,2,14,16,4,0x707a,8,1,200,-88.0
409041166574,1380,2,14,16,4,0x707a,8,1,200,1091.0
409041183380,1381,2,14,16,4,0x707a,8,1,200,127.0
409041200218,1382,2,14,16,4,0x707a,8,1,200,137.0
409041217187,1383,2,14,16,4,0x707a,8,1,200,197.0
409041233354,1384,2,14,16,4,0x707a,8,1,200,1436.0
409041249895,1385,2,14,16,4,0x707a,8,1,200,-763.0
409041267848,1386,2,14,16,4,0x707a,8,1,200,-306.0
409041283537,1387,2,14,16,4,0x707a,8,1,200,-214.0
409041300214,1388,2,14,16,4,0x707a,8,1,200,176.0
409041317114,1389,2,14,16,4,0x707a,8,1,200,267.0
409041333405,1390,2,14,16,4,0x707a,8,1,200,-1233.0
409041350369,1391,2,14,16,4,0x707a,8,1,200,-747.0
409041366892,1392,2,14,16,4,0x707a,8,1,200,871.0
409041383373,1393,2,14,16,4,0x707a,8,1,200,791.0
409041402625,1394,2,14,16,4,0x707a,8,1,200,-467.0
409041416822,1395,2,14,16,4,0x707a,8,1,200,-662.0
409041433632,1396,2,14,16,4,0x707a,8,1,200,763.0
409041450567,1397,2,14,16,4,0x707a,8,1,200,-261.0
409041467144,1398,2,14,16,4,0x707a,8,1,200,171.0
409041483586,1399,2,14,16,4,0x707a,8,1,200,-971.0
409041500481,1400,2,14,16,4,0x707a,8,1,200,-31.0
409041516658,1401,2,14,16,4,0x707a,8,1,200,-457.0
409041533664,1402,2,14,16,4,0x707a,8,1,200,505.0
409041550623,1403,2,14,16,4,0x707a,8,1,200,-1287.0
409041567453,1404,2,14,16,4,0x707a,8,1,200,-901.0
409041583696,1405,2,14,16,4,0x707a,8,1,200,882.0
409041600476,1406,2,14,16,4,0x707a,8,1,200,703.0
409041617333,1407,2,14,16,4,0x707a,8,1,200,366.0
409041633988,1408,2,14,16,4,0x707a,8,1,200,451.0
409041650536,1409,2,14,16,4,0x707a,8,1,200,1003.0
409041667101,1410,2,14,16,4,0x707a,8,1,200,-167.0
409041683883,1411,2,14,16,4,0x707a,8,1,200,673.0
409041700923,1412,2,14,16,4,0x707a,8,1,200,-852.0
409041717120,1413,2,14,16,4,0x707a,8,1,200,335.0
409041733505,1414,2,14,16,4,0x707a,8,1,200,1093.0
409041750741,1415,2,14,16,4,0x707a,8,1,200,-1135.0
409041766621,1416,2,14,16,4,0x707a,8,1,200,-451.0
409041784290,1417,2,14,16,4,0x707a,8,1,200,-138.0
409041800394,1418,2,14,16,4,0x707a,8,1,200,-128.0
409041817048,1419,2,14,16,4,0x707a,8,1,200,-415.0
409041834221,1420,2,14,16,4,0x707a,8,1,200,1510.0
409041850076,1421,2,14,16,4,0x707a,8,1,200,185.0
409041867079,1422,2,14,16,4,0x707a,8,1,200,-960.0
409041883404,1423,2,14,16,4,0x707a,8,1,200,-89.0
409041901349,1424,2,14,16,4,0x707a,8,1,200,-1664.0
409041917501,1425,2,14,16,4,0x707a,8,1,200,874.0
409041934190,1426,2,14,16,4,0x707a,8,1,200,1252.0
409041951071,1427,2,14,16,4,0x707a,8,1,200,-1172.0
409041967348,1428,2,14,16,4,0x707a,8,1,200,218.0
409041983800,1429,2,14,16,4,0x707a,8,1,200,487.0
409042000991,1430,2,14,16,4,0x707a,8,1,200,-1266.0
409042017144,1431,2,14,16,4,0x707a,8,1,200,-1581.0
409042034541,1432,2,14,16,4,0x707a,8,1,200,1266.0
409042051716,1433,2,14,16,4,0x707a,8,1,200,1059.0
409042067680,1434,2,14,16,4,0x707a,8,1,200,-407.0
409042084345,1435,2,14,16,4,0x707a,8,1,200,384.0
409042101042,1436,2,14,16,4,0x707a,8,1,200,-1410.0
409042118460,1437,2,14,16,4,0x707a,8,1,200,788.0
409042135970,1438,2,14,16,4,0x707a,8,1,200,-1177.0
409042151013,1439,2,14,16,4,0x707a,8,1,200,-1190.0
409042168239,1440,2,14,16,4,0x707a,8,1,200,-7.0
409042183970,1441,2,14,16,4,0x707a,8,1,200,941.0
409042200683,1442,2,14,16,4,0x707a,8,1,200,-553.0
409042217622,1443,2,14,16,4,0x707a,8,1,200,615.0
409042233984,1444,2,14,16,4,0x707a,8,1,200,-537.0
409042252053,1445,2,14,16,4,0x707a,8,1,200,1065.0
409042267659,1446,2,14,16,4,0x707a,8,1,200,-1053.0
409042284198,1447,2,14,16,4,0x707a,8,1,200,-1050.0
409042300665,1448,2,14,16,4,0x707a,8,1,200,-655.0
409042318198,1449,2,14,16,4,0x707a,8,1,200,1001.0
409042335138,1450,2,14,16,4,0x707a,8,1,200,1310.0
409042351110,1451,2,14,16,4,0x707a,8,1,200,-901.0
409042368145,1452,2,14,16,4,0x707a,8,1,200,1481.0
409042385061,1453,2,14,16,4,0x707a,8,1,200,-1252.0
409042401243,1454,2,14,16,4,0x707a,8,1,200,-990.0
409042418121,1455,2,14,16,4,0x707a,8,1,200,5.0
409042434326,1456,2,14,16,4,0x707a,8,1,200,-147.0
409042451177,1457,2,14,16,4,0x707a,8,1,200,-869.0
409042468028,1458,2,14,16,4,0x707a,8,1,200,-1158.0
409042484921,1459,2,14,16,4,0x707a,8,1,200,1012.0
409042501525,1460,2,14,16,4,0x707a,8,1,200,-224.0
409042518361,1461,2,14,16,4,0x707a,8,1,200,-966.0
409042534842,1462,2,14,16,4,0x707a,8,1,200,650.0
409042551453,1463,2,14,16,4,0x707a,8,1,200,-965.0
409042568341,1464,2,14,16,4,0x707a,8,1,200,853.0
409042585051,1465,2,14,16,4,0x707a,8,1,200,-421.0
409042601146,1466,2,14,16,4,0x707a,8,1,200,-819.0
409042618306,1467,2,14,16,4,0x707a,8,1,200,81.0
409042634985,1468,2,14,16,4,0x707a,8,1,200,-440.0
409042651293,1469,2,14,16,4,0x707a,8,1,200,191.0
409042668452,1470,2,14,16,4,0x707a,8,1,200,-836.0
409042685297,1471,2,14,16,4,0x707a,8,1,200,1051.0
409042701834,1472,2,14,16,4,0x707a,8,1,200,864.0
409042718634,1473,2,14,16,4,0x707a,8,1,200,881.0
409042735012,1474,2,14,16,4,0x707a,8,1,200,658.0
409042751711,1475,2,14,16,4,0x707a,8,1,200,-209.0
409042768632,1476,2,14,16,4,0x707a,8,1,200,-18.0
409042784632,1477,2,14,16,4,0x707a,8,1,200,-308.0
409042801352,1478,2,14,16,4,0x707a,8,1,200,798.0
409042818015,1479,2,14,16,4,0x707a,8,1,200,333.0
409042834830,1480,2,14,16,4,0x707a,8,1,200,-494.0
409042852317,1481,2,14,16,4,0x707a,8,1,200,261.0
409042868220,1482,2,14,16,4,0x707a,8,1,200,-912.0
409042885019,1483,2,14,16,4,0x707a,8,1,200,-506.0
409042902093,1484,2,14,16,4,0x707a,8,1,200,1069.0
409042918426,1485,2,14,16,4,0x707a,8,1,200,1043.0
409042935529,1486,2,14,16,4,0x707a,8,1,200,-323.0
409042951853,1487,2,14,16,4,0x707a,8,1,200,-624.0
409042968624,1488,2,14,16,4,0x707a,8,1,200,742.0
409042985281,1489,2,14,16,4,0x707a,8,1,200,-113.0
409043001511,1490,2,14,16,4,0x707a,8,1,200,32.0
409043018252,1491,2,14,16,4,0x707a,8,1,200,961.0
409043035328,1492,2,14,16,4,0x707a,8,1,200,-27.0
409043052475,1493,2,14,16,4,0x707a,8,1,200,742.0
409043068445,1494,2,14,16,4,0x707a,8,1,200,749.0
409043084997,1495,2,14,16,4,0x707a,8,1,200,153.0
409043102177,1496,2,14,16,4,0x707a,8,1,200,-787.0
409043118203,1497,2,14,16,4,0x707a,8,1,200,-971.0
409043135091,1498,2,14,16,4,0x707a,8,1,200,-900.0
409043152715,1499,2,14,16,4,0x707a,8,1,200,200.0
409043169764,1500,2,14,16,4,0x707a,8,1,200,806.0
409043185398,1501,2,14,16,4,0x707a,8,1,200,1.0
409043201570,1502,2,14,16,4,0x707a,8,1,200,-297.0
409043218096,1503,2,14,16,4,0x707a,8,1,200,-957.0
409043235485,1504,2,14,16,4,0x707a,8,1,200,923.0
409043251992,1505,2,14,16,4,0x707a,8,1,200,-1316.0
409043270101,1506,2,14,16,4,0x707a,8,1,200,572.0
409043285292,1507,2,14,16,4,0x707a,8,1,200,-93.0
409043301873,1508,2,14,16,4,0x707a,8,1,200,-370.0
409043318942,1509,2,14,16,4,0x707a,8,1,200,303.0
409043335272,1510,2,14,16,4,0x707a,8,1,200,68.0
409043352353,1511,2,14,16,4,0x707a,8,1,200,98.0
409043368780,1512,2,14,16,4,0x707a,8,1,200,901.0
409043385602,1513,2,14,16,4,0x707a,8,1,200,1009.0
409043401690,1514,2,14,16,4,0x707a,8,1,200,1403.0
409043419108,1515,2,14,16,4,0x707a,8,1,200,1346.0
409043436158,1516,2,14,16,4,0x707a,8,1,200,-996.0
409043452523,1517,2,14,16,4,0x707a,8,1,200,92.0
409043468940,1518,2,14,16,4,0x707a,8,1,200,-1458.0
409043485523,1519,2,14,16,4,0x707a,8,1,200,-1386.0
409043503482,1520,2,14,16,4,0x707a,8,1,200,894.0
409043518881,1521,2,14,16,4,0x707a,8,1,200,822.0
409043535284,1522,2,14,16,4,0x707a,8,1,200,948.0
409043552315,1523,2,14,16,4,0x707a,8,1,200,-900.0
409043568715,1524,2,14,16,4,0x707a,8,1,200,-573.0
409043585351,1525,2,14,16,4,0x707a,8,1,200,-934.0
409043602570,1526,2,14,16,4,0x707a,8,1,200,-44.0
409043618839,1527,2,14,16,4,0x707a,8,1,200,-691.0
409043635749,1528,2,14,16,4,0x707a,8,1,200,-154.0
409043652175,1529,2,14,16,4,0x707a,8,1,200,-35.0
409043669458,1530,2,14,16,4,0x707a,8,1,200,-828.0
409043686128,1531,2,14,16,4,0x707a,8,1,200,-886.0
409043702409,1532,2,14,16,4,0x707a,8,1,200,-1026.0
409043719770,1533,2,14,16,4,0x707a,8,1,200,-1062.0
409043736187,1534,2,14,16,4,0x707a,8,1,200,993.0
409043752399,1535,2,14,16,4,0x707a,8,1,200,748.0
409043769341,1536,2,14,16,4,0x707a,8,1,200,1576.0
409043785693,1537,2,14,16,4,0x707a,8,1,200,-1165.0
409043801932,1538,2,14,16,4,0x707a,8,1,200,536.0
409043818866,1539,2,14,16,4,0x707a,8,1,200,977.0
409043835584,1540,2,14,16,4,0x707a,8,1,200,-499.0
409043852669,1541,2,14,16,4,0x707a,8,1,200,613.0
409043869504,1542,2,14,16,4,0x707a,8,1,200,-358.0
409043886186,1543,2,14,16,4,0x707a,8,1,200,136.0
409043902683,1544,2,14,16,4,0x707a,8,1,200,-292.0
409043919270,1545,2,14,16,4,0x707a,8,1,200,-175.0
409043935777,1546,2,14,16,4,0x707a,8,1,200,-551.0
409043952249,1547,2,14,16,4,0x707a,8,1,200,210.0
409043969265,1548,2,14,16,4,0x707a,8,1,200,-400.0
409043985720,1549,2,14,16,4,0x707a,8,1,200,812.0
409044002648,1550,2,14,16,4,0x707a,8,1,200,615.0
409044019164,1551,2,14,16,4,0x707a,8,1,200,-20.0
409044035583,1552,2,14,16,4,0x707a,8,1,200,-414.0
409044052552,1553,2,14,16,4,0x707a,8,1,200,573.0
409044069108,1554,2,14,16,4,0x707a,8,1,200,11.0
409044085890,1555,2,14,16,4,0x707a,8,1,200,-440.0
409044103462,1556,2,14,16,4,0x707a,8,1,200,1169.0
409044119456,1557,2,14,16,4,0x707a,8,1,200,-568.0
409044136555,1558,2,14,16,4,0x707a,8,1,200,-1433.0
409044152771,1559,2,14,16,4,0x707a,8,1,200,-588.0
409044169336,1560,2,14,16,4,0x707a,8,1,200,941.0
409044185840,1561,2,14,16,4,0x707a,8,1,200,787.0
409044202971,1562,2,14,16,4,0x707a,8,1,200,-810.0
409044220095,1563,2,14,16,4,0x707a,8,1,200,-255.0
409044236468,1564,2,14,16,4,0x707a,8,1,200,918.0
409044253553,1565,2,14,16,4,0x707a,8,1,200,-930.0
409044269866,1566,2,14,16,4,0x707a,8,1,200,-1638.0
409044286073,1567,2,14,16,4,0x707a,8,1,200,-296.0
409044303002,1568,2,14,16,4,0x707a,8,1,200,-1447.0
409044319460,1569,2,14,16,4,0x707a,8,1,200,-868.0
409044336213,1570,2,14,16,4,0x707a,8,1,200,-1042.0
409044353142,1571,2,14,16,4,0x707a,8,1,200,-733.0
409044369776,1572,2,14,16,4,0x707a,8,1,200,736.0
409044386555,1573,2,14,16,4,0x707a,8,1,200,556.0
409044403002,1574,2,14,16,4,0x707a,8,1,200,-1416.0
409044419640,1575,2,14,16,4,0x707a,8,1,200,-53.0
409044436644,1576,2,14,16,4,0x707a,8,1,200,596.0
409044452986,1577,2,14,16,4,0x707a,8,1,200,355.0
409044470124,1578,2,14,16,4,0x707a,8,1,200,-938.0
409044487229,1579,2,14,16,4,0x707a,8,1,200,-441.0
409044503998,1580,2,14,16,4,0x707a,8,1,200,-756.0
409044519829,1581,2,14,16,4,0x707a,8,1,200,-709.0
409044536617,1582,2,14,16,4,0x707a,8,1,200,828.0
409044552644,1583,2,14,16,4,0x707a,8,1,200,-68.0
409044569753,1584,2,14,16,4,0x707a,8,1,200,-457.0
409044586341,1585,2,14,16,4,0x707a,8,1,200,-1159.0
409044602811,1586,2,14,16,4,0x707a,8,1,200,622.0
409044619994,1587,2,14,16,4,0x707a,8,1,200,-857.0
409044636795,1588,2,14,16,4,0x707a,8,1,200,359.0
409044653676,1589,2,14,16,4,0x707a,8,1,200,-802.0
409044669914,1590,2,14,16,4,0x707a,8,1,200,-109.0
409044686491,1591,2,14,16,4,0x707a,8,1,200,-741.0
409044702815,1592,2,14,16,4,0x707a,8,1,200,-606.0
409044720294,1593,2,14,16,4,0x707a,8,1,200,-797.0
409044736717,1594,2,14,16,4,0x707a,8,1,200,-1761.0
409044753619,1595,2,14,16,4,0x707a,8,1,200,905.0
409044770155,1596,2,14,16,4,0x707a,8,1,200,330.0
409044786531,1597,2,14,16,4,0x707a,8,1,200,733.0
409044804080,1598,2,14,16,4,0x707a,8,1,200,-908.0
409044819990,1599,2,14,16,4,0x707a,8,1,200,-849.0
409044836467,1600,2,14,16,4,0x707a,8,1,200,650.0
409044853132,1601,2,14,16,4,0x707a,8,1,200,1158.0
409044869896,1602,2,14,16,4,0x707a,8,1,200,-1107.0
409044886678,1603,2,14,16,4,0x707a,8,1,200,-330.0
409044903234,1604,2,14,16,4,0x707a,8,1,200,1534.0
409044919936,1605,1,255,17,4,0x707a,8,1,200,255.0
409044936922,1606,1,255,17,4,0x707a,8,1,200,1260.0
409044954983,1607,1,255,17,4,0x7078,7,1,200,672.0
409044969924,1608,1,255,17,4,0x707a,8,1,200,327.0
409044987001,1609,1,255,17,4,0x707a,8,1,200,1260.0
409045003928,1610,1,255,17,4,0x707a,8,1,200,795.0
409045020144,1611,1,255,17,4,0x707a,8,1,200,-995.0
409045036921,1612,1,255,17,4,0x707a,8,1,200,-680.0
409045053905,1613,1,255,17,4,0x707a,8,1,200,-397.0
409045069985,1614,1,255,17,4,0x707a,8,1,200,-761.0
409045087130,1615,1,255,17,4,0x707a,8,1,200,201.0
409045103401,1616,1,255,17,4,0x707a,8,1,200,-121.0
409045120033,1617,1,255,17,4,0x707a,8,1,200,-842.0
409045136950,1618,1,255,17,4,0x707a,8,1,200,-1426.0
409045153770,1619,1,255,17,4,0x707a,8,1,200,-57.0
409045170604,1620,1,255,17,4,0x707a,8,1,200,784.0
409045187145,1621,1,255,17,4,0x707a,8,1,200,512.0
409045204753,1622,1,255,17,4,0x707a,8,1,200,481.0
409045221161,1623,1,255,17,4,0x707a,8,1,200,-549.0
409045237042,1624,1,255,17,4,0x707a,8,1,200,935.0
409045254121,1625,1,255,17,4,0x7078,7,1,200,-941.0
409045270336,1626,1,255,17,4,0x707a,8,1,200,15.0
409045287089,1627,1,255,17,4,0x707a,8,1,200,-293.0
409045304699,1628,1,255,17,4,0x7078,7,1,200,-159.0
409045320796,1629,1,255,17,4,0x7078,7,1,200,770.0
409045337544,1630,1,255,17,4,0x7078,7,1,200,715.0
409045354169,1631,1,255,17,4,0x7078,7,1,200,60.0
409045370410,1632,1,255,17,4,0x7078,7,1,200,-111.0
409045386997,1633,1,255,17,4,0x7078,7,1,200,-465.0
409045403903,1634,1,255,17,4,0x7078,7,1,200,267.0
409045420561,1635,1,255,17,4,0x7078,7,1,200,-1131.0
409045437434,1636,1,255,17,4,0x7078,7,1,200,-1272.0
409045455754,1637,1,255,17,4,0x7078,7,1,200,-599.0
409045471038,1638,1,255,17,4,0x7078,7,1,200,315.0
409045488618,1639,1,255,17,4,0x7078,7,1,200,69.0
409045504464,1640,1,255,17,4,0x7078,7,1,200,11.0
409045520681,1641,1,255,17,4,0x7078,7,1,200,-124.0
409045537768,1642,1,255,17,4,0x7078,7,1,200,715.0
409045554107,1643,1,255,17,4,0x7078,7,1,200,-1502.0
409045570828,1644,1,255,17,4,0x7078,7,1,200,-497.0
409045587490,1645,1,255,17,4,0x7078,7,1,200,-243.0
409045604028,1646,1,255,17,4,0x7078,7,1,200,326.0
409045620878,1647,1,255,17,4,0x7078,7,1,200,-273.0
409045638435,1648,1,255,17,4,0x7068,6,1,200,1517.0
409045654193,1649,1,255,17,4,0x7078,7,1,200,-471.0
409045671068,1650,1,255,17,4,0x7078,7,1,200,-898.0
409045687780,1651,1,255,17,4,0x7078,7,1,200,-811.0
409045704161,1652,1,255,17,4,0x7078,7,1,200,276.0
409045721244,1653,1,255,17,4,0x7078,7,1,200,1423.0
409045738042,1654,1,255,17,4,0x7078,7,1,200,867.0
409045754584,1655,1,255,17,4,0x7078,7,1,200,804.0
409045770950,1656,1,255,17,4,0x7078,7,1,200,256.0
409045787939,1657,1,255,17,4,0x7078,7,1,200,561.0
409045804418,1658,1,255,17,4,0x7078,7,1,200,761.0
409045821396,1659,1,255,17,4,0x7078,7,1,200,-804.0
409045837939,1660,1,255,17,4,0x7068,6,1,200,520.0
409045854767,1661,1,255,17,4,0x7078,7,1,200,532.0
409045871443,1662,1,255,17,4,0x7078,7,1,200,1037.0
409045887889,1663,1,255,17,4,0x7078,7,1,200,-724.0
409045905009,1664,1,255,17,4,0x7078,7,1,200,-1395.0
409045921004,1665,1,255,17,4,0x7078,7,1,200,131.0
409045937998,1666,1,255,18,4,0x7078,7,1,200,-259.0
409045954698,1667,1,255,18,4,0x7078,7,1,200,1035.0
409045971210,1668,1,255,18,4,0x7078,7,1,200,999.0
409045987907,1669,1,255,18,4,0x7078,7,1,200,1258.0
409046004456,1670,1,255,18,4,0x7078,7,1,200,-1101.0
409046021789,1671,1,255,18,4,0x7078,7,1,200,-1178.0
409046038074,1672,1,255,18,4,0x7078,7,1,200,1314.0
409046055147,1673,1,255,18,4,0x7078,7,1,200,103.0
409046071338,1674,1,255,18,4,0x7078,7,1,200,-176.0
409046087676,1675,1,255,18,4,0x7078,7,1,200,-1055.0
409046104785,1676,1,255,18,4,0x7078,7,1,200,352.0
409046121940,1677,1,255,18,4,0x7078,7,1,200,1341.0
409046138775,1678,1,255,18,4,0x7078,7,1,200,-1198.0
409046154500,1679,1,255,18,4,0x7078,7,1,200,-367.0
409046171886,1680,1,255,18,4,0x7078,7,1,200,343.0
409046188451,1681,1,255,18,4,0x7078,7,1,200,215.0
409046204849,1682,1,255,18,4,0x7078,7,1,200,753.0
409046221337,1683,1,255,18,4,0x7078,7,1,200,79.0
409046238710,1684,1,255,18,4,0x7078,7,1,200,-983.0
409046254719,1685,1,255,18,4,0x7078,7,1,200,717.0
409046271440,1686,1,255,18,4,0x7078,7,1,200,811.0
409046288068,1687,1,255,18,4,0x7078,7,1,200,-647.0
409046305084,1688,1,255,18,4,0x7078,7,1,200,-655.0
409046321485,1689,1,255,18,4,0x7078,7,1,200,742.0
409046338078,1690,1,255,18,4,0x7078,7,1,200,-913.0
409046355383,1691,1,255,18,4,0x7070,6,1,200,-187.0
409046371187,1692,1,255,18,4,0x7078,7,1,200,29.0
409046388701,1693,1,255,18,4,0x7078,7,1,200,545.0
409046405501,1694,1,255,18,4,0x7078,7,1,200,870.0
409046421867,1695,1,255,18,4,0x7078,7,1,200,837.0
409046438661,1696,1,255,18,4,0x7078,7,1,200,-76.0
409046455126,1697,1,255,18,4,0x7078,7,1,200,298.0
409046471721,1698,1,255,18,4,0x7078,7,1,200,-513.0
409046488579,1699,1,255,18,4,0x7078,7,1,200,888.0
409046505779,1700,1,255,18,4,0x7078,7,1,200,377.0
409046521978,1701,1,255,18,4,0x7078,7,1,200,272.0
409046538672,1702,1,255,18,4,0x7078,7,1,200,-1005.0
409046555022,1703,1,255,18,4,0x7078,7,1,200,-1082.0
409046572175,1704,1,255,18,4,0x7078,7,1,200,-539.0
409046589273,1705,1,255,18,4,0x7078,7,1,200,714.0
409046605031,1706,1,255,18,4,0x7068,6,1,200,350.0
409046622047,1707,1,255,18,4,0x7078,7,1,200,-904.0
409046638632,1708,1,255,18,4,0x7078,7,1,200,771.0
409046655119,1709,1,255,18,4,0x7078,7,1,200,-777.0
409046671579,1710,1,255,18,4,0x7078,7,1,200,-1147.0
409046689295,1711,1,255,18,4,0x7078,7,1,200,-116.0
409046705269,1712,1,255,18,4,0x7078,7,1,200,-1189.0
409046722048,1713,1,255,18,4,0x7068,6,1,200,864.0
409046738794,1714,1,255,18,4,0x7068,6,1,200,530.0
409046755152,1715,1,255,18,4,0x7068,6,1,200,-1070.0
409046771766,1716,1,255,18,4,0x7068,6,1,200,406.0
409046788606,1717,1,255,18,4,0x7068,6,1,200,-52.0
409046805631,1718,1,255,18,4,0x7068,6,1,200,665.0
409046822298,1719,1,255,18,4,0x7068,6,1,200,-475.0
409046839556,1720,1,255,18,4,0x7068,6,1,200,581.0
409046856529,1721,1,255,18,4,0x7068,6,1,200,-30.0
409046873161,1722,1,255,18,4,0x7068,6,1,200,161.0
409046889501,1723,1,255,18,4,0x7068,6,1,200,-92.0
409046906795,1724,1,255,18,4,0x7068,6,1,200,-546.0
409046921909,1725,1,255,18,4,0x7068,6,1,200,251.0
409046938852,1726,1,255,19,4,0x7068,6,1,200,724.0
409046955800,1727,1,255,19,4,0x7068,6,1,200,761.0
409046971998,1728,1,255,19,4,0x7068,6,1,200,-641.0
409046989119,1729,1,255,19,4,0x7068,6,1,200,-869.0
409047005331,1730,1,255,19,4,0x7068,6,1,200,-999.0
409047022001,1731,1,255,19,4,0x7068,6,1,200,-571.0
409047038867,1732,1,255,19,4,0x7068,6,1,200,-634.0
409047057017,1733,1,255,19,4,0x7068,6,1,200,-547.0
409047072471,1734,1,255,19,4,0x7060,5,1,200,701.0
409047089773,1735,1,255,19,4,0x7060,5,1,200,-444.0
409047106712,1736,1,255,19,4,0x7060,5,1,200,706.0
409047122800,1737,1,255,19,4,0x7060,5,1,200,-8.0
409047139439,1738,1,255,19,4,0x7060,5,1,200,808.0
409047155699,1739,1,255,19,4,0x7060,5,1,200,-412.0
409047173581,1740,1,255,19,4,0x7060,5,1,200,-389.0
409047189711,1741,1,255,19,4,0x7060,5,1,200,-480.0
409047206338,1742,1,255,19,4,0x7060,5,1,200,12.0
409047222841,1743,1,255,19,4,0x7060,5,1,200,391.0
409047239743,1744,1,255,19,4,0x7040,4,1,200,-472.0
409047256268,1745,1,255,19,4,0x7060,5,1,200,906.0
409047273472,1746,1,255,19,4,0x7060,5,1,200,16.0
409047290021,1747,1,255,19,4,0x7060,5,1,200,-885.0
409047306315,1748,1,255,19,4,0x7060,5,1,200,1199.0
409047323397,1749,1,255,19,4,0x7060,5,1,200,-292.0
409047339521,1750,1,255,19,4,0x7040,4,1,200,-388.0
409047356345,1751,1,255,19,4,0x7040,4,1,200,806.0
409047372621,1752,1,255,19,4,0x7040,4,1,200,467.0
409047390079,1753,1,255,19,4,0x7040,4,1,200,1185.0
409047406430,1754,1,255,19,4,0x7040,4,1,200,790.0
409047422568,1755,1,255,19,4,0x7040,4,1,200,647.0
409047439490,1756,1,255,19,4,0x7040,4,1,200,829.0
409047456092,1757,1,255,19,4,0x7040,4,1,200,-972.0
409047472810,1758,1,255,19,4,0x7840,5,1,200,400.0
409047489695,1759,1,255,19,4,0x7860,6,1,200,-613.0
409047506422,1760,1,255,19,4,0x7840,5,1,200,722.0
409047523490,1761,1,255,19,4,0x7840,5,1,200,-336.0
409047540053,1762,1,255,19,4,0x7860,6,1,200,1215.0
409047556780,1763,1,255,19,4,0x7ce0,8,1,200,-574.0
409047573115,1764,1,255,19,4,0x7ce0,8,1,200,165.0
409047589698,1765,1,255,19,4,0x7c60,7,1,200,-378.0
409047606196,1766,1,255,19,4,0x7c60,7,1,200,-1074.0
409047623421,1767,1,255,19,4,0x7e60,8,1,200,1006.0
409047640101,1768,1,255,19,4,0x7ec0,8,1,200,162.0
409047656941,1769,1,255,19,4,0x7ee0,9,1,200,746.0
409047673314,1770,1,255,19,4,0x7ee0,9,1,200,887.0
409047690100,1771,1,255,19,4,0x7e60,8,1,200,104.0
409047706958,1772,1,255,19,4,0x7ee0,9,1,200,-756.0
409047722956,1773,1,255,19,4,0x7ee0,9,1,200,-619.0
409047740205,1774,1,255,19,4,0x7e60,8,1,200,1167.0
409047756846,1775,1,255,19,4,0x7e60,8,1,200,-314.0
409047773470,1776,1,255,19,4,0x7e60,8,1,200,723.0
409047790541,1777,1,255,19,4,0x7e60,8,1,200,-167.0
409047807192,1778,1,255,19,4,0x7e60,8,1,200,1287.0
409047823421,1779,1,255,19,4,0x7e60,8,1,200,733.0
409047840314,1780,1,255,19,4,0x7c60,7,1,200,-1613.0
409047856510,1781,1,255,19,4,0x7e60,8,1,200,-308.0
409047873759,1782,1,255,19,4,0x7e60,8,1,200,737.0
409047891451,1783,1,255,19,4,0x7e60,8,1,200,947.0
409047906991,1784,1,255,19,4,0x7e60,8,1,200,-642.0
409047923260,1785,1,255,19,4,0x7e60,8,1,200,-923.0
409047940668,1786,2,255,20,4,0x7e60,8,1,200,864.0
409047959906,1787,2,255,20,4,0x7e60,8,1,200,-649.0
409047974378,1788,2,255,20,4,0x7c60,7,1,200,-431.0
409047990411,1789,2,255,20,4,0x7e60,8,1,200,-956.0
409048006715,1790,2,255,20,4,0x7e60,8,1,200,-136.0
409048023542,1791,2,255,20,4,0x7e60,8,1,200,740.0
409048039944,1792,2,255,20,4,0x7e60,8,1,200,292.0
409048057151,1793,2,255,20,4,0x7e60,8,1,200,-889.0
409048073680,1794,2,255,20,4,0x7e60,8,1,200,-372.0
409048089882,1795,2,255,20,4,0x7e60,8,1,200,-745.0
409048107263,1796,2,255,20,4,0x7e60,8,1,200,937.0
409048123439,1797,2,255,20,4,0x7e60,8,1,200,710.0
409048140188,1798,2,255,20,4,0x7e60,8,1,200,1329.0
409048157185,1799,2,255,20,4,0x7e60,8,1,200,353.0
409048173586,1800,2,255,20,4,0x7e60,8,1,200,570.0
409048190621,1801,2,255,20,4,0x7e60,8,1,200,836.0
409048208096,1802,2,255,20,4,0x7e60,8,1,200,106.0
409048223633,1803,2,255,20,4,0x7e60,8,1,200,-1305.0
409048240121,1804,2,255,20,4,0x7e60,8,1,200,-999.0
409048257197,1805,2,255,20,4,0x7e60,8,1,200,-7.0
409048273872,1806,2,255,20,4,0x7c60,7,1,200,780.0
409048290800,1807,2,255,20,4,0x7e60,8,1,200,386.0
409048307489,1808,2,255,20,4,0x7e60,8,1,200,1483.0
409048323927,1809,2,255,20,4,0x7e60,8,1,200,-963.0
409048340399,1810,2,255,20,4,0x7c60,7,1,200,893.0
409048357210,1811,2,255,20,4,0x7e60,8,1,200,64.0
409048373937,1812,2,255,20,4,0x7c60,7,1,200,-828.0
409048390750,1813,2,255,20,4,0x7c60,7,1,200,-440.0
409048408435,1814,2,255,20,4,0x7e60,8,1,200,-303.0
409048424912,1815,2,255,20,4,0x7e60,8,1,200,849.0
409048441583,1816,2,255,20,4,0x7e60,8,1,200,149.0
409048458169,1817,2,255,20,4,0x7e60,8,1,200,1153.0
409048478314,1818,2,255,20,4,0x7e40,7,1,200,-1363.0
409048496151,1819,2,255,20,4,0x7e60,8,1,200,-353.0
409048515629,1820,2,255,20,4,0x7e40,7,1,200,33.0
409048526470,1821,2,255,20,4,0x7e40,7,1,200,-399.0
409048541915,1822,2,255,20,4,0x7e40,7,1,200,-244.0
409048558813,1823,2,255,20,4,0x7e60,8,1,200,766.0
409048575388,1824,2,255,20,4,0x7e60,8,1,200,-377.0
409048591564,1825,2,255,20,4,0x7e60,8,1,200,121.0
409048608475,1826,2,255,20,4,0x7e60,8,1,200,-646.0
409048625061,1827,2,255,20,4,0x7e60,8,1,200,885.0
409048642305,1828,2,255,20,4,0x7e60,8,1,200,-1098.0
409048661054,1829,2,255,20,4,0x7e60,8,1,200,-4.0
409048675226,1830,2,255,20,4,0x7e60,8,1,200,-175.0
409048692693,1831,2,255,20,4,0x7e60,8,1,200,-742.0
409048708681,1832,2,255,20,4,0x7c60,7,1,200,783.0
409048725769,1833,2,255,20,4,0x7e60,8,1,200,897.0
409048742000,1834,2,255,20,4,0x7e60,8,1,200,140.0
409048758563,1835,2,255,20,4,0x7e60,8,1,200,-733.0
409048775270,1836,2,255,20,4,0x7e60,8,1,200,-258.0
409048792365,1837,2,255,20,4,0x7c60,7,1,200,-449.0
409048809106,1838,2,255,20,4,0x7e60,8,1,200,-455.0
409048824199,1839,2,255,20,4,0x7e60,8,1,200,-179.0
409048840736,1840,2,255,20,4,0x7c60,7,1,200,97.0
409048857638,1841,2,255,20,4,0x7c60,7,1,200,267.0
409048874103,1842,2,255,20,4,0x7c60,7,1,200,1017.0
409048890891,1843,2,255,20,4,0x7c60,7,1,200,791.0
409048907446,1844,2,255,20,4,0x7c60,7,1,200,481.0
409048926601,1845,2,14,21,4,0x7c60,7,1,200,825.0
409048941398,1846,2,14,21,4,0x7c60,7,1,200,695.0
409048957937,1847,2,14,21,4,0x7860,6,1,200,-812.0
409048975968,1848,2,14,21,4,0x7860,6,1,200,-1047.0
409048992228,1849,2,14,21,4,0x7860,6,1,200,-1829.0
409049008907,1850,2,14,21,4,0x7860,6,1,200,222.0
409049024913,1851,2,14,21,4,0x7060,5,1,200,-170.0
409049041135,1852,2,14,21,4,0x7060,5,1,200,-512.0
409049057961,1853,2,14,21,4,0x7060,5,1,200,108.0
409049074368,1854,2,14,21,4,0x7060,5,1,200,-332.0
409049091751,1855,2,14,21,4,0x7060,5,1,200,1142.0
409049108102,1856,2,14,21,4,0x7060,5,1,200,936.0
409049124912,1857,2,14,21,4,0x7060,5,1,200,-1181.0
409049141553,1858,2,14,21,4,0x7060,5,1,200,-1260.0
409049158145,1859,2,14,21,4,0x7060,5,1,200,-345.0
409049175100,1860,2,14,21,4,0x7060,5,1,200,-522.0
409049191834,1861,2,14,21,4,0x7060,5,1,200,-342.0
409049208109,1862,2,14,21,4,0x7060,5,1,200,-1356.0
409049224605,1863,2,14,21,4,0x7060,5,1,200,287.0
409049241563,1864,2,14,21,4,0x7060,5,1,200,285.0
409049258221,1865,2,14,21,4,0x7060,5,1,200,660.0
409049275531,1866,2,14,21,4,0x7060,5,1,200,-390.0
409049291670,1867,2,14,21,4,0x7060,5,1,200,-1139.0
409049308251,1868,2,14,21,4,0x7060,5,1,200,747.0
409049325691,1869,2,14,21,4,0x7060,5,1,200,958.0
409049341946,1870,2,14,21,4,0x7040,4,1,200,350.0
409049358799,1871,2,14,21,4,0x7060,5,1,200,595.0
409049375798,1872,2,14,21,4,0x7060,5,1,200,818.0
409049392127,1873,2,14,21,4,0x7060,5,1,200,-959.0
409049408279,1874,2,14,21,4,0x7060,5,1,200,1072.0
409049425255,1875,2,14,21,4,0x7060,5,1,200,763.0
409049441426,1876,2,14,21,4,0x7060,5,1,200,-156.0
409049458773,1877,2,14,21,4,0x7060,5,1,200,-622.0
409049475449,1878,2,14,21,4,0x7060,5,1,200,-48.0
409049491588,1879,2,14,21,4,0x7060,5,1,200,300.0
409049508281,1880,2,14,21,4,0x7060,5,1,200,-299.0
409049525369,1881,2,14,21,4,0x7060,5,1,200,963.0
409049541834,1882,2,14,21,4,0x7060,5,1,200,858.0
409049558719,1883,2,14,21,4,0x7060,5,1,200,443.0
409049574884,1884,2,14,21,4,0x7040,4,1,200,666.0
409049592231,1885,2,14,21,4,0x7060,5,1,200,1305.0
409049608603,1886,2,14,21,4,0x7060,5,1,200,813.0
409049624779,1887,2,14,21,4,0x7060,5,1,200,921.0
409049642127,1888,2,14,21,4,0x7040,4,1,200,810.0
409049658199,1889,2,14,21,4,0x7060,5,1,200,284.0
409049675039,1890,2,14,21,4,0x7060,5,1,200,582.0
409049692572,1891,2,14,21,4,0x7040,4,1,200,-871.0
409049708109,1892,2,14,21,4,0x7040,4,1,200,963.0
409049725248,1893,2,14,21,4,0x7060,5,1,200,-791.0
409049742313,1894,2,14,21,4,0x7060,5,1,200,798.0
409049758612,1895,2,14,21,4,0x7060,5,1,200,870.0
409049775704,1896,2,14,21,4,0x7060,5,1,200,-448.0
409049791836,1897,2,14,21,4,0x7060,5,1,200,-722.0
409049808933,1898,2,14,21,4,0x7060,5,1,200,513.0
409049825666,1899,2,14,21,4,0x7060,5,1,200,836.0
409049842136,1900,2,14,21,4,0x7060,5,1,200,1142.0
409049858524,1901,2,14,21,4,0x7060,5,1,200,972.0
409049875278,1902,2,14,21,4,0x7040,4,1,200,531.0
409049892179,1903,2,14,21,4,0x7040,4,1,200,729.0
409049909035,1904,2,14,21,4,0x7040,4,1,200,1066.0
409049925603,1905,2,14,21,4,0x7040,4,1,200,-123.0
409049942147,1906,2,14,21,4,0x7040,4,1,200,1568.0
409049958590,1907,2,14,21,4,0x7060,5,1,200,1116.0
409049975076,1908,2,14,21,4,0x7060,5,1,200,343.0
409049991743,1909,2,14,21,4,0x7060,5,1,200,-410.0
409050009328,1910,2,14,21,4,0x7060,5,1,200,1023.0
409050025892,1911,2,14,21,4,0x7060,5,1,200,334.0
409050041962,1912,2,14,21,4,0x7060,5,1,200,-508.0
409050059023,1913,2,14,21,4,0x7060,5,1,200,310.0
409050075642,1914,2,14,21,4,0x7060,5,1,200,856.0
409050091980,1915,2,14,21,4,0x7060,5,1,200,7.0
409050108829,1916,2,14,21,4,0x7060,5,1,200,-834.0
409050125390,1917,2,14,21,4,0x7060,5,1,200,-879.0
409050142305,1918,2,14,21,4,0x7060,5,1,200,-963.0
409050158834,1919,2,14,21,4,0x7060,5,1,200,474.0
409050175939,1920,2,14,21,4,0x7060,5,1,200,585.0
409050192232,1921,2,14,21,4,0x7060,5,1,200,1018.0
409050208712,1922,2,14,21,4,0x7060,5,1,200,591.0
409050225409,1923,2,14,21,4,0x7060,5,1,200,-10.0
409050242632,1924,2,14,21,4,0x7060,5,1,200,-933.0
409050259383,1925,2,14,21,4,0x7060,5,1,200,-999.0
409050276062,1926,2,14,21,4,0x7060,5,1,200,489.0
409050292780,1927,2,14,21,4,0x7060,5,1,200,-21.0
409050309160,1928,2,14,21,4,0x7060,5,1,200,1075.0
409050325875,1929,2,14,21,4,0x7060,5,1,200,-1324.0
409050342724,1930,2,14,21,4,0x7060,5,1,200,908.0
409050359283,1931,2,14,21,4,0x7060,5,1,200,1106.0
409050375732,1932,2,14,21,4,0x7060,5,1,200,19.0
409050392097,1933,2,14,21,4,0x7060,5,1,200,-697.0
409050409406,1934,2,14,21,4,0x7060,5,1,200,-895.0
409050426563,1935,2,14,21,4,0x7060,5,1,200,894.0
409050442478,1936,2,14,21,4,0x7060,5,1,200,895.0
409050459275,1937,2,14,21,4,0x7060,5,1,200,-546.0
409050476461,1938,2,14,21,4,0x7060,5,1,200,-607.0
409050493374,1939,2,14,21,4,0x7060,5,1,200,1000.0
409050509102,1940,2,14,21,4,0x7060,5,1,200,-381.0
409050526409,1941,2,14,21,4,0x7060,5,1,200,-926.0
409050543018,1942,2,14,21,4,0x7060,5,1,200,-1337.0
409050559446,1943,2,14,21,4,0x7060,5,1,200,270.0
409050576133,1944,2,14,21,4,0x7060,5,1,200,-178.0
409050592989,1945,2,14,21,4,0x7060,5,1,200,918.0
409050609246,1946,2,14,21,4,0x7060,5,1,200,690.0
409050626441,1947,2,14,21,4,0x7060,5,1,200,-644.0
409050642654,1948,2,14,21,4,0x7060,5,1,200,-918.0
409050659150,1949,2,14,21,4,0x7060,5,1,200,779.0
409050676016,1950,2,14,21,4,0x7060,5,1,200,-828.0
409050692604,1951,2,14,21,4,0x7060,5,1,200,-66.0
409050709355,1952,2,14,21,4,0x7060,5,1,200,198.0
409050726454,1953,2,14,21,4,0x7060,5,1,200,829.0
409050742811,1954,2,14,21,4,0x7060,5,1,200,-806.0
409050760090,1955,2,14,21,4,0x7060,5,1,200,-568.0
409050776357,1956,2,14,21,4,0x7060,5,1,200,776.0
409050793226,1957,2,14,21,4,0x7060,5,1,200,-1554.0
409050809932,1958,2,14,21,4,0x7060,5,1,200,3.0
409050826233,1959,2,14,21,4,0x7060,5,1,200,766.0
409050843183,1960,2,14,21,4,0x7060,5,1,200,184.0
409050859717,1961,2,14,21,4,0x7060,5,1,200,833.0
409050876756,1962,2,14,21,4,0x7060,5,1,200,806.0
409050893116,1963,2,14,21,4,0x7060,5,1,200,-329.0
409050909923,1964,2,14,21,4,0x7060,5,1,200,444.0
409050926356,1965,2,14,21,4,0x7060,5,1,200,634.0
409050943079,1966,2,14,21,4,0x7060,5,1,200,347.0
409050959558,1967,2,14,21,4,0x7060,5,1,200,805.0
409050976977,1968,2,14,21,4,0x7060,5,1,200,630.0
409050993564,1969,2,14,21,4,0x7060,5,1,200,1351.0
409051009601,1970,2,14,21,4,0x7060,5,1,200,325.0
409051026950,1971,2,14,21,4,0x7060,5,1,200,-1445.0
409051043389,1972,2,14,21,4,0x7060,5,1,200,1473.0
409051060571,1973,2,14,21,4,0x7060,5,1,200,-560.0
409051077489,1974,2,14,21,4,0x7060,5,1,200,421.0
409051093372,1975,2,14,21,4,0x7060,5,1,200,686.0
409051110142,1976,2,14,21,4,0x7060,5,1,200,874.0
409051126696,1977,2,14,21,4,0x7060,5,1,200,232.0
409051143130,1978,2,14,21,4,0x7060,5,1,200,-101.0
409051160266,1979,2,14,21,4,0x7060,5,1,200,708.0
409051176903,1980,2,14,21,4,0x7060,5,1,200,-455.0
409051193549,1981,2,14,21,4,0x7060,5,1,200,470.0
409051210509,1982,2,14,21,4,0x7060,5,1,200,531.0
409051226676,1983,2,14,21,4,0x7060,5,1,200,-1017.0
409051243551,1984,2,14,21,4,0x7060,5,1,200,177.0
409051259900,1985,2,14,21,4,0x7060,5,1,200,64.0
409051276629,1986,2,14,21,4,0x7060,5,1,200,820.0
409051293616,1987,2,14,21,4,0x7060,5,1,200,-915.0
409051310047,1988,2,14,21,4,0x7060,5,1,200,-377.0
409051326337,1989,2,14,21,4,0x7060,5,1,200,-454.0
409051343739,1990,2,14,21,4,0x7060,5,1,200,1508.0
409051360030,1991,2,14,21,4,0x7060,5,1,200,585.0
409051376896,1992,2,14,21,4,0x7060,5,1,200,-1325.0
409051393502,1993,2,14,21,4,0x7060,5,1,200,-692.0
409051410024,1994,2,14,21,4,0x7060,5,1,200,-308.0
409051427037,1995,2,14,21,4,0x7060,5,1,200,851.0
409051443703,1996,2,14,21,4,0x7060,5,1,200,-29.0
409051460048,1997,2,14,21,4,0x7060,5,1,200,75.0
409051477110,1998,2,14,21,4,0x7060,5,1,200,1100.0
409051493421,1999,2,14,21,4,0x7060,5,1,200,1089.0
409051510324,2000,2,14,21,4,0x7060,5,1,200,-237.0
409051527088,2001,2,14,21,4,0x7060,5,1,200,87.0
409051543611,2002,2,14,21,4,0x7060,5,1,200,-962.0
409051560486,2003,2,14,21,4,0x7060,5,1,200,-875.0
409051577003,2004,2,14,21,4,0x7060,5,1,200,500.0
409051594290,2005,2,14,21,4,0x7060,5,1,200,140.0
409051610421,2006,2,14,21,4,0x7060,5,1,200,-466.0
409051627132,2007,2,14,21,4,0x7060,5,1,200,-654.0
409051643955,2008,2,14,21,4,0x7060,5,1,200,-194.0
409051660445,2009,2,14,21,4,0x7060,5,1,200,-1195.0
409051677350,2010,2,14,21,4,0x7060,5,1,200,1.0
409051693734,2011,2,14,21,4,0x7060,5,1,200,1034.0
409051710588,2012,2,14,21,4,0x7060,5,1,200,-398.0
409051727323,2013,2,14,21,4,0x7060,5,1,200,-1043.0
409051744240,2014,2,14,21,4,0x7060,5,1,200,-848.0
409051760691,2015,2,14,21,4,0x7060,5,1,200,816.0
409051777291,2016,2,14,21,4,0x7060,5,1,200,762.0
409051793715,2017,2,14,21,4,0x7060,5,1,200,-990.0
409051810442,2018,2,14,21,4,0x7060,5,1,200,-5.0
409051827440,2019,2,14,21,4,0x7060,5,1,200,-942.0
409051845036,2020,2,14,21,4,0x7060,5,1,200,-1219.0
409051860664,2021,2,14,21,4,0x7060,5,1,200,854.0
409051878274,2022,2,14,21,4,0x7060,5,1,200,-436.0
409051893464,2023,2,14,21,4,0x7060,5,1,200,-311.0
409051910450,2024,2,14,21,4,0x7060,5,1,200,-571.0
409051927148,2025,2,14,21,4,0x7060,5,1,200,770.0
409051944157,2026,2,14,21,4,0x7060,5,1,200,572.0
409051960739,2027,2,14,21,4,0x7060,5,1,200,872.0
409051977351,2028,2,14,21,4,0x7060,5,1,200,277.0
409051994078,2029,2,14,21,4,0x7060,5,1,200,1044.0
409052010376,2030,2,14,21,4,0x7060,5,1,200,876.0
409052027832,2031,2,14,21,4,0x7060,5,1,200,708.0
409052044630,2032,2,14,21,4,0x7060,5,1,200,156.0
409052060936,2033,2,14,21,4,0x7060,5,1,200,711.0
409052077567,2034,2,14,21,4,0x7060,5,1,200,-1401.0
409052094432,2035,2,14,21,4,0x7060,5,1,200,617.0
409052110550,2036,2,14,21,4,0x7060,5,1,200,-61.0
409052127642,2037,2,14,21,4,0x7060,5,1,200,13.0
409052144033,2038,2,14,21,4,0x7060,5,1,200,375.0
409052161244,2039,2,14,21,4,0x7060,5,1,200,748.0
409052177281,2040,2,14,21,4,0x7060,5,1,200,571.0
409052194316,2041,2,14,21,4,0x7060,5,1,200,-353.0
409052211022,2042,2,14,21,4,0x7060,5,1,200,1114.0
409052227655,2043,2,14,21,4,0x7060,5,1,200,-736.0
409052244138,2044,2,14,21,4,0x7060,5,1,200,-1096.0
409052261329,2045,2,14,21,4,0x7060,5,1,200,379.0
409052277576,2046,2,14,21,4,0x7060,5,1,200,236.0
409052294713,2047,2,14,21,4,0x7060,5,1,200,1242.0
409052311125,2048,2,14,21,4,0x7060,5,1,200,504.0
409052327298,2049,2,14,21,4,0x7060,5,1,200,352.0
409052344412,2050,2,14,21,4,0x7060,5,1,200,-49.0
409052360515,2051,2,14,21,4,0x7060,5,1,200,-672.0
409052377682,2052,2,14,21,4,0x7060,5,1,200,742.0
409052394283,2053,2,14,21,4,0x7060,5,1,200,-262.0
409052410999,2054,2,14,21,4,0x7060,5,1,200,569.0
409052427682,2055,2,14,21,4,0x7060,5,1,200,-1139.0
409052444751,2056,2,14,21,4,0x7060,5,1,200,-295.0
409052461224,2057,2,14,21,4,0x7060,5,1,200,532.0
409052477472,2058,2,14,21,4,0x7060,5,1,200,437.0
409052494250,2059,2,14,21,4,0x7060,5,1,200,881.0
409052510984,2060,2,14,21,4,0x7060,5,1,200,969.0
409052527478,2061,2,14,21,4,0x7060,5,1,200,716.0
409052544501,2062,2,14,21,4,0x7060,5,1,200,1054.0
409052560840,2063,2,14,21,4,0x7060,5,1,200,-806.0
409052578019,2064,2,14,21,4,0x7060,5,1,200,-178.0
409052594320,2065,2,14,21,4,0x7060,5,1,200,603.0
409052611002,2066,2,14,21,4,0x7060,5,1,200,963.0
409052628030,2067,2,14,21,4,0x7060,5,1,200,1007.0
409052645113,2068,2,14,21,4,0x7060,5,1,200,270.0
409052661011,2069,2,14,21,4,0x7060,5,1,200,1107.0
409052677718,2070,2,14,21,4,0x7060,5,1,200,112.0
409052694500,2071,2,14,21,4,0x7060,5,1,200,-410.0
409052711184,2072,2,14,21,4,0x7060,5,1,200,-1294.0
409052727659,2073,2,14,21,4,0x7060,5,1,200,-39.0
409052744987,2074,2,14,21,4,0x7060,5,1,200,813.0
409052761112,2075,2,14,21,4,0x7060,5,1,200,1030.0
409052778338,2076,2,14,21,4,0x7060,5,1,200,-365.0
409052794719,2077,2,14,21,4,0x7060,5,1,200,-274.0
409052811358,2078,2,14,21,4,0x7060,5,1,200,879.0
409052828495,2079,2,14,21,4,0x7060,5,1,200,518.0
409052845247,2080,2,14,21,4,0x7060,5,1,200,129.0
409052861417,2081,2,14,21,4,0x7060,5,1,200,413.0
409052878216,2082,2,14,21,4,0x7060,5,1,200,843.0
409052894944,2083,2,14,21,4,0x7060,5,1,200,191.0
409052911972,2084,2,14,21,4,0x7060,5,1,200,-416.0
409052928523,2085,2,14,21,4,0x7060,5,1,200,-744.0
409052944635,2086,2,14,21,4,0x7060,5,1,200,-261.0
409052961643,2087,2,14,21,4,0x7060,5,1,200,1267.0
409052978298,2088,2,14,21,4,0x7060,5,1,200,621.0
409052994614,2089,2,14,21,4,0x7060,5,1,200,325.0
409053012037,2090,2,14,21,4,0x7060,5,1,200,957.0
409053027789,2091,2,14,21,4,0x7060,5,1,200,-151.0
409053044867,2092,2,14,21,4,0x7060,5,1,200,797.0
409053061539,2093,2,14,21,4,0x7060,5,1,200,-1583.0
409053078507,2094,2,14,21,4,0x7060,5,1,200,691.0
409053095378,2095,2,14,21,4,0x7060,5,1,200,292.0
409053111513,2096,2,14,21,4,0x7060,5,1,200,791.0
409053128191,2097,2,14,21,4,0x7060,5,1,200,-394.0
409053144600,2098,2,14,21,4,0x7060,5,1,200,189.0
409053161543,2099,2,14,21,4,0x7060,5,1,200,-1315.0
409053178700,2100,2,14,21,4,0x7060,5,1,200,433.0
409053195345,2101,2,14,21,4,0x7060,5,1,200,-827.0
409053211701,2102,2,14,21,4,0x7060,5,1,200,203.0
409053228950,2103,2,14,21,4,0x7060,5,1,200,-134.0
409053245156,2104,2,14,21,4,0x7060,5,1,200,-502.0
409053261893,2105,2,14,21,4,0x7060,5,1,200,956.0
409053278427,2106,2,14,21,4,0x7060,5,1,200,747.0
409053295181,2107,2,14,21,4,0x7060,5,1,200,-379.0
409053312256,2108,2,14,21,4,0x7060,5,1,200,430.0
409053329053,2109,2,14,21,4,0x7060,5,1,200,-789.0
409053345660,2110,2,14,21,4,0x7060,5,1,200,-900.0
409053361872,2111,2,14,21,4,0x7060,5,1,200,1242.0
409053378211,2112,2,14,21,4,0x7060,5,1,200,-844.0
409053395335,2113,2,14,21,4,0x7060,5,1,200,-903.0
409053411966,2114,2,14,21,4,0x7060,5,1,200,979.0
409053428682,2115,2,14,21,4,0x7060,5,1,200,490.0
409053445136,2116,2,14,21,4,0x7060,5,1,200,-182.0
409053461983,2117,2,14,21,4,0x7060,5,1,200,1218.0
409053478652,2118,2,14,21,4,0x7060,5,1,200,708.0
409053495915,2119,2,14,21,4,0x7060,5,1,200,-412.0
409053512835,2120,2,14,21,4,0x7060,5,1,200,975.0
409053528994,2121,2,14,21,4,0x7060,5,1,200,127.0
409053545619,2122,2,14,21,4,0x7060,5,1,200,-569.0
409053562121,2123,2,14,21,4,0x7060,5,1,200,-497.0
409053579313,2124,2,14,21,4,0x7060,5,1,200,578.0
409053595383,2125,2,14,21,4,0x7060,5,1,200,426.0
409053612289,2126,2,14,21,4,0x7060,5,1,200,-951.0
409053629443,2127,2,14,21,4,0x7060,5,1,200,-420.0
409053645739,2128,2,14,21,4,0x7060,5,1,200,-228.0
409053662139,2129,2,14,21,4,0x7060,5,1,200,-791.0
409053679057,2130,2,14,21,4,0x7060,5,1,200,1430.0
409053695512,2131,2,14,21,4,0x7060,5,1,200,980.0
409053712236,2132,2,14,21,4,0x7060,5,1,200,-363.0
409053728934,2133,2,14,21,4,0x7060,5,1,200,-7.0
409053745781,2134,2,14,21,4,0x7060,5,1,200,-364.0
409053762604,2135,2,14,21,4,0x7060,5,1,200,-962.0
409053779071,2136,2,14,21,4,0x7060,5,1,200,690.0
409053795785,2137,2,14,21,4,0x7060,5,1,200,-25.0
409053812665,2138,2,14,21,4,0x7060,5,1,200,268.0
409053829003,2139,2,14,21,4,0x7060,5,1,200,345.0
409053845727,2140,2,14,21,4,0x7060,5,1,200,-363.0
409053862688,2141,2,14,21,4,0x7060,5,1,200,822.0
409053879414,2142,2,14,21,4,0x7060,5,1,200,1055.0
409053895893,2143,2,14,21,4,0x7060,5,1,200,466.0
409053912535,2144,2,14,21,4,0x7060,5,1,200,802.0
409053929092,2145,2,14,21,4,0x7060,5,1,200,746.0
409053945739,2146,2,14,21,4,0x7060,5,1,200,628.0
409053962658,2147,2,14,21,4,0x7060,5,1,200,-1131.0
409053979427,2148,2,14,21,4,0x7060,5,1,200,143.0
409053995903,2149,2,14,21,4,0x7060,5,1,200,-225.0
409054012289,2150,2,14,21,4,0x7060,5,1,200,617.0
409054028996,2151,2,14,21,4,0x7060,5,1,200,968.0
409054046311,2152,2,14,21,4,0x7060,5,1,200,594.0
409054062733,2153,2,14,21,4,0x7060,5,1,200,826.0
409054079627,2154,2,14,21,4,0x7060,5,1,200,734.0
409054096375,2155,2,14,21,4,0x7060,5,1,200,-1145.0
409054112235,2156,2,14,21,4,0x7060,5,1,200,-1045.0
409054131134,2157,2,14,21,4,0x7060,5,1,200,977.0
409054145553,2158,2,14,21,4,0x7060,5,1,200,-220.0
409054163481,2159,2,14,21,4,0x7060,5,1,200,-43.0
409054179267,2160,2,14,21,4,0x7060,5,1,200,-257.0
409054195867,2161,2,14,21,4,0x7060,5,1,200,-1074.0
409054212887,2162,2,14,21,4,0x7060,5,1,200,-1146.0
409054230112,2163,2,14,21,4,0x7060,5,1,200,1087.0
409054246372,2164,2,14,21,4,0x7060,5,1,200,609.0
409054262813,2165,2,14,21,4,0x7060,5,1,200,-1342.0
409054279739,2166,2,14,21,4,0x7060,5,1,200,14.0
409054296463,2167,2,14,21,4,0x7060,5,1,200,-1069.0
409054313311,2168,2,14,21,4,0x7060,5,1,200,-562.0
409054329500,2169,2,14,21,4,0x7060,5,1,200,-880.0
409054346635,2170,2,14,21,4,0x7060,5,1,200,780.0
409054362892,2171,2,14,21,4,0x7060,5,1,200,1002.0
409054380107,2172,2,14,21,4,0x7060,5,1,200,962.0
409054396340,2173,2,14,21,4,0x7060,5,1,200,-1420.0
409054412724,2174,2,14,21,4,0x7060,5,1,200,-683.0
409054429842,2175,2,14,21,4,0x7060,5,1,200,35.0
409054447092,2176,2,14,21,4,0x7060,5,1,200,1001.0
409054463004,2177,2,14,21,4,0x7060,5,1,200,1426.0
409054480280,2178,2,14,21,4,0x7060,5,1,200,919.0
409054496874,2179,2,14,21,4,0x7060,5,1,200,794.0
409054513451,2180,2,14,21,4,0x7060,5,1,200,926.0
409054529227,2181,2,14,21,4,0x7060,5,1,200,907.0
409054546475,2182,2,14,21,4,0x7060,5,1,200,-395.0
409054563404,2183,2,14,21,4,0x7060,5,1,200,269.0
409054579549,2184,2,14,21,4,0x7060,5,1,200,-488.0
409054596590,2185,2,14,21,4,0x7060,5,1,200,90.0
409054612942,2186,2,14,21,4,0x7060,5,1,200,-1152.0
409054630090,2187,2,14,21,4,0x7060,5,1,200,-148.0
409054646804,2188,2,14,21,4,0x7060,5,1,200,395.0
409054663258,2189,2,14,21,4,0x7060,5,1,200,1221.0
409054680312,2190,2,14,21,4,0x7060,5,1,200,-657.0
409054696531,2191,2,14,21,4,0x7060,5,1,200,-839.0
409054713133,2192,2,14,21,4,0x7060,5,1,200,1710.0
409054730464,2193,2,14,21,4,0x7060,5,1,200,-154.0
409054747409,2194,2,14,21,4,0x7060,5,1,200,589.0
409054763704,2195,2,14,21,4,0x7060,5,1,200,1077.0
409054780372,2196,2,14,21,4,0x7060,5,1,200,-136.0
409054797300,2197,2,14,21,4,0x7060,5,1,200,1095.0
409054813308,2198,2,14,21,4,0x7060,5,1,200,1134.0
409054829932,2199,2,14,21,4,0x7060,5,1,200,911.0
409054846775,2200,2,14,21,4,0x7060,5,1,200,1020.0
409054863551,2201,2,14,21,4,0x7060,5,1,200,-691.0
409054880600,2202,2,14,21,4,0x7060,5,1,200,490.0
409054897655,2203,2,14,21,4,0x7060,5,1,200,344.0
409054913957,2204,2,14,21,4,0x7060,5,1,200,838.0
409054930267,2205,2,14,21,4,0x7060,5,1,200,-1236.0
409054946850,2206,2,14,21,4,0x7060,5,1,200,-28.0
409054963770,2207,2,14,21,4,0x7060,5,1,200,176.0
409054980272,2208,2,14,21,4,0x7060,5,1,200,-905.0
409054996908,2209,2,14,21,4,0x7060,5,1,200,724.0
409055014393,2210,2,14,21,4,0x7060,5,1,200,-783.0
409055030079,2211,2,14,21,4,0x7060,5,1,200,-995.0
409055047427,2212,2,14,21,4,0x7060,5,1,200,-874.0
409055064151,2213,2,14,21,4,0x7060,5,1,200,506.0
409055079993,2214,2,14,21,4,0x7060,5,1,200,-924.0
409055097508,2215,2,14,21,4,0x7060,5,1,200,-506.0
409055113985,2216,2,14,21,4,0x7060,5,1,200,774.0
409055130397,2217,2,14,21,4,0x7060,5,1,200,814.0
409055147398,2218,2,14,21,4,0x7060,5,1,200,634.0
409055163886,2219,2,14,21,4,0x7060,5,1,200,-839.0
409055180488,2220,2,14,21,4,0x7060,5,1,200,-1108.0
409055197014,2221,2,14,21,4,0x7060,5,1,200,499.0
409055213877,2222,2,14,21,4,0x7060,5,1,200,1019.0
409055230837,2223,2,14,21,4,0x7060,5,1,200,-486.0
409055247016,2224,2,14,21,4,0x7060,5,1,200,321.0
409055264012,2225,2,14,21,4,0x7060,5,1,200,759.0
409055280607,2226,2,14,21,4,0x7060,5,1,200,460.0
409055297513,2227,2,14,21,4,0x7060,5,1,200,-21.0
409055314415,2228,2,14,21,4,0x7060,5,1,200,104.0
409055331008,2229,2,14,21,4,0x7060,5,1,200,1067.0
409055347486,2230,2,14,21,4,0x7060,5,1,200,408.0
409055364506,2231,2,14,21,4,0x7060,5,1,200,587.0
409055380417,2232,2,14,21,4,0x7060,5,1,200,-251.0
409055397306,2233,2,14,21,4,0x7060,5,1,200,-676.0
409055415215,2234,2,14,21,4,0x7060,5,1,200,-20.0
409055430448,2235,2,14,21,4,0x7060,5,1,200,-955.0
409055447632,2236,2,14,21,4,0x7060,5,1,200,-1198.0
409055464078,2237,2,14,21,4,0x7060,5,1,200,-534.0
409055480471,2238,2,14,21,4,0x7060,5,1,200,577.0
409055496988,2239,2,14,21,4,0x7060,5,1,200,925.0
409055513494,2240,2,14,21,4,0x7060,5,1,200,981.0
409055530744,2241,2,14,21,4,0x7060,5,1,200,-301.0
409055546984,2242,2,14,21,4,0x7060,5,1,200,292.0
409055563940,2243,2,14,21,4,0x7060,5,1,200,1217.0
409055582806,2244,2,14,21,4,0x7060,5,1,200,191.0
409055596938,2245,2,14,21,4,0x7060,5,1,200,-690.0
409055614260,2246,2,14,21,4,0x7060,5,1,200,621.0
409055630699,2247,2,14,21,4,0x7060,5,1,200,-674.0
409055647531,2248,2,14,21,4,0x7060,5,1,200,837.0
409055664237,2249,2,14,21,4,0x7060,5,1,200,255.0
409055680990,2250,2,14,21,4,0x7060,5,1,200,-941.0
409055698335,2251,2,14,21,4,0x7060,5,1,200,412.0
409055714427,2252,2,14,21,4,0x7060,5,1,200,606.0
409055730743,2253,2,14,21,4,0x7060,5,1,200,89.0
409055748312,2254,2,14,21,4,0x7060,5,1,200,976.0
409055764369,2255,2,14,21,4,0x7060,5,1,200,163.0
409055781206,2256,2,14,21,4,0x7060,5,1,200,711.0
409055798521,2257,2,14,21,4,0x7060,5,1,200,421.0
409055814280,2258,2,14,21,4,0x7060,5,1,200,-1063.0
409055831683,2259,2,14,21,4,0x7060,5,1,200,-399.0
409055847660,2260,2,14,21,4,0x7060,5,1,200,-351.0
409055864315,2261,2,14,21,4,0x7060,5,1,200,764.0
409055881219,2262,2,14,21,4,0x7060,5,1,200,-1749.0
409055898143,2263,2,14,21,4,0x7060,5,1,200,620.0
409055914504,2264,2,14,21,4,0x7060,5,1,200,922.0
409055931207,2265,2,14,21,4,0x7060,5,1,200,1064.0
409055947977,2266,2,14,21,4,0x7060,5,1,200,682.0
409055965041,2267,2,14,21,4,0x7060,5,1,200,1521.0
409055981330,2268,2,14,21,4,0x7060,5,1,200,-1067.0
409055998014,2269,2,14,21,4,0x7060,5,1,200,-973.0
409056015044,2270,2,14,21,4,0x7060,5,1,200,779.0
409056031170,2271,2,14,21,4,0x7060,5,1,200,-1735.0
409056048370,2272,2,14,21,4,0x7060,5,1,200,789.0
409056064583,2273,2,14,21,4,0x7060,5,1,200,186.0
409056080889,2274,2,14,21,4,0x7060,5,1,200,-680.0
409056098346,2275,2,14,21,4,0x7060,5,1,200,-627.0
409056115247,2276,2,14,21,4,0x7060,5,1,200,369.0
409056131867,2277,2,14,21,4,0x7060,5,1,200,387.0
409056148404,2278,2,14,21,4,0x7060,5,1,200,-957.0
409056164764,2279,2,14,21,4,0x7060,5,1,200,849.0
409056181683,2280,2,14,21,4,0x7060,5,1,200,912.0
409056198235,2281,2,14,21,4,0x7060,5,1,200,-843.0
409056215057,2282,2,14,21,4,0x7060,5,1,200,1041.0
409056231322,2283,2,14,21,4,0x7060,5,1,200,1234.0
409056248470,2284,2,14,21,4,0x7060,5,1,200,-1041.0
409056264384,2285,2,14,21,4,0x7060,5,1,200,-966.0
409056281688,2286,2,14,21,4,0x7060,5,1,200,-991.0
409056298557,2287,2,14,21,4,0x7060,5,1,200,728.0
409056315988,2288,2,14,21,4,0x7060,5,1,200,494.0
409056331786,2289,2,14,21,4,0x7060,5,1,200,238.0
409056348168,2290,2,14,21,4,0x7060,5,1,200,-533.0
409056364747,2291,2,14,21,4,0x7060,5,1,200,-48.0
409056381819,2292,2,14,21,4,0x7060,5,1,200,1079.0
409056398349,2293,2,14,21,4,0x7060,5,1,200,-477.0
409056415307,2294,2,14,21,4,0x7060,5,1,200,-770.0
409056431352,2295,2,14,21,4,0x7060,5,1,200,-1209.0
409056448890,2296,2,14,21,4,0x7060,5,1,200,707.0
409056465080,2297,2,14,21,4,0x7060,5,1,200,764.0
409056481494,2298,2,14,21,4,0x7060,5,1,200,-144.0
409056498547,2299,2,14,21,4,0x7060,5,1,200,-46.0
409056514893,2300,2,14,21,4,0x7060,5,1,200,721.0
409056531473,2301,2,14,21,4,0x7060,5,1,200,-508.0
409056548688,2302,2,14,21,4,0x7060,5,1,200,-1108.0
409056566009,2303,2,14,21,4,0x7060,5,1,200,-75.0
409056584165,2304,2,14,21,4,0x7060,5,1,200,-703.0
409056598170,2305,2,14,21,4,0x7060,5,1,200,-1048.0
409056615090,2306,2,14,21,4,0x7060,5,1,200,-194.0
409056632241,2307,2,14,21,4,0x7060,5,1,200,1391.0
409056649425,2308,2,14,21,4,0x7060,5,1,200,334.0
409056665337,2309,2,14,21,4,0x7060,5,1,200,624.0
409056682238,2310,2,14,21,4,0x7060,5,1,200,619.0
409056698192,2311,2,14,21,4,0x7060,5,1,200,-499.0
409056715304,2312,2,14,21,4,0x7060,5,1,200,-376.0
409056731743,2313,2,14,21,4,0x7060,5,1,200,-386.0
409056748421,2314,2,14,21,4,0x7060,5,1,200,-748.0
409056765144,2315,2,14,21,4,0x7060,5,1,200,698.0
409056782174,2316,2,14,21,4,0x7060,5,1,200,791.0
409056798319,2317,2,14,21,4,0x7060,5,1,200,-718.0
409056815370,2318,2,14,21,4,0x7060,5,1,200,-730.0
409056832314,2319,2,14,21,4,0x7060,5,1,200,660.0
409056848312,2320,2,14,21,4,0x7060,5,1,200,-581.0
409056865473,2321,2,14,21,4,0x7060,5,1,200,584.0
409056882447,2322,2,14,21,4,0x7060,5,1,200,-1017.0
409056898718,2323,2,14,21,4,0x7060,5,1,200,-1142.0
409056915441,2324,2,14,21,4,0x7060,5,1,200,858.0
409056932148,2325,2,14,21,4,0x7060,5,1,200,-966.0
409056948633,2326,2,14,21,4,0x7060,5,1,200,-849.0
409056965808,2327,2,14,21,4,0x7060,5,1,200,1014.0
409056982049,2328,2,14,21,4,0x7060,5,1,200,-565.0
409056999251,2329,2,14,21,4,0x7060,5,1,200,349.0
409057015571,2330,2,14,21,4,0x7060,5,1,200,-700.0
409057032138,2331,2,14,21,4,0x7060,5,1,200,-731.0
409057048999,2332,2,14,21,4,0x7060,5,1,200,1205.0
409057065761,2333,2,14,21,4,0x7060,5,1,200,684.0
409057082557,2334,2,14,21,4,0x7060,5,1,200,67.0
409057098792,2335,2,14,21,4,0x7060,5,1,200,950.0
409057115332,2336,2,14,21,4,0x7060,5,1,200,378.0
409057132646,2337,2,14,21,4,0x7060,5,1,200,1219.0
409057149553,2338,2,14,21,4,0x7060,5,1,200,-537.0
409057166267,2339,2,14,21,4,0x7060,5,1,200,-36.0
409057183485,2340,2,14,21,4,0x7060,5,1,200,-532.0
409057199475,2341,2,14,21,4,0x7060,5,1,200,759.0
409057216150,2342,2,14,21,4,0x7060,5,1,200,635.0
409057233157,2343,2,14,21,4,0x7060,5,1,200,619.0
409057249190,2344,2,14,21,4,0x7060,5,1,200,623.0
409057266161,2345,2,14,21,4,0x7060,5,1,200,1.0
409057282710,2346,2,14,21,4,0x7060,5,1,200,-885.0
409057299337,2347,2,14,21,4,0x7060,5,1,200,518.0
409057316233,2348,2,14,21,4,0x7060,5,1,200,697.0
409057332633,2349,2,14,21,4,0x7060,5,1,200,1312.0
409057349153,2350,2,14,21,4,0x7060,5,1,200,182.0
409057366474,2351,2,14,21,4,0x7060,5,1,200,486.0
409057382587,2352,2,14,21,4,0x7060,5,1,200,-1119.0
409057399328,2353,2,14,21,4,0x7060,5,1,200,-562.0
409057416045,2354,2,14,21,4,0x7060,5,1,200,1223.0
409057433155,2355,2,14,21,4,0x7060,5,1,200,-294.0
409057449006,2356,2,14,21,4,0x7060,5,1,200,-1227.0
409057465755,2357,2,14,21,4,0x7060,5,1,200,-475.0
409057482582,2358,2,14,21,4,0x7060,5,1,200,374.0
409057500001,2359,2,14,21,4,0x7060,5,1,200,-429.0
409057515646,2360,2,14,21,4,0x7060,5,1,200,146.0
409057533109,2361,2,14,21,4,0x7060,5,1,200,-957.0
409057549457,2362,2,14,21,4,0x7060,5,1,200,394.0
409057566143,2363,2,14,21,4,0x7060,5,1,200,94.0
409057582584,2364,2,14,21,4,0x7060,5,1,200,435.0
409057599622,2365,2,14,21,4,0x7060,5,1,200,-37.0
409057616498,2366,2,14,21,4,0x7060,5,1,200,-880.0
409057632984,2367,2,14,21,4,0x7060,5,1,200,913.0
409057648950,2368,2,14,21,4,0x7060,5,1,200,902.0
409057666409,2369,2,14,21,4,0x7060,5,1,200,-502.0
409057683052,2370,2,14,21,4,0x7060,5,1,200,-297.0
409057699350,2371,2,14,21,4,0x7060,5,1,200,215.0
409057717040,2372,2,14,21,4,0x7060,5,1,200,-543.0
409057733198,2373,2,14,21,4,0x7060,5,1,200,-378.0
409057749236,2374,2,14,21,4,0x7060,5,1,200,-223.0
409057766455,2375,2,14,21,4,0x7060,5,1,200,-339.0
409057782495,2376,2,14,21,4,0x7060,5,1,200,289.0
409057800549,2377,2,14,21,4,0x7060,5,1,200,72.0
409057816804,2378,2,14,21,4,0x7060,5,1,200,-1098.0
409057832968,2379,2,14,21,4,0x7060,5,1,200,180.0
409057849749,2380,2,14,21,4,0x7060,5,1,200,215.0
409057866625,2381,2,14,21,4,0x7060,5,1,200,-419.0
409057883356,2382,2,14,21,4,0x7060,5,1,200,1296.0
409057900178,2383,2,14,21,4,0x7060,5,1,200,-754.0
409057916371,2384,2,14,21,4,0x7060,5,1,200,-396.0
409057933038,2385,2,14,21,4,0x7060,5,1,200,-333.0
409057950672,2386,1,255,22,4,0x7060,5,1,200,452.0
409057968117,2387,1,255,22,4,0x7060,5,1,200,-813.0
409057983098,2388,1,255,22,4,0x7060,5,1,200,-88.0
409058000225,2389,1,255,22,4,0x7060,5,1,200,-350.0
409058016424,2390,1,255,22,4,0x7060,5,1,200,1198.0
409058033372,2391,1,255,22,4,0x7060,5,1,200,662.0
409058050037,2392,1,255,22,4,0x7060,5,1,200,405.0
409058067043,2393,1,255,22,4,0x7060,5,1,200,-416.0
409058083357,2394,1,255,22,4,0x7060,5,1,200,-710.0
409058100445,2395,1,255,22,4,0x7060,5,1,200,522.0
409058116664,2396,1,255,22,4,0x7060,5,1,200,650.0
409058133107,2397,1,255,22,4,0x7060,5,1,200,330.0
409058150177,2398,1,255,22,4,0x7060,5,1,200,-983.0
409058167073,2399,1,255,22,4,0x7060,5,1,200,746.0
409058182983,2400,1,255,22,4,0x7060,5,1,200,523.0
409058200002,2401,1,255,22,4,0x7060,5,1,200,102.0
409058216509,2402,1,255,22,4,0x7060,5,1,200,537.0
409058233468,2403,1,255,22,4,0x7060,5,1,200,945.0
409058250046,2404,1,255,22,4,0x7060,5,1,200,700.0
409058266405,2405,1,255,22,4,0x7060,5,1,200,-850.0
409058283687,2406,1,255,22,4,0x7060,5,1,200,198.0
409058300125,2407,1,255,22,4,0x7060,5,1,200,305.0
409058316621,2408,1,255,22,4,0x7060,5,1,200,869.0
409058333504,2409,1,255,22,4,0x7060,5,1,200,874.0
409058350274,2410,1,255,22,4,0x7060,5,1,200,247.0
409058367093,2411,1,255,22,4,0x7060,5,1,200,-694.0
409058384090,2412,1,255,22,4,0x7060,5,1,200,724.0
409058400159,2413,1,255,22,4,0x7060,5,1,200,-105.0
409058417325,2414,1,255,22,4,0x7060,5,1,200,101.0
409058434323,2415,1,255,22,4,0x7060,5,1,200,921.0
409058450678,2416,1,255,22,4,0x7060,5,1,200,902.0
409058466633,2417,1,255,22,4,0x7060,5,1,200,-1050.0
409058483657,2418,1,255,22,4,0x7060,5,1,200,41.0
409058503248,2419,1,255,22,4,0x7060,5,1,200,-124.0
409058518000,2420,1,255,22,4,0x7060,5,1,200,-493.0
409058533770,2421,1,255,22,4,0x7060,5,1,200,710.0
409058550685,2422,1,255,22,4,0x7060,5,1,200,665.0
409058566956,2423,1,255,22,4,0x7060,5,1,200,699.0
409058583201,2424,1,255,22,4,0x7060,5,1,200,-473.0
409058600654,2425,1,255,22,4,0x7060,5,1,200,690.0
409058617216,2426,1,255,22,4,0x7060,5,1,200,-996.0
409058635558,2427,1,255,22,4,0x7060,5,1,200,-24.0
409058650799,2428,1,255,22,4,0x7060,5,1,200,-231.0
409058667173,2429,1,255,22,4,0x7060,5,1,200,403.0
409058683747,2430,1,255,22,4,0x7060,5,1,200,55.0
409058700470,2431,1,255,22,4,0x7060,5,1,200,693.0
409058718050,2432,1,255,22,4,0x7060,5,1,200,-655.0
409058734679,2433,1,255,22,4,0x7060,5,1,200,-11.0
409058750792,2434,1,255,22,4,0x7060,5,1,200,689.0
409058768053,2435,1,255,22,4,0x7060,5,1,200,-531.0
409058784774,2436,1,255,22,4,0x7060,5,1,200,-978.0
409058800996,2437,1,255,22,4,0x7060,5,1,200,454.0
409058817315,2438,1,255,22,4,0x7060,5,1,200,54.0
409058834828,2439,1,255,22,4,0x7060,5,1,200,-243.0
409058851223,2440,1,255,22,4,0x7060,5,1,200,147.0
409058867746,2441,1,255,22,4,0x7060,5,1,200,-124.0
409058884875,2442,1,255,22,4,0x7060,5,1,200,677.0
409058900841,2443,1,255,22,4,0x7060,5,1,200,267.0
409058918113,2444,1,255,22,4,0x7060,5,1,200,237.0
409058934198,2445,1,255,22,4,0x7060,5,1,200,-39.0
409058950858,2446,1,255,22,4,0x7060,5,1,200,538.0
409058967951,2447,1,255,23,4,0x7060,5,1,200,-588.0
409058984940,2448,1,255,23,4,0x7060,5,1,200,807.0
409059000988,2449,1,255,23,4,0x7060,5,1,200,-79.0
409059017727,2450,1,255,23,4,0x7060,5,1,200,-703.0
409059035342,2451,1,255,23,4,0x7060,5,1,200,-838.0
409059051376,2452,1,255,23,4,0x7060,5,1,200,41.0
409059067768,2453,1,255,23,4,0x7060,5,1,200,-262.0
409059084241,2454,1,255,23,4,0x7060,5,1,200,795.0
409059101169,2455,1,255,23,4,0x7060,5,1,200,297.0
409059117916,2456,1,255,23,4,0x7060,5,1,200,-388.0
409059135111,2457,1,255,23,4,0x7060,5,1,200,528.0
409059151397,2458,1,255,23,4,0x7060,5,1,200,1343.0
409059168062,2459,1,255,23,4,0x7060,5,1,200,-236.0
409059184438,2460,1,255,23,4,0x7060,5,1,200,627.0
409059201119,2461,1,255,23,4,0x7060,5,1,200,759.0
409059218581,2462,1,255,23,4,0x7060,5,1,200,-1038.0
409059234820,2463,1,255,23,4,0x7060,5,1,200,-675.0
409059250838,2464,1,255,23,4,0x7060,5,1,200,849.0
409059267694,2465,1,255,23,4,0x7060,5,1,200,81.0
409059284872,2466,1,255,23,4,0x7060,5,1,200,428.0
409059301137,2467,1,255,23,4,0x7060,5,1,200,428.0
409059318094,2468,1,255,23,4,0x7060,5,1,200,-313.0
409059334266,2469,1,255,23,4,0x7060,5,1,200,-281.0
409059351207,2470,1,255,23,4,0x7060,5,1,200,793.0
409059368581,2471,1,255,23,4,0x7060,5,1,200,-373.0
409059384739,2472,1,255,23,4,0x7060,5,1,200,-413.0
409059401328,2473,1,255,23,4,0x7060,5,1,200,294.0
409059418867,2474,1,255,23,4,0x7060,5,1,200,1020.0
409059434709,2475,1,255,23,4,0x7060,5,1,200,899.0
409059451211,2476,1,255,23,4,0x7060,5,1,200,-342.0
409059467873,2477,1,255,23,4,0x7060,5,1,200,-1571.0
409059484328,2478,1,255,23,4,0x7060,5,1,200,655.0
409059501686,2479,1,255,23,4,0x7060,5,1,200,-298.0
409059518057,2480,1,255,23,4,0x7060,5,1,200,601.0
409059534970,2481,1,255,23,4,0x7060,5,1,200,1173.0
409059551663,2482,1,255,23,4,0x7060,5,1,200,-610.0
409059568035,2483,1,255,23,4,0x7060,5,1,200,731.0
409059585115,2484,1,255,23,4,0x7060,5,1,200,-110.0
409059601411,2485,1,255,23,4,0x7060,5,1,200,76.0
409059618648,2486,1,255,23,4,0x7060,5,1,200,860.0
409059635120,2487,1,255,23,4,0x7060,5,1,200,819.0
409059652019,2488,1,255,23,4,0x7060,5,1,200,-119.0
409059668234,2489,1,255,23,4,0x7060,5,1,200,1114.0
409059685060,2490,1,255,23,4,0x7060,5,1,200,-431.0
409059701342,2491,1,255,23,4,0x7060,5,1,200,105.0
409059717987,2492,1,255,23,4,0x7060,5,1,200,811.0
409059735170,2493,1,255,23,4,0x7060,5,1,200,-449.0
409059751484,2494,1,255,23,4,0x7060,5,1,200,462.0
409059768861,2495,1,255,23,4,0x7060,5,1,200,-1000.0
409059784867,2496,1,255,23,4,0x7060,5,1,200,935.0
409059802323,2497,1,255,23,4,0x7060,5,1,200,1068.0
409059819505,2498,1,255,23,4,0x7060,5,1,200,-680.0
409059836364,2499,1,255,23,4,0x7060,5,1,200,-755.0
409059853371,2500,1,255,23,4,0x7060,5,1,200,1.0
409059870594,2501,1,255,23,4,0x7060,5,1,200,-567.0
409059885911,2502,1,255,23,4,0x7060,5,1,200,178.0
409059901855,2503,1,255,23,4,0x7060,5,1,200,620.0
409059918493,2504,1,255,23,4,0x7060,5,1,200,-877.0
409059936407,2505,1,255,23,4,0x7060,5,1,200,190.0
409059952154,2506,1,255,23,4,0x7060,5,1,200,-553.0
409059968582,2507,1,255,24,4,0x7060,5,1,200,409.0
409059985695,2508,1,255,24,4,0x7060,5,1,200,524.0
409060002455,2509,1,255,24,4,0x7060,5,1,200,386.0
409060018431,2510,1,255,24,4,0x7060,5,1,200,-839.0
409060035245,2511,1,255,24,4,0x7060,5,1,200,75.0
409060051338,2512,1,255,24,4,0x7060,5,1,200,208.0
409060068517,2513,1,255,24,4,0x7060,5,1,200,242.0
409060085277,2514,1,255,24,4,0x7060,5,1,200,-374.0
409060102337,2515,1,255,24,4,0x7060,5,1,200,-716.0
409060119137,2516,1,255,24,4,0x7060,5,1,200,435.0
409060135532,2517,1,255,24,4,0x7060,5,1,200,111.0
409060151758,2518,1,255,24,4,0x7060,5,1,200,911.0
409060168300,2519,1,255,24,4,0x7060,5,1,200,-617.0
409060185625,2520,1,255,24,4,0x7060,5,1,200,-713.0
409060202027,2521,1,255,24,4,0x7060,5,1,200,642.0
409060218505,2522,1,255,24,4,0x7060,5,1,200,-662.0
409060235739,2523,1,255,24,4,0x7060,5,1,200,-1071.0
409060252555,2524,1,255,24,4,0x7060,5,1,200,152.0
409060269063,2525,1,255,24,4,0x7060,5,1,200,1239.0
409060285590,2526,1,255,24,4,0x7060,5,1,200,-402.0
409060301916,2527,1,255,24,4,0x7060,5,1,200,377.0
409060318733,2528,1,255,24,4,0x7060,5,1,200,967.0
409060335824,2529,1,255,24,4,0x7060,5,1,200,786.0
409060352272,2530,1,255,24,4,0x7060,5,1,200,-790.0
409060368996,2531,1,255,24,4,0x7060,5,1,200,618.0
409060385996,2532,1,255,24,4,0x7060,5,1,200,1199.0
409060401845,2533,1,255,24,4,0x7060,5,1,200,-347.0
409060418751,2534,1,255,24,4,0x7060,5,1,200,66.0
409060435801,2535,1,255,24,4,0x7060,5,1,200,-1113.0
409060452073,2536,1,255,24,4,0x7060,5,1,200,689.0
409060469252,2537,1,255,24,4,0x7060,5,1,200,401.0
409060485788,2538,1,255,24,4,0x7060,5,1,200,-652.0
409060502432,2539,1,255,24,4,0x7060,5,1,200,-985.0
409060519203,2540,1,255,24,4,0x7060,5,1,200,213.0
409060536026,2541,1,255,24,4,0x7060,5,1,200,-606.0
409060552391,2542,1,255,24,4,0x7060,5,1,200,-838.0
409060568939,2543,1,255,24,4,0x7060,5,1,200,1273.0
409060586143,2544,1,255,24,4,0x7060,5,1,200,-437.0
409060602624,2545,1,255,24,4,0x7060,5,1,200,821.0
409060619474,2546,1,255,24,4,0x7060,5,1,200,159.0
409060636157,2547,1,255,24,4,0x7060,5,1,200,-663.0
409060653069,2548,1,255,24,4,0x7060,5,1,200,-165.0
409060669679,2549,1,255,24,4,0x7060,5,1,200,-935.0
409060685619,2550,1,255,24,4,0x7060,5,1,200,733.0
409060701880,2551,1,255,24,4,0x7060,5,1,200,840.0
409060719528,2552,1,255,24,4,0x7060,5,1,200,-117.0
409060736295,2553,1,255,24,4,0x7060,5,1,200,213.0
409060752650,2554,1,255,24,4,0x7060,5,1,200,581.0
409060769722,2555,1,255,24,4,0x7060,5,1,200,-256.0
409060786382,2556,1,255,24,4,0x7060,5,1,200,500.0
409060804545,2557,1,255,24,4,0x7060,5,1,200,-869.0
409060819847,2558,1,255,24,4,0x7060,5,1,200,726.0
409060835978,2559,1,255,24,4,0x7060,5,1,200,708.0
409060852808,2560,1,255,24,4,0x7060,5,1,200,9.0
409060869505,2561,1,255,24,4,0x7060,5,1,200,-805.0
409060886455,2562,1,255,24,4,0x7060,5,1,200,-176.0
409060903753,2563,1,255,24,4,0x7060,5,1,200,800.0
409060920019,2564,1,255,24,4,0x7060,5,1,200,-1532.0
409060936630,2565,1,255,24,4,0x7060,5,1,200,-1090.0
409060953810,2566,1,255,24,4,0x7060,5,1,200,-1903.0
409060970169,2567,2,255,25,4,0x7060,5,1,200,-534.0
409060988354,2568,2,255,25,4,0x7060,5,1,200,-718.0
409061003135,2569,2,255,25,4,0x7060,5,1,200,-1098.0
409061020020,2570,2,255,25,4,0x7060,5,1,200,-649.0
409061036681,2571,2,255,25,4,0x7060,5,1,200,545.0
409061053162,2572,2,255,25,4,0x7060,5,1,200,963.0
409061070304,2573,2,255,25,4,0x7060,5,1,200,-897.0
409061086767,2574,2,255,25,4,0x7060,5,1,200,944.0
409061103023,2575,2,255,25,4,0x7060,5,1,200,-123.0
409061119574,2576,2,255,25,4,0x7060,5,1,200,-487.0
409061136237,2577,2,255,25,4,0x7060,5,1,200,-249.0
409061152785,2578,2,255,25,4,0x7060,5,1,200,-31.0
409061169547,2579,2,255,25,4,0x7060,5,1,200,601.0
409061186118,2580,2,255,25,4,0x7060,5,1,200,945.0
409061203353,2581,2,255,25,4,0x7060,5,1,200,-893.0
409061219453,2582,2,255,25,4,0x7060,5,1,200,-803.0
409061236483,2583,2,255,25,4,0x7060,5,1,200,69.0
409061252863,2584,2,255,25,4,0x7060,5,1,200,-286.0
409061269652,2585,2,255,25,4,0x7060,5,1,200,-825.0
409061287703,2586,2,255,25,4,0x7060,5,1,200,-201.0
409061302958,2587,2,255,25,4,0x7060,5,1,200,3.0
409061319933,2588,2,255,25,4,0x7060,5,1,200,-1077.0
409061336629,2589,2,255,25,4,0x7060,5,1,200,-1161.0
409061353121,2590,2,255,25,4,0x7060,5,1,200,709.0
409061370971,2591,2,255,25,4,0x7060,5,1,200,-907.0
409061386313,2592,2,255,25,4,0x7060,5,1,200,-805.0
409061403515,2593,2,255,25,4,0x7060,5,1,200,-306.0
409061420242,2594,2,255,25,4,0x7060,5,1,200,-966.0
409061436733,2595,2,255,25,4,0x7060,5,1,200,-868.0
409061453231,2596,2,255,25,4,0x7060,5,1,200,-950.0
409061470148,2597,2,255,25,4,0x7060,5,1,200,251.0
409061486953,2598,2,255,25,4,0x7060,5,1,200,-699.0
409061503712,2599,2,255,25,4,0x7060,5,1,200,-971.0
409061520844,2600,2,255,25,4,0x7060,5,1,200,973.0
409061542721,2601,2,255,25,4,0x7060,5,1,200,800.0
409061553842,2602,2,255,25,4,0x7060,5,1,200,-710.0
409061570566,2603,2,255,25,4,0x7060,5,1,200,-258.0
409061587349,2604,2,255,25,4,0x7060,5,1,200,816.0
409061603240,2605,2,255,25,4,0x7060,5,1,200,-1305.0
409061619965,2606,2,255,25,4,0x7060,5,1,200,199.0
409061637176,2607,2,255,25,4,0x7060,5,1,200,673.0
409061653450,2608,2,255,25,4,0x7060,5,1,200,1095.0
409061670484,2609,2,255,25,4,0x7060,5,1,200,536.0
409061686906,2610,2,255,25,4,0x7060,5,1,200,849.0
409061704107,2611,2,255,25,4,0x7060,5,1,200,541.0
409061720031,2612,2,255,25,4,0x7060,5,1,200,-217.0
409061737110,2613,2,255,25,4,0x7060,5,1,200,831.0
409061753698,2614,2,255,25,4,0x7060,5,1,200,-489.0
409061770630,2615,2,255,25,4,0x7060,5,1,200,640.0
409061787035,2616,2,255,25,4,0x7060,5,1,200,100.0
409061803776,2617,2,255,25,4,0x7060,5,1,200,-863.0
409061820240,2618,2,255,25,4,0x7060,5,1,200,-467.0
409061837557,2619,2,255,25,4,0x7060,5,1,200,541.0
409061853602,2620,2,255,25,4,0x7060,5,1,200,-346.0
409061871926,2621,2,255,25,4,0x7060,5,1,200,-695.0
409061887217,2622,2,255,25,4,0x7060,5,1,200,-873.0
409061904387,2623,2,255,25,4,0x7060,5,1,200,-11.0
409061921067,2624,2,255,25,4,0x7060,5,1,200,187.0
409061937737,2625,2,255,25,4,0x7060,5,1,200,-869.0
409061956336,2626,2,255,25,4,0x7060,5,1,200,590.0
409061970729,2627,2,255,25,4,0x7060,5,1,200,588.0
409061987242,2628,2,14,26,4,0x7060,5,1,200,-961.0
409062004917,2629,2,14,26,4,0x7060,5,1,200,-776.0
409062020851,2630,2,14,26,4,0x7060,5,1,200,804.0
409062038875,2631,2,14,26,4,0x7060,5,1,200,782.0
409062054055,2632,2,14,26,4,0x7060,5,1,200,487.0
409062070915,2633,2,14,26,4,0x7060,5,1,200,-542.0
409062087627,2634,2,14,26,4,0x7060,5,1,200,-1322.0
409062104482,2635,2,14,26,4,0x7060,5,1,200,829.0
409062120560,2636,2,14,26,4,0x7060,5,1,200,689.0
409062137287,2637,2,14,26,4,0x7060,5,1,200,748.0
409062153862,2638,2,14,26,4,0x7060,5,1,200,-917.0
409062170377,2639,2,14,26,4,0x7060,5,1,200,-376.0
409062187906,2640,2,14,26,4,0x7060,5,1,200,-725.0
409062204028,2641,2,14,26,4,0x7060,5,1,200,-907.0
409062221160,2642,2,14,26,4,0x7060,5,1,200,-963.0
409062236744,2643,2,14,26,4,0x7060,5,1,200,-685.0
409062254465,2644,2,14,26,4,0x7060,5,1,200,1420.0
409062271291,2645,2,14,26,4,0x7060,5,1,200,-138.0
409062287588,2646,2,14,26,4,0x7060,5,1,200,816.0
409062304849,2647,2,14,26,4,0x7060,5,1,200,-305.0
409062321275,2648,2,14,26,4,0x7060,5,1,200,-1194.0
409062337898,2649,2,14,26,4,0x7060,5,1,200,-23.0
409062354816,2650,2,14,26,4,0x7060,5,1,200,986.0
409062370850,2651,2,14,26,4,0x7060,5,1,200,423.0
409062388081,2652,2,14,26,4,0x7060,5,1,200,832.0
409062404245,2653,2,14,26,4,0x7060,5,1,200,1204.0
409062421511,2654,2,14,26,4,0x7060,5,1,200,510.0
409062439101,2655,2,14,26,4,0x7060,5,1,200,677.0
409062454454,2656,2,14,26,4,0x7060,5,1,200,243.0
409062471244,2657,2,14,26,4,0x7060,5,1,200,-74.0
409062487637,2658,2,14,26,4,0x7060,5,1,200,-584.0
409062504703,2659,2,14,26,4,0x7060,5,1,200,-363.0
409062521275,2660,2,14,26,4,0x7060,5,1,200,731.0
409062537684,2661,2,14,26,4,0x7060,5,1,200,120.0
409062554428,2662,2,14,26,4,0x7060,5,1,200,-935.0
409062571170,2663,2,14,26,4,0x7060,5,1,200,-123.0
409062588132,2664,2,14,26,4,0x7060,5,1,200,-739.0
409062604511,2665,2,14,26,4,0x7060,5,1,200,-180.0
409062621503,2666,2,14,26,4,0x7060,5,1,200,660.0
409062637726,2667,2,14,26,4,0x7060,5,1,200,1226.0
409062654834,2668,2,14,26,4,0x7060,5,1,200,596.0
409062670848,2669,2,14,26,4,0x7060,5,1,200,237.0
409062687992,2670,2,14,26,4,0x7060,5,1,200,-783.0
409062704843,2671,2,14,26,4,0x7060,5,1,200,762.0
409062721897,2672,2,14,26,4,0x7060,5,1,200,242.0
409062737961,2673,2,14,26,4,0x7060,5,1,200,-549.0
409062754437,2674,2,14,26,4,0x7060,5,1,200,261.0
409062771775,2675,2,14,26,4,0x7060,5,1,200,1242.0
409062787995,2676,2,14,26,4,0x7060,5,1,200,991.0
409062806022,2677,2,14,26,4,0x7060,5,1,200,-1261.0
409062822075,2678,2,14,26,4,0x7060,5,1,200,-232.0
409062838046,2679,2,14,26,4,0x7060,5,1,200,1024.0
409062854985,2680,2,14,26,4,0x7060,5,1,200,501.0
409062870985,2681,2,14,26,4,0x7060,5,1,200,-765.0
409062887860,2682,2,14,26,4,0x7060,5,1,200,533.0
409062904795,2683,2,14,26,4,0x7060,5,1,200,-415.0
409062920967,2684,2,14,26,4,0x7060,5,1,200,667.0
409062938764,2685,2,14,26,4,0x7060,5,1,200,457.0
409062955002,2686,2,14,26,4,0x7060,5,1,200,627.0
409062971696,2687,2,14,26,4,0x7060,5,1,200,754.0
409062988082,2688,2,14,26,4,0x7060,5,1,200,812.0
409063004559,2689,2,14,26,4,0x7060,5,1,200,-232.0
409063021923,2690,2,14,26,4,0x7060,5,1,200,-419.0
409063037981,2691,2,14,26,4,0x7060,5,1,200,-347.0
409063054798,2692,2,14,26,4,0x7060,5,1,200,966.0
409063072148,2693,2,14,26,4,0x7060,5,1,200,-905.0
409063088372,2694,2,14,26,4,0x7060,5,1,200,522.0
409063105401,2695,2,14,26,4,0x7060,5,1,200,-898.0
409063122654,2696,2,14,26,4,0x7060,5,1,200,-766.0
409063138109,2697,2,14,26,4,0x7060,5,1,200,-503.0
409063154811,2698,2,14,26,4,0x7060,5,1,200,724.0
409063171668,2699,2,14,26,4,0x7060,5,1,200,-939.0
409063188429,2700,2,14,26,4,0x7060,5,1,200,935.0
409063205801,2701,2,14,26,4,0x7060,5,1,200,-640.0
409063221605,2702,2,14,26,4,0x7060,5,1,200,54.0
409063238634,2703,2,14,26,4,0x7060,5,1,200,-1118.0
409063255027,2704,2,14,26,4,0x7060,5,1,200,606.0
409063271794,2705,2,14,26,4,0x7060,5,1,200,948.0
409063288995,2706,2,14,26,4,0x7060,5,1,200,-42.0
409063304983,2707,2,14,26,4,0x7060,5,1,200,971.0
409063321859,2708,2,14,26,4,0x7060,5,1,200,-1008.0
409063338779,2709,2,14,26,4,0x7060,5,1,200,807.0
409063355304,2710,2,14,26,4,0x7060,5,1,200,-116.0
409063371942,2711,2,14,26,4,0x7060,5,1,200,-789.0
409063388906,2712,2,14,26,4,0x7060,5,1,200,-29.0
409063405187,2713,2,14,26,4,0x7060,5,1,200,-936.0
409063421890,2714,2,14,26,4,0x7060,5,1,200,686.0
409063439022,2715,2,14,26,4,0x7060,5,1,200,-132.0
409063455502,2716,2,14,26,4,0x7060,5,1,200,-250.0
409063472195,2717,2,14,26,4,0x7060,5,1,200,1224.0
409063489029,2718,2,14,26,4,0x7060,5,1,200,-171.0
409063505194,2719,2,14,26,4,0x7060,5,1,200,196.0
409063521903,2720,2,14,26,4,0x7060,5,1,200,-237.0
409063538913,2721,2,14,26,4,0x7060,5,1,200,954.0
409063555739,2722,2,14,26,4,0x7060,5,1,200,-241.0
409063572213,2723,2,14,26,4,0x7060,5,1,200,549.0
409063589141,2724,2,14,26,4,0x7060,5,1,200,-8.0
409063605128,2725,2,14,26,4,0x7060,5,1,200,159.0
409063622129,2726,2,14,26,4,0x7060,5,1,200,497.0
409063638606,2727,2,14,26,4,0x7060,5,1,200,-817.0
409063655317,2728,2,14,26,4,0x7060,5,1,200,565.0
409063673884,2729,2,14,26,4,0x7060,5,1,200,-1037.0
409063689328,2730,2,14,26,4,0x7060,5,1,200,-403.0
409063705628,2731,2,14,26,4,0x7060,5,1,200,-534.0
409063722019,2732,2,14,26,4,0x7060,5,1,200,-594.0
409063738762,2733,2,14,26,4,0x7060,5,1,200,945.0
409063755379,2734,2,14,26,4,0x7060,5,1,200,812.0
409063772289,2735,2,14,26,4,0x7060,5,1,200,607.0
409063789354,2736,2,14,26,4,0x7060,5,1,200,339.0
409063805701,2737,2,14,26,4,0x7060,5,1,200,-1351.0
409063822437,2738,2,14,26,4,0x7060,5,1,200,394.0
409063839033,2739,2,14,26,4,0x7060,5,1,200,597.0
409063855950,2740,2,14,26,4,0x7060,5,1,200,-753.0
409063872476,2741,2,14,26,4,0x7060,5,1,200,-941.0
409063888914,2742,2,14,26,4,0x7060,5,1,200,-766.0
409063905674,2743,2,14,26,4,0x7060,5,1,200,-376.0
409063922836,2744,2,14,26,4,0x7060,5,1,200,-286.0
409063939162,2745,2,14,26,4,0x7060,5,1,200,349.0
409063956705,2746,2,14,26,4,0x7060,5,1,200,721.0
409063972305,2747,2,14,26,4,0x7060,5,1,200,-479.0
409063990065,2748,2,14,26,4,0x7060,5,1,200,-205.0
409064005917,2749,2,14,26,4,0x7060,5,1,200,1410.0
409064022665,2750,2,14,26,4,0x7060,5,1,200,713.0
409064039341,2751,2,14,26,4,0x7060,5,1,200,-637.0
409064056031,2752,2,14,26,4,0x7060,5,1,200,175.0
409064072264,2753,2,14,26,4,0x7060,5,1,200,1417.0
409064089686,2754,2,14,26,4,0x7060,5,1,200,465.0
409064105572,2755,2,14,26,4,0x7060,5,1,200,374.0
409064122447,2756,2,14,26,4,0x7060,5,1,200,356.0
409064139250,2757,2,14,26,4,0x7060,5,1,200,82.0
409064156013,2758,2,14,26,4,0x7060,5,1,200,-789.0
409064172959,2759,2,14,26,4,0x7060,5,1,200,782.0
409064189206,2760,2,14,26,4,0x7060,5,1,200,988.0
409064206245,2761,2,14,26,4,0x7060,5,1,200,-842.0
409064224737,2762,2,14,26,4,0x7060,5,1,200,1090.0
409064239470,2763,2,14,26,4,0x7060,5,1,200,330.0
409064256868,2764,2,14,26,4,0x7060,5,1,200,324.0
409064272967,2765,2,14,26,4,0x7060,5,1,200,-1185.0
409064290503,2766,2,14,26,4,0x7060,5,1,200,-696.0
409064306348,2767,2,14,26,4,0x7060,5,1,200,-596.0
409064323477,2768,2,14,26,4,0x7060,5,1,200,-271.0
409064339587,2769,2,14,26,4,0x7060,5,1,200,-603.0
409064356101,2770,2,14,26,4,0x7060,5,1,200,-731.0
409064372804,2771,2,14,26,4,0x7060,5,1,200,1498.0
409064390191,2772,2,14,26,4,0x7060,5,1,200,-72.0
409064406827,2773,2,14,26,4,0x7060,5,1,200,810.0
409064422813,2774,2,14,26,4,0x7060,5,1,200,-1079.0
409064439478,2775,2,14,26,4,0x7060,5,1,200,482.0
409064456381,2776,2,14,26,4,0x7060,5,1,200,1013.0
409064473036,2777,2,14,26,4,0x7060,5,1,200,-163.0
409064489567,2778,2,14,26,4,0x7060,5,1,200,-54.0
409064506315,2779,2,14,26,4,0x7060,5,1,200,-777.0
409064523164,2780,2,14,26,4,0x7060,5,1,200,928.0
409064539973,2781,2,14,26,4,0x7060,5,1,200,-1146.0
409064556307,2782,2,14,26,4,0x7060,5,1,200,680.0
409064572987,2783,2,14,26,4,0x7060,5,1,200,747.0
409064589301,2784,2,14,26,4,0x7060,5,1,200,926.0
409064606578,2785,2,14,26,4,0x7060,5,1,200,-263.0
409064623080,2786,2,14,26,4,0x7060,5,1,200,-1379.0
409064639606,2787,2,14,26,4,0x7060,5,1,200,761.0
409064656678,2788,2,14,26,4,0x7060,5,1,200,610.0
409064672906,2789,2,14,26,4,0x7060,5,1,200,1303.0
409064690073,2790,2,14,26,4,0x7060,5,1,200,698.0
409064706797,2791,2,14,26,4,0x7060,5,1,200,946.0
409064723136,2792,2,14,26,4,0x7060,5,1,200,-389.0
409064740278,2793,2,14,26,4,0x7060,5,1,200,-767.0
409064756684,2794,2,14,26,4,0x7060,5,1,200,680.0
409064772927,2795,2,14,26,4,0x7060,5,1,200,-451.0
409064791105,2796,2,14,26,4,0x7060,5,1,200,-1769.0
409064806932,2797,2,14,26,4,0x7060,5,1,200,-237.0
409064823019,2798,2,14,26,4,0x7060,5,1,200,382.0
409064839666,2799,2,14,26,4,0x7060,5,1,200,-148.0
409064857093,2800,2,14,26,4,0x7060,5,1,200,-153.0
409064873001,2801,2,14,26,4,0x7060,5,1,200,-57.0
409064889985,2802,2,14,26,4,0x7060,5,1,200,-432.0
409064906877,2803,2,14,26,4,0x7060,5,1,200,-110.0
409064922993,2804,2,14,26,4,0x7060,5,1,200,-418.0
409064940138,2805,2,14,26,4,0x7060,5,1,200,935.0
409064956780,2806,2,14,26,4,0x7060,5,1,200,176.0
409064973997,2807,2,14,26,4,0x7060,5,1,200,693.0
409064989904,2808,2,14,26,4,0x7060,5,1,200,136.0
409065006846,2809,2,14,26,4,0x7060,5,1,200,1013.0
409065023247,2810,2,14,26,4,0x7060,5,1,200,1244.0
409065041132,2811,2,14,26,4,0x7060,5,1,200,578.0
409065057154,2812,2,14,26,4,0x7060,5,1,200,-145.0
409065073789,2813,2,14,26,4,0x7060,5,1,200,1152.0
409065090789,2814,2,14,26,4,0x7060,5,1,200,-252.0
409065106593,2815,2,14,26,4,0x7060,5,1,200,-1074.0
409065124576,2816,2,14,26,4,0x7060,5,1,200,1167.0
409065141012,2817,2,14,26,4,0x7060,5,1,200,110.0
409065157013,2818,2,14,26,4,0x7060,5,1,200,-1256.0
409065173538,2819,2,14,26,4,0x7060,5,1,200,931.0
409065190859,2820,2,14,26,4,0x7060,5,1,200,-1159.0
409065207633,2821,2,14,26,4,0x7060,5,1,200,1152.0
409065223534,2822,2,14,26,4,0x7060,5,1,200,-960.0
409065240035,2823,2,14,26,4,0x7060,5,1,200,339.0
409065257603,2824,2,14,26,4,0x7060,5,1,200,-133.0
409065274164,2825,2,14,26,4,0x7060,5,1,200,-375.0
409065290098,2826,2,14,26,4,0x7060,5,1,200,659.0
409065306964,2827,2,14,26,4,0x7060,5,1,200,462.0
409065323826,2828,2,14,26,4,0x7060,5,1,200,227.0
409065340658,2829,2,14,26,4,0x7060,5,1,200,129.0
409065357395,2830,2,14,26,4,0x7060,5,1,200,574.0
409065373991,2831,2,14,26,4,0x7060,5,1,200,320.0
409065390571,2832,2,14,26,4,0x7060,5,1,200,696.0
409065407651,2833,2,14,26,4,0x7060,5,1,200,700.0
409065423884,2834,2,14,26,4,0x7060,5,1,200,-1008.0
409065440681,2835,2,14,26,4,0x7060,5,1,200,794.0
409065457618,2836,2,14,26,4,0x7060,5,1,200,-172.0
409065474177,2837,2,14,26,4,0x7060,5,1,200,1434.0
409065490541,2838,2,14,26,4,0x7060,5,1,200,923.0
409065507135,2839,2,14,26,4,0x7060,5,1,200,-667.0
409065523772,2840,2,14,26,4,0x7060,5,1,200,1221.0
409065540342,2841,2,14,26,4,0x7060,5,1,200,586.0
409065556716,2842,2,14,26,4,0x7060,5,1,200,-413.0
409065574533,2843,2,14,26,4,0x7060,5,1,200,-400.0
409065591093,2844,2,14,26,4,0x7060,5,1,200,-420.0
409065607287,2845,2,14,26,4,0x7060,5,1,200,653.0
409065624313,2846,2,14,26,4,0x7060,5,1,200,842.0
409065640394,2847,2,14,26,4,0x7060,5,1,200,294.0
409065657329,2848,2,14,26,4,0x7060,5,1,200,-1393.0
409065673847,2849,2,14,26,4,0x7060,5,1,200,-1017.0
409065690747,2850,2,14,26,4,0x7060,5,1,200,389.0
409065707236,2851,2,14,26,4,0x7060,5,1,200,126.0
409065724478,2852,2,14,26,4,0x7060,5,1,200,294.0
409065740470,2853,2,14,26,4,0x7060,5,1,200,650.0
409065757292,2854,2,14,26,4,0x7060,5,1,200,1066.0
409065773975,2855,2,14,26,4,0x7060,5,1,200,468.0
409065790612,2856,2,14,26,4,0x7060,5,1,200,-932.0
409065807651,2857,2,14,26,4,0x7060,5,1,200,89.0
409065824149,2858,2,14,26,4,0x7060,5,1,200,731.0
409065841236,2859,2,14,26,4,0x7060,5,1,200,107.0
409065857601,2860,2,14,26,4,0x7060,5,1,200,-45.0
409065874570,2861,2,14,26,4,0x7060,5,1,200,1268.0
409065891206,2862,2,14,26,4,0x7060,5,1,200,-913.0
409065907648,2863,2,14,26,4,0x7060,5,1,200,-460.0
409065924055,2864,2,14,26,4,0x7060,5,1,200,884.0
409065940910,2865,2,14,26,4,0x7060,5,1,200,120.0
409065957780,2866,2,14,26,4,0x7060,5,1,200,258.0
409065974335,2867,2,14,26,4,0x7060,5,1,200,-108.0
409065991489,2868,2,14,26,4,0x7060,5,1,200,260.0
409066008148,2869,2,14,26,4,0x7060,5,1,200,-245.0
409066025164,2870,2,14,26,4,0x7060,5,1,200,-1222.0
409066040891,2871,2,14,26,4,0x7060,5,1,200,955.0
409066057999,2872,2,14,26,4,0x7060,5,1,200,858.0
409066074404,2873,2,14,26,4,0x7060,5,1,200,-735.0
409066092102,2874,2,14,26,4,0x7060,5,1,200,891.0
409066107910,2875,2,14,26,4,0x7060,5,1,200,-346.0
409066124766,2876,2,14,26,4,0x7060,5,1,200,737.0
409066141376,2877,2,14,26,4,0x7060,5,1,200,-417.0
409066157933,2878,2,14,26,4,0x7060,5,1,200,1490.0
409066174343,2879,2,14,26,4,0x7060,5,1,200,922.0
409066191241,2880,2,14,26,4,0x7060,5,1,200,692.0
409066207522,2881,2,14,26,4,0x7060,5,1,200,257.0
409066225586,2882,2,14,26,4,0x7060,5,1,200,472.0
409066241945,2883,2,14,26,4,0x7060,5,1,200,-503.0
409066257870,2884,2,14,26,4,0x7060,5,1,200,-274.0
409066274936,2885,2,14,26,4,0x7060,5,1,200,771.0
409066291439,2886,2,14,26,4,0x7060,5,1,200,-972.0
409066308174,2887,2,14,26,4,0x7060,5,1,200,564.0
409066324954,2888,2,14,26,4,0x7060,5,1,200,699.0
409066341944,2889,2,14,26,4,0x7060,5,1,200,1137.0
409066358666,2890,2,14,26,4,0x7060,5,1,200,712.0
409066375226,2891,2,14,26,4,0x7060,5,1,200,-668.0
409066391720,2892,2,14,26,4,0x7060,5,1,200,113.0
409066408334,2893,2,14,26,4,0x7060,5,1,200,-986.0
409066424733,2894,2,14,26,4,0x7060,5,1,200,415.0
409066441346,2895,2,14,26,4,0x7060,5,1,200,138.0
409066458289,2896,2,14,26,4,0x7060,5,1,200,-619.0
409066474798,2897,2,14,26,4,0x7060,5,1,200,334.0
409066491630,2898,2,14,26,4,0x7060,5,1,200,-356.0
409066508360,2899,2,14,26,4,0x7060,5,1,200,-1001.0
409066524928,2900,2,14,26,4,0x7060,5,1,200,-325.0
409066541760,2901,2,14,26,4,0x7060,5,1,200,840.0
409066558407,2902,2,14,26,4,0x7060,5,1,200,692.0
409066575239,2903,2,14,26,4,0x7060,5,1,200,-73.0
409066591482,2904,2,14,26,4,0x7060,5,1,200,448.0
409066607969,2905,2,14,26,4,0x7060,5,1,200,-34.0
409066625165,2906,2,14,26,4,0x7060,5,1,200,-1124.0
409066641708,2907,2,14,26,4,0x7060,5,1,200,4.0
409066658721,2908,2,14,26,4,0x7060,5,1,200,-1099.0
409066675807,2909,2,14,26,4,0x7060,5,1,200,-50.0
409066691820,2910,2,14,26,4,0x7060,5,1,200,1022.0
409066708639,2911,2,14,26,4,0x7060,5,1,200,794.0
409066724757,2912,2,14,26,4,0x7060,5,1,200,789.0
409066741540,2913,2,14,26,4,0x7060,5,1,200,-555.0
409066757910,2914,2,14,26,4,0x7060,5,1,200,356.0
409066775103,2915,2,14,26,4,0x7060,5,1,200,-933.0
409066791663,2916,2,14,26,4,0x7060,5,1,200,-740.0
409066808315,2917,2,14,26,4,0x7060,5,1,200,587.0
409066824722,2918,2,14,26,4,0x7060,5,1,200,-1224.0
409066842523,2919,2,14,26,4,0x7060,5,1,200,763.0
409066858803,2920,2,14,26,4,0x7060,5,1,200,696.0
409066875214,2921,2,14,26,4,0x7060,5,1,200,-182.0
409066891614,2922,2,14,26,4,0x7060,5,1,200,1151.0
409066908426,2923,2,14,26,4,0x7060,5,1,200,518.0
409066924924,2924,2,14,26,4,0x7060,5,1,200,478.0
409066941711,2925,2,14,26,4,0x7060,5,1,200,882.0
409066958401,2926,2,14,26,4,0x7060,5,1,200,-746.0
409066975104,2927,2,14,26,4,0x7060,5,1,200,812.0
409066992209,2928,2,14,26,4,0x7060,5,1,200,-482.0
409067008460,2929,2,14,26,4,0x7060,5,1,200,671.0
409067025753,2930,2,14,26,4,0x7060,5,1,200,303.0
409067042193,2931,2,14,26,4,0x7060,5,1,200,183.0
409067058994,2932,2,14,26,4,0x7060,5,1,200,-660.0
409067075334,2933,2,14,26,4,0x7060,5,1,200,-183.0
409067092724,2934,2,14,26,4,0x7060,5,1,200,831.0
409067109311,2935,2,14,26,4,0x7060,5,1,200,363.0
409067125687,2936,2,14,26,4,0x7060,5,1,200,427.0
409067142134,2937,2,14,26,4,0x7060,5,1,200,455.0
409067159322,2938,2,14,26,4,0x7060,5,1,200,-892.0
409067175728,2939,2,14,26,4,0x7060,5,1,200,-867.0
409067192416,2940,2,14,26,4,0x7060,5,1,200,716.0
409067209132,2941,2,14,26,4,0x7060,5,1,200,-657.0
409067225656,2942,2,14,26,4,0x7060,5,1,200,-549.0
409067241756,2943,2,14,26,4,0x7060,5,1,200,275.0
409067258899,2944,2,14,26,4,0x7060,5,1,200,744.0
409067275799,2945,2,14,26,4,0x7060,5,1,200,634.0
409067292279,2946,2,14,26,4,0x7060,5,1,200,-380.0
409067308768,2947,2,14,26,4,0x7060,5,1,200,1037.0
409067325482,2948,2,14,26,4,0x7060,5,1,200,66.0
409067341813,2949,2,14,26,4,0x7060,5,1,200,-771.0
409067358823,2950,2,14,26,4,0x7060,5,1,200,-962.0
409067375299,2951,2,14,26,4,0x7060,5,1,200,-746.0
409067392475,2952,2,14,26,4,0x7060,5,1,200,-708.0
409067409232,2953,2,14,26,4,0x7060,5,1,200,-373.0
409067425811,2954,2,14,26,4,0x7060,5,1,200,-597.0
409067442915,2955,2,14,26,4,0x7060,5,1,200,742.0
409067458889,2956,2,14,26,4,0x7060,5,1,200,-234.0
409067475429,2957,2,14,26,4,0x7060,5,1,200,-840.0
409067492435,2958,2,14,26,4,0x7060,5,1,200,-1584.0
409067508622,2959,2,14,26,4,0x7060,5,1,200,465.0
409067526641,2960,2,14,26,4,0x7060,5,1,200,-102.0
409067542971,2961,2,14,26,4,0x7060,5,1,200,-1423.0
409067559223,2962,2,14,26,4,0x7060,5,1,200,521.0
409067575960,2963,2,14,26,4,0x7060,5,1,200,1019.0
409067592409,2964,2,14,26,4,0x7060,5,1,200,31.0
409067608953,2965,2,14,26,4,0x7060,5,1,200,700.0
409067625852,2966,2,14,26,4,0x7060,5,1,200,823.0
409067642688,2967,2,14,26,4,0x7060,5,1,200,1343.0
409067658968,2968,2,14,26,4,0x7060,5,1,200,-375.0
409067675553,2969,2,14,26,4,0x7060,5,1,200,889.0
409067692541,2970,2,14,26,4,0x7060,5,1,200,916.0
409067708774,2971,2,14,26,4,0x7060,5,1,200,-701.0
409067726134,2972,2,14,26,4,0x7060,5,1,200,-672.0
409067742409,2973,2,14,26,4,0x7060,5,1,200,293.0
409067758793,2974,2,14,26,4,0x7060,5,1,200,983.0
409067776374,2975,2,14,26,4,0x7060,5,1,200,780.0
409067792342,2976,2,14,26,4,0x7060,5,1,200,-1158.0
409067809347,2977,2,14,26,4,0x7060,5,1,200,-327.0
409067825516,2978,2,14,26,4,0x7060,5,1,200,988.0
409067842699,2979,2,14,26,4,0x7060,5,1,200,-943.0
409067859224,2980,2,14,26,4,0x7060,5,1,200,-376.0
409067875908,2981,2,14,26,4,0x7060,5,1,200,-34.0
409067892380,2982,2,14,26,4,0x7060,5,1,200,-1235.0
409067909747,2983,2,14,26,4,0x7060,5,1,200,-1037.0
409067926089,2984,2,14,26,4,0x7060,5,1,200,539.0
409067942690,2985,2,14,26,4,0x7060,5,1,200,474.0
409067959212,2986,2,14,26,4,0x7060,5,1,200,672.0
409067976074,2987,2,14,26,4,0x7060,5,1,200,114.0
409067993861,2988,2,14,26,4,0x7060,5,1,200,163.0
409068009446,2989,2,14,26,4,0x7060,5,1,200,-177.0
409068026644,2990,2,14,26,4,0x7060,5,1,200,939.0
409068042821,2991,2,14,26,4,0x7060,5,1,200,-257.0
409068059338,2992,2,14,26,4,0x7060,5,1,200,-960.0
409068076167,2993,2,14,26,4,0x7060,5,1,200,1270.0
409068092813,2994,2,14,26,4,0x7060,5,1,200,261.0
409068109934,2995,2,14,26,4,0x7060,5,1,200,-642.0
409068126360,2996,2,14,26,4,0x7060,5,1,200,332.0
409068143667,2997,2,14,26,4,0x7060,5,1,200,-83.0
409068159574,2998,2,14,26,4,0x7060,5,1,200,-153.0
409068177839,2999,2,14,26,4,0x7060,5,1,200,-614.0
409068193371,3000,2,14,26,4,0x7060,5,1,200,1095.0
409068209622,3001,2,14,26,4,0x7060,5,1,200,1222.0
409068227443,3002,2,14,26,4,0x7060,5,1,200,-208.0
409068243326,3003,2,14,26,4,0x7060,5,1,200,63.0
409068260141,3004,2,14,26,4,0x7060,5,1,200,617.0
409068276860,3005,2,14,26,4,0x7060,5,1,200,872.0
409068294670,3006,2,14,26,4,0x7060,5,1,200,-13.0
409068310438,3007,2,14,26,4,0x7060,5,1,200,-1057.0
409068327068,3008,2,14,26,4,0x7060,5,1,200,-1111.0
409068343323,3009,2,14,26,4,0x7060,5,1,200,-582.0
409068360125,3010,2,14,26,4,0x7060,5,1,200,-474.0
409068376738,3011,2,14,26,4,0x7060,5,1,200,-12.0
409068393373,3012,2,14,26,4,0x7060,5,1,200,-121.0
409068410057,3013,2,14,26,4,0x7060,5,1,200,-191.0
409068426918,3014,2,14,26,4,0x7060,5,1,200,-751.0
409068443744,3015,2,14,26,4,0x7060,5,1,200,651.0
409068460194,3016,2,14,26,4,0x7060,5,1,200,-530.0
409068476490,3017,2,14,26,4,0x7060,5,1,200,-896.0
409068493296,3018,2,14,26,4,0x7060,5,1,200,61.0
409068511170,3019,2,14,26,4,0x7060,5,1,200,-38.0
409068526545,3020,2,14,26,4,0x7060,5,1,200,601.0
409068543552,3021,2,14,26,4,0x7060,5,1,200,-962.0
409068560395,3022,2,14,26,4,0x7060,5,1,200,-851.0
409068576654,3023,2,14,26,4,0x7060,5,1,200,-986.0
409068594162,3024,2,14,26,4,0x7060,5,1,200,603.0
409068610168,3025,2,14,26,4,0x7060,5,1,200,-119.0
409068626909,3026,2,14,26,4,0x7060,5,1,200,596.0
409068643490,3027,2,14,26,4,0x7060,5,1,200,-783.0
409068660511,3028,2,14,26,4,0x7060,5,1,200,-915.0
409068676391,3029,2,14,26,4,0x7060,5,1,200,-491.0
409068693613,3030,2,14,26,4,0x7060,5,1,200,1054.0
409068710109,3031,2,14,26,4,0x7060,5,1,200,-175.0
409068726944,3032,2,14,26,4,0x7060,5,1,200,1.0
409068743810,3033,2,14,26,4,0x7060,5,1,200,500.0
409068760284,3034,2,14,26,4,0x7060,5,1,200,-600.0
409068777192,3035,2,14,26,4,0x7060,5,1,200,-177.0
409068793805,3036,2,14,26,4,0x7060,5,1,200,700.0
409068810490,3037,2,14,26,4,0x7060,5,1,200,487.0
409068827464,3038,2,14,26,4,0x7060,5,1,200,1158.0
409068845111,3039,2,14,26,4,0x7060,5,1,200,1068.0
409068860363,3040,2,14,26,4,0x7060,5,1,200,757.0
409068877631,3041,2,14,26,4,0x7060,5,1,200,143.0
409068893532,3042,2,14,26,4,0x7060,5,1,200,-1465.0
409068910141,3043,2,14,26,4,0x7060,5,1,200,-152.0
409068926902,3044,2,14,26,4,0x7060,5,1,200,-715.0
409068944196,3045,2,14,26,4,0x7060,5,1,200,882.0
409068960447,3046,2,14,26,4,0x7060,5,1,200,418.0
409068977359,3047,2,14,26,4,0x7060,5,1,200,638.0
409068993782,3048,2,14,26,4,0x7060,5,1,200,-495.0
409069011354,3049,2,14,26,4,0x7060,5,1,200,-1048.0
409069027617,3050,2,14,26,4,0x7060,5,1,200,-492.0
409069044013,3051,2,14,26,4,0x7060,5,1,200,-772.0
409069060789,3052,2,14,26,4,0x7060,5,1,200,-553.0
409069077668,3053,2,14,26,4,0x7060,5,1,200,995.0
409069094450,3054,2,14,26,4,0x7060,5,1,200,668.0
409069110387,3055,2,14,26,4,0x7060,5,1,200,857.0
409069127668,3056,2,14,26,4,0x7060,5,1,200,-171.0
409069144269,3057,2,14,26,4,0x7060,5,1,200,902.0
409069160622,3058,2,14,26,4,0x7060,5,1,200,705.0
409069177511,3059,2,14,26,4,0x7060,5,1,200,-965.0
409069194735,3060,2,14,26,4,0x7060,5,1,200,1356.0
409069210518,3061,2,14,26,4,0x7060,5,1,200,97.0
409069227565,3062,2,14,26,4,0x7060,5,1,200,-880.0
409069244302,3063,2,14,26,4,0x7060,5,1,200,-872.0
409069260970,3064,2,14,26,4,0x7060,5,1,200,-1181.0
409069277520,3065,2,14,26,4,0x7060,5,1,200,-165.0
409069295236,3066,2,14,26,4,0x7060,5,1,200,-583.0
409069311349,3067,2,14,26,4,0x7060,5,1,200,-773.0
409069327695,3068,2,14,26,4,0x7060,5,1,200,665.0
409069344896,3069,2,14,26,4,0x7060,5,1,200,-72.0
409069360954,3070,2,14,26,4,0x7060,5,1,200,-851.0
409069377682,3071,2,14,26,4,0x7060,5,1,200,237.0
409069394354,3072,2,14,26,4,0x7060,5,1,200,125.0
409069411200,3073,2,14,26,4,0x7060,5,1,200,403.0
409069427992,3074,2,14,26,4,0x7060,5,1,200,-370.0
409069444239,3075,2,14,26,4,0x7060,5,1,200,212.0
409069461478,3076,2,14,26,4,0x7060,5,1,200,461.0
409069478536,3077,2,14,26,4,0x7060,5,1,200,428.0
409069494423,3078,2,14,26,4,0x7060,5,1,200,356.0
409069511380,3079,2,14,26,4,0x7060,5,1,200,-981.0
409069527561,3080,2,14,26,4,0x7060,5,1,200,611.0
409069544503,3081,2,14,26,4,0x7060,5,1,200,589.0
409069561203,3082,2,14,26,4,0x7060,5,1,200,-1119.0
409069578189,3083,2,14,26,4,0x7060,5,1,200,-1062.0
409069594616,3084,2,14,26,4,0x7060,5,1,200,612.0
409069611223,3085,2,14,26,4,0x7060,5,1,200,-1033.0
409069627555,3086,2,14,26,4,0x7060,5,1,200,-638.0
409069645348,3087,2,14,26,4,0x7060,5,1,200,-635.0
409069661214,3088,2,14,26,4,0x7060,5,1,200,965.0
409069678724,3089,2,14,26,4,0x7060,5,1,200,32.0
409069696075,3090,2,14,26,4,0x7060,5,1,200,717.0
409069711112,3091,2,14,26,4,0x7060,5,1,200,471.0
409069729758,3092,2,14,26,4,0x7060,5,1,200,-804.0
409069744650,3093,2,14,26,4,0x7060,5,1,200,-1427.0
409069761263,3094,2,14,26,4,0x7060,5,1,200,919.0
409069778061,3095,2,14,26,4,0x7060,5,1,200,-347.0
409069795641,3096,2,14,26,4,0x7060,5,1,200,-103.0
409069811040,3097,2,14,26,4,0x7060,5,1,200,-178.0
409069827733,3098,2,14,26,4,0x7060,5,1,200,-1077.0
409069844332,3099,2,14,26,4,0x7060,5,1,200,88.0
409069861503,3100,2,14,26,4,0x7060,5,1,200,-633.0
409069878271,3101,2,14,26,4,0x7060,5,1,200,697.0
409069894193,3102,2,14,26,4,0x7060,5,1,200,458.0
409069911683,3103,2,14,26,4,0x7060,5,1,200,949.0
409069927849,3104,2,14,26,4,0x7060,5,1,200,86.0
409069944890,3105,2,14,26,4,0x7060,5,1,200,-975.0
409069960945,3106,2,14,26,4,0x7060,5,1,200,438.0
409069977832,3107,2,14,26,4,0x7060,5,1,200,-896.0
409069994477,3108,2,14,26,4,0x7060,5,1,200,590.0
409070010895,3109,2,14,26,4,0x7060,5,1,200,-282.0
409070028004,3110,2,14,26,4,0x7060,5,1,200,433.0
409070044852,3111,2,14,26,4,0x7060,5,1,200,1220.0
409070061134,3112,2,14,26,4,0x7060,5,1,200,1469.0
409070077534,3113,2,14,26,4,0x7060,5,1,200,-208.0
409070094298,3114,2,14,26,4,0x7060,5,1,200,-614.0
409070110998,3115,2,14,26,4,0x7060,5,1,200,-642.0
409070128230,3116,2,14,26,4,0x7060,5,1,200,857.0
409070144903,3117,2,14,26,4,0x7060,5,1,200,699.0
409070161135,3118,2,14,26,4,0x7060,5,1,200,1209.0
409070178898,3119,2,14,26,4,0x7060,5,1,200,964.0
409070194586,3120,2,14,26,4,0x7060,5,1,200,-874.0
409070211769,3121,2,14,26,4,0x7060,5,1,200,611.0
409070227908,3122,2,14,26,4,0x7060,5,1,200,528.0
409070244843,3123,2,14,26,4,0x7060,5,1,200,-1200.0
409070262418,3124,2,14,26,4,0x7060,5,1,200,721.0
409070278381,3125,2,14,26,4,0x7060,5,1,200,714.0
409070295060,3126,2,14,26,4,0x7060,5,1,200,787.0
409070311018,3127,2,14,26,4,0x7060,5,1,200,-636.0
409070328936,3128,2,14,26,4,0x7060,5,1,200,-182.0
409070344783,3129,2,14,26,4,0x7060,5,1,200,637.0
409070361458,3130,2,14,26,4,0x7060,5,1,200,-783.0
409070378388,3131,2,14,26,4,0x7060,5,1,200,302.0
409070395259,3132,2,14,26,4,0x7060,5,1,200,-894.0
409070411661,3133,2,14,26,4,0x7060,5,1,200,254.0
409070428128,3134,2,14,26,4,0x7060,5,1,200,-834.0
409070445413,3135,2,14,26,4,0x7060,5,1,200,-926.0
409070462224,3136,2,14,26,4,0x7060,5,1,200,-795.0
409070478620,3137,2,14,26,4,0x7060,5,1,200,-889.0
409070494854,3138,2,14,26,4,0x7060,5,1,200,1094.0
409070511635,3139,2,14,26,4,0x7060,5,1,200,-419.0
409070528518,3140,2,14,26,4,0x7060,5,1,200,275.0
409070544970,3141,2,14,26,4,0x7060,5,1,200,-323.0
409070561512,3142,2,14,26,4,0x7060,5,1,200,151.0
409070578284,3143,2,14,26,4,0x7060,5,1,200,948.0
409070595184,3144,2,14,26,4,0x7060,5,1,200,-1459.0
409070611685,3145,2,14,26,4,0x7060,5,1,200,347.0
409070628290,3146,2,14,26,4,0x7060,5,1,200,-472.0
409070644925,3147,2,14,26,4,0x7060,5,1,200,-43.0
409070662097,3148,2,14,26,4,0x7060,5,1,200,738.0
409070678262,3149,2,14,26,4,0x7060,5,1,200,-692.0
409070694761,3150,2,14,26,4,0x7060,5,1,200,598.0
409070712597,3151,2,14,26,4,0x7060,5,1,200,-46.0
409070728366,3152,2,14,26,4,0x7060,5,1,200,730.0
409070745471,3153,2,14,26,4,0x7060,5,1,200,814.0
409070761839,3154,2,14,26,4,0x7060,5,1,200,1210.0
409070778373,3155,2,14,26,4,0x7060,5,1,200,231.0
409070795098,3156,2,14,26,4,0x7060,5,1,200,134.0
409070812653,3157,2,14,26,4,0x7060,5,1,200,683.0
409070829819,3158,2,14,26,4,0x7060,5,1,200,-49.0
409070846924,3159,2,14,26,4,0x7060,5,1,200,127.0
409070863617,3160,2,14,26,4,0x7060,5,1,200,1.0
409070878527,3161,2,14,26,4,0x7060,5,1,200,1020.0
409070896669,3162,2,14,26,4,0x7060,5,1,200,578.0
409070911973,3163,2,14,26,4,0x7060,5,1,200,-870.0
409070928706,3164,2,14,26,4,0x7060,5,1,200,326.0
409070945213,3165,2,14,26,4,0x7060,5,1,200,-5.0
409070962010,3166,2,14,26,4,0x7060,5,1,200,-1448.0
409070978823,3167,1,255,27,4,0x7060,5,1,200,1253.0
409070995746,3168,1,255,27,4,0x7060,5,1,200,-823.0
409071013651,3169,1,255,27,4,0x7060,5,1,200,850.0
409071029813,3170,1,255,27,4,0x7060,5,1,200,-564.0
409071045546,3171,1,255,27,4,0x7060,5,1,200,225.0
409071062081,3172,1,255,27,4,0x7060,5,1,200,815.0
409071079756,3173,1,255,27,4,0x7060,5,1,200,1153.0
409071095746,3174,1,255,27,4,0x7060,5,1,200,-630.0
409071112414,3175,1,255,27,4,0x7060,5,1,200,933.0
409071128820,3176,1,255,27,4,0x7060,5,1,200,1260.0
409071145700,3177,1,255,27,4,0x7060,5,1,200,134.0
409071162212,3178,1,255,27,4,0x7060,5,1,200,1395.0
409071178992,3179,1,255,27,4,0x7060,5,1,200,-232.0
409071196098,3180,1,255,27,4,0x7060,5,1,200,471.0
409071212075,3181,1,255,27,4,0x7060,5,1,200,-1073.0
409071229877,3182,1,255,27,4,0x7060,5,1,200,-1093.0
409071245939,3183,1,255,27,4,0x7060,5,1,200,-918.0
409071262584,3184,1,255,27,4,0x7060,5,1,200,-473.0
409071279331,3185,1,255,27,4,0x7060,5,1,200,737.0
409071295735,3186,1,255,27,4,0x7070,6,1,200,432.0
409071313625,3187,1,255,27,4,0x7070,6,1,200,-1043.0
409071329437,3188,1,255,27,4,0x7060,5,1,200,862.0
409071345693,3189,1,255,27,4,0x7060,5,1,200,-472.0
409071362265,3190,1,255,27,4,0x7060,5,1,200,-620.0
409071379396,3191,1,255,27,4,0x7060,5,1,200,-113.0
409071395445,3192,1,255,27,4,0x7060,5,1,200,-95.0
409071412669,3193,1,255,27,4,0x7070,6,1,200,-336.0
409071428956,3194,1,255,27,4,0x7070,6,1,200,-545.0
409071445719,3195,1,255,27,4,0x7070,6,1,200,-1015.0
409071462631,3196,1,255,27,4,0x7070,6,1,200,-1015.0
409071479594,3197,1,255,27,4,0x7070,6,1,200,129.0
409071495792,3198,1,255,27,4,0x7070,6,1,200,-20.0
409071512801,3199,1,255,27,4,0x7060,5,1,200,698.0
409071529771,3200,1,255,27,4,0x7070,6,1,200,-304.0
409071546295,3201,1,255,27,4,0x7078,7,1,200,-1250.0
409071562354,3202,1,255,27,4,0x7070,6,1,200,83.0
409071579927,3203,1,255,27,4,0x7070,6,1,200,-825.0
409071596192,3204,1,255,27,4,0x7070,6,1,200,619.0
409071612734,3205,1,255,27,4,0x7070,6,1,200,-487.0
409071629566,3206,1,255,27,4,0x7060,5,1,200,714.0
409071646373,3207,1,255,27,4,0x7060,5,1,200,143.0
409071663450,3208,1,255,27,4,0x7060,5,1,200,-771.0
409071679031,3209,1,255,27,4,0x7060,5,1,200,-878.0
409071696510,3210,1,255,27,4,0x7070,6,1,200,-38.0
409071712978,3211,1,255,27,4,0x7060,5,1,200,985.0
409071729641,3212,1,255,27,4,0x7070,6,1,200,39.0
409071746637,3213,1,255,27,4,0x7060,5,1,200,-491.0
409071762881,3214,1,255,27,4,0x7070,6,1,200,-533.0
409071780217,3215,1,255,27,4,0x7070,6,1,200,-705.0
409071796895,3216,1,255,27,4,0x7070,6,1,200,1505.0
409071812907,3217,1,255,27,4,0x7070,6,1,200,1208.0
409071829594,3218,1,255,27,4,0x7060,5,1,200,-278.0
409071846458,3219,1,255,27,4,0x7060,5,1,200,128.0
409071863004,3220,1,255,27,4,0x7060,5,1,200,909.0
409071880019,3221,1,255,27,4,0x7060,5,1,200,1273.0
409071896170,3222,1,255,27,4,0x7060,5,1,200,-278.0
409071913414,3223,1,255,27,4,0x7060,5,1,200,1002.0
409071929508,3224,1,255,27,4,0x7060,5,1,200,387.0
409071946706,3225,1,255,27,4,0x7060,5,1,200,413.0
409071963491,3226,1,255,27,4,0x7060,5,1,200,-691.0
409071979500,3227,1,255,27,4,0x7060,5,1,200,-714.0
409071996718,3228,1,255,28,4,0x7060,5,1,200,625.0
409072012869,3229,1,255,28,4,0x7060,5,1,200,-232.0
409072030587,3230,1,255,28,4,0x7060,5,1,200,1392.0
409072047103,3231,1,255,28,4,0x7060,5,1,200,99.0
409072063006,3232,1,255,28,4,0x7060,5,1,200,-655.0
409072080107,3233,1,255,28,4,0x7060,5,1,200,-906.0
409072096890,3234,1,255,28,4,0x7060,5,1,200,-1329.0
409072113145,3235,1,255,28,4,0x7060,5,1,200,705.0
409072129537,3236,1,255,28,4,0x7060,5,1,200,-399.0
409072146479,3237,1,255,28,4,0x7060,5,1,200,-41.0
409072163550,3238,1,255,28,4,0x7060,5,1,200,-665.0
409072180118,3239,1,255,28,4,0x7060,5,1,200,760.0
409072196513,3240,1,255,28,4,0x7060,5,1,200,346.0
409072213447,3241,1,255,28,4,0x7060,5,1,200,1252.0
409072229849,3242,1,255,28,4,0x7060,5,1,200,-378.0
409072247110,3243,1,255,28,4,0x7060,5,1,200,485.0
409072263372,3244,1,255,28,4,0x7060,5,1,200,108.0
409072280002,3245,1,255,28,4,0x7060,5,1,200,-945.0
409072297846,3246,1,255,28,4,0x7060,5,1,200,-216.0
409072313157,3247,1,255,28,4,0x7060,5,1,200,509.0
409072330247,3248,1,255,28,4,0x7060,5,1,200,-738.0
409072347075,3249,1,255,28,4,0x7060,5,1,200,464.0
409072362921,3250,1,255,28,4,0x7060,5,1,200,619.0
409072380109,3251,1,255,28,4,0x7060,5,1,200,-903.0
409072396478,3252,1,255,28,4,0x7060,5,1,200,-844.0
409072415650,3253,1,255,28,4,0x7060,5,1,200,-686.0
409072429906,3254,1,255,28,4,0x7060,5,1,200,-684.0
409072447593,3255,1,255,28,4,0x7060,5,1,200,-351.0
409072463610,3256,1,255,28,4,0x7060,5,1,200,-228.0
409072480441,3257,1,255,28,4,0x7060,5,1,200,623.0
409072496608,3258,1,255,28,4,0x7060,5,1,200,-846.0
409072513584,3259,1,255,28,4,0x7060,5,1,200,834.0
409072530311,3260,1,255,28,4,0x7060,5,1,200,134.0
409072546877,3261,1,255,28,4,0x7060,5,1,200,468.0
409072563616,3262,1,255,28,4,0x7060,5,1,200,37.0
409072580728,3263,1,255,28,4,0x7060,5,1,200,842.0
409072597813,3264,1,255,28,4,0x7060,5,1,200,905.0
409072613914,3265,1,255,28,4,0x7070,6,1,200,-220.0
409072630690,3266,1,255,28,4,0x7070,6,1,200,-333.0
409072646786,3267,1,255,28,4,0x7070,6,1,200,7.0
409072664083,3268,1,255,28,4,0x7060,5,1,200,-510.0
409072680708,3269,1,255,28,4,0x7060,5,1,200,-1077.0
409072697320,3270,1,255,28,4,0x7060,5,1,200,-1029.0
409072714264,3271,1,255,28,4,0x7060,5,1,200,1308.0
409072730477,3272,1,255,28,4,0x7060,5,1,200,733.0
409072747363,3273,1,255,28,4,0x7060,5,1,200,663.0
409072763849,3274,1,255,28,4,0x7060,5,1,200,96.0
409072780870,3275,1,255,28,4,0x7060,5,1,200,1066.0
409072797218,3276,1,255,28,4,0x7060,5,1,200,1294.0
409072813803,3277,1,255,28,4,0x7060,5,1,200,605.0
409072830487,3278,1,255,28,4,0x7060,5,1,200,117.0
409072847679,3279,1,255,28,4,0x7060,5,1,200,-1048.0
409072864660,3280,1,255,28,4,0x7060,5,1,200,-620.0
409072880422,3281,1,255,28,4,0x7060,5,1,200,-984.0
409072897208,3282,1,255,28,4,0x7060,5,1,200,-229.0
409072913910,3283,1,255,28,4,0x7060,5,1,200,-816.0
409072930629,3284,1,255,28,4,0x7060,5,1,200,205.0
409072947518,3285,1,255,28,4,0x7060,5,1,200,94.0
409072963687,3286,1,255,28,4,0x7060,5,1,200,-435.0
409072980929,3287,1,255,28,4,0x7060,5,1,200,1369.0
409072997660,3288,1,255,29,4,0x7060,5,1,200,735.0
409073013949,3289,1,255,29,4,0x7060,5,1,200,85.0
409073030414,3290,1,255,29,4,0x7060,5,1,200,727.0
409073047780,3291,1,255,29,4,0x7060,5,1,200,548.0
409073064165,3292,1,255,29,4,0x7060,5,1,200,496.0
409073080977,3293,1,255,29,4,0x7060,5,1,200,1087.0
409073098567,3294,1,255,29,4,0x7060,5,1,200,376.0
409073114530,3295,1,255,29,4,0x7060,5,1,200,-277.0
409073131273,3296,1,255,29,4,0x7060,5,1,200,-217.0
409073147368,3297,1,255,29,4,0x7060,5,1,200,131.0
409073165073,3298,1,255,29,4,0x7060,5,1,200,-60.0
409073180928,3299,1,255,29,4,0x7060,5,1,200,703.0
409073197541,3300,1,255,29,4,0x7060,5,1,200,-973.0
409073214746,3301,1,255,29,4,0x7060,5,1,200,-1167.0
409073231770,3302,1,255,29,4,0x7060,5,1,200,767.0
409073248111,3303,1,255,29,4,0x7060,5,1,200,642.0
409073264394,3304,1,255,29,4,0x7060,5,1,200,-494.0
409073280990,3305,1,255,29,4,0x7060,5,1,200,924.0
409073298079,3306,1,255,29,4,0x7060,5,1,200,-899.0
409073314714,3307,1,255,29,4,0x7060,5,1,200,-1056.0
409073331770,3308,1,255,29,4,0x7060,5,1,200,-56.0
409073347483,3309,1,255,29,4,0x7060,5,1,200,-76.0
409073364328,3310,1,255,29,4,0x7060,5,1,200,-57.0
409073382697,3311,1,255,29,4,0x7060,5,1,200,-274.0
409073397737,3312,1,255,29,4,0x7060,5,1,200,-259.0
409073415063,3313,1,255,29,4,0x7060,5,1,200,614.0
409073431550,3314,1,255,29,4,0x7060,5,1,200,85.0
409073447784,3315,1,255,29,4,0x7060,5,1,200,-546.0
409073464259,3316,1,255,29,4,0x7060,5,1,200,159.0
409073481643,3317,1,255,29,4,0x7060,5,1,200,771.0
409073497842,3318,1,255,29,4,0x7060,5,1,200,965.0
409073514892,3319,1,255,29,4,0x7060,5,1,200,1333.0
409073531393,3320,1,255,29,4,0x7060,5,1,200,-366.0
409073548294,3321,1,255,29,4,0x7060,5,1,200,-656.0
409073564993,3322,1,255,29,4,0x7060,5,1,200,630.0
409073582004,3323,1,255,29,4,0x7060,5,1,200,-1062.0
409073598007,3324,1,255,29,4,0x7060,5,1,200,593.0
409073614613,3325,1,255,29,4,0x7060,5,1,200,382.0
409073631854,3326,1,255,29,4,0x7060,5,1,200,981.0
409073647792,3327,1,255,29,4,0x7060,5,1,200,-543.0
409073664790,3328,1,255,29,4,0x7060,5,1,200,1104.0
409073681756,3329,1,255,29,4,0x7060,5,1,200,710.0
409073697841,3330,1,255,29,4,0x7060,5,1,200,-436.0
409073716008,3331,1,255,29,4,0x7060,5,1,200,-372.0
409073731676,3332,1,255,29,4,0x7060,5,1,200,-321.0
409073748402,3333,1,255,29,4,0x7060,5,1,200,-995.0
409073765839,3334,1,255,29,4,0x7060,5,1,200,979.0
409073781311,3335,1,255,29,4,0x7060,5,1,200,766.0
409073797879,3336,1,255,29,4,0x7060,5,1,200,387.0
409073815218,3337,1,255,29,4,0x7060,5,1,200,644.0
409073831815,3338,1,255,29,4,0x7060,5,1,200,-1031.0
409073848394,3339,1,255,29,4,0x7060,5,1,200,115.0
409073864616,3340,1,255,29,4,0x7060,5,1,200,993.0
409073882141,3341,1,255,29,4,0x7070,6,1,200,-447.0
409073898911,3342,1,255,29,4,0x7060,5,1,200,-14.0
409073914958,3343,1,255,29,4,0x7060,5,1,200,582.0
409073931636,3344,1,255,29,4,0x7060,5,1,200,701.0
409073947956,3345,1,255,29,4,0x7060,5,1,200,782.0
409073965108,3346,1,255,29,4,0x7060,5,1,200,-422.0
409073981652,3347,1,255,29,4,0x7070,6,1,200,942.0
409073998725,3348,2,255,30,4,0x7060,5,1,200,-598.0
409074015478,3349,2,255,30,4,0x7070,6,1,200,-821.0
409074031914,3350,2,255,30,4,0x7060,5,1,200,-756.0
409074049027,3351,2,255,30,4,0x7060,5,1,200,322.0
409074065354,3352,2,255,30,4,0x7070,6,1,200,-510.0
409074081998,3353,2,255,30,4,0x7060,5,1,200,-421.0
409074098659,3354,2,255,30,4,0x7070,6,1,200,-232.0
409074115397,3355,2,255,30,4,0x7060,5,1,200,-871.0
409074131547,3356,2,255,30,4,0x7070,6,1,200,-210.0
409074148674,3357,2,255,30,4,0x7060,5,1,200,-604.0
409074165023,3358,2,255,30,4,0x7060,5,1,200,420.0
409074181864,3359,2,255,30,4,0x7060,5,1,200,-880.0
409074198542,3360,2,255,30,4,0x7070,6,1,200,-876.0
409074216318,3361,2,255,30,4,0x7060,5,1,200,-51.0
409074232714,3362,2,255,30,4,0x7060,5,1,200,206.0
409074248771,3363,2,255,30,4,0x7060,5,1,200,-1047.0
409074265077,3364,2,255,30,4,0x7070,6,1,200,803.0
409074281633,3365,2,255,30,4,0x7060,5,1,200,-984.0
409074300029,3366,2,255,30,4,0x7060,5,1,200,1022.0
409074315216,3367,2,255,30,4,0x7070,6,1,200,926.0
409074333649,3368,2,255,30,4,0x7070,6,1,200,-1015.0
409074348784,3369,2,255,30,4,0x7060,5,1,200,776.0
409074365908,3370,2,255,30,4,0x7060,5,1,200,788.0
409074381951,3371,2,255,30,4,0x7070,6,1,200,188.0
409074399756,3372,2,255,30,4,0x7070,6,1,200,170.0
409074415505,3373,2,255,30,4,0x7070,6,1,200,501.0
409074431972,3374,2,255,30,4,0x7060,5,1,200,1168.0
409074448850,3375,2,255,30,4,0x7060,5,1,200,-762.0
409074465349,3376,2,255,30,4,0x7060,5,1,200,581.0
409074482248,3377,2,255,30,4,0x7060,5,1,200,141.0
409074503319,3378,2,255,30,4,0x7070,6,1,200,374.0
409074516233,3379,2,255,30,4,0x7070,6,1,200,-1198.0
409074532732,3380,2,255,30,4,0x7060,5,1,200,-249.0
409074549840,3381,2,255,30,4,0x7070,6,1,200,-502.0
409074566488,3382,2,255,30,4,0x7060,5,1,200,568.0
409074582685,3383,2,255,30,4,0x7060,5,1,200,-751.0
409074599126,3384,2,255,30,4,0x7070,6,1,200,-134.0
409074616126,3385,2,255,30,4,0x7060,5,1,200,-634.0
409074634269,3386,2,255,30,4,0x7070,6,1,200,-1628.0
409074649038,3387,2,255,30,4,0x7060,5,1,200,-1128.0
409074666795,3388,2,255,30,4,0x7060,5,1,200,-1019.0
409074683027,3389,2,255,30,4,0x7060,5,1,200,1002.0
409074698923,3390,2,255,30,4,0x7060,5,1,200,331.0
409074715727,3391,2,255,30,4,0x7060,5,1,200,-1198.0
409074732671,3392,2,255,30,4,0x7060,5,1,200,-1012.0
409074749113,3393,2,255,30,4,0x7070,6,1,200,-314.0
409074765578,3394,2,255,30,4,0x7070,6,1,200,-888.0
409074783308,3395,2,255,30,4,0x7060,5,1,200,-411.0
409074800153,3396,2,255,30,4,0x7060,5,1,200,-959.0
409074815898,3397,2,255,30,4,0x7070,6,1,200,964.0
409074832972,3398,2,255,30,4,0x7070,6,1,200,520.0
409074849052,3399,2,255,30,4,0x7060,5,1,200,-23.0
409074866580,3400,2,255,30,4,0x7070,6,1,200,648.0
409074883674,3401,2,255,30,4,0x7070,6,1,200,50.0
409074899388,3402,2,255,30,4,0x7060,5,1,200,317.0
409074916115,3403,2,255,30,4,0x7070,6,1,200,-1131.0
409074933155,3404,2,255,30,4,0x7070,6,1,200,-1273.0
409074949754,3405,2,255,30,4,0x7060,5,1,200,-42.0
409074968583,3406,2,255,30,4,0x7060,5,1,200,1362.0
409074983852,3407,2,255,30,4,0x7060,5,1,200,-915.0
409074999617,3408,2,14,31,4,0x7070,6,1,200,282.0
409075016379,3409,2,14,31,4,0x7070,6,1,200,-63.0
409075032931,3410,2,14,31,4,0x7070,6,1,200,817.0
409075049530,3411,2,14,31,4,0x7070,6,1,200,454.0
409075066671,3412,2,14,31,4,0x7070,6,1,200,226.0
409075083088,3413,2,14,31,4,0x7070,6,1,200,234.0
409075099400,3414,2,14,31,4,0x7060,5,1,200,1173.0
409075117389,3415,2,14,31,4,0x7060,5,1,200,-44.0
409075135537,3416,2,14,31,4,0x7060,5,1,200,-756.0
409075149697,3417,2,14,31,4,0x7060,5,1,200,-1100.0
409075166115,3418,2,14,31,4,0x7060,5,1,200,-491.0
409075182646,3419,2,14,31,4,0x7070,6,1,200,-505.0
409075200110,3420,2,14,31,4,0x7060,5,1,200,-817.0
409075216415,3421,2,14,31,4,0x7060,5,1,200,835.0
409075232823,3422,2,14,31,4,0x7060,5,1,200,-1224.0
409075250133,3423,2,14,31,4,0x7060,5,1,200,-987.0
409075269573,3424,2,14,31,4,0x7060,5,1,200,-121.0
409075282863,3425,2,14,31,4,0x7070,6,1,200,-775.0
409075299693,3426,2,14,31,4,0x7070,6,1,200,-250.0
409075316459,3427,2,14,31,4,0x7060,5,1,200,894.0
409075333679,3428,2,14,31,4,0x7060,5,1,200,74.0
409075350018,3429,2,14,31,4,0x7060,5,1,200,155.0
409075366595,3430,2,14,31,4,0x7060,5,1,200,-599.0
409075384793,3431,2,14,31,4,0x7060,5,1,200,1560.0
409075399814,3432,2,14,31,4,0x7060,5,1,200,-393.0
409075416870,3433,2,14,31,4,0x7060,5,1,200,-99.0
409075434162,3434,2,14,31,4,0x7060,5,1,200,638.0
409075450176,3435,2,14,31,4,0x7070,6,1,200,1135.0
409075466546,3436,2,14,31,4,0x7070,6,1,200,244.0
409075484310,3437,2,14,31,4,0x7070,6,1,200,70.0
409075500645,3438,2,14,31,4,0x7060,5,1,200,421.0
409075517969,3439,2,14,31,4,0x7060,5,1,200,-444.0
409075535578,3440,2,14,31,4,0x7060,5,1,200,-18.0
409075550063,3441,2,14,31,4,0x7060,5,1,200,-54.0
409075567442,3442,2,14,31,4,0x7060,5,1,200,-453.0
409075583701,3443,2,14,31,4,0x7060,5,1,200,-1149.0
409075600580,3444,2,14,31,4,0x7060,5,1,200,-455.0
409075618206,3445,2,14,31,4,0x7060,5,1,200,-862.0
409075635519,3446,2,14,31,4,0x7060,5,1,200,632.0
409075650648,3447,2,14,31,4,0x7060,5,1,200,56.0
409075666806,3448,2,14,31,4,0x7060,5,1,200,1305.0
409075683829,3449,2,14,31,4,0x7060,5,1,200,-799.0
409075701446,3450,2,14,31,4,0x7060,5,1,200,128.0
409075718211,3451,2,14,31,4,0x7070,6,1,200,-1643.0
409075737974,3452,2,14,31,4,0x7070,6,1,200,-936.0
409075750578,3453,2,14,31,4,0x7060,5,1,200,1117.0
409075767131,3454,2,14,31,4,0x7070,6,1,200,435.0
409075783933,3455,2,14,31,4,0x7070,6,1,200,27.0
409075800714,3456,2,14,31,4,0x7070,6,1,200,-867.0
409075818241,3457,2,14,31,4,0x7070,6,1,200,-450.0
409075839276,3458,2,14,31,4,0x7070,6,1,200,966.0
409075851293,3459,2,14,31,4,0x7060,5,1,200,-493.0
409075867404,3460,2,14,31,4,0x7070,6,1,200,-68.0
409075885197,3461,2,14,31,4,0x7070,6,1,200,-382.0
409075900227,3462,2,14,31,4,0x7070,6,1,200,326.0
409075916925,3463,2,14,31,4,0x7070,6,1,200,563.0
409075934363,3464,2,14,31,4,0x7070,6,1,200,1064.0
409075951359,3465,2,14,31,4,0x7070,6,1,200,614.0
409075967074,3466,2,14,31,4,0x7070,6,1,200,-826.0
409075985309,3467,2,14,31,4,0x7070,6,1,200,1330.0
409076000760,3468,2,14,31,4,0x7070,6,1,200,664.0
409076017384,3469,2,14,31,4,0x7070,6,1,200,279.0
409076033478,3470,2,14,31,4,0x7070,6,1,200,-744.0
409076052158,3471,2,14,31,4,0x7070,6,1,200,-835.0
409076069280,3472,2,14,31,4,0x7070,6,1,200,-289.0
409076083896,3473,2,14,31,4,0x7070,6,1,200,-161.0
409076101269,3474,2,14,31,4,0x7070,6,1,200,-894.0
409076118471,3475,2,14,31,4,0x7060,5,1,200,-393.0
409076133902,3476,2,14,31,4,0x7060,5,1,200,987.0
409076151317,3477,2,14,31,4,0x7060,5,1,200,1019.0
409076167669,3478,2,14,31,4,0x7060,5,1,200,381.0
409076184180,3479,2,14,31,4,0x7060,5,1,200,-348.0
409076202092,3480,2,14,31,4,0x7060,5,1,200,-1176.0
409076218896,3481,2,14,31,4,0x7060,5,1,200,231.0
409076236878,3482,2,14,31,4,0x7060,5,1,200,259.0
409076252004,3483,2,14,31,4,0x7060,5,1,200,1100.0
409076268391,3484,2,14,31,4,0x7060,5,1,200,-1563.0
409076286928,3485,2,14,31,4,0x7070,6,1,200,815.0
409076302264,3486,2,14,31,4,0x7070,6,1,200,421.0
409076318810,3487,2,14,31,4,0x7070,6,1,200,-1211.0
409076335174,3488,2,14,31,4,0x7070,6,1,200,304.0
409076351260,3489,2,14,31,4,0x7060,5,1,200,929.0
409076367953,3490,2,14,31,4,0x7060,5,1,200,853.0
409076386225,3491,2,14,31,4,0x7060,5,1,200,-529.0
409076402281,3492,2,14,31,4,0x7060,5,1,200,541.0
409076418437,3493,2,14,31,4,0x7060,5,1,200,17.0
409076436263,3494,2,14,31,4,0x7060,5,1,200,-168.0
409076451010,3495,2,14,31,4,0x7060,5,1,200,-111.0
409076467721,3496,2,14,31,4,0x7060,5,1,200,1117.0
409076484506,3497,2,14,31,4,0x7060,5,1,200,-789.0
409076503491,3498,2,14,31,4,0x7070,6,1,200,-1827.0
409076518651,3499,2,14,31,4,0x7070,6,1,200,-328.0
409076535136,3500,2,14,31,4,0x7070,6,1,200,232.0
409076550961,3501,2,14,31,4,0x7070,6,1,200,116.0
409076567833,3502,2,14,31,4,0x7070,6,1,200,-872.0
409076584677,3503,2,14,31,4,0x7070,6,1,200,-793.0
409076601111,3504,2,14,31,4,0x7060,5,1,200,806.0
409076620825,3505,2,14,31,4,0x7060,5,1,200,1105.0
409076634833,3506,2,14,31,4,0x7070,6,1,200,-621.0
409076652321,3507,2,14,31,4,0x7060,5,1,200,-1923.0
409076668420,3508,2,14,31,4,0x7070,6,1,200,209.0
409076686017,3509,2,14,31,4,0x7070,6,1,200,185.0
409076700965,3510,2,14,31,4,0x7070,6,1,200,261.0
409076717632,3511,2,14,31,4,0x7070,6,1,200,-259.0
409076735469,3512,2,14,31,4,0x7070,6,1,200,403.0
409076751455,3513,2,14,31,4,0x7060,5,1,200,-348.0
409076771690,3514,2,14,31,4,0x7060,5,1,200,453.0
409076785721,3515,2,14,31,4,0x7060,5,1,200,474.0
409076802570,3516,2,14,31,4,0x7070,6,1,200,1202.0
409076818204,3517,2,14,31,4,0x7070,6,1,200,1111.0
409076834724,3518,2,14,31,4,0x7070,6,1,200,-574.0
409076852648,3519,2,14,31,4,0x7070,6,1,200,281.0
409076869871,3520,2,14,31,4,0x7070,6,1,200,-68.0
409076884757,3521,2,14,31,4,0x7060,5,1,200,1062.0
409076901519,3522,2,14,31,4,0x7070,6,1,200,-893.0
409076919160,3523,2,14,31,4,0x7070,6,1,200,-813.0
409076935269,3524,2,14,31,4,0x7070,6,1,200,-850.0
409076951645,3525,2,14,31,4,0x7070,6,1,200,-598.0
409076969959,3526,2,14,31,4,0x7070,6,1,200,-226.0
409076987660,3527,2,14,31,4,0x7070,6,1,200,457.0
409077005133,3528,2,14,31,4,0x7070,6,1,200,-895.0
409077017978,3529,2,14,31,4,0x7070,6,1,200,-716.0
409077035478,3530,2,14,31,4,0x7060,5,1,200,512.0
409077051402,3531,2,14,31,4,0x7060,5,1,200,640.0
409077068493,3532,2,14,31,4,0x7060,5,1,200,536.0
409077085603,3533,2,14,31,4,0x7060,5,1,200,46.0
409077107653,3534,2,14,31,4,0x7060,5,1,200,454.0
409077118691,3535,2,14,31,4,0x7060,5,1,200,562.0
409077135392,3536,2,14,31,4,0x7070,6,1,200,422.0
409077154337,3537,2,14,31,4,0x7070,6,1,200,-292.0
409077168509,3538,2,14,31,4,0x7060,5,1,200,-940.0
409077188162,3539,2,14,31,4,0x7060,5,1,200,-1148.0
409077201508,3540,2,14,31,4,0x7060,5,1,200,-844.0
409077220157,3541,2,14,31,4,0x7060,5,1,200,887.0
409077236014,3542,2,14,31,4,0x7060,5,1,200,-880.0
409077255174,3543,2,14,31,4,0x7060,5,1,200,-503.0
409077268624,3544,2,14,31,4,0x7060,5,1,200,-553.0
409077285054,3545,2,14,31,4,0x7060,5,1,200,-694.0
409077302111,3546,2,14,31,4,0x7060,5,1,200,584.0
409077318860,3547,2,14,31,4,0x7060,5,1,200,-751.0
409077335726,3548,2,14,31,4,0x7060,5,1,200,1185.0
409077351978,3549,2,14,31,4,0x7060,5,1,200,584.0
409077369910,3550,2,14,31,4,0x7060,5,1,200,-59.0
409077385313,3551,2,14,31,4,0x7060,5,1,200,-189.0
409077401943,3552,2,14,31,4,0x7060,5,1,200,-681.0
409077418826,3553,2,14,31,4,0x7070,6,1,200,-31.0
409077435144,3554,2,14,31,4,0x7070,6,1,200,-259.0
409077452410,3555,2,14,31,4,0x7060,5,1,200,813.0
409077468646,3556,2,14,31,4,0x7060,5,1,200,734.0
409077486655,3557,2,14,31,4,0x7060,5,1,200,1026.0
409077502114,3558,2,14,31,4,0x7060,5,1,200,695.0
409077518844,3559,2,14,31,4,0x7060,5,1,200,480.0
409077536490,3560,2,14,31,4,0x7060,5,1,200,50.0
409077553333,3561,2,14,31,4,0x7070,6,1,200,-482.0
409077568985,3562,2,14,31,4,0x7070,6,1,200,-674.0
409077585350,3563,2,14,31,4,0x7070,6,1,200,529.0
409077604624,3564,2,14,31,4,0x7060,5,1,200,-426.0
409077618860,3565,2,14,31,4,0x7060,5,1,200,-758.0
409077634834,3566,2,14,31,4,0x7060,5,1,200,664.0
409077653531,3567,2,14,31,4,0x7060,5,1,200,-786.0
409077668888,3568,2,14,31,4,0x7060,5,1,200,-829.0
409077686380,3569,2,14,31,4,0x7060,5,1,200,-564.0
409077702353,3570,2,14,31,4,0x7060,5,1,200,1135.0
409077721196,3571,2,14,31,4,0x7070,6,1,200,462.0
409077735441,3572,2,14,31,4,0x7070,6,1,200,453.0
409077753558,3573,2,14,31,4,0x7070,6,1,200,1219.0
409077770196,3574,2,14,31,4,0x7070,6,1,200,501.0
409077789128,3575,2,14,31,4,0x7070,6,1,200,-436.0
409077802492,3576,2,14,31,4,0x7070,6,1,200,-729.0
409077819613,3577,2,14,31,4,0x7060,5,1,200,-165.0
409077835973,3578,2,14,31,4,0x7070,6,1,200,566.0
409077853324,3579,2,14,31,4,0x7070,6,1,200,-1253.0
409077869886,3580,2,14,31,4,0x7070,6,1,200,442.0
409077887503,3581,2,14,31,4,0x7070,6,1,200,454.0
409077903894,3582,2,14,31,4,0x7060,5,1,200,-638.0
409077919829,3583,2,14,31,4,0x7060,5,1,200,2.0
409077937476,3584,2,14,31,4,0x7060,5,1,200,-419.0
409077952314,3585,2,14,31,4,0x7070,6,1,200,349.0
409077969470,3586,2,14,31,4,0x7070,6,1,200,126.0
409077989901,3587,2,14,31,4,0x7060,5,1,200,661.0
409078003612,3588,2,14,31,4,0x7070,6,1,200,899.0
409078019720,3589,2,14,31,4,0x7070,6,1,200,520.0
409078035841,3590,2,14,31,4,0x7070,6,1,200,-1455.0
409078052227,3591,2,14,31,4,0x7070,6,1,200,-666.0
409078069339,3592,2,14,31,4,0x7070,6,1,200,-601.0
409078086080,3593,2,14,31,4,0x7070,6,1,200,769.0
409078103343,3594,2,14,31,4,0x7070,6,1,200,404.0
409078119619,3595,2,14,31,4,0x7070,6,1,200,-180.0
409078135450,3596,2,14,31,4,0x7070,6,1,200,88.0
409078152458,3597,2,14,31,4,0x7060,5,1,200,857.0
409078169372,3598,2,14,31,4,0x7070,6,1,200,-936.0
409078186271,3599,2,14,31,4,0x7060,5,1,200,333.0
409078203016,3600,2,14,31,4,0x7060,5,1,200,1274.0
409078219925,3601,2,14,31,4,0x7060,5,1,200,-1153.0
409078237976,3602,2,14,31,4,0x7060,5,1,200,-7.0
409078255090,3603,2,14,31,4,0x7060,5,1,200,-830.0
409078269558,3604,2,14,31,4,0x7070,6,1,200,-1471.0
409078286961,3605,2,14,31,4,0x7070,6,1,200,-1188.0
409078302384,3606,2,14,31,4,0x7070,6,1,200,-602.0
409078319680,3607,2,14,31,4,0x7070,6,1,200,-756.0
409078337344,3608,2,14,31,4,0x7070,6,1,200,-95.0
409078353902,3609,2,14,31,4,0x7060,5,1,200,-937.0
409078369558,3610,2,14,31,4,0x7070,6,1,200,969.0
409078386209,3611,2,14,31,4,0x7070,6,1,200,752.0
409078403811,3612,2,14,31,4,0x7060,5,1,200,549.0
409078419908,3613,2,14,31,4,0x7070,6,1,200,-67.0
409078436560,3614,2,14,31,4,0x7070,6,1,200,641.0
409078453425,3615,2,14,31,4,0x7060,5,1,200,-250.0
409078470279,3616,2,14,31,4,0x7060,5,1,200,1132.0
409078486819,3617,2,14,31,4,0x7070,6,1,200,-1189.0
409078505610,3618,2,14,31,4,0x7070,6,1,200,-433.0
409078520135,3619,2,14,31,4,0x7070,6,1,200,-383.0
409078536709,3620,2,14,31,4,0x7070,6,1,200,-723.0
409078554165,3621,2,14,31,4,0x7078,7,1,200,-1190.0
409078569903,3622,2,14,31,4,0x7070,6,1,200,179.0
409078587166,3623,2,14,31,4,0x7070,6,1,200,-206.0
409078602941,3624,2,14,31,4,0x7060,5,1,200,923.0
409078619894,3625,2,14,31,4,0x7070,6,1,200,-275.0
409078636436,3626,2,14,31,4,0x7060,5,1,200,-626.0
409078653379,3627,2,14,31,4,0x7060,5,1,200,-974.0
409078670193,3628,2,14,31,4,0x7060,5,1,200,888.0
409078687595,3629,2,14,31,4,0x7060,5,1,200,-188.0
409078704162,3630,2,14,31,4,0x7060,5,1,200,1785.0
409078720041,3631,2,14,31,4,0x7060,5,1,200,139.0
409078736457,3632,2,14,31,4,0x7070,6,1,200,674.0
409078753767,3633,2,14,31,4,0x7070,6,1,200,-936.0
409078770318,3634,2,14,31,4,0x7070,6,1,200,-1188.0
409078787224,3635,2,14,31,4,0x7060,5,1,200,966.0
409078805732,3636,2,14,31,4,0x7060,5,1,200,-686.0
409078820133,3637,2,14,31,4,0x7070,6,1,200,-1062.0
409078837144,3638,2,14,31,4,0x7070,6,1,200,-1955.0
409078853155,3639,2,14,31,4,0x7060,5,1,200,-358.0
409078870333,3640,2,14,31,4,0x7070,6,1,200,-679.0
409078886729,3641,2,14,31,4,0x7060,5,1,200,700.0
409078903652,3642,2,14,31,4,0x7060,5,1,200,726.0
409078920970,3643,2,14,31,4,0x7060,5,1,200,1489.0
409078936740,3644,2,14,31,4,0x7060,5,1,200,971.0
409078953286,3645,2,14,31,4,0x7070,6,1,200,-498.0
409078970500,3646,2,14,31,4,0x7060,5,1,200,-359.0
409078986394,3647,2,14,31,4,0x7060,5,1,200,827.0
409079003273,3648,2,14,31,4,0x7060,5,1,200,-369.0
409079021649,3649,2,14,31,4,0x7060,5,1,200,1609.0
409079037728,3650,2,14,31,4,0x7070,6,1,200,1230.0
409079054221,3651,2,14,31,4,0x7070,6,1,200,1321.0
409079070215,3652,2,14,31,4,0x7060,5,1,200,-789.0
409079089199,3653,2,14,31,4,0x7070,6,1,200,7.0
409079103651,3654,2,14,31,4,0x7070,6,1,200,1085.0
409079120548,3655,2,14,31,4,0x7060,5,1,200,1230.0
409079137097,3656,2,14,31,4,0x7060,5,1,200,-763.0
409079153868,3657,2,14,31,4,0x7060,5,1,200,684.0
409079170255,3658,2,14,31,4,0x7070,6,1,200,-264.0
409079187451,3659,2,14,31,4,0x7060,5,1,200,1187.0
409079203298,3660,2,14,31,4,0x7060,5,1,200,-85.0
409079220571,3661,2,14,31,4,0x7060,5,1,200,-526.0
409079236927,3662,2,14,31,4,0x7060,5,1,200,-864.0
409079254259,3663,2,14,31,4,0x7060,5,1,200,-1246.0
409079270326,3664,2,14,31,4,0x7060,5,1,200,-647.0
409079287390,3665,2,14,31,4,0x7060,5,1,200,450.0
409079303602,3666,2,14,31,4,0x7060,5,1,200,-742.0
409079320726,3667,2,14,31,4,0x7060,5,1,200,-567.0
409079337113,3668,2,14,31,4,0x7070,6,1,200,-1205.0
409079354989,3669,2,14,31,4,0x7060,5,1,200,-102.0
409079371092,3670,2,14,31,4,0x7070,6,1,200,-124.0
409079388368,3671,2,14,31,4,0x7070,6,1,200,239.0
409079403832,3672,2,14,31,4,0x7060,5,1,200,1016.0
409079420387,3673,2,14,31,4,0x7060,5,1,200,1244.0
409079437642,3674,2,14,31,4,0x7070,6,1,200,-1449.0
409079453414,3675,2,14,31,4,0x7070,6,1,200,-331.0
409079470731,3676,2,14,31,4,0x7070,6,1,200,505.0
409079487452,3677,2,14,31,4,0x7060,5,1,200,-1220.0
409079504142,3678,2,14,31,4,0x7060,5,1,200,-979.0
409079521227,3679,2,14,31,4,0x7060,5,1,200,309.0
409079537354,3680,2,14,31,4,0x7060,5,1,200,-359.0
409079554197,3681,2,14,31,4,0x7060,5,1,200,1089.0
409079571138,3682,2,14,31,4,0x7060,5,1,200,1047.0
409079587207,3683,2,14,31,4,0x7060,5,1,200,37.0
409079604773,3684,2,14,31,4,0x7060,5,1,200,-439.0
409079621239,3685,2,14,31,4,0x7070,6,1,200,1375.0
409079637682,3686,2,14,31,4,0x7060,5,1,200,-298.0
409079655300,3687,2,14,31,4,0x7060,5,1,200,829.0
409079670799,3688,2,14,31,4,0x7060,5,1,200,-1234.0
409079687563,3689,2,14,31,4,0x7060,5,1,200,-974.0
409079704859,3690,2,14,31,4,0x7060,5,1,200,125.0
409079720288,3691,2,14,31,4,0x7060,5,1,200,-920.0
409079737560,3692,2,14,31,4,0x7060,5,1,200,-74.0
409079754049,3693,2,14,31,4,0x7060,5,1,200,1325.0
409079771614,3694,2,14,31,4,0x7060,5,1,200,-929.0
409079787393,3695,2,14,31,4,0x7060,5,1,200,-45.0
409079804878,3696,2,14,31,4,0x7060,5,1,200,957.0
409079821166,3697,2,14,31,4,0x7060,5,1,200,-1296.0
409079838189,3698,2,14,31,4,0x7060,5,1,200,765.0
409079854583,3699,2,14,31,4,0x7060,5,1,200,786.0
409079871176,3700,2,14,31,4,0x7060,5,1,200,643.0
409079888762,3701,2,14,31,4,0x7060,5,1,200,-260.0
409079904347,3702,2,14,31,4,0x7060,5,1,200,-88.0
409079920982,3703,2,14,31,4,0x7060,5,1,200,-653.0
409079942097,3704,2,14,31,4,0x7060,5,1,200,-561.0
409079955485,3705,2,14,31,4,0x7060,5,1,200,1254.0
409079971779,3706,2,14,31,4,0x7060,5,1,200,1853.0
409079988382,3707,2,14,31,4,0x7060,5,1,200,280.0
409080006375,3708,2,14,31,4,0x7060,5,1,200,-910.0
409080021371,3709,2,14,31,4,0x7060,5,1,200,668.0
409080037680,3710,2,14,31,4,0x7060,5,1,200,649.0
409080055492,3711,2,14,31,4,0x7060,5,1,200,560.0
409080072229,3712,2,14,31,4,0x7060,5,1,200,-617.0
409080087908,3713,2,14,31,4,0x7060,5,1,200,-712.0
409080106618,3714,2,14,31,4,0x7060,5,1,200,780.0
409080123564,3715,2,14,31,4,0x7060,5,1,200,47.0
409080140859,3716,2,14,31,4,0x7060,5,1,200,878.0
409080156505,3717,2,14,31,4,0x7060,5,1,200,53.0
409080172013,3718,2,14,31,4,0x7060,5,1,200,-555.0
409080188200,3719,2,14,31,4,0x7060,5,1,200,-265.0
409080205814,3720,2,14,31,4,0x7060,5,1,200,113.0
409080221572,3721,2,14,31,4,0x7060,5,1,200,-1119.0
409080239983,3722,2,14,31,4,0x7060,5,1,200,302.0
409080254862,3723,2,14,31,4,0x7060,5,1,200,465.0
409080272630,3724,2,14,31,4,0x7060,5,1,200,685.0
409080290486,3725,2,14,31,4,0x7060,5,1,200,983.0
409080304529,3726,2,14,31,4,0x7060,5,1,200,-906.0
409080322780,3727,2,14,31,4,0x7060,5,1,200,-978.0
409080340627,3728,2,14,31,4,0x7060,5,1,200,-513.0
409080355749,3729,2,14,31,4,0x7060,5,1,200,445.0
409080371637,3730,2,14,31,4,0x7060,5,1,200,1345.0
409080388896,3731,2,14,31,4,0x7060,5,1,200,771.0
409080405733,3732,2,14,31,4,0x7060,5,1,200,-354.0
409080421280,3733,2,14,31,4,0x7060,5,1,200,-419.0
409080438767,3734,2,14,31,4,0x7060,5,1,200,812.0
409080456557,3735,2,14,31,4,0x7060,5,1,200,-21.0
409080471606,3736,2,14,31,4,0x7060,5,1,200,1178.0
409080489005,3737,2,14,31,4,0x7060,5,1,200,1167.0
409080506613,3738,2,14,31,4,0x7060,5,1,200,1048.0
409080533963,3739,2,14,31,4,0x7060,5,1,200,-945.0
409080538994,3740,2,14,31,4,0x7060,5,1,200,575.0
409080555105,3741,2,14,31,4,0x7060,5,1,200,600.0
409080572922,3742,2,14,31,4,0x7060,5,1,200,635.0
409080589848,3743,2,14,31,4,0x7060,5,1,200,1275.0
409080606785,3744,2,14,31,4,0x7060,5,1,200,-970.0
409080622425,3745,2,14,31,4,0x7060,5,1,200,369.0
409080640649,3746,2,14,31,4,0x7060,5,1,200,-659.0
409080655163,3747,2,14,31,4,0x7060,5,1,200,1125.0
409080672474,3748,2,14,31,4,0x7060,5,1,200,789.0
409080689334,3749,2,14,31,4,0x7060,5,1,200,906.0
409080705420,3750,2,14,31,4,0x7060,5,1,200,-291.0
409080722800,3751,2,14,31,4,0x7060,5,1,200,31.0
409080738978,3752,2,14,31,4,0x7060,5,1,200,-100.0
409080755415,3753,2,14,31,4,0x7060,5,1,200,-760.0
409080772347,3754,2,14,31,4,0x7060,5,1,200,174.0
409080789541,3755,2,14,31,4,0x7060,5,1,200,1455.0
409080805797,3756,2,14,31,4,0x7060,5,1,200,-433.0
409080822020,3757,2,14,31,4,0x7060,5,1,200,8.0
409080838788,3758,2,14,31,4,0x7060,5,1,200,982.0
409080855766,3759,2,14,31,4,0x7060,5,1,200,128.0
409080872919,3760,2,14,31,4,0x7060,5,1,200,-351.0
409080888825,3761,2,14,31,4,0x7060,5,1,200,828.0
409080906128,3762,2,14,31,4,0x7060,5,1,200,-865.0
409080922528,3763,2,14,31,4,0x7060,5,1,200,304.0
409080938460,3764,2,14,31,4,0x7060,5,1,200,-1364.0
409080956431,3765,2,14,31,4,0x7060,5,1,200,-775.0
409080972663,3766,2,14,31,4,0x7060,5,1,200,1739.0
409080988755,3767,2,14,31,4,0x7060,5,1,200,791.0
409081005668,3768,2,14,31,4,0x7060,5,1,200,-1023.0
409081022792,3769,2,14,31,4,0x7060,5,1,200,-284.0
409081038821,3770,2,14,31,4,0x7060,5,1,200,-168.0
409081055773,3771,2,14,31,4,0x7060,5,1,200,-436.0
409081072514,3772,2,14,31,4,0x7060,5,1,200,726.0
409081089529,3773,2,14,31,4,0x7060,5,1,200,778.0
409081106008,3774,2,14,31,4,0x7060,5,1,200,-244.0
409081122184,3775,2,14,31,4,0x7060,5,1,200,1220.0
409081139969,3776,2,14,31,4,0x7060,5,1,200,44.0
409081156036,3777,2,14,31,4,0x7060,5,1,200,820.0
409081172879,3778,2,14,31,4,0x7060,5,1,200,-741.0
409081189081,3779,2,14,31,4,0x7060,5,1,200,398.0
409081206922,3780,2,14,31,4,0x7060,5,1,200,879.0
409081222658,3781,2,14,31,4,0x7060,5,1,200,-653.0
409081239528,3782,2,14,31,4,0x7060,5,1,200,-1024.0
409081256431,3783,2,14,31,4,0x7060,5,1,200,-802.0
409081272478,3784,2,14,31,4,0x7060,5,1,200,-948.0
409081289779,3785,2,14,31,4,0x7060,5,1,200,72.0
409081308330,3786,2,14,31,4,0x7060,5,1,200,-854.0
409081322900,3787,2,14,31,4,0x7060,5,1,200,-642.0
409081339608,3788,2,14,31,4,0x7060,5,1,200,905.0
409081356346,3789,2,14,31,4,0x7060,5,1,200,-41.0
409081374757,3790,2,14,31,4,0x7060,5,1,200,577.0
409081389444,3791,2,14,31,4,0x7060,5,1,200,-848.0
409081406182,3792,2,14,31,4,0x7060,5,1,200,-378.0
409081422369,3793,2,14,31,4,0x7060,5,1,200,855.0
409081440654,3794,2,14,31,4,0x7060,5,1,200,928.0
409081456686,3795,2,14,31,4,0x7060,5,1,200,662.0
409081474108,3796,2,14,31,4,0x7060,5,1,200,140.0
409081489420,3797,2,14,31,4,0x7060,5,1,200,272.0
409081505999,3798,2,14,31,4,0x7060,5,1,200,1022.0
409081522634,3799,2,14,31,4,0x7060,5,1,200,254.0
409081540003,3800,2,14,31,4,0x7060,5,1,200,365.0
409081556134,3801,2,14,31,4,0x7060,5,1,200,-866.0
409081572676,3802,2,14,31,4,0x7060,5,1,200,483.0
409081589663,3803,2,14,31,4,0x7060,5,1,200,933.0
409081606692,3804,2,14,31,4,0x7060,5,1,200,-897.0
409081623209,3805,2,14,31,4,0x7060,5,1,200,1116.0
409081639392,3806,2,14,31,4,0x7060,5,1,200,1282.0
409081656291,3807,2,14,31,4,0x7060,5,1,200,764.0
409081673421,3808,2,14,31,4,0x7060,5,1,200,251.0
409081689137,3809,2,14,31,4,0x7060,5,1,200,-651.0
409081706721,3810,2,14,31,4,0x7060,5,1,200,-789.0
409081722690,3811,2,14,31,4,0x7060,5,1,200,892.0
409081739328,3812,2,14,31,4,0x7060,5,1,200,207.0
409081756872,3813,2,14,31,4,0x7060,5,1,200,-1248.0
409081773136,3814,2,14,31,4,0x7060,5,1,200,-17.0
409081789818,3815,2,14,31,4,0x7060,5,1,200,-556.0
409081806956,3816,2,14,31,4,0x7060,5,1,200,964.0
409081823128,3817,2,14,31,4,0x7060,5,1,200,943.0
409081840014,3818,2,14,31,4,0x7060,5,1,200,-368.0
409081856360,3819,2,14,31,4,0x7060,5,1,200,-608.0
409081873129,3820,2,14,31,4,0x7060,5,1,200,768.0
409081889745,3821,2,14,31,4,0x7060,5,1,200,-386.0
409081906152,3822,2,14,31,4,0x7060,5,1,200,-223.0
409081924056,3823,2,14,31,4,0x7060,5,1,200,1153.0
409081940082,3824,2,14,31,4,0x7060,5,1,200,-771.0
409081957198,3825,2,14,31,4,0x7060,5,1,200,5.0
409081974661,3826,2,14,31,4,0x7060,5,1,200,215.0
409081989684,3827,2,14,31,4,0x7060,5,1,200,-596.0
409082006742,3828,2,14,31,4,0x7060,5,1,200,-950.0
409082023602,3829,2,14,31,4,0x7060,5,1,200,-322.0
409082042146,3830,2,14,31,4,0x7060,5,1,200,-298.0
409082057621,3831,2,14,31,4,0x7060,5,1,200,-612.0
409082074012,3832,2,14,31,4,0x7060,5,1,200,971.0
409082089910,3833,2,14,31,4,0x7060,5,1,200,-403.0
409082106741,3834,2,14,31,4,0x7060,5,1,200,596.0
409082126660,3835,2,14,31,4,0x7060,5,1,200,631.0
409082142878,3836,2,14,31,4,0x7060,5,1,200,176.0
409082156945,3837,2,14,31,4,0x7060,5,1,200,865.0
409082173189,3838,2,14,31,4,0x7060,5,1,200,866.0
409082190563,3839,2,14,31,4,0x7060,5,1,200,-968.0
409082207945,3840,2,14,31,4,0x7060,5,1,200,-761.0
409082223923,3841,2,14,31,4,0x7060,5,1,200,509.0
409082240705,3842,2,14,31,4,0x7060,5,1,200,131.0
409082257691,3843,2,14,31,4,0x7060,5,1,200,151.0
409082273520,3844,2,14,31,4,0x7060,5,1,200,-266.0
409082290840,3845,2,14,31,4,0x7060,5,1,200,301.0
409082307321,3846,2,14,31,4,0x7060,5,1,200,1021.0
409082324302,3847,2,14,31,4,0x7060,5,1,200,-1002.0
409082340363,3848,2,14,31,4,0x7060,5,1,200,677.0
409082357666,3849,2,14,31,4,0x7060,5,1,200,-255.0
409082373590,3850,2,14,31,4,0x7060,5,1,200,-342.0
409082391089,3851,2,14,31,4,0x7060,5,1,200,939.0
409082406874,3852,2,14,31,4,0x7060,5,1,200,-235.0
409082424257,3853,2,14,31,4,0x7060,5,1,200,-1232.0
409082440860,3854,2,14,31,4,0x7060,5,1,200,462.0
409082457478,3855,2,14,31,4,0x7060,5,1,200,1092.0
409082474214,3856,2,14,31,4,0x7060,5,1,200,-860.0
409082490237,3857,2,14,31,4,0x7060,5,1,200,-510.0
409082508160,3858,2,14,31,4,0x7060,5,1,200,-1155.0
409082524014,3859,2,14,31,4,0x7060,5,1,200,502.0
409082541380,3860,2,14,31,4,0x7060,5,1,200,-150.0
409082557688,3861,2,14,31,4,0x7060,5,1,200,618.0
409082574558,3862,2,14,31,4,0x7060,5,1,200,1687.0
409082590483,3863,2,14,31,4,0x7060,5,1,200,853.0
409082609241,3864,2,14,31,4,0x7060,5,1,200,130.0
409082624096,3865,2,14,31,4,0x7060,5,1,200,-308.0
409082640813,3866,2,14,31,4,0x7060,5,1,200,-642.0
409082658289,3867,2,14,31,4,0x7060,5,1,200,445.0
409082674072,3868,2,14,31,4,0x7060,5,1,200,-549.0
409082690683,3869,2,14,31,4,0x7060,5,1,200,782.0
409082708331,3870,2,14,31,4,0x7070,6,1,200,-517.0
409082724518,3871,2,14,31,4,0x7070,6,1,200,277.0
409082742206,3872,2,14,31,4,0x7070,6,1,200,1357.0
409082758917,3873,2,14,31,4,0x7060,5,1,200,792.0
409082774421,3874,2,14,31,4,0x7060,5,1,200,1172.0
409082790946,3875,2,14,31,4,0x7060,5,1,200,624.0
409082807351,3876,2,14,31,4,0x7060,5,1,200,431.0
409082823653,3877,2,14,31,4,0x7060,5,1,200,110.0
409082840523,3878,2,14,31,4,0x7060,5,1,200,962.0
409082857070,3879,2,14,31,4,0x7060,5,1,200,-232.0
409082876228,3880,2,14,31,4,0x7060,5,1,200,76.0
409082890795,3881,2,14,31,4,0x7060,5,1,200,304.0
409082907156,3882,2,14,31,4,0x7060,5,1,200,839.0
409082924342,3883,2,14,31,4,0x7060,5,1,200,-357.0
409082940816,3884,2,14,31,4,0x7060,5,1,200,620.0
409082958126,3885,2,14,31,4,0x7060,5,1,200,468.0
409082974254,3886,2,14,31,4,0x7060,5,1,200,-1006.0
409082991016,3887,2,14,31,4,0x7060,5,1,200,-541.0
409083007569,3888,2,14,31,4,0x7060,5,1,200,-618.0
409083024185,3889,2,14,31,4,0x7060,5,1,200,-128.0
409083040735,3890,2,14,31,4,0x7060,5,1,200,-129.0
409083057529,3891,2,14,31,4,0x7060,5,1,200,890.0
409083074339,3892,2,14,31,4,0x7060,5,1,200,0.0
409083090958,3893,2,14,31,4,0x7060,5,1,200,-578.0
409083107524,3894,2,14,31,4,0x7060,5,1,200,-401.0
409083124317,3895,2,14,31,4,0x7060,5,1,200,178.0
409083141340,3896,2,14,31,4,0x7060,5,1,200,-132.0
409083158219,3897,2,14,31,4,0x7060,5,1,200,-962.0
409083175213,3898,2,14,31,4,0x7060,5,1,200,-1204.0
409083191110,3899,2,14,31,4,0x7060,5,1,200,-61.0
409083207638,3900,2,14,31,4,0x7060,5,1,200,856.0
409083224170,3901,2,14,31,4,0x7060,5,1,200,-431.0
409083242892,3902,2,14,31,4,0x7060,5,1,200,-247.0
409083258338,3903,2,14,31,4,0x7060,5,1,200,-449.0
409083275327,3904,2,14,31,4,0x7060,5,1,200,-904.0
409083291099,3905,2,14,31,4,0x7060,5,1,200,-590.0
409083307802,3906,2,14,31,4,0x7060,5,1,200,-71.0
409083325286,3907,2,14,31,4,0x7060,5,1,200,-1114.0
409083341890,3908,2,14,31,4,0x7060,5,1,200,1199.0
409083357808,3909,2,14,31,4,0x7060,5,1,200,737.0
409083376079,3910,2,14,31,4,0x7060,5,1,200,-1039.0
409083391297,3911,2,14,31,4,0x7060,5,1,200,-536.0
409083407855,3912,2,14,31,4,0x7060,5,1,200,-410.0
409083424908,3913,2,14,31,4,0x7060,5,1,200,902.0
409083441383,3914,2,14,31,4,0x7060,5,1,200,1663.0
409083458032,3915,2,14,31,4,0x7060,5,1,200,-1241.0
409083474783,3916,2,14,31,4,0x7060,5,1,200,151.0
409083491525,3917,2,14,31,4,0x7060,5,1,200,-681.0
409083507868,3918,2,14,31,4,0x7060,5,1,200,980.0
409083525344,3919,2,14,31,4,0x7060,5,1,200,184.0
409083540908,3920,2,14,31,4,0x7060,5,1,200,-558.0
409083558560,3921,2,14,31,4,0x7060,5,1,200,642.0
409083574926,3922,2,14,31,4,0x7060,5,1,200,1034.0
409083591238,3923,2,14,31,4,0x7060,5,1,200,-1351.0
409083608534,3924,2,14,31,4,0x7060,5,1,200,546.0
409083625846,3925,2,14,31,4,0x7060,5,1,200,171.0
409083641685,3926,2,14,31,4,0x7060,5,1,200,218.0
409083658707,3927,2,14,31,4,0x7060,5,1,200,1300.0
409083675304,3928,2,14,31,4,0x7060,5,1,200,699.0
409083691728,3929,2,14,31,4,0x7060,5,1,200,-1221.0
409083708509,3930,2,14,31,4,0x7060,5,1,200,-193.0
409083725774,3931,2,14,31,4,0x7060,5,1,200,780.0
409083741894,3932,2,14,31,4,0x7060,5,1,200,-489.0
409083758380,3933,2,14,31,4,0x7060,5,1,200,572.0
409083775284,3934,2,14,31,4,0x7060,5,1,200,-838.0
409083791652,3935,2,14,31,4,0x7060,5,1,200,-25.0
409083808453,3936,2,14,31,4,0x7060,5,1,200,-779.0
409083825448,3937,2,14,31,4,0x7060,5,1,200,488.0
409083842104,3938,2,14,31,4,0x7060,5,1,200,1553.0
409083858190,3939,2,14,31,4,0x7060,5,1,200,968.0
409083875179,3940,2,14,31,4,0x7060,5,1,200,-455.0
409083893011,3941,2,14,31,4,0x7060,5,1,200,-367.0
409083908754,3942,2,14,31,4,0x7060,5,1,200,1533.0
409083926671,3943,2,14,31,4,0x7060,5,1,200,734.0
409083942112,3944,2,14,31,4,0x7060,5,1,200,1067.0
409083958537,3945,2,14,31,4,0x7060,5,1,200,-147.0
409083975337,3946,2,14,31,4,0x7060,5,1,200,-568.0
409083991838,3947,2,14,31,4,0x7060,5,1,200,-976.0
409084008816,3948,1,255,32,4,0x7060,5,1,200,-331.0
409084025846,3949,1,255,32,4,0x7060,5,1,200,762.0
409084041807,3950,1,255,32,4,0x7060,5,1,200,1174.0
409084058811,3951,1,255,32,4,0x7060,5,1,200,-557.0
409084075677,3952,1,255,32,4,0x7060,5,1,200,-802.0
409084091799,3953,1,255,32,4,0x7060,5,1,200,-918.0
409084109215,3954,1,255,32,4,0x7060,5,1,200,310.0
409084125140,3955,1,255,32,4,0x7060,5,1,200,-1028.0
409084141831,3956,1,255,32,4,0x7060,5,1,200,-640.0
409084158822,3957,1,255,32,4,0x7060,5,1,200,-1037.0
409084175355,3958,1,255,32,4,0x7060,5,1,200,454.0
409084192249,3959,1,255,32,4,0x7060,5,1,200,393.0
409084209027,3960,1,255,32,4,0x7060,5,1,200,-427.0
409084225685,3961,1,255,32,4,0x7060,5,1,200,-24.0
409084244948,3962,1,255,32,4,0x7070,6,1,200,-985.0
409084259571,3963,1,255,32,4,0x7070,6,1,200,930.0
409084275261,3964,1,255,32,4,0x7070,6,1,200,184.0
409084292548,3965,1,255,32,4,0x7060,5,1,200,-1538.0
409084308709,3966,1,255,32,4,0x7060,5,1,200,-44.0
409084326642,3967,1,255,32,4,0x7060,5,1,200,-929.0
409084342677,3968,1,255,32,4,0x7060,5,1,200,389.0
409084359956,3969,1,255,32,4,0x7060,5,1,200,-403.0
409084375672,3970,1,255,32,4,0x7060,5,1,200,-945.0
409084392002,3971,1,255,32,4,0x7060,5,1,200,420.0
409084409043,3972,1,255,32,4,0x7060,5,1,200,-820.0
409084425745,3973,1,255,32,4,0x7060,5,1,200,4.0
409084444824,3974,1,255,32,4,0x7060,5,1,200,164.0
409084458923,3975,1,255,32,4,0x7060,5,1,200,617.0
409084476296,3976,1,255,32,4,0x7060,5,1,200,868.0
409084492555,3977,1,255,32,4,0x7060,5,1,200,1288.0
409084509138,3978,1,255,32,4,0x7060,5,1,200,711.0
409084526105,3979,1,255,32,4,0x7060,5,1,200,-284.0
409084543741,3980,1,255,32,4,0x7060,5,1,200,1008.0
409084558924,3981,1,255,32,4,0x7060,5,1,200,-918.0
409084575419,3982,1,255,32,4,0x7060,5,1,200,237.0
409084592456,3983,1,255,32,4,0x7060,5,1,200,-985.0
409084609321,3984,1,255,32,4,0x7060,5,1,200,-208.0
409084625716,3985,1,255,32,4,0x7060,5,1,200,-1343.0
409084643648,3986,1,255,32,4,0x7060,5,1,200,-421.0
409084661794,3987,1,255,32,4,0x7060,5,1,200,104.0
409084676263,3988,1,255,32,4,0x7060,5,1,200,984.0
409084692579,3989,1,255,32,4,0x7060,5,1,200,868.0
409084709115,3990,1,255,32,4,0x7060,5,1,200,125.0
409084726593,3991,1,255,32,4,0x7060,5,1,200,-1082.0
409084743320,3992,1,255,32,4,0x7060,5,1,200,229.0
409084759359,3993,1,255,32,4,0x7060,5,1,200,889.0
409084776764,3994,1,255,32,4,0x7060,5,1,200,1068.0
409084792687,3995,1,255,32,4,0x7060,5,1,200,-1082.0
409084809446,3996,1,255,32,4,0x7060,5,1,200,1594.0
409084826510,3997,1,255,32,4,0x7060,5,1,200,790.0
409084842936,3998,1,255,32,4,0x7060,5,1,200,1132.0
409084859669,3999,1,255,32,4,0x7060,5,1,200,-207.0
409084876579,4000,1,255,32,4,0x7060,5,1,200,-386.0
409084892571,4001,1,255,32,4,0x7060,5,1,200,-508.0
409084909591,4002,1,255,32,4,0x7060,5,1,200,-37.0
409084926499,4003,1,255,32,4,0x7060,5,1,200,359.0
409084943088,4004,1,255,32,4,0x7060,5,1,200,899.0
409084959812,4005,1,255,32,4,0x7060,5,1,200,-348.0
409084976807,4006,1,255,32,4,0x7060,5,1,200,-414.0
409084992960,4007,1,255,32,4,0x7060,5,1,200,-391.0
409085010046,4008,1,255,33,4,0x7060,5,1,200,801.0
409085026022,4009,1,255,33,4,0x7060,5,1,200,91.0
409085042990,4010,1,255,33,4,0x7060,5,1,200,132.0
409085060186,4011,1,255,33,4,0x7060,5,1,200,-1198.0
409085076627,4012,1,255,33,4,0x7060,5,1,200,-669.0
409085092846,4013,1,255,33,4,0x7060,5,1,200,765.0
409085110152,4014,1,255,33,4,0x7060,5,1,200,-709.0
409085126847,4015,1,255,33,4,0x7060,5,1,200,1042.0
409085143261,4016,1,255,33,4,0x7060,5,1,200,815.0
409085159945,4017,1,255,33,4,0x7060,5,1,200,722.0
409085176542,4018,1,255,33,4,0x7060,5,1,200,-1058.0
409085193040,4019,1,255,33,4,0x7060,5,1,200,707.0
409085209693,4020,1,255,33,4,0x7060,5,1,200,-1023.0
409085226947,4021,1,255,33,4,0x7060,5,1,200,847.0
409085243053,4022,1,255,33,4,0x7060,5,1,200,-164.0
409085260314,4023,1,255,33,4,0x7060,5,1,200,-1350.0
409085276751,4024,1,255,33,4,0x7060,5,1,200,-94.0
409085294581,4025,1,255,33,4,0x7060,5,1,200,115.0
409085310554,4026,1,255,33,4,0x7060,5,1,200,1057.0
409085326703,4027,1,255,33,4,0x7060,5,1,200,-219.0
409085343328,4028,1,255,33,4,0x7060,5,1,200,-432.0
409085360211,4029,1,255,33,4,0x7060,5,1,200,942.0
409085377202,4030,1,255,33,4,0x7060,5,1,200,981.0
409085393434,4031,1,255,33,4,0x7060,5,1,200,-757.0
409085410477,4032,1,255,33,4,0x7060,5,1,200,-1785.0
409085427018,4033,1,255,33,4,0x7060,5,1,200,-129.0
409085443973,4034,1,255,33,4,0x7060,5,1,200,-186.0
409085460888,4035,1,255,33,4,0x7060,5,1,200,665.0
409085477229,4036,1,255,33,4,0x7060,5,1,200,424.0
409085493305,4037,1,255,33,4,0x7060,5,1,200,-1256.0
409085510458,4038,1,255,33,4,0x7060,5,1,200,276.0
409085527077,4039,1,255,33,4,0x7060,5,1,200,725.0
409085545521,4040,1,255,33,4,0x7060,5,1,200,249.0
409085561714,4041,1,255,33,4,0x7060,5,1,200,-327.0
409085576769,4042,1,255,33,4,0x7060,5,1,200,779.0
409085593742,4043,1,255,33,4,0x7060,5,1,200,-20.0
409085610338,4044,1,255,33,4,0x7060,5,1,200,1113.0
409085626884,4045,1,255,33,4,0x7060,5,1,200,-1484.0
409085644453,4046,1,255,33,4,0x7060,5,1,200,-1020.0
409085661981,4047,1,255,33,4,0x7060,5,1,200,100.0
409085677492,4048,1,255,33,4,0x7060,5,1,200,909.0
409085694199,4049,1,255,33,4,0x7060,5,1,200,-937.0
409085710685,4050,1,255,33,4,0x7060,5,1,200,-1690.0
409085727408,4051,1,255,33,4,0x7060,5,1,200,-1269.0
409085744521,4052,1,255,33,4,0x7060,5,1,200,-519.0
409085760804,4053,1,255,33,4,0x7060,5,1,200,-341.0
409085777334,4054,1,255,33,4,0x7060,5,1,200,293.0
409085794387,4055,1,255,33,4,0x7060,5,1,200,-1042.0
409085811819,4056,1,255,33,4,0x7060,5,1,200,105.0
409085827463,4057,1,255,33,4,0x7060,5,1,200,-300.0
409085846728,4058,1,255,33,4,0x7060,5,1,200,-335.0
409085860538,4059,1,255,33,4,0x7060,5,1,200,-625.0
409085877783,4060,1,255,33,4,0x7060,5,1,200,1285.0
409085894490,4061,1,255,33,4,0x7060,5,1,200,-1116.0
409085910753,4062,1,255,33,4,0x7060,5,1,200,1055.0
409085928095,4063,1,255,33,4,0x7070,6,1,200,-952.0
409085944114,4064,1,255,33,4,0x7060,5,1,200,305.0
409085960674,4065,1,255,33,4,0x7060,5,1,200,871.0
409085977758,4066,1,255,33,4,0x7060,5,1,200,-997.0
409085994452,4067,1,255,33,4,0x7060,5,1,200,475.0
409086010689,4068,1,255,33,4,0x7060,5,1,200,-400.0
409086028457,4069,1,255,34,4,0x7060,5,1,200,1255.0
409086044822,4070,1,255,34,4,0x7060,5,1,200,-1495.0
409086060878,4071,1,255,34,4,0x7060,5,1,200,-496.0
409086078577,4072,1,255,34,4,0x7060,5,1,200,838.0
409086095317,4073,1,255,34,4,0x7060,5,1,200,-882.0
409086111428,4074,1,255,34,4,0x7060,5,1,200,1816.0
409086128375,4075,1,255,34,4,0x7060,5,1,200,1144.0
409086145716,4076,1,255,34,4,0x7060,5,1,200,273.0
409086161638,4077,1,255,34,4,0x7060,5,1,200,1493.0
409086178033,4078,1,255,34,4,0x7060,5,1,200,1504.0
409086194744,4079,1,255,34,4,0x7060,5,1,200,1230.0
409086212315,4080,1,255,34,4,0x7060,5,1,200,-1093.0
409086229877,4081,1,255,34,4,0x7060,5,1,200,-996.0
409086244486,4082,1,255,34,4,0x7060,5,1,200,1172.0
409086261813,4083,1,255,34,4,0x7060,5,1,200,-169.0
409086277610,4084,1,255,34,4,0x7060,5,1,200,151.0
409086294700,4085,1,255,34,4,0x7060,5,1,200,30.0
409086311522,4086,1,255,34,4,0x7060,5,1,200,972.0
409086327941,4087,1,255,34,4,0x7060,5,1,200,951.0
409086344437,4088,1,255,34,4,0x7060,5,1,200,-346.0
409086361272,4089,1,255,34,4,0x7060,5,1,200,-619.0
409086378717,4090,1,255,34,4,0x7060,5,1,200,-982.0
409086395614,4091,1,255,34,4,0x7060,5,1,200,85.0
409086414072,4092,1,255,34,4,0x7060,5,1,200,-527.0
409086428981,4093,1,255,34,4,0x7060,5,1,200,1179.0
409086445158,4094,1,255,34,4,0x7060,5,1,200,639.0
409086461675,4095,1,255,34,4,0x7070,6,1,200,1654.0
409086478762,4096,1,255,34,4,0x7070,6,1,200,-887.0
409086494603,4097,1,255,34,4,0x7070,6,1,200,1037.0
409086511193,4098,1,255,34,4,0x7070,6,1,200,-566.0
409086530080,4099,1,255,34,4,0x7070,6,1,200,1233.0
409086545890,4100,1,255,34,4,0x7070,6,1,200,1159.0
409086561699,4101,1,255,34,4,0x7060,5,1,200,1243.0
409086579306,4102,1,255,34,4,0x7060,5,1,200,1121.0
409086597059,4103,1,255,34,4,0x7060,5,1,200,-394.0
409086613175,4104,1,255,34,4,0x7060,5,1,200,1590.0
409086628214,4105,1,255,34,4,0x7060,5,1,200,216.0
409086645922,4106,1,255,34,4,0x7060,5,1,200,-1917.0
409086661790,4107,1,255,34,4,0x7060,5,1,200,-158.0
409086678647,4108,1,255,34,4,0x7060,5,1,200,35.0
409086696318,4109,1,255,34,4,0x7060,5,1,200,130.0
409086712046,4110,1,255,34,4,0x7060,5,1,200,721.0
409086729020,4111,1,255,34,4,0x7060,5,1,200,1080.0
409086745536,4112,1,255,34,4,0x7060,5,1,200,424.0
409086761881,4113,1,255,34,4,0x7060,5,1,200,-728.0
409086779071,4114,1,255,34,4,0x7060,5,1,200,1293.0
409086797144,4115,1,255,34,4,0x7060,5,1,200,1249.0
409086811875,4116,1,255,34,4,0x7060,5,1,200,1690.0
409086829106,4117,1,255,34,4,0x7060,5,1,200,1193.0
409086845239,4118,1,255,34,4,0x7060,5,1,200,-685.0
409086862538,4119,1,255,34,4,0x7060,5,1,200,365.0
409086878460,4120,1,255,34,4,0x7060,5,1,200,-893.0
409086895595,4121,1,255,34,4,0x7060,5,1,200,718.0
409086913068,4122,1,255,34,4,0x7060,5,1,200,-104.0
409086929256,4123,1,255,34,4,0x7060,5,1,200,614.0
409086946094,4124,1,255,34,4,0x7060,5,1,200,-130.0
409086962341,4125,1,255,34,4,0x7060,5,1,200,493.0
409086980047,4126,1,255,34,4,0x7060,5,1,200,739.0
409086995409,4127,1,255,34,4,0x7060,5,1,200,-96.0
409087012132,4128,1,255,34,4,0x7060,5,1,200,-3.0
409087028540,4129,2,255,35,4,0x7060,5,1,200,-612.0
409087045908,4130,2,255,35,4,0x7060,5,1,200,1183.0
409087062404,4131,2,255,35,4,0x7060,5,1,200,-692.0
409087078889,4132,2,255,35,4,0x7060,5,1,200,177.0
409087096107,4133,2,255,35,4,0x7060,5,1,200,-210.0
409087111760,4134,2,255,35,4,0x7060,5,1,200,-309.0
409087129034,4135,2,255,35,4,0x7060,5,1,200,586.0
409087145801,4136,2,255,35,4,0x7060,5,1,200,-700.0
409087162513,4137,2,255,35,4,0x7060,5,1,200,345.0
409087179142,4138,2,255,35,4,0x7060,5,1,200,-1525.0
409087196443,4139,2,255,35,4,0x7060,5,1,200,976.0
409087212780,4140,2,255,35,4,0x7060,5,1,200,1185.0
409087229834,4141,2,255,35,4,0x7060,5,1,200,-1450.0
409087245846,4142,2,255,35,4,0x7060,5,1,200,821.0
409087262764,4143,2,255,35,4,0x7060,5,1,200,-784.0
409087281001,4144,2,255,35,4,0x7060,5,1,200,-671.0
409087297034,4145,2,255,35,4,0x7060,5,1,200,-671.0
409087312444,4146,2,255,35,4,0x7060,5,1,200,-1014.0
409087329701,4147,2,255,35,4,0x7060,5,1,200,-200.0
409087346493,4148,2,255,35,4,0x7060,5,1,200,1639.0
409087362775,4149,2,255,35,4,0x7060,5,1,200,1403.0
409087379451,4150,2,255,35,4,0x7060,5,1,200,1616.0
409087396071,4151,2,255,35,4,0x7060,5,1,200,-548.0
409087412556,4152,2,255,35,4,0x7060,5,1,200,887.0
409087429241,4153,2,255,35,4,0x7060,5,1,200,-302.0
409087448141,4154,2,255,35,4,0x7060,5,1,200,671.0
409087462976,4155,2,255,35,4,0x7060,5,1,200,1410.0
409087479667,4156,2,255,35,4,0x7060,5,1,200,2020.0
409087496229,4157,2,255,35,4,0x7060,5,1,200,455.0
409087513524,4158,2,255,35,4,0x7060,5,1,200,-262.0
409087529893,4159,2,255,35,4,0x7070,6,1,200,-263.0
409087546352,4160,2,255,35,4,0x7060,5,1,200,1008.0
409087562896,4161,2,255,35,4,0x7060,5,1,200,-870.0
409087579998,4162,2,255,35,4,0x7060,5,1,200,1284.0
409087597055,4163,2,255,35,4,0x7060,5,1,200,-28.0
409087613076,4164,2,255,35,4,0x7060,5,1,200,11.0
409087629673,4165,2,255,35,4,0x7060,5,1,200,-1326.0
409087647184,4166,2,255,35,4,0x7060,5,1,200,-573.0
409087662686,4167,2,255,35,4,0x7060,5,1,200,1353.0
409087682526,4168,2,255,35,4,0x7060,5,1,200,-548.0
409087696633,4169,2,255,35,4,0x7060,5,1,200,1074.0
409087713779,4170,2,255,35,4,0x7060,5,1,200,1144.0
409087729799,4171,2,255,35,4,0x7060,5,1,200,-644.0
409087747225,4172,2,255,35,4,0x7060,5,1,200,-1001.0
409087764894,4173,2,255,35,4,0x7060,5,1,200,-1265.0
409087779769,4174,2,255,35,4,0x7060,5,1,200,-31.0
409087797301,4175,2,255,35,4,0x7060,5,1,200,852.0
409087814134,4176,2,255,35,4,0x7060,5,1,200,-854.0
409087829600,4177,2,255,35,4,0x7060,5,1,200,915.0
409087845963,4178,2,255,35,4,0x7060,5,1,200,1906.0
409087863342,4179,2,255,35,4,0x7060,5,1,200,100.0
409087880176,4180,2,255,35,4,0x7060,5,1,200,1624.0
409087897019,4181,2,255,35,4,0x7060,5,1,200,-752.0
409087915287,4182,2,255,35,4,0x7060,5,1,200,-392.0
409087929648,4183,2,255,35,4,0x7060,5,1,200,-55.0
409087947960,4184,2,255,35,4,0x7060,5,1,200,53.0
409087963122,4185,2,255,35,4,0x7060,5,1,200,686.0
409087979876,4186,2,255,35,4,0x7060,5,1,200,179.0
409087997894,4187,2,255,35,4,0x7060,5,1,200,-838.0
409088013807,4188,2,255,35,4,0x7060,5,1,200,-1204.0
409088030742,4189,2,14,36,4,0x7060,5,1,200,-215.0
409088047307,4190,2,14,36,4,0x7060,5,1,200,638.0
409088065310,4191,2,14,36,4,0x7060,5,1,200,-1610.0
409088080532,4192,2,14,36,4,0x7060,5,1,200,725.0
409088098081,4193,2,14,36,4,0x7060,5,1,200,1092.0
409088113930,4194,2,14,36,4,0x7070,6,1,200,-724.0
409088129722,4195,2,14,36,4,0x7070,6,1,200,-597.0
409088146431,4196,2,14,36,4,0x7060,5,1,200,-1009.0
409088163032,4197,2,14,36,4,0x7060,5,1,200,-233.0
409088180318,4198,2,14,36,4,0x7060,5,1,200,1558.0
409088197124,4199,2,14,36,4,0x7060,5,1,200,-975.0
409088216018,4200,2,14,36,4,0x7070,6,1,200,-728.0
409088231272,4201,2,14,36,4,0x7060,5,1,200,309.0
409088246792,4202,2,14,36,4,0x7060,5,1,200,-1069.0
409088263112,4203,2,14,36,4,0x7060,5,1,200,94.0
409088280726,4204,2,14,36,4,0x7060,5,1,200,869.0
409088297183,4205,2,14,36,4,0x7060,5,1,200,-2252.0
409088313037,4206,2,14,36,4,0x7060,5,1,200,796.0
409088330193,4207,2,14,36,4,0x7060,5,1,200,1132.0
409088347581,4208,2,14,36,4,0x7060,5,1,200,413.0
409088364095,4209,2,14,36,4,0x7060,5,1,200,601.0
409088380393,4210,2,14,36,4,0x7060,5,1,200,137.0
409088398011,4211,2,14,36,4,0x7060,5,1,200,-834.0
409088414079,4212,2,14,36,4,0x7060,5,1,200,-448.0
409088430041,4213,2,14,36,4,0x7060,5,1,200,-1214.0
409088446805,4214,2,14,36,4,0x7060,5,1,200,247.0
409088464080,4215,2,14,36,4,0x7060,5,1,200,-666.0
409088481383,4216,2,14,36,4,0x7060,5,1,200,-180.0
409088497780,4217,2,14,36,4,0x7060,5,1,200,1107.0
409088514646,4218,2,14,36,4,0x7060,5,1,200,-1538.0
409088530996,4219,2,14,36,4,0x7060,5,1,200,269.0
409088546873,4220,2,14,36,4,0x7060,5,1,200,484.0
409088566599,4221,2,14,36,4,0x7060,5,1,200,-1116.0
409088580967,4222,2,14,36,4,0x7060,5,1,200,-37.0
409088597462,4223,2,14,36,4,0x7060,5,1,200,172.0
409088615552,4224,2,14,36,4,0x7060,5,1,200,1236.0
409088631399,4225,2,14,36,4,0x7060,5,1,200,1814.0
409088647915,4226,2,14,36,4,0x7060,5,1,200,-419.0
409088664500,4227,2,14,36,4,0x7060,5,1,200,-1353.0
409088680912,4228,2,14,36,4,0x7070,6,1,200,-463.0
409088697990,4229,2,14,36,4,0x7070,6,1,200,1169.0
409088714679,4230,2,14,36,4,0x7070,6,1,200,74.0
409088730268,4231,2,14,36,4,0x7070,6,1,200,-388.0
409088747974,4232,2,14,36,4,0x7070,6,1,200,-1205.0
409088764051,4233,2,14,36,4,0x7070,6,1,200,-973.0
409088781650,4234,2,14,36,4,0x7070,6,1,200,-1202.0
409088797410,4235,2,14,36,4,0x7070,6,1,200,1032.0
409088814786,4236,2,14,36,4,0x7070,6,1,200,-578.0
409088833805,4237,2,14,36,4,0x7060,5,1,200,-346.0
409088847601,4238,2,14,36,4,0x7060,5,1,200,-68.0
409088864936,4239,2,14,36,4,0x7060,5,1,200,8.0
409088880731,4240,2,14,36,4,0x7060,5,1,200,592.0
409088897614,4241,2,14,36,4,0x7060,5,1,200,555.0
409088915675,4242,2,14,36,4,0x7060,5,1,200,814.0
409088930481,4243,2,14,36,4,0x7060,5,1,200,-1229.0
409088948000,4244,2,14,36,4,0x7060,5,1,200,1105.0
409088965257,4245,2,14,36,4,0x7060,5,1,200,1075.0
409088980425,4246,2,14,36,4,0x7060,5,1,200,-1061.0
409088997150,4247,2,14,36,4,0x7060,5,1,200,-1141.0
409089014397,4248,2,14,36,4,0x7060,5,1,200,-1104.0
409089031967,4249,2,14,36,4,0x7060,5,1,200,-1279.0
409089048570,4250,2,14,36,4,0x7070,6,1,200,-844.0
409089064471,4251,2,14,36,4,0x7070,6,1,200,1632.0
409089081377,4252,2,14,36,4,0x7070,6,1,200,-93.0
409089099276,4253,2,14,36,4,0x7060,5,1,200,-293.0
409089114879,4254,2,14,36,4,0x7070,6,1,200,-862.0
409089131002,4255,2,14,36,4,0x7070,6,1,200,-941.0
409089147664,4256,2,14,36,4,0x7060,5,1,200,1072.0
409089164636,4257,2,14,36,4,0x7060,5,1,200,540.0
409089182393,4258,2,14,36,4,0x7060,5,1,200,381.0
409089198027,4259,2,14,36,4,0x7060,5,1,200,251.0
409089214263,4260,2,14,36,4,0x7060,5,1,200,-622.0
409089231682,4261,2,14,36,4,0x7060,5,1,200,1733.0
409089249299,4262,2,14,36,4,0x7060,5,1,200,373.0
409089265302,4263,2,14,36,4,0x7070,6,1,200,693.0
409089280749,4264,2,14,36,4,0x7060,5,1,200,655.0
409089298002,4265,2,14,36,4,0x7060,5,1,200,-994.0
409089314521,4266,2,14,36,4,0x7060,5,1,200,582.0
409089331783,4267,2,14,36,4,0x7060,5,1,200,-168.0
409089348379,4268,2,14,36,4,0x7060,5,1,200,-2006.0
409089365711,4269,2,14,36,4,0x7070,6,1,200,1346.0
409089381577,4270,2,14,36,4,0x7060,5,1,200,1170.0
409089398637,4271,2,14,36,4,0x7060,5,1,200,428.0
409089415375,4272,2,14,36,4,0x7060,5,1,200,-518.0
409089431165,4273,2,14,36,4,0x7070,6,1,200,-547.0
409089448736,4274,2,14,36,4,0x7060,5,1,200,-1617.0
409089464721,4275,2,14,36,4,0x7060,5,1,200,967.0
409089481744,4276,2,14,36,4,0x7060,5,1,200,941.0
409089497920,4277,2,14,36,4,0x7060,5,1,200,624.0
409089515579,4278,2,14,36,4,0x7070,6,1,200,-488.0
409089532164,4279,2,14,36,4,0x7070,6,1,200,1172.0
409089548042,4280,2,14,36,4,0x7060,5,1,200,-1374.0
409089565326,4281,2,14,36,4,0x7060,5,1,200,548.0
409089581535,4282,2,14,36,4,0x7060,5,1,200,-834.0
409089599325,4283,2,14,36,4,0x7060,5,1,200,1412.0
409089615074,4284,2,14,36,4,0x7060,5,1,200,-717.0
409089632495,4285,2,14,36,4,0x7070,6,1,200,-518.0
409089648671,4286,2,14,36,4,0x7060,5,1,200,693.0
409089665491,4287,2,14,36,4,0x7060,5,1,200,-735.0
409089681946,4288,2,14,36,4,0x7060,5,1,200,1283.0
409089699312,4289,2,14,36,4,0x7060,5,1,200,933.0
409089716083,4290,2,14,36,4,0x7060,5,1,200,453.0
409089731674,4291,2,14,36,4,0x7060,5,1,200,-754.0
409089749164,4292,2,14,36,4,0x7060,5,1,200,1330.0
409089765494,4293,2,14,36,4,0x7060,5,1,200,-1237.0
409089781734,4294,2,14,36,4,0x7060,5,1,200,-2089.0
409089800770,4295,2,14,36,4,0x7060,5,1,200,953.0
409089815789,4296,2,14,36,4,0x7060,5,1,200,827.0
409089831913,4297,2,14,36,4,0x7060,5,1,200,2.0
409089848647,4298,2,14,36,4,0x7060,5,1,200,623.0
409089865438,4299,2,14,36,4,0x7070,6,1,200,-365.0
409089882869,4300,2,14,36,4,0x7070,6,1,200,-1305.0
409089899073,4301,2,14,36,4,0x7070,6,1,200,-236.0
409089915767,4302,2,14,36,4,0x7060,5,1,200,123.0
409089931429,4303,2,14,36,4,0x7060,5,1,200,-939.0
409089949000,4304,2,14,36,4,0x7060,5,1,200,606.0
409089965434,4305,2,14,36,4,0x7060,5,1,200,542.0
409089982116,4306,2,14,36,4,0x7060,5,1,200,961.0
409089999180,4307,2,14,36,4,0x7060,5,1,200,894.0
409090015163,4308,2,14,36,4,0x7060,5,1,200,-612.0
409090031767,4309,2,14,36,4,0x7060,5,1,200,698.0
409090048903,4310,2,14,36,4,0x7060,5,1,200,-479.0
409090065905,4311,2,14,36,4,0x7060,5,1,200,-1133.0
409090081700,4312,2,14,36,4,0x7060,5,1,200,-1742.0
409090100504,4313,2,14,36,4,0x7060,5,1,200,1260.0
409090115908,4314,2,14,36,4,0x7060,5,1,200,174.0
409090131806,4315,2,14,36,4,0x7060,5,1,200,684.0
409090149861,4316,2,14,36,4,0x7060,5,1,200,-1601.0
409090165564,4317,2,14,36,4,0x7060,5,1,200,-1083.0
409090182894,4318,2,14,36,4,0x7060,5,1,200,327.0
409090198702,4319,2,14,36,4,0x7060,5,1,200,-253.0
409090215963,4320,2,14,36,4,0x7060,5,1,200,51.0
409090232751,4321,2,14,36,4,0x7060,5,1,200,-63.0
409090249033,4322,2,14,36,4,0x7060,5,1,200,716.0
409090265817,4323,2,14,36,4,0x7060,5,1,200,1469.0
409090281811,4324,2,14,36,4,0x7060,5,1,200,-144.0
409090299311,4325,2,14,36,4,0x7060,5,1,200,517.0
409090316344,4326,2,14,36,4,0x7060,5,1,200,642.0
409090333255,4327,2,14,36,4,0x7060,5,1,200,1143.0
409090349519,4328,2,14,36,4,0x7060,5,1,200,1494.0
409090365455,4329,2,14,36,4,0x7060,5,1,200,25.0
409090383015,4330,2,14,36,4,0x7060,5,1,200,138.0
409090398961,4331,2,14,36,4,0x7060,5,1,200,-811.0
409090416723,4332,2,14,36,4,0x7070,6,1,200,244.0
409090432399,4333,2,14,36,4,0x7070,6,1,200,-922.0
409090449585,4334,2,14,36,4,0x7060,5,1,200,365.0
409090465503,4335,2,14,36,4,0x7060,5,1,200,-1369.0
409090483658,4336,2,14,36,4,0x7060,5,1,200,1308.0
409090499268,4337,2,14,36,4,0x7060,5,1,200,-554.0
409090516144,4338,2,14,36,4,0x7060,5,1,200,78.0
409090533002,4339,2,14,36,4,0x7060,5,1,200,43.0
409090549407,4340,2,14,36,4,0x7060,5,1,200,-246.0
409090566050,4341,2,14,36,4,0x7060,5,1,200,1051.0
409090583640,4342,2,14,36,4,0x7060,5,1,200,-874.0
409090600020,4343,2,14,36,4,0x7060,5,1,200,1361.0
409090617762,4344,2,14,36,4,0x7070,6,1,200,69.0
409090633480,4345,2,14,36,4,0x7070,6,1,200,280.0
409090649315,4346,2,14,36,4,0x7060,5,1,200,190.0
409090665791,4347,2,14,36,4,0x7060,5,1,200,541.0
409090684332,4348,2,14,36,4,0x7060,5,1,200,-739.0
409090699277,4349,2,14,36,4,0x7060,5,1,200,-927.0
409090715961,4350,2,14,36,4,0x7060,5,1,200,-1340.0
409090732936,4351,2,14,36,4,0x7060,5,1,200,-1232.0
409090750604,4352,2,14,36,4,0x7060,5,1,200,1042.0
409090768336,4353,2,14,36,4,0x7070,6,1,200,-1215.0
409090783439,4354,2,14,36,4,0x7070,6,1,200,1254.0
409090799563,4355,2,14,36,4,0x7060,5,1,200,-673.0
409090817510,4356,2,14,36,4,0x7070,6,1,200,-919.0
409090833879,4357,2,14,36,4,0x7060,5,1,200,1182.0
409090849094,4358,2,14,36,4,0x7060,5,1,200,-808.0
409090866657,4359,2,14,36,4,0x7060,5,1,200,-468.0
409090883021,4360,2,14,36,4,0x7060,5,1,200,1173.0
409090900408,4361,2,14,36,4,0x7060,5,1,200,-2206.0
409090916146,4362,2,14,36,4,0x7060,5,1,200,881.0
409090932255,4363,2,14,36,4,0x7060,5,1,200,1078.0
409090950355,4364,2,14,36,4,0x7060,5,1,200,206.0
409090965920,4365,2,14,36,4,0x7060,5,1,200,-616.0
409090983297,4366,2,14,36,4,0x7060,5,1,200,-1036.0
409091000082,4367,2,14,36,4,0x7060,5,1,200,-508.0
409091017110,4368,2,14,36,4,0x7060,5,1,200,-1520.0
409091033397,4369,2,14,36,4,0x7060,5,1,200,710.0
409091050012,4370,2,14,36,4,0x7060,5,1,200,-539.0
409091067162,4371,2,14,36,4,0x7060,5,1,200,-1629.0
409091084942,4372,2,14,36,4,0x7060,5,1,200,772.0
409091099720,4373,2,14,36,4,0x7060,5,1,200,-1032.0
409091116002,4374,2,14,36,4,0x7060,5,1,200,-1405.0
409091132787,4375,2,14,36,4,0x7060,5,1,200,704.0
409091150484,4376,2,14,36,4,0x7070,6,1,200,-1016.0
409091166120,4377,2,14,36,4,0x7060,5,1,200,-623.0
409091183248,4378,2,14,36,4,0x7070,6,1,200,-1731.0
409091199639,4379,2,14,36,4,0x7070,6,1,200,1017.0
409091216962,4380,2,14,36,4,0x7070,6,1,200,-795.0
409091234040,4381,2,14,36,4,0x7070,6,1,200,-54.0
409091249961,4382,2,14,36,4,0x7070,6,1,200,998.0
409091266690,4383,2,14,36,4,0x7070,6,1,200,18.0
409091283376,4384,2,14,36,4,0x7060,5,1,200,937.0
409091299806,4385,2,14,36,4,0x7060,5,1,200,-1050.0
409091316872,4386,2,14,36,4,0x7060,5,1,200,-375.0
409091334437,4387,2,14,36,4,0x7060,5,1,200,497.0
409091350675,4388,2,14,36,4,0x7060,5,1,200,-781.0
409091366993,4389,2,14,36,4,0x7060,5,1,200,-693.0
409091382933,4390,2,14,36,4,0x7060,5,1,200,666.0
409091400023,4391,2,14,36,4,0x7060,5,1,200,882.0
409091418398,4392,2,14,36,4,0x7060,5,1,200,-2850.0
409091434506,4393,2,14,36,4,0x7070,6,1,200,384.0
409091450552,4394,2,14,36,4,0x7070,6,1,200,-121.0
409091467127,4395,2,14,36,4,0x7070,6,1,200,-982.0
409091483750,4396,2,14,36,4,0x7060,5,1,200,67.0
409091500420,4397,2,14,36,4,0x7060,5,1,200,-1594.0
409091517093,4398,2,14,36,4,0x7060,5,1,200,1546.0
409091534741,4399,2,14,36,4,0x7060,5,1,200,-96.0
409091550377,4400,2,14,36,4,0x7060,5,1,200,-777.0
409091566597,4401,2,14,36,4,0x7070,6,1,200,-342.0
409091584537,4402,2,14,36,4,0x7070,6,1,200,196.0
409091601980,4403,2,14,36,4,0x7070,6,1,200,2224.0
409091617292,4404,2,14,36,4,0x7070,6,1,200,-579.0
409091633820,4405,2,14,36,4,0x7070,6,1,200,166.0
409091650337,4406,2,14,36,4,0x7070,6,1,200,-2079.0
409091666934,4407,2,14,36,4,0x7070,6,1,200,481.0
409091684901,4408,2,14,36,4,0x7070,6,1,200,44.0
409091701438,4409,2,14,36,4,0x7060,5,1,200,-2210.0
409091717752,4410,2,14,36,4,0x7060,5,1,200,2099.0
409091734088,4411,2,14,36,4,0x7060,5,1,200,419.0
409091750801,4412,2,14,36,4,0x7070,6,1,200,1308.0
409091767859,4413,2,14,36,4,0x7070,6,1,200,749.0
409091783867,4414,2,14,36,4,0x7070,6,1,200,150.0
409091800986,4415,2,14,36,4,0x7060,5,1,200,433.0
409091816715,4416,2,14,36,4,0x7060,5,1,200,-1721.0
409091833922,4417,2,14,36,4,0x7060,5,1,200,1143.0
409091849820,4418,2,14,36,4,0x7060,5,1,200,568.0
409091867007,4419,2,14,36,4,0x7060,5,1,200,597.0
409091884077,4420,2,14,36,4,0x7060,5,1,200,-642.0
409091900342,4421,2,14,36,4,0x7060,5,1,200,-1289.0
409091917153,4422,2,14,36,4,0x7060,5,1,200,-43.0
409091934150,4423,2,14,36,4,0x7060,5,1,200,1306.0
409091951222,4424,2,14,36,4,0x7060,5,1,200,-120.0
409091966950,4425,2,14,36,4,0x7060,5,1,200,-118.0
409091986090,4426,2,14,36,4,0x7060,5,1,200,1630.0
409092001360,4427,2,14,36,4,0x7060,5,1,200,-1695.0
409092016888,4428,2,14,36,4,0x7070,6,1,200,-821.0
409092034252,4429,2,14,36,4,0x7070,6,1,200,1361.0
409092050862,4430,2,14,36,4,0x7070,6,1,200,-936.0
409092067038,4431,2,14,36,4,0x7070,6,1,200,731.0
409092084403,4432,2,14,36,4,0x7070,6,1,200,-867.0
409092100769,4433,2,14,36,4,0x7070,6,1,200,-1023.0
409092117658,4434,2,14,36,4,0x7070,6,1,200,779.0
409092133578,4435,2,14,36,4,0x7070,6,1,200,16.0
409092150202,4436,2,14,36,4,0x7070,6,1,200,1107.0
409092169096,4437,2,14,36,4,0x7060,5,1,200,1142.0
409092184800,4438,2,14,36,4,0x7060,5,1,200,-1333.0
409092201081,4439,2,14,36,4,0x7060,5,1,200,1097.0
409092218124,4440,2,14,36,4,0x7060,5,1,200,1233.0
409092233856,4441,2,14,36,4,0x7060,5,1,200,168.0
409092250882,4442,2,14,36,4,0x7060,5,1,200,1108.0
409092268971,4443,2,14,36,4,0x7060,5,1,200,1065.0
409092283832,4444,2,14,36,4,0x7060,5,1,200,1244.0
409092301116,4445,2,14,36,4,0x7060,5,1,200,-1315.0
409092318167,4446,2,14,36,4,0x7060,5,1,200,-120.0
409092334271,4447,2,14,36,4,0x7060,5,1,200,1566.0
409092351833,4448,2,14,36,4,0x7060,5,1,200,-913.0
409092367207,4449,2,14,36,4,0x7060,5,1,200,680.0
409092384756,4450,2,14,36,4,0x7060,5,1,200,-1771.0
409092400996,4451,2,14,36,4,0x7060,5,1,200,20.0
409092417286,4452,2,14,36,4,0x7060,5,1,200,-93.0
409092434459,4453,2,14,36,4,0x7060,5,1,200,1184.0
409092453179,4454,2,14,36,4,0x7060,5,1,200,869.0
409092467952,4455,2,14,36,4,0x7060,5,1,200,-1486.0
409092485329,4456,2,14,36,4,0x7060,5,1,200,-1140.0
409092501295,4457,2,14,36,4,0x7060,5,1,200,518.0
409092518621,4458,2,14,36,4,0x7060,5,1,200,-36.0
409092534460,4459,2,14,36,4,0x7060,5,1,200,1194.0
409092551474,4460,2,14,36,4,0x7060,5,1,200,113.0
409092568372,4461,2,14,36,4,0x7060,5,1,200,1354.0
409092585059,4462,2,14,36,4,0x7060,5,1,200,398.0
409092601035,4463,2,14,36,4,0x7060,5,1,200,-927.0
409092618023,4464,2,14,36,4,0x7060,5,1,200,-594.0
409092634364,4465,2,14,36,4,0x7060,5,1,200,1332.0
409092651280,4466,2,14,36,4,0x7060,5,1,200,1307.0
409092667992,4467,2,14,36,4,0x7060,5,1,200,-744.0
409092685112,4468,2,14,36,4,0x7060,5,1,200,-212.0
409092701447,4469,2,14,36,4,0x7060,5,1,200,558.0
409092718146,4470,2,14,36,4,0x7060,5,1,200,1356.0
409092737748,4471,2,14,36,4,0x7060,5,1,200,633.0
409092751156,4472,2,14,36,4,0x7060,5,1,200,-495.0
409092768368,4473,2,14,36,4,0x7060,5,1,200,1109.0
409092784989,4474,2,14,36,4,0x7060,5,1,200,-1084.0
409092801697,4475,2,14,36,4,0x7060,5,1,200,-413.0
409092818310,4476,2,14,36,4,0x7060,5,1,200,1153.0
409092834862,4477,2,14,36,4,0x7060,5,1,200,1080.0
409092851320,4478,2,14,36,4,0x7060,5,1,200,-777.0
409092867593,4479,2,14,36,4,0x7060,5,1,200,147.0
409092885002,4480,2,14,36,4,0x7060,5,1,200,-146.0
409092901660,4481,2,14,36,4,0x7060,5,1,200,2157.0
409092917510,4482,2,14,36,4,0x7060,5,1,200,-151.0
409092934412,4483,2,14,36,4,0x7060,5,1,200,-1275.0
409092951554,4484,2,14,36,4,0x7060,5,1,200,1188.0
409092967880,4485,2,14,36,4,0x7060,5,1,200,1293.0
409092985246,4486,2,14,36,4,0x7060,5,1,200,1022.0
409093002179,4487,2,14,36,4,0x7060,5,1,200,-687.0
409093018714,4488,2,14,36,4,0x7060,5,1,200,1394.0
409093034761,4489,2,14,36,4,0x7060,5,1,200,1208.0
409093051154,4490,2,14,36,4,0x7060,5,1,200,-1025.0
409093068474,4491,2,14,36,4,0x7060,5,1,200,-267.0
409093084880,4492,2,14,36,4,0x7060,5,1,200,275.0
409093101162,4493,2,14,36,4,0x7060,5,1,200,-1227.0
409093119577,4494,2,14,36,4,0x7060,5,1,200,1072.0
409093135641,4495,2,14,36,4,0x7060,5,1,200,72.0
409093151832,4496,2,14,36,4,0x7060,5,1,200,-570.0
409093168406,4497,2,14,36,4,0x7060,5,1,200,-1306.0
409093185402,4498,2,14,36,4,0x7060,5,1,200,951.0
409093201702,4499,2,14,36,4,0x7060,5,1,200,-1780.0
409093218579,4500,2,14,36,4,0x7060,5,1,200,-1348.0
409093235393,4501,2,14,36,4,0x7060,5,1,200,-224.0
409093252943,4502,2,14,36,4,0x7060,5,1,200,-1365.0
409093268363,4503,2,14,36,4,0x7060,5,1,200,-1095.0
409093285171,4504,2,14,36,4,0x7060,5,1,200,-475.0
409093302629,4505,2,14,36,4,0x7060,5,1,200,-1077.0
409093319082,4506,2,14,36,4,0x7060,5,1,200,1295.0
409093334959,4507,2,14,36,4,0x7060,5,1,200,-451.0
409093351844,4508,2,14,36,4,0x7060,5,1,200,905.0
409093369091,4509,2,14,36,4,0x7070,6,1,200,1458.0
409093385634,4510,2,14,36,4,0x7060,5,1,200,-220.0
409093401930,4511,2,14,36,4,0x7070,6,1,200,-1047.0
409093419319,4512,2,14,36,4,0x7070,6,1,200,-510.0
409093435716,4513,2,14,36,4,0x7070,6,1,200,-1773.0
409093451504,4514,2,14,36,4,0x7070,6,1,200,-80.0
409093468624,4515,2,14,36,4,0x7060,5,1,200,1148.0
409093485388,4516,2,14,36,4,0x7060,5,1,200,981.0
409093501996,4517,2,14,36,4,0x7060,5,1,200,775.0
409093518249,4518,2,14,36,4,0x7060,5,1,200,-924.0
409093535298,4519,2,14,36,4,0x7060,5,1,200,1227.0
409093551556,4520,2,14,36,4,0x7060,5,1,200,226.0
409093568564,4521,2,14,36,4,0x7060,5,1,200,857.0
409093585288,4522,2,14,36,4,0x7070,6,1,200,-2051.0
409093602647,4523,2,14,36,4,0x7070,6,1,200,-998.0
409093619505,4524,2,14,36,4,0x7070,6,1,200,-440.0
409093635432,4525,2,14,36,4,0x7070,6,1,200,-664.0
409093653412,4526,2,14,36,4,0x7070,6,1,200,-278.0
409093669354,4527,2,14,36,4,0x7070,6,1,200,1247.0
409093686148,4528,2,14,36,4,0x7070,6,1,200,1460.0
409093702567,4529,2,14,36,4,0x7070,6,1,200,-175.0
409093718977,4530,2,14,36,4,0x7070,6,1,200,-641.0
409093735603,4531,2,14,36,4,0x7070,6,1,200,-722.0
409093752777,4532,2,14,36,4,0x7070,6,1,200,1662.0
409093769091,4533,2,14,36,4,0x7060,5,1,200,1382.0
409093785823,4534,2,14,36,4,0x7060,5,1,200,619.0
409093802900,4535,2,14,36,4,0x7060,5,1,200,-563.0
409093819295,4536,2,14,36,4,0x7060,5,1,200,1100.0
409093835233,4537,2,14,36,4,0x7070,6,1,200,-1028.0
409093852925,4538,2,14,36,4,0x7070,6,1,200,-137.0
409093869802,4539,2,14,36,4,0x7060,5,1,200,1435.0
409093885512,4540,2,14,36,4,0x7070,6,1,200,-960.0
409093902606,4541,2,14,36,4,0x7070,6,1,200,1261.0
409093919458,4542,2,14,36,4,0x7070,6,1,200,-1700.0
409093936010,4543,2,14,36,4,0x7070,6,1,200,1222.0
409093952428,4544,2,14,36,4,0x7060,5,1,200,710.0
409093969632,4545,2,14,36,4,0x7070,6,1,200,-1386.0
409093986866,4546,2,14,36,4,0x7060,5,1,200,1207.0
409094002829,4547,2,14,36,4,0x7060,5,1,200,842.0
409094019528,4548,2,14,36,4,0x7060,5,1,200,-243.0
409094036653,4549,2,14,36,4,0x7060,5,1,200,-794.0
409094053009,4550,2,14,36,4,0x7060,5,1,200,1441.0
409094069159,4551,2,14,36,4,0x7060,5,1,200,-917.0
409094086031,4552,2,14,36,4,0x7060,5,1,200,-1183.0
409094102960,4553,2,14,36,4,0x7060,5,1,200,-974.0
409094119295,4554,2,14,36,4,0x7070,6,1,200,1208.0
409094136084,4555,2,14,36,4,0x7070,6,1,200,-496.0
409094152788,4556,2,14,36,4,0x7070,6,1,200,395.0
409094169256,4557,2,14,36,4,0x7070,6,1,200,-1343.0
409094186200,4558,2,14,36,4,0x7070,6,1,200,-809.0
409094202637,4559,2,14,36,4,0x7060,5,1,200,-591.0
409094219402,4560,2,14,36,4,0x7060,5,1,200,-656.0
409094236513,4561,2,14,36,4,0x7070,6,1,200,270.0
409094254393,4562,2,14,36,4,0x7070,6,1,200,1201.0
409094269730,4563,2,14,36,4,0x7070,6,1,200,-545.0
409094286256,4564,2,14,36,4,0x7060,5,1,200,-609.0
409094302711,4565,2,14,36,4,0x7060,5,1,200,647.0
409094319399,4566,2,14,36,4,0x7060,5,1,200,-1699.0
409094336093,4567,2,14,36,4,0x7060,5,1,200,883.0
409094352714,4568,2,14,36,4,0x7060,5,1,200,1256.0
409094369362,4569,2,14,36,4,0x7060,5,1,200,-1236.0
409094386539,4570,2,14,36,4,0x7060,5,1,200,715.0
409094402995,4571,2,14,36,4,0x7060,5,1,200,-815.0
409094419943,4572,2,14,36,4,0x7060,5,1,200,-533.0
409094435871,4573,2,14,36,4,0x7070,6,1,200,-580.0
409094452519,4574,2,14,36,4,0x7060,5,1,200,-829.0
409094469387,4575,2,14,36,4,0x7060,5,1,200,-71.0
409094486769,4576,2,14,36,4,0x7070,6,1,200,277.0
409094502646,4577,2,14,36,4,0x7060,5,1,200,615.0
409094519805,4578,2,14,36,4,0x7070,6,1,200,-1267.0
409094536248,4579,2,14,36,4,0x7070,6,1,200,-902.0
409094552316,4580,2,14,36,4,0x7060,5,1,200,-110.0
409094570654,4581,2,14,36,4,0x7060,5,1,200,1652.0
409094587298,4582,2,14,36,4,0x7060,5,1,200,-20.0
409094603214,4583,2,14,36,4,0x7060,5,1,200,190.0
409094619709,4584,2,14,36,4,0x7060,5,1,200,-132.0
409094636780,4585,2,14,36,4,0x7060,5,1,200,1385.0
409094653781,4586,2,14,36,4,0x7060,5,1,200,208.0
409094670480,4587,2,14,36,4,0x7060,5,1,200,1118.0
409094686895,4588,2,14,36,4,0x7060,5,1,200,171.0
409094703421,4589,2,14,36,4,0x7060,5,1,200,-281.0
409094719842,4590,2,14,36,4,0x7060,5,1,200,1116.0
409094736067,4591,2,14,36,4,0x7060,5,1,200,1565.0
409094753592,4592,2,14,36,4,0x7060,5,1,200,-548.0
409094769658,4593,2,14,36,4,0x7060,5,1,200,-461.0
409094786512,4594,2,14,36,4,0x7060,5,1,200,510.0
409094802849,4595,2,14,36,4,0x7060,5,1,200,1452.0
409094820304,4596,2,14,36,4,0x7060,5,1,200,452.0
409094836777,4597,2,14,36,4,0x7060,5,1,200,-459.0
409094853976,4598,2,14,36,4,0x7060,5,1,200,36.0
409094870106,4599,2,14,36,4,0x7060,5,1,200,1369.0
409094886692,4600,2,14,36,4,0x7060,5,1,200,411.0
409094903288,4601,2,14,36,4,0x7060,5,1,200,828.0
409094920777,4602,2,14,36,4,0x7060,5,1,200,-597.0
409094936895,4603,2,14,36,4,0x7060,5,1,200,375.0
409094953158,4604,2,14,36,4,0x7060,5,1,200,-443.0
409094970238,4605,2,14,36,4,0x7060,5,1,200,-238.0
409094987511,4606,2,14,36,4,0x7060,5,1,200,-1335.0
409095003283,4607,2,14,36,4,0x7060,5,1,200,-785.0
409095020069,4608,2,14,36,4,0x7060,5,1,200,1332.0
409095036978,4609,2,14,36,4,0x7070,6,1,200,1613.0
409095053340,4610,2,14,36,4,0x7060,5,1,200,1709.0
409095070303,4611,2,14,36,4,0x7060,5,1,200,-101.0
409095087366,4612,2,14,36,4,0x7060,5,1,200,-216.0
409095104282,4613,2,14,36,4,0x7060,5,1,200,268.0
409095120870,4614,2,14,36,4,0x7060,5,1,200,1060.0
409095138547,4615,2,14,36,4,0x7060,5,1,200,-915.0
409095154472,4616,2,14,36,4,0x7060,5,1,200,-888.0
409095170758,4617,2,14,36,4,0x7060,5,1,200,1299.0
409095187797,4618,2,14,36,4,0x7060,5,1,200,-112.0
409095204554,4619,2,14,36,4,0x7060,5,1,200,1084.0
409095220492,4620,2,14,36,4,0x7060,5,1,200,1768.0
409095236655,4621,2,14,36,4,0x7060,5,1,200,1109.0
409095254077,4622,2,14,36,4,0x7060,5,1,200,125.0
409095270378,4623,2,14,36,4,0x7070,6,1,200,-1639.0
409095287395,4624,2,14,36,4,0x7060,5,1,200,4.0
409095304831,4625,2,14,36,4,0x7060,5,1,200,-959.0
409095320926,4626,2,14,36,4,0x7060,5,1,200,-637.0
409095336968,4627,2,14,36,4,0x7060,5,1,200,169.0
409095354091,4628,2,14,36,4,0x7060,5,1,200,398.0
409095370968,4629,2,14,36,4,0x7060,5,1,200,771.0
409095387573,4630,2,14,36,4,0x7060,5,1,200,351.0
409095403988,4631,2,14,36,4,0x7060,5,1,200,1077.0
409095420573,4632,2,14,36,4,0x7060,5,1,200,842.0
409095437459,4633,2,14,36,4,0x7060,5,1,200,1006.0
409095454134,4634,2,14,36,4,0x7060,5,1,200,-1625.0
409095471168,4635,2,14,36,4,0x7060,5,1,200,143.0
409095487777,4636,2,14,36,4,0x7060,5,1,200,955.0
409095505465,4637,2,14,36,4,0x7060,5,1,200,1127.0
409095520589,4638,2,14,36,4,0x7060,5,1,200,-1414.0
409095537310,4639,2,14,36,4,0x7060,5,1,200,-1289.0
409095553829,4640,2,14,36,4,0x7060,5,1,200,-457.0
409095570679,4641,2,14,36,4,0x7060,5,1,200,709.0
409095586700,4642,2,14,36,4,0x7060,5,1,200,952.0
409095604007,4643,2,14,36,4,0x7060,5,1,200,-1210.0
409095620124,4644,2,14,36,4,0x7060,5,1,200,1136.0
409095637893,4645,2,14,36,4,0x7060,5,1,200,1284.0
409095654103,4646,2,14,36,4,0x7060,5,1,200,-143.0
409095671114,4647,2,14,36,4,0x7060,5,1,200,-965.0
409095687687,4648,2,14,36,4,0x7060,5,1,200,1471.0
409095703945,4649,2,14,36,4,0x7060,5,1,200,-564.0
409095722106,4650,2,14,36,4,0x7060,5,1,200,-2.0
409095737673,4651,2,14,36,4,0x7060,5,1,200,327.0
409095754441,4652,2,14,36,4,0x7060,5,1,200,-764.0
409095770845,4653,2,14,36,4,0x7060,5,1,200,1145.0
409095788080,4654,2,14,36,4,0x7060,5,1,200,-44.0
409095804329,4655,2,14,36,4,0x7060,5,1,200,-555.0
409095820400,4656,2,14,36,4,0x7060,5,1,200,-774.0
409095838039,4657,2,14,36,4,0x7060,5,1,200,-857.0
409095854427,4658,2,14,36,4,0x7060,5,1,200,-665.0
409095871107,4659,2,14,36,4,0x7060,5,1,200,1208.0
409095888135,4660,2,14,36,4,0x7060,5,1,200,-1059.0
409095905211,4661,2,14,36,4,0x7060,5,1,200,1379.0
409095921497,4662,2,14,36,4,0x7060,5,1,200,-1150.0
409095937981,4663,2,14,36,4,0x7060,5,1,200,701.0
409095954716,4664,2,14,36,4,0x7060,5,1,200,1072.0
409095971122,4665,2,14,36,4,0x7060,5,1,200,718.0
409095987600,4666,2,14,36,4,0x7060,5,1,200,1263.0
409096004281,4667,2,14,36,4,0x7060,5,1,200,208.0
409096021633,4668,2,14,36,4,0x7060,5,1,200,-1821.0
409096037924,4669,2,14,36,4,0x7060,5,1,200,1258.0
409096053974,4670,2,14,36,4,0x7060,5,1,200,-1037.0
409096071861,4671,2,14,36,4,0x7060,5,1,200,-796.0
409096088161,4672,2,14,36,4,0x7060,5,1,200,792.0
409096104409,4673,2,14,36,4,0x7060,5,1,200,-684.0
409096121449,4674,2,14,36,4,0x7060,5,1,200,-158.0
409096138320,4675,2,14,36,4,0x7060,5,1,200,1309.0
409096155461,4676,2,14,36,4,0x7060,5,1,200,942.0
409096170723,4677,2,14,36,4,0x7060,5,1,200,38.0
409096188544,4678,2,14,36,4,0x7060,5,1,200,-1204.0
409096206521,4679,2,14,36,4,0x7060,5,1,200,-293.0
409096221637,4680,2,14,36,4,0x7060,5,1,200,-470.0
409096238309,4681,2,14,36,4,0x7060,5,1,200,1056.0
409096254546,4682,2,14,36,4,0x7060,5,1,200,-1148.0
409096271479,4683,2,14,36,4,0x7060,5,1,200,1702.0
409096288779,4684,2,14,36,4,0x7060,5,1,200,1204.0
409096304472,4685,2,14,36,4,0x7060,5,1,200,37.0
409096321440,4686,2,14,36,4,0x7060,5,1,200,455.0
409096338589,4687,2,14,36,4,0x7060,5,1,200,354.0
409096354472,4688,2,14,36,4,0x7060,5,1,200,1298.0
409096371655,4689,2,14,36,4,0x7060,5,1,200,-1088.0
409096388668,4690,2,14,36,4,0x7060,5,1,200,755.0
409096405367,4691,2,14,36,4,0x7060,5,1,200,609.0
409096421993,4692,2,14,36,4,0x7060,5,1,200,-172.0
409096438978,4693,2,14,36,4,0x7060,5,1,200,1197.0
409096454943,4694,2,14,36,4,0x7060,5,1,200,1032.0
409096471964,4695,2,14,36,4,0x7060,5,1,200,-1651.0
409096488753,4696,2,14,36,4,0x7060,5,1,200,1435.0
409096504984,4697,2,14,36,4,0x7060,5,1,200,-422.0
409096521352,4698,2,14,36,4,0x7060,5,1,200,89.0
409096538370,4699,2,14,36,4,0x7060,5,1,200,-1230.0
409096555280,4700,2,14,36,4,0x7060,5,1,200,-253.0
409096572162,4701,2,14,36,4,0x7060,5,1,200,1273.0
409096589391,4702,2,14,36,4,0x7060,5,1,200,398.0
409096605827,4703,2,14,36,4,0x7060,5,1,200,169.0
409096622368,4704,2,14,36,4,0x7060,5,1,200,1395.0
409096638296,4705,2,14,36,4,0x7060,5,1,200,-1882.0
409096655592,4706,2,14,36,4,0x7060,5,1,200,-192.0
409096672656,4707,2,14,36,4,0x7060,5,1,200,869.0
409096688122,4708,2,14,36,4,0x7060,5,1,200,1132.0
409096705804,4709,2,14,36,4,0x7060,5,1,200,777.0
409096723200,4710,2,14,36,4,0x7060,5,1,200,1904.0
409096738520,4711,2,14,36,4,0x7060,5,1,200,663.0
409096755644,4712,2,14,36,4,0x7060,5,1,200,1014.0
409096771796,4713,2,14,36,4,0x7060,5,1,200,-123.0
409096788697,4714,2,14,36,4,0x7060,5,1,200,1538.0
409096805482,4715,2,14,36,4,0x7060,5,1,200,1469.0
409096822479,4716,2,14,36,4,0x7060,5,1,200,1093.0
409096840049,4717,2,14,36,4,0x7060,5,1,200,-68.0
409096855802,4718,2,14,36,4,0x7060,5,1,200,1143.0
409096872157,4719,2,14,36,4,0x7060,5,1,200,1209.0
409096889477,4720,2,14,36,4,0x7060,5,1,200,1435.0
409096905805,4721,2,14,36,4,0x7060,5,1,200,-1229.0
409096924161,4722,2,14,36,4,0x7060,5,1,200,-1573.0
409096938893,4723,2,14,36,4,0x7060,5,1,200,-599.0
409096956653,4724,2,14,36,4,0x7060,5,1,200,-938.0
409096972000,4725,2,14,36,4,0x7060,5,1,200,-697.0
409096989192,4726,2,14,36,4,0x7060,5,1,200,166.0
409097006499,4727,2,14,36,4,0x7060,5,1,200,-711.0
409097023032,4728,2,14,36,4,0x7060,5,1,200,-945.0
409097039806,4729,1,255,37,4,0x7060,5,1,200,895.0
409097055640,4730,1,255,37,4,0x7060,5,1,200,1263.0
409097073835,4731,1,255,37,4,0x7060,5,1,200,661.0
409097088876,4732,1,255,37,4,0x7060,5,1,200,1910.0
409097107772,4733,1,255,37,4,0x7060,5,1,200,-329.0
409097123075,4734,1,255,37,4,0x7060,5,1,200,-374.0
409097139439,4735,1,255,37,4,0x7060,5,1,200,-445.0
409097156787,4736,1,255,37,4,0x7060,5,1,200,522.0
409097172892,4737,1,255,37,4,0x7060,5,1,200,1276.0
409097190146,4738,1,255,37,4,0x7060,5,1,200,-1809.0
409097206907,4739,1,255,37,4,0x7060,5,1,200,813.0
409097223583,4740,1,255,37,4,0x7060,5,1,200,-68.0
409097240356,4741,1,255,37,4,0x7060,5,1,200,-901.0
409097256976,4742,1,255,37,4,0x7060,5,1,200,-71.0
409097273928,4743,1,255,37,4,0x7060,5,1,200,-1015.0
409097289806,4744,1,255,37,4,0x7060,5,1,200,1261.0
409097307616,4745,1,255,37,4,0x7060,5,1,200,899.0
409097323489,4746,1,255,37,4,0x7060,5,1,200,-628.0
409097339486,4747,1,255,37,4,0x7060,5,1,200,-43.0
409097356529,4748,1,255,37,4,0x7060,5,1,200,1142.0
409097372499,4749,1,255,37,4,0x7060,5,1,200,-1132.0
409097389480,4750,1,255,37,4,0x7060,5,1,200,705.0
409097407133,4751,1,255,37,4,0x7060,5,1,200,976.0
409097424032,4752,1,255,37,4,0x7060,5,1,200,-511.0
409097438815,4753,1,255,37,4,0x7060,5,1,200,-139.0
409097456407,4754,1,255,37,4,0x7060,5,1,200,170.0
409097474647,4755,1,255,37,4,0x7060,5,1,200,765.0
409097489468,4756,1,255,37,4,0x7060,5,1,200,689.0
409097506391,4757,1,255,37,4,0x7060,5,1,200,1227.0
409097523351,4758,1,255,37,4,0x7060,5,1,200,607.0
409097540177,4759,1,255,37,4,0x7060,5,1,200,1397.0
409097556447,4760,1,255,37,4,0x7060,5,1,200,-797.0
409097573583,4761,1,255,37,4,0x7060,5,1,200,-1910.0
409097590500,4762,1,255,37,4,0x7060,5,1,200,351.0
409097606445,4763,1,255,37,4,0x7060,5,1,200,390.0
409097624575,4764,1,255,37,4,0x7060,5,1,200,1860.0
409097639723,4765,1,255,37,4,0x7060,5,1,200,881.0
409097657074,4766,1,255,37,4,0x7060,5,1,200,1083.0
409097673175,4767,1,255,37,4,0x7060,5,1,200,382.0
409097690080,4768,1,255,37,4,0x7060,5,1,200,153.0
409097706806,4769,1,255,37,4,0x7060,5,1,200,282.0
409097723922,4770,1,255,37,4,0x7060,5,1,200,-208.0
409097739995,4771,1,255,37,4,0x7060,5,1,200,1247.0
409097757672,4772,1,255,37,4,0x7060,5,1,200,-53.0
409097774196,4773,1,255,37,4,0x7060,5,1,200,1438.0
409097789189,4774,1,255,37,4,0x7060,5,1,200,1209.0
409097806523,4775,1,255,37,4,0x7060,5,1,200,671.0
409097823461,4776,1,255,37,4,0x7060,5,1,200,571.0
409097840694,4777,1,255,37,4,0x7060,5,1,200,-1253.0
409097856824,4778,1,255,37,4,0x7060,5,1,200,-1068.0
409097873291,4779,1,255,37,4,0x7060,5,1,200,-2099.0
409097891009,4780,1,255,37,4,0x7060,5,1,200,-172.0
409097907133,4781,1,255,37,4,0x7060,5,1,200,1067.0
409097925220,4782,1,255,37,4,0x7060,5,1,200,-86.0
409097940438,4783,1,255,37,4,0x7060,5,1,200,28.0
409097956442,4784,1,255,37,4,0x7060,5,1,200,755.0
409097976353,4785,1,255,37,4,0x7060,5,1,200,-1482.0
409097989634,4786,1,255,37,4,0x7060,5,1,200,1208.0
409098008806,4787,1,255,37,4,0x7060,5,1,200,172.0
409098025122,4788,1,255,37,4,0x7060,5,1,200,-1057.0
409098040801,4789,1,255,37,4,0x7060,5,1,200,1152.0
409098057562,4790,1,255,38,4,0x7060,5,1,200,1570.0
409098073674,4791,1,255,38,4,0x7060,5,1,200,-986.0
409098089709,4792,1,255,38,4,0x7060,5,1,200,-1675.0
409098106883,4793,1,255,38,4,0x7060,5,1,200,-591.0
409098124340,4794,1,255,38,4,0x7060,5,1,200,-1093.0
409098140072,4795,1,255,38,4,0x7060,5,1,200,-1273.0
409098156671,4796,1,255,38,4,0x7060,5,1,200,-1502.0
409098173799,4797,1,255,38,4,0x7060,5,1,200,1203.0
409098190092,4798,1,255,38,4,0x7060,5,1,200,-268.0
409098207275,4799,1,255,38,4,0x7060,5,1,200,929.0
409098224188,4800,1,255,38,4,0x7060,5,1,200,-52.0
409098239922,4801,1,255,38,4,0x7060,5,1,200,631.0
409098258447,4802,1,255,38,4,0x7060,5,1,200,-511.0
409098273349,4803,1,255,38,4,0x7060,5,1,200,-21.0
409098290549,4804,1,255,38,4,0x7060,5,1,200,-7.0
409098307262,4805,1,255,38,4,0x7060,5,1,200,1395.0
409098324293,4806,1,255,38,4,0x7060,5,1,200,631.0
409098341191,4807,1,255,38,4,0x7060,5,1,200,-242.0
409098356439,4808,1,255,38,4,0x7060,5,1,200,-543.0
409098375434,4809,1,255,38,4,0x7060,5,1,200,-1239.0
409098391183,4810,1,255,38,4,0x7060,5,1,200,-303.0
409098407733,4811,1,255,38,4,0x7060,5,1,200,-1144.0
409098424920,4812,1,255,38,4,0x7060,5,1,200,1277.0
409098440544,4813,1,255,38,4,0x7060,5,1,200,1379.0
409098457398,4814,1,255,38,4,0x7060,5,1,200,1974.0
409098474013,4815,1,255,38,4,0x7060,5,1,200,-949.0
409098490296,4816,1,255,38,4,0x7060,5,1,200,-98.0
409098507293,4817,1,255,38,4,0x7060,5,1,200,-1711.0
409098524951,4818,1,255,38,4,0x7060,5,1,200,1634.0
409098540809,4819,1,255,38,4,0x7060,5,1,200,528.0
409098558653,4820,1,255,38,4,0x7060,5,1,200,1111.0
409098574596,4821,1,255,38,4,0x7070,6,1,200,-86.0
409098590678,4822,1,255,38,4,0x7070,6,1,200,-965.0
409098607275,4823,1,255,38,4,0x7070,6,1,200,-1001.0
409098624810,4824,1,255,38,4,0x7060,5,1,200,-212.0
409098641676,4825,1,255,38,4,0x7060,5,1,200,-323.0
409098657529,4826,1,255,38,4,0x7060,5,1,200,-1196.0
409098674019,4827,1,255,38,4,0x7060,5,1,200,-1003.0
409098690748,4828,1,255,38,4,0x7060,5,1,200,-1481.0
409098708373,4829,1,255,38,4,0x7060,5,1,200,-556.0
409098725226,4830,1,255,38,4,0x7060,5,1,200,1880.0
409098741696,4831,1,255,38,4,0x7060,5,1,200,-1014.0
409098759210,4832,1,255,38,4,0x7060,5,1,200,543.0
409098775144,4833,1,255,38,4,0x7060,5,1,200,1080.0
409098790821,4834,1,255,38,4,0x7060,5,1,200,-431.0
409098806946,4835,1,255,38,4,0x7060,5,1,200,-1444.0
409098824303,4836,1,255,38,4,0x7060,5,1,200,1408.0
409098840737,4837,1,255,38,4,0x7060,5,1,200,852.0
409098856937,4838,1,255,38,4,0x7060,5,1,200,865.0
409098875022,4839,1,255,38,4,0x7060,5,1,200,786.0
409098890703,4840,1,255,38,4,0x7060,5,1,200,-756.0
409098907554,4841,1,255,38,4,0x7060,5,1,200,1272.0
409098926761,4842,1,255,38,4,0x7060,5,1,200,1070.0
409098940815,4843,1,255,38,4,0x7060,5,1,200,1413.0
409098957434,4844,1,255,38,4,0x7060,5,1,200,-438.0
409098974767,4845,1,255,38,4,0x7070,6,1,200,780.0
409098990646,4846,1,255,38,4,0x7070,6,1,200,-191.0
409099007987,4847,1,255,38,4,0x7060,5,1,200,-894.0
409099025489,4848,1,255,38,4,0x7060,5,1,200,171.0
409099040542,4849,1,255,38,4,0x7060,5,1,200,124.0
409099057483,4850,1,255,38,4,0x7060,5,1,200,-376.0
409099074477,4851,1,255,39,4,0x7060,5,1,200,-1979.0
409099091358,4852,1,255,39,4,0x7060,5,1,200,1257.0
409099109613,4853,1,255,39,4,0x7060,5,1,200,-977.0
409099123684,4854,1,255,39,4,0x7060,5,1,200,-140.0
409099142195,4855,1,255,39,4,0x7060,5,1,200,1081.0
409099158385,4856,1,255,39,4,0x7060,5,1,200,95.0
409099174403,4857,1,255,39,4,0x7060,5,1,200,1313.0
409099191766,4858,1,255,39,4,0x7060,5,1,200,-316.0
409099207831,4859,1,255,39,4,0x7060,5,1,200,-1042.0
409099224249,4860,1,255,39,4,0x7060,5,1,200,1082.0
409099240702,4861,1,255,39,4,0x7060,5,1,200,266.0
409099258623,4862,1,255,39,4,0x7060,5,1,200,197.0
409099274731,4863,1,255,39,4,0x7060,5,1,200,1022.0
409099291468,4864,1,255,39,4,0x7060,5,1,200,516.0
409099308312,4865,1,255,39,4,0x7060,5,1,200,-1543.0
409099325102,4866,1,255,39,4,0x7060,5,1,200,1572.0
409099341173,4867,1,255,39,4,0x7060,5,1,200,-101.0
409099357878,4868,1,255,39,4,0x7060,5,1,200,65.0
409099374503,4869,1,255,39,4,0x7060,5,1,200,260.0
409099391602,4870,1,255,39,4,0x7060,5,1,200,-666.0
409099407751,4871,1,255,39,4,0x7060,5,1,200,-457.0
409099424675,4872,1,255,39,4,0x7060,5,1,200,924.0
409099441277,4873,1,255,39,4,0x7060,5,1,200,-357.0
409099457843,4874,1,255,39,4,0x7060,5,1,200,5.0
409099474420,4875,1,255,39,4,0x7060,5,1,200,-1219.0
409099491171,4876,1,255,39,4,0x7060,5,1,200,-479.0
409099509166,4877,1,255,39,4,0x7060,5,1,200,1131.0
409099525561,4878,1,255,39,4,0x7060,5,1,200,-25.0
409099541385,4879,1,255,39,4,0x7060,5,1,200,263.0
409099559036,4880,1,255,39,4,0x7060,5,1,200,10.0
409099575025,4881,1,255,39,4,0x7060,5,1,200,906.0
409099592096,4882,1,255,39,4,0x7060,5,1,200,-948.0
409099608043,4883,1,255,39,4,0x7060,5,1,200,-1619.0
409099625124,4884,1,255,39,4,0x7060,5,1,200,-1248.0
409099641370,4885,1,255,39,4,0x7060,5,1,200,-966.0
409099658272,4886,1,255,39,4,0x7060,5,1,200,1141.0
409099675282,4887,1,255,39,4,0x7060,5,1,200,-940.0
409099691720,4888,1,255,39,4,0x7060,5,1,200,-1478.0
409099709122,4889,1,255,39,4,0x7060,5,1,200,1698.0
409099724721,4890,1,255,39,4,0x7060,5,1,200,-1148.0
409099741896,4891,1,255,39,4,0x7060,5,1,200,505.0
409099759273,4892,1,255,39,4,0x7060,5,1,200,99.0
409099774781,4893,1,255,39,4,0x7060,5,1,200,1489.0
409099792185,4894,1,255,39,4,0x7060,5,1,200,517.0
409099808896,4895,1,255,39,4,0x7060,5,1,200,162.0
409099826846,4896,1,255,39,4,0x7060,5,1,200,806.0
409099842652,4897,1,255,39,4,0x7060,5,1,200,723.0
409099859184,4898,1,255,39,4,0x7060,5,1,200,1268.0
409099875894,4899,1,255,39,4,0x7060,5,1,200,-264.0
409099891872,4900,1,255,39,4,0x7060,5,1,200,814.0
409099907987,4901,1,255,39,4,0x7060,5,1,200,-283.0
409099924731,4902,1,255,39,4,0x7060,5,1,200,1343.0
409099941511,4903,1,255,39,4,0x7060,5,1,200,613.0
409099958657,4904,1,255,39,4,0x7060,5,1,200,-541.0
409099974774,4905,1,255,39,4,0x7060,5,1,200,-2009.0
409099992268,4906,1,255,39,4,0x7060,5,1,200,1249.0
409100010307,4907,1,255,39,4,0x7060,5,1,200,-286.0
409100026710,4908,1,255,39,4,0x7060,5,1,200,453.0
409100041892,4909,1,255,39,4,0x7060,5,1,200,-1500.0
409100059447,4910,2,255,40,4,0x7060,5,1,200,-484.0
409100075391,4911,2,14,41,4,0x7060,5,1,200,1314.0
409100091611,4912,2,14,41,4,0x7060,5,1,200,271.0
409100108705,4913,2,14,41,4,0x7060,5,1,200,890.0
409100125452,4914,2,14,41,4,0x7060,5,1,200,211.0
409100142590,4915,2,14,41,4,0x7060,5,1,200,1667.0
409100159041,4916,2,14,41,4,0x7060,5,1,200,-37.0
409100175541,4917,2,14,41,4,0x7060,5,1,200,-344.0
409100192419,4918,2,14,41,4,0x7060,5,1,200,350.0
409100209415,4919,2,14,41,4,0x7060,5,1,200,-854.0
409100225971,4920,2,14,41,4,0x7060,5,1,200,-438.0
409100241906,4921,2,14,41,4,0x7060,5,1,200,-889.0
409100259237,4922,2,14,41,4,0x7060,5,1,200,1392.0
409100276286,4923,2,14,41,4,0x7060,5,1,200,13.0
409100292586,4924,2,14,41,4,0x7060,5,1,200,-946.0
409100308803,4925,2,14,41,4,0x7060,5,1,200,-847.0
409100325885,4926,2,14,41,4,0x7060,5,1,200,-700.0
409100342464,4927,2,14,41,4,0x7060,5,1,200,-1336.0
409100359019,4928,2,14,41,4,0x7060,5,1,200,1367.0
409100376285,4929,2,14,41,4,0x7060,5,1,200,-1650.0
409100391923,4930,2,14,41,4,0x7060,5,1,200,-1072.0
409100409720,4931,2,14,41,4,0x7060,5,1,200,357.0
409100426710,4932,2,14,41,4,0x7060,5,1,200,101.0
409100442774,4933,2,14,41,4,0x7060,5,1,200,-732.0
409100459203,4934,2,14,41,4,0x7060,5,1,200,-119.0
409100475831,4935,2,14,41,4,0x7060,5,1,200,1328.0
409100492653,4936,2,14,41,4,0x7060,5,1,200,-1366.0
409100509587,4937,2,14,41,4,0x7060,5,1,200,1233.0
409100526772,4938,2,14,41,4,0x7060,5,1,200,683.0
409100542849,4939,2,14,41,4,0x7060,5,1,200,128.0
409100559434,4940,2,14,41,4,0x7060,5,1,200,294.0
409100575579,4941,2,14,41,4,0x7060,5,1,200,-727.0
409100592589,4942,2,14,41,4,0x7060,5,1,200,124.0
409100609524,4943,2,14,41,4,0x7060,5,1,200,333.0
409100625772,4944,2,14,41,4,0x7060,5,1,200,-974.0
409100642597,4945,2,14,41,4,0x7060,5,1,200,722.0
409100660130,4946,2,14,41,4,0x7060,5,1,200,1368.0
409100676967,4947,2,14,41,4,0x7060,5,1,200,353.0
409100692333,4948,2,14,41,4,0x7060,5,1,200,-1023.0
409100709543,4949,2,14,41,4,0x7060,5,1,200,-2106.0
409100726758,4950,2,14,41,4,0x7060,5,1,200,-226.0
409100742774,4951,2,14,41,4,0x7060,5,1,200,810.0
409100759424,4952,2,14,41,4,0x7060,5,1,200,741.0
409100776473,4953,2,14,41,4,0x7060,5,1,200,624.0
409100793366,4954,2,14,41,4,0x7060,5,1,200,871.0
409100809311,4955,2,14,41,4,0x7060,5,1,200,1406.0
409100827066,4956,2,14,41,4,0x7060,5,1,200,-291.0
409100864258,4957,2,14,41,4,0x7060,5,1,200,-498.0
409100874276,4958,2,14,41,4,0x7070,6,1,200,-432.0
409100880118,4959,2,14,41,4,0x7070,6,1,200,125.0
409100893527,4960,2,14,41,4,0x7070,6,1,200,105.0
409100910470,4961,2,14,41,4,0x7070,6,1,200,1165.0
409100927110,4962,2,14,41,4,0x7060,5,1,200,-261.0
409100943123,4963,2,14,41,4,0x7070,6,1,200,148.0
409100960053,4964,2,14,41,4,0x7060,5,1,200,254.0
409100977257,4965,2,14,41,4,0x7060,5,1,200,-126.0
409100992781,4966,2,14,41,4,0x7060,5,1,200,1005.0
409101009366,4967,2,14,41,4,0x7070,6,1,200,-749.0
409101027151,4968,2,14,41,4,0x7070,6,1,200,-228.0
409101043417,4969,2,14,41,4,0x7060,5,1,200,1403.0
409101060254,4970,2,14,41,4,0x7060,5,1,200,1093.0
409101076415,4971,2,14,41,4,0x7060,5,1,200,1154.0
409101093029,4972,2,14,41,4,0x7060,5,1,200,-490.0
409101110018,4973,2,14,41,4,0x7060,5,1,200,-782.0
409101126404,4974,2,14,41,4,0x7060,5,1,200,1198.0
409101142983,4975,2,14,41,4,0x7060,5,1,200,-790.0
409101160372,4976,2,14,41,4,0x7060,5,1,200,1200.0
409101176471,4977,2,14,41,4,0x7060,5,1,200,1605.0
409101193778,4978,2,14,41,4,0x7070,6,1,200,346.0
409101210398,4979,2,14,41,4,0x7070,6,1,200,886.0
409101227525,4980,2,14,41,4,0x7070,6,1,200,-1037.0
409101243032,4981,2,14,41,4,0x7070,6,1,200,644.0
409101259609,4982,2,14,41,4,0x7060,5,1,200,-84.0
409101277590,4983,2,14,41,4,0x7060,5,1,200,1640.0
409101292903,4984,2,14,41,4,0x7060,5,1,200,660.0
409101309477,4985,2,14,41,4,0x7060,5,1,200,1147.0
409101326926,4986,2,14,41,4,0x7060,5,1,200,1584.0
409101343130,4987,2,14,41,4,0x7060,5,1,200,-1282.0
409101360093,4988,2,14,41,4,0x7070,6,1,200,-168.0
409101376790,4989,2,14,41,4,0x7070,6,1,200,549.0
409101393433,4990,2,14,41,4,0x7070,6,1,200,-98.0
409101410651,4991,2,14,41,4,0x7070,6,1,200,-718.0
409101426866,4992,2,14,41,4,0x7070,6,1,200,426.0
409101443486,4993,2,14,41,4,0x7078,7,1,200,-1533.0
409101460830,4994,2,14,41,4,0x7070,6,1,200,1909.0
409101476912,4995,2,14,41,4,0x7068,6,1,200,-739.0
409101493100,4996,2,14,41,4,0x7060,5,1,200,1311.0
409101510319,4997,2,14,41,4,0x7070,6,1,200,199.0
409101527054,4998,2,14,41,4,0x7070,6,1,200,214.0
409101543501,4999,2,14,41,4,0x7060,5,1,200,-18.0
409101559791,5000,2,14,41,4,0x7060,5,1,200,-799.0
409101577257,5001,2,14,41,4,0x7070,6,1,200,94.0
409101593743,5002,2,14,41,4,0x7070,6,1,200,-60.0
409101610583,5003,2,14,41,4,0x7078,7,1,200,360.0
409101627179,5004,2,14,41,4,0x7060,5,1,200,-225.0
409101643581,5005,2,14,41,4,0x7060,5,1,200,1320.0
409101660168,5006,2,14,41,4,0x7070,6,1,200,320.0
409101676709,5007,2,14,41,4,0x7070,6,1,200,454.0
409101694053,5008,2,14,41,4,0x7070,6,1,200,116.0
409101710593,5009,2,14,41,4,0x7068,6,1,200,-943.0
409101727697,5010,2,14,41,4,0x7070,6,1,200,212.0
409101744166,5011,2,14,41,4,0x7060,5,1,200,1259.0
409101760426,5012,2,14,41,4,0x7078,7,1,200,-1839.0
409101777074,5013,2,14,41,4,0x7070,6,1,200,808.0
409101793778,5014,2,14,41,4,0x7070,6,1,200,-1130.0
409101812768,5015,2,14,41,4,0x7078,7,1,200,55.0
409101827034,5016,2,14,41,4,0x7078,7,1,200,354.0
409101844891,5017,2,14,41,4,0x7078,7,1,200,871.0
409101860155,5018,2,14,41,4,0x7078,7,1,200,173.0
409101877257,5019,2,14,41,4,0x7078,7,1,200,-1534.0
409101894703,5020,2,14,41,4,0x7078,7,1,200,134.0
409101910711,5021,2,14,41,4,0x7070,6,1,200,612.0
409101927622,5022,2,14,41,4,0x7078,7,1,200,-1306.0
409101943378,5023,2,14,41,4,0x7078,7,1,200,-33.0
409101960639,5024,2,14,41,4,0x7070,6,1,200,497.0
409101977543,5025,2,14,41,4,0x7060,5,1,200,-1041.0
409101994231,5026,2,14,41,4,0x7078,7,1,200,1210.0
409102010240,5027,2,14,41,4,0x7070,6,1,200,-94.0
409102027049,5028,2,14,41,4,0x7060,5,1,200,-1157.0
409102044298,5029,2,14,41,4,0x7070,6,1,200,734.0
409102061032,5030,2,14,41,4,0x7070,6,1,200,1052.0
409102077371,5031,2,14,41,4,0x7060,5,1,200,1352.0
409102093725,5032,2,14,41,4,0x7070,6,1,200,-1499.0
409102110234,5033,2,14,41,4,0x7078,7,1,200,608.0
409102126993,5034,2,14,41,4,0x7070,6,1,200,-388.0
409102144384,5035,2,14,41,4,0x7078,7,1,200,0.0
409102160812,5036,2,14,41,4,0x7078,7,1,200,66.0
409102177731,5037,2,14,41,4,0x7070,6,1,200,233.0
409102193991,5038,2,14,41,4,0x7070,6,1,200,-257.0
409102210627,5039,2,14,41,4,0x7078,7,1,200,152.0
409102226999,5040,2,14,41,4,0x7070,6,1,200,1308.0
409102244087,5041,2,14,41,4,0x7078,7,1,200,-844.0
409102260361,5042,2,14,41,4,0x7068,6,1,200,724.0
409102277388,5043,2,14,41,4,0x7060,5,1,200,-503.0
409102294302,5044,2,14,41,4,0x7070,6,1,200,-1363.0
409102316079,5045,2,14,41,4,0x7060,5,1,200,256.0
409102327449,5046,2,14,41,4,0x7068,6,1,200,1446.0
409102344947,5047,2,14,41,4,0x7068,6,1,200,-356.0
409102360814,5048,2,14,41,4,0x7078,7,1,200,776.0
409102377665,5049,2,14,41,4,0x7070,6,1,200,-1172.0
409102394491,5050,2,14,41,4,0x7070,6,1,200,-786.0
409102412290,5051,2,14,41,4,0x7070,6,1,200,-247.0
409102427429,5052,2,14,41,4,0x7070,6,1,200,-1716.0
409102444550,5053,2,14,41,4,0x7060,5,1,200,1662.0
409102461983,5054,2,14,41,4,0x7060,5,1,200,49.0
409102479772,5055,2,14,41,4,0x7060,5,1,200,315.0
409102494998,5056,2,14,41,4,0x7060,5,1,200,-1815.0
409102511494,5057,2,14,41,4,0x7060,5,1,200,1506.0
409102527949,5058,2,14,41,4,0x7060,5,1,200,-4.0
409102544971,5059,2,14,41,4,0x7070,6,1,200,1541.0
409102561132,5060,2,14,41,4,0x7060,5,1,200,190.0
409102578574,5061,2,14,41,4,0x7070,6,1,200,5.0
409102595692,5062,2,14,41,4,0x7078,7,1,200,62.0
409102611217,5063,2,14,41,4,0x7078,7,1,200,340.0
409102628020,5064,2,14,41,4,0x7078,7,1,200,-994.0
409102645091,5065,2,14,41,4,0x7070,6,1,200,-133.0
409102662110,5066,2,14,41,4,0x7078,7,1,200,-624.0
409102677951,5067,2,14,41,4,0x7078,7,1,200,1211.0
409102694131,5068,2,14,41,4,0x7070,6,1,200,-185.0
409102711270,5069,2,14,41,4,0x7070,6,1,200,1012.0
409102727723,5070,2,14,41,4,0x7078,7,1,200,-319.0
409102746068,5071,2,14,41,4,0x7078,7,1,200,-309.0
409102762498,5072,2,14,41,4,0x7070,6,1,200,1490.0
409102779019,5073,2,14,41,4,0x7078,7,1,200,362.0
409102795734,5074,2,14,41,4,0x7078,7,1,200,690.0
409102813153,5075,2,14,41,4,0x7078,7,1,200,-203.0
409102831354,5076,2,14,41,4,0x7078,7,1,200,829.0
409102846264,5077,2,14,41,4,0x7070,6,1,200,248.0
409102861902,5078,2,14,41,4,0x7078,7,1,200,617.0
409102878391,5079,2,14,41,4,0x7070,6,1,200,-1261.0
409102894524,5080,2,14,41,4,0x7070,6,1,200,1185.0
409102911771,5081,2,14,41,4,0x7070,6,1,200,931.0
409102928096,5082,2,14,41,4,0x7070,6,1,200,642.0
409102944997,5083,2,14,41,4,0x7070,6,1,200,1202.0
409102961447,5084,2,14,41,4,0x7078,7,1,200,127.0
409102977965,5085,2,14,41,4,0x7078,7,1,200,-370.0
409102995602,5086,2,14,41,4,0x7070,6,1,200,-745.0
409103011524,5087,2,14,41,4,0x7070,6,1,200,-920.0
409103028140,5088,2,14,41,4,0x7070,6,1,200,-229.0
409103044392,5089,2,14,41,4,0x7078,7,1,200,-935.0
409103061351,5090,2,14,41,4,0x7478,8,1,200,-1501.0
409103078139,5091,2,14,41,4,0x7470,7,1,200,1249.0
409103095058,5092,2,14,41,4,0x7478,8,1,200,-963.0
409103111126,5093,2,14,41,4,0x7478,8,1,200,-1047.0
409103128247,5094,2,14,41,4,0x7470,7,1,200,1189.0
409103144910,5095,2,14,41,4,0x7478,8,1,200,490.0
409103161150,5096,2,14,41,4,0x7478,8,1,200,-1047.0
409103179810,5097,2,14,41,4,0x7478,8,1,200,894.0
409103195053,5098,2,14,41,4,0x7470,7,1,200,1198.0
409103211021,5099,2,14,41,4,0x7478,8,1,200,-533.0
409103227713,5100,2,14,41,4,0x7478,8,1,200,-822.0
409103244610,5101,2,14,41,4,0x7478,8,1,200,39.0
409103261509,5102,2,14,41,4,0x7470,7,1,200,149.0
409103277662,5103,2,14,41,4,0x7470,7,1,200,-1061.0
409103294529,5104,2,14,41,4,0x7470,7,1,200,-684.0
409103312173,5105,2,14,41,4,0x7078,7,1,200,1262.0
409103327798,5106,2,14,41,4,0x7078,7,1,200,-613.0
409103345402,5107,2,14,41,4,0x7078,7,1,200,-818.0
409103363959,5108,2,14,41,4,0x7070,6,1,200,1799.0
409103378828,5109,2,14,41,4,0x7070,6,1,200,-476.0
409103395062,5110,2,14,41,4,0x7078,7,1,200,-2027.0
409103411654,5111,2,14,41,4,0x7070,6,1,200,-374.0
409103429155,5112,2,14,41,4,0x7078,7,1,200,-1620.0
409103445211,5113,2,14,41,4,0x7070,6,1,200,684.0
409103460893,5114,2,14,41,4,0x7070,6,1,200,-1050.0
409103478689,5115,2,14,41,4,0x7078,7,1,200,-1144.0
409103495675,5116,2,14,41,4,0x7070,6,1,200,-192.0
409103511298,5117,2,14,41,4,0x7478,8,1,200,-1250.0
409103528219,5118,2,14,41,4,0x7070,6,1,200,1021.0
409103545636,5119,2,14,41,4,0x7070,6,1,200,-914.0
409103561611,5120,2,14,41,4,0x7070,6,1,200,1623.0
409103578703,5121,2,14,41,4,0x7470,7,1,200,1144.0
409103595456,5122,2,14,41,4,0x7478,8,1,200,605.0
409103611730,5123,2,14,41,4,0x7070,6,1,200,-1218.0
409103629006,5124,2,14,41,4,0x7470,7,1,200,1380.0
409103645521,5125,2,14,41,4,0x7070,6,1,200,1133.0
409103662242,5126,2,14,41,4,0x7070,6,1,200,1187.0
409103678594,5127,2,14,41,4,0x7070,6,1,200,-904.0
409103695968,5128,2,14,41,4,0x7070,6,1,200,-292.0
409103712279,5129,2,14,41,4,0x7070,6,1,200,1100.0
409103729943,5130,2,14,41,4,0x7070,6,1,200,-1026.0
409103745500,5131,2,14,41,4,0x7070,6,1,200,720.0
409103762280,5132,2,14,41,4,0x7070,6,1,200,1039.0
409103778977,5133,2,14,41,4,0x7070,6,1,200,273.0
409103795156,5134,2,14,41,4,0x7070,6,1,200,1076.0
409103811619,5135,2,14,41,4,0x7070,6,1,200,-32.0
409103829721,5136,2,14,41,4,0x7070,6,1,200,883.0
409103845533,5137,2,14,41,4,0x7070,6,1,200,-906.0
409103862751,5138,2,14,41,4,0x7070,6,1,200,-997.0
409103878698,5139,2,14,41,4,0x7070,6,1,200,1692.0
409103895342,5140,2,14,41,4,0x7070,6,1,200,-338.0
409103915591,5141,2,14,41,4,0x7070,6,1,200,834.0
409103928628,5142,2,14,41,4,0x7070,6,1,200,-1229.0
409103945295,5143,2,14,41,4,0x7070,6,1,200,-58.0
409103962615,5144,2,14,41,4,0x7070,6,1,200,-111.0
409103978940,5145,2,14,41,4,0x7070,6,1,200,-842.0
409103996731,5146,2,14,41,4,0x7070,6,1,200,824.0
409104013712,5147,2,14,41,4,0x7070,6,1,200,-314.0
409104029005,5148,2,14,41,4,0x7070,6,1,200,-1365.0
409104045577,5149,2,14,41,4,0x7070,6,1,200,-863.0
409104062611,5150,2,14,41,4,0x7070,6,1,200,-871.0
409104078838,5151,2,14,41,4,0x7070,6,1,200,-342.0
409104096599,5152,2,14,41,4,0x7070,6,1,200,-2454.0
409104112273,5153,2,14,41,4,0x7070,6,1,200,-1123.0
409104128515,5154,2,14,41,4,0x7070,6,1,200,-1232.0
409104145604,5155,2,14,41,4,0x7070,6,1,200,-1332.0
409104162725,5156,2,14,41,4,0x7070,6,1,200,238.0
409104178724,5157,2,14,41,4,0x7070,6,1,200,-307.0
409104195582,5158,2,14,41,4,0x7070,6,1,200,-1501.0
409104212587,5159,2,14,41,4,0x7070,6,1,200,276.0
409104228731,5160,2,14,41,4,0x7070,6,1,200,1041.0
409104245372,5161,2,14,41,4,0x7070,6,1,200,1055.0
409104262194,5162,2,14,41,4,0x7070,6,1,200,-975.0
409104279828,5163,2,14,41,4,0x7070,6,1,200,1280.0
409104295230,5164,2,14,41,4,0x7070,6,1,200,-444.0
409104312929,5165,2,14,41,4,0x7070,6,1,200,1337.0
409104329218,5166,2,14,41,4,0x7070,6,1,200,1225.0
409104346078,5167,2,14,41,4,0x7070,6,1,200,623.0
409104362446,5168,2,14,41,4,0x7070,6,1,200,175.0
409104379229,5169,2,14,41,4,0x7070,6,1,200,-1122.0
409104396451,5170,2,14,41,4,0x7070,6,1,200,88.0
409104412853,5171,2,14,41,4,0x7070,6,1,200,62.0
409104429807,5172,2,14,41,4,0x7070,6,1,200,541.0
409104446748,5173,2,14,41,4,0x7070,6,1,200,-1169.0
409104465469,5174,2,14,41,4,0x7070,6,1,200,-905.0
409104479163,5175,2,14,41,4,0x7070,6,1,200,-330.0
409104495815,5176,2,14,41,4,0x7070,6,1,200,1021.0
409104513134,5177,2,14,41,4,0x7070,6,1,200,165.0
409104529571,5178,2,14,41,4,0x7070,6,1,200,1035.0
409104546412,5179,2,14,41,4,0x7070,6,1,200,-1058.0
409104562952,5180,2,14,41,4,0x7070,6,1,200,613.0
409104579742,5181,2,14,41,4,0x7070,6,1,200,-133.0
409104596668,5182,2,14,41,4,0x7070,6,1,200,286.0
409104613200,5183,2,14,41,4,0x7070,6,1,200,131.0
409104629450,5184,2,14,41,4,0x7070,6,1,200,-339.0
409104645830,5185,2,14,41,4,0x7070,6,1,200,-505.0
409104662620,5186,2,14,41,4,0x7070,6,1,200,-764.0
409104681201,5187,2,14,41,4,0x7070,6,1,200,-1319.0
409104696467,5188,2,14,41,4,0x7070,6,1,200,-409.0
409104714315,5189,2,14,41,4,0x7070,6,1,200,-1231.0
409104729972,5190,2,14,41,4,0x7070,6,1,200,-1593.0
409104747393,5191,2,14,41,4,0x7070,6,1,200,-593.0
409104763747,5192,2,14,41,4,0x7070,6,1,200,300.0
409104779465,5193,2,14,41,4,0x7070,6,1,200,534.0
409104796634,5194,2,14,41,4,0x7070,6,1,200,-999.0
409104814012,5195,2,14,41,4,0x7070,6,1,200,2024.0
409104830609,5196,2,14,41,4,0x7070,6,1,200,29.0
409104846915,5197,2,14,41,4,0x7070,6,1,200,185.0
409104863960,5198,2,14,41,4,0x7070,6,1,200,559.0
409104880214,5199,2,14,41,4,0x7070,6,1,200,221.0
409104897706,5200,2,14,41,4,0x7070,6,1,200,1417.0
409104913262,5201,2,14,41,4,0x7070,6,1,200,1333.0
409104930355,5202,2,14,41,4,0x7070,6,1,200,-1644.0
409104948123,5203,2,14,41,4,0x7070,6,1,200,717.0
409104963522,5204,2,14,41,4,0x7070,6,1,200,881.0
409104980144,5205,2,14,41,4,0x7070,6,1,200,1185.0
409104997390,5206,2,14,41,4,0x7070,6,1,200,227.0
409105014887,5207,2,14,41,4,0x7070,6,1,200,-1697.0
409105031661,5208,2,14,41,4,0x7078,7,1,200,39.0
409105047124,5209,2,14,41,4,0x7078,7,1,200,-737.0
409105063565,5210,2,14,41,4,0x7078,7,1,200,-880.0
409105080749,5211,2,14,41,4,0x7070,6,1,200,-1256.0
409105097129,5212,2,14,41,4,0x7070,6,1,200,1182.0
409105113431,5213,2,14,41,4,0x7070,6,1,200,960.0
409105130047,5214,2,14,41,4,0x7070,6,1,200,424.0
409105147070,5215,2,14,41,4,0x7070,6,1,200,-1064.0
409105164120,5216,2,14,41,4,0x7070,6,1,200,245.0
409105180181,5217,2,14,41,4,0x7070,6,1,200,789.0
409105198115,5218,2,14,41,4,0x7070,6,1,200,-937.0
409105216304,5219,2,14,41,4,0x7070,6,1,200,-319.0
409105230807,5220,2,14,41,4,0x7070,6,1,200,-1364.0
409105246983,5221,2,14,41,4,0x7070,6,1,200,-612.0
409105264648,5222,2,14,41,4,0x7070,6,1,200,-1346.0
409105281628,5223,2,14,41,4,0x7070,6,1,200,-684.0
409105297263,5224,2,14,41,4,0x7070,6,1,200,579.0
409105315725,5225,2,14,41,4,0x7070,6,1,200,-670.0
409105331417,5226,2,14,41,4,0x7070,6,1,200,-765.0
409105348080,5227,2,14,41,4,0x7070,6,1,200,-288.0
409105363394,5228,2,14,41,4,0x7070,6,1,200,1042.0
409105381078,5229,2,14,41,4,0x7070,6,1,200,296.0
409105397433,5230,2,14,41,4,0x7070,6,1,200,-66.0
409105415787,5231,2,14,41,4,0x7070,6,1,200,-1340.0
409105431794,5232,2,14,41,4,0x7070,6,1,200,1338.0
409105447670,5233,2,14,41,4,0x7070,6,1,200,1477.0
409105464998,5234,2,14,41,4,0x7070,6,1,200,629.0
409105481004,5235,2,14,41,4,0x7070,6,1,200,-1954.0
409105498445,5236,2,14,41,4,0x7070,6,1,200,-897.0
409105514879,5237,2,14,41,4,0x7060,5,1,200,-299.0
409105532624,5238,2,14,41,4,0x7060,5,1,200,-273.0
409105547583,5239,2,14,41,4,0x7060,5,1,200,223.0
409105564876,5240,2,14,41,4,0x7060,5,1,200,1320.0
409105581207,5241,2,14,41,4,0x7060,5,1,200,-290.0
409105598033,5242,2,14,41,4,0x7060,5,1,200,602.0
409105615539,5243,2,14,41,4,0x7060,5,1,200,-1781.0
409105630680,5244,2,14,41,4,0x7060,5,1,200,-361.0
409105648796,5245,2,14,41,4,0x7060,5,1,200,-656.0
409105666490,5246,2,14,41,4,0x7060,5,1,200,401.0
409105682894,5247,2,14,41,4,0x7060,5,1,200,-141.0
409105698875,5248,2,14,41,4,0x7060,5,1,200,-2018.0
409105715599,5249,2,14,41,4,0x7060,5,1,200,1318.0
409105732536,5250,2,14,41,4,0x7060,5,1,200,1664.0
409105749409,5251,2,14,41,4,0x7060,5,1,200,1283.0
409105767441,5252,2,14,41,4,0x7060,5,1,200,-1022.0
409105783541,5253,2,14,41,4,0x7860,6,1,200,18.0
409105798992,5254,2,14,41,4,0x7060,5,1,200,1089.0
409105815316,5255,2,14,41,4,0x7060,5,1,200,-2143.0
409105832104,5256,2,14,41,4,0x7060,5,1,200,1000.0
409105848676,5257,2,14,41,4,0x7060,5,1,200,261.0
409105864714,5258,2,14,41,4,0x7060,5,1,200,1219.0
409105881740,5259,2,14,41,4,0x7860,6,1,200,-724.0
409105899123,5260,2,14,41,4,0x7860,6,1,200,1355.0
409105915197,5261,2,14,41,4,0x7860,6,1,200,700.0
409105931008,5262,2,14,41,4,0x7c60,7,1,200,-111.0
409105949000,5263,2,14,41,4,0x7e60,8,1,200,1393.0
409105969037,5264,2,14,41,4,0x7e40,7,1,200,532.0
409105985683,5265,2,14,41,4,0x7e40,7,1,200,-831.0
409106000919,5266,2,14,41,4,0x7ec0,8,1,200,857.0
409106017657,5267,2,14,41,4,0x7fc0,9,1,200,-1887.0
409106032058,5268,2,14,41,4,0x7fc0,9,1,200,1633.0
409106049272,5269,2,14,41,4,0x7fc0,9,1,200,745.0
409106067281,5270,2,14,41,4,0x7fc0,9,1,200,-1141.0
409106082758,5271,2,12,42,4,0x7fc0,9,1,200,-1166.0
409106099000,5272,2,12,42,4,0x7fc0,9,1,200,-186.0
409106115507,5273,2,12,42,4,0x7fc0,9,1,200,396.0
409106132807,5274,2,12,42,4,0x7fc0,9,1,200,-948.0
409106148572,5275,2,12,42,4,0x7fc0,9,1,200,663.0
409106165348,5276,2,12,42,4,0x7fc0,9,1,200,554.0
409106181528,5277,2,12,42,4,0x7fc0,9,1,200,-693.0
409106199194,5278,2,12,42,4,0x7fc0,9,1,200,980.0
409106215859,5279,2,12,42,4,0x7fc0,9,1,200,782.0
409106232752,5280,2,12,42,4,0x7fc0,9,1,200,-890.0
409106249020,5281,2,12,42,4,0x7fc0,9,1,200,-65.0
409106265395,5282,2,12,42,4,0x7fc0,9,1,200,1046.0
409106281963,5283,2,12,42,4,0x7fc0,9,1,200,2516.0
409106298365,5284,2,12,42,4,0x7fc0,9,1,200,889.0
409106316078,5285,2,12,42,4,0x7fc0,9,1,200,1491.0
409106332899,5286,2,12,42,4,0x7fc0,9,1,200,-697.0
409106349327,5287,2,12,42,4,0x7fc0,9,1,200,-110.0
409106365625,5288,2,12,42,4,0x7fc0,9,1,200,-1121.0
409106381605,5289,2,12,42,4,0x7fc0,9,1,200,-433.0
409106398473,5290,2,12,42,4,0x7fc0,9,1,200,0.0
409106416362,5291,2,12,42,4,0x7fc0,9,1,200,-608.0
409106432708,5292,2,12,42,4,0x7fc0,9,1,200,1248.0
409106450052,5293,2,12,42,4,0x7fc0,9,1,200,849.0
409106466195,5294,2,12,42,4,0x7fc0,9,1,200,-207.0
409106484374,5295,2,12,42,4,0x7fc0,9,1,200,-1135.0
409106498620,5296,2,12,42,4,0x7fc0,9,1,200,-1191.0
409106515264,5297,2,12,42,4,0x7fc0,9,1,200,-846.0
409106533811,5298,2,12,42,4,0x7fc0,9,1,200,1794.0
409106549239,5299,2,12,42,4,0x7fc0,9,1,200,1410.0
409106567018,5300,2,12,42,4,0x7fc0,9,1,200,-403.0
409106581806,5301,2,12,42,4,0x7fc0,9,1,200,-332.0
409106599241,5302,2,12,42,4,0x7fc0,9,1,200,1069.0
409106615771,5303,2,12,42,4,0x7fc0,9,1,200,284.0
409106633142,5304,2,12,42,4,0x7fc0,9,1,200,-151.0
409106649789,5305,2,12,42,4,0x7fc0,9,1,200,444.0
409106666071,5306,2,12,42,4,0x7fc0,9,1,200,27.0
409106682310,5307,2,12,42,4,0x7fc0,9,1,200,-598.0
409106699362,5308,2,12,42,4,0x7fc0,9,1,200,-499.0
409106716462,5309,2,12,42,4,0x7fc0,9,1,200,237.0
409106733280,5310,2,12,42,4,0x7fc0,9,1,200,112.0
409106748555,5311,2,12,42,4,0x7fc0,9,1,200,-978.0
409106765715,5312,2,12,42,4,0x7fc0,9,1,200,1388.0
409106782898,5313,2,12,42,4,0x7fc0,9,1,200,82.0
409106800551,5314,2,12,42,4,0x7fe0,10,1,200,-1188.0
409106815878,5315,2,12,42,4,0x7fc0,9,1,200,183.0
409106832650,5316,2,12,42,4,0x7fc0,9,1,200,1360.0
409106849943,5317,2,12,42,4,0x7fe0,10,1,200,-539.0
409106867153,5318,2,12,42,4,0x7fc0,9,1,200,1026.0
409106882791,5319,2,12,42,4,0x7fe0,10,1,200,679.0
409106899436,5320,2,12,42,4,0x7fe0,10,1,200,-1416.0
409106916413,5321,2,12,42,4,0x7fe0,10,1,200,1522.0
409106932927,5322,2,12,42,4,0x7fe0,10,1,200,-203.0
409106949193,5323,2,12,42,4,0x7fe0,10,1,200,6.0
409106966145,5324,2,12,42,4,0x7ee0,9,1,200,-45.0
409106982380,5325,2,12,42,4,0x7ee0,9,1,200,1517.0
409106998574,5326,2,12,42,4,0x7ee0,9,1,200,1344.0
409107017259,5327,2,12,42,4,0x7ee0,9,1,200,-746.0
409107033097,5328,2,12,42,4,0x7ee0,9,1,200,47.0
409107049591,5329,2,12,42,4,0x7ee0,9,1,200,1357.0
409107065868,5330,2,12,42,4,0x7ee0,9,1,200,-1781.0
409107083042,5331,2,12,42,4,0x7ec0,8,1,200,-30.0
409107099899,5332,2,12,42,4,0x7ec0,8,1,200,643.0
409107118740,5333,2,12,42,4,0x7ee0,9,1,200,188.0
409107132318,5334,2,12,42,4,0x7ee0,9,1,200,-1021.0
409107149078,5335,2,12,42,4,0x7ee0,9,1,200,1349.0
409107166250,5336,2,12,42,4,0x7ee0,9,1,200,-693.0
409107183650,5337,2,12,42,4,0x7ee0,9,1,200,-840.0
409107199827,5338,2,12,42,4,0x7ee0,9,1,200,243.0
409107216040,5339,2,12,42,4,0x7ee0,9,1,200,967.0
409107233478,5340,2,12,42,4,0x7ee0,9,1,200,1252.0
409107250301,5341,2,12,42,4,0x7ee0,9,1,200,24.0
409107265900,5342,2,12,42,4,0x7ee0,9,1,200,-93.0
409107283678,5343,2,12,42,4,0x7ee0,9,1,200,1297.0
409107299924,5344,2,12,42,4,0x7ee0,9,1,200,-447.0
409107317528,5345,2,12,42,4,0x7ee0,9,1,200,-1660.0
409107333148,5346,2,12,42,4,0x7ee0,9,1,200,915.0
409107349482,5347,2,12,42,4,0x7ee0,9,1,200,1246.0
409107367039,5348,2,12,42,4,0x7ee0,9,1,200,311.0
409107382849,5349,2,12,42,4,0x7ee0,9,1,200,809.0
409107399864,5350,2,12,42,4,0x7ee0,9,1,200,-285.0
409107416766,5351,2,12,42,4,0x7ee0,9,1,200,887.0
409107433290,5352,2,12,42,4,0x7ee0,9,1,200,241.0
409107450050,5353,2,12,42,4,0x7ee0,9,1,200,-48.0
409107466564,5354,2,12,42,4,0x7ee0,9,1,200,-470.0
409107483293,5355,2,12,42,4,0x7ee0,9,1,200,129.0
409107500904,5356,2,12,42,4,0x7ee0,9,1,200,1533.0
409107517274,5357,2,12,42,4,0x7ee0,9,1,200,-78.0
409107532960,5358,2,12,42,4,0x7ee0,9,1,200,-1399.0
409107550366,5359,2,12,42,4,0x7ee0,9,1,200,-658.0
409107567161,5360,2,12,42,4,0x7ee0,9,1,200,-788.0
409107583437,5361,2,12,42,4,0x7ee0,9,1,200,1792.0
409107602391,5362,2,12,42,4,0x7ee0,9,1,200,917.0
409107616634,5363,2,12,42,4,0x7ee0,9,1,200,-976.0
409107633646,5364,2,12,42,4,0x7ee0,9,1,200,-369.0
409107652041,5365,2,12,42,4,0x7ee0,9,1,200,341.0
409107666634,5366,2,12,42,4,0x7ee0,9,1,200,-1129.0
409107686368,5367,2,12,42,4,0x7ee0,9,1,200,571.0
409107704101,5368,2,12,42,4,0x7ee0,9,1,200,510.0
409107716736,5369,2,12,42,4,0x7ee0,9,1,200,-522.0
409107737352,5370,2,12,42,4,0x7ee0,9,1,200,-1303.0
409107752015,5371,2,12,42,4,0x7ee0,9,1,200,-986.0
409107767193,5372,2,12,42,4,0x7ee0,9,1,200,-16.0
409107785819,5373,2,12,42,4,0x7ee0,9,1,200,905.0
409107802621,5374,2,12,42,4,0x7ee0,9,1,200,-1511.0
409107816859,5375,2,12,42,4,0x7ee0,9,1,200,106.0
409107835469,5376,2,12,42,4,0x7ee0,9,1,200,741.0
409107852261,5377,2,12,42,4,0x7ee0,9,1,200,963.0
409107866766,5378,2,12,42,4,0x7ee0,9,1,200,1239.0
409107884810,5379,2,12,42,4,0x7ee0,9,1,200,13.0
409107903610,5380,2,12,42,4,0x7ee0,9,1,200,251.0
409107916681,5381,2,12,42,4,0x7ee0,9,1,200,-495.0
409107935845,5382,2,12,42,4,0x7ee0,9,1,200,-815.0
409107952060,5383,2,12,42,4,0x7ee0,9,1,200,-49.0
409107967063,5384,2,12,42,4,0x7ee0,9,1,200,1466.0
409107985335,5385,2,12,42,4,0x7ee0,9,1,200,419.0
409108004387,5386,2,12,42,4,0x7ee0,9,1,200,-23.0
409108018436,5387,2,12,42,4,0x7ee0,9,1,200,-1047.0
409108035893,5388,2,12,42,4,0x7ee0,9,1,200,578.0
409108051989,5389,2,12,42,4,0x7ee0,9,1,200,-2253.0
409108067298,5390,2,12,42,4,0x7ee0,9,1,200,-20.0
409108087327,5391,2,12,42,4,0x7ee0,9,1,200,-458.0
409108102634,5392,2,12,42,4,0x7ee0,9,1,200,984.0
409108116688,5393,2,12,42,4,0x7ee0,9,1,200,280.0
409108136309,5394,2,12,42,4,0x7ee0,9,1,200,1068.0
409108152137,5395,2,12,42,4,0x7ee0,9,1,200,1540.0
409108167065,5396,2,12,42,4,0x7ee0,9,1,200,-56.0
409108185152,5397,2,12,42,4,0x7ee0,9,1,200,1526.0
409108201980,5398,2,12,42,4,0x7ee0,9,1,200,153.0
409108217219,5399,2,12,42,4,0x7ee0,9,1,200,-112.0
409108236625,5400,2,12,42,4,0x7ee0,9,1,200,-1464.0
409108253048,5401,2,12,42,4,0x7ee0,9,1,200,-782.0
409108269896,5402,2,12,42,4,0x7ee0,9,1,200,145.0
409108288931,5403,2,12,42,4,0x7ec0,8,1,200,438.0
409108302963,5404,2,12,42,4,0x7ec0,8,1,200,799.0
409108317738,5405,2,12,42,4,0x7ee0,9,1,200,-768.0
409108333797,5406,2,12,42,4,0x7ee0,9,1,200,-451.0
409108351282,5407,2,12,42,4,0x7ee0,9,1,200,-664.0
409108367794,5408,2,12,42,4,0x7ee0,9,1,200,-770.0
409108383757,5409,2,12,42,4,0x7ee0,9,1,200,-737.0
409108401263,5410,2,12,42,4,0x7ee0,9,1,200,537.0
409108418219,5411,2,12,42,4,0x7ee0,9,1,200,-820.0
409108434282,5412,2,12,42,4,0x7ee0,9,1,200,-699.0
409108450964,5413,2,12,42,4,0x7ee0,9,1,200,-1661.0
409108468217,5414,2,12,42,4,0x7ee0,9,1,200,-1145.0
409108485762,5415,2,12,42,4,0x7ee0,9,1,200,1236.0
409108501538,5416,2,12,42,4,0x7ee0,9,1,200,-1690.0
409108517064,5417,2,12,42,4,0x7ee0,9,1,200,-12.0
409108536482,5418,2,12,42,4,0x7ee0,9,1,200,-324.0
409108551164,5419,2,12,42,4,0x7ee0,9,1,200,-621.0
409108567988,5420,2,12,42,4,0x7ee0,9,1,200,-335.0
409108585226,5421,2,12,42,4,0x7ee0,9,1,200,-1942.0
409108600544,5422,2,12,42,4,0x7ee0,9,1,200,889.0
409108617811,5423,2,12,42,4,0x7ee0,9,1,200,317.0
409108634491,5424,2,12,42,4,0x7ee0,9,1,200,-1407.0
409108652072,5425,2,12,42,4,0x7ee0,9,1,200,-988.0
409108668235,5426,2,12,42,4,0x7ee0,9,1,200,-1890.0
409108684553,5427,2,12,42,4,0x7ee0,9,1,200,1471.0
409108701686,5428,2,12,42,4,0x7ee0,9,1,200,-1064.0
409108717692,5429,2,12,42,4,0x7ee0,9,1,200,-244.0
409108734545,5430,2,12,42,4,0x7ee0,9,1,200,-338.0
409108751244,5431,2,12,42,4,0x7e60,8,1,200,-416.0
409108768143,5432,2,12,42,4,0x7e60,8,1,200,207.0
409108785172,5433,2,12,42,4,0x7e60,8,1,200,1351.0
409108801519,5434,2,12,42,4,0x7e60,8,1,200,616.0
409108817773,5435,2,12,42,4,0x7e60,8,1,200,430.0
409108834816,5436,2,12,42,4,0x7e60,8,1,200,706.0
409108850904,5437,2,12,42,4,0x7e60,8,1,200,-390.0
409108869672,5438,2,12,42,4,0x7e60,8,1,200,-1344.0
409108885665,5439,2,12,42,4,0x7e60,8,1,200,-1045.0
409108901395,5440,2,12,42,4,0x7ee0,9,1,200,1943.0
409108918359,5441,2,12,42,4,0x7ee0,9,1,200,138.0
409108934154,5442,2,12,42,4,0x7ee0,9,1,200,-548.0
409108951473,5443,2,12,42,4,0x7ee0,9,1,200,945.0
409108968013,5444,2,12,42,4,0x7ee0,9,1,200,-337.0
409108984351,5445,2,12,42,4,0x7ee0,9,1,200,-665.0
409109001535,5446,2,12,42,4,0x7ec0,8,1,200,1325.0
409109018807,5447,2,12,42,4,0x7ec0,8,1,200,-391.0
409109034739,5448,2,12,42,4,0x7ee0,9,1,200,152.0
409109051366,5449,2,12,42,4,0x7ec0,8,1,200,343.0
409109069550,5450,2,12,42,4,0x7ee0,9,1,200,-613.0
409109084120,5451,2,12,42,4,0x7ee0,9,1,200,-624.0
409109102288,5452,2,12,42,4,0x7ee0,9,1,200,777.0
409109118403,5453,2,12,42,4,0x7ec0,8,1,200,-521.0
409109134524,5454,2,12,42,4,0x7ee0,9,1,200,1600.0
409109151306,5455,2,12,42,4,0x7ec0,8,1,200,1426.0
409109168365,5456,2,12,42,4,0x7ec0,8,1,200,198.0
409109184475,5457,2,12,42,4,0x7ec0,8,1,200,-792.0
409109201255,5458,2,12,42,4,0x7ec0,8,1,200,660.0
409109218770,5459,2,12,42,4,0x7ec0,8,1,200,-636.0
409109234838,5460,2,12,42,4,0x7ee0,9,1,200,745.0
409109252000,5461,2,12,42,4,0x7ec0,8,1,200,1188.0
409109270651,5462,2,12,42,4,0x7ec0,8,1,200,1467.0
409109285604,5463,2,12,42,4,0x7ec0,8,1,200,1667.0
409109301655,5464,2,12,42,4,0x7ec0,8,1,200,-396.0
409109318573,5465,2,12,42,4,0x7ee0,9,1,200,1236.0
409109335156,5466,2,12,42,4,0x7ee0,9,1,200,-507.0
409109352207,5467,2,12,42,4,0x7ee0,9,1,200,805.0
409109368873,5468,2,12,42,4,0x7ee0,9,1,200,-69.0
409109384830,5469,2,12,42,4,0x7ee0,9,1,200,-681.0
409109402208,5470,2,12,42,4,0x7ee0,9,1,200,-430.0
409109418721,5471,2,12,42,4,0x7ee0,9,1,200,1403.0
409109435014,5472,2,12,42,4,0x7ee0,9,1,200,320.0
409109452388,5473,2,12,42,4,0x7e40,7,1,200,40.0
409109468840,5474,2,12,42,4,0x7ec0,8,1,200,-427.0
409109485374,5475,2,12,42,4,0x7ee0,9,1,200,1267.0
409109501697,5476,2,12,42,4,0x7ec0,8,1,200,484.0
409109518712,5477,2,12,42,4,0x7fc0,9,1,200,-1026.0
409109535670,5478,2,12,42,4,0x7fc0,9,1,200,-1058.0
409109551944,5479,2,12,42,4,0x7fc0,9,1,200,-286.0
409109567946,5480,2,12,42,4,0x7ec0,8,1,200,-1682.0
409109585237,5481,2,12,42,4,0x7ec0,8,1,200,1234.0
409109602732,5482,2,12,42,4,0x7ec0,8,1,200,234.0
409109618986,5483,2,12,42,4,0x7ec0,8,1,200,600.0
409109635217,5484,2,12,42,4,0x7ec0,8,1,200,1045.0
409109652235,5485,2,12,42,4,0x7ec0,8,1,200,1392.0
409109669285,5486,2,12,42,4,0x7ec0,8,1,200,-444.0
409109686603,5487,2,12,42,4,0x7ec0,8,1,200,1396.0
409109702041,5488,2,12,42,4,0x7ec0,8,1,200,-808.0
409109718157,5489,2,12,42,4,0x7ec0,8,1,200,-1537.0
409109736110,5490,2,12,42,4,0x7fc0,9,1,200,1536.0
409109751502,5491,2,12,42,4,0x7ec0,8,1,200,-1383.0
409109768839,5492,2,12,42,4,0x7fc0,9,1,200,718.0
409109786481,5493,2,12,42,4,0x7fc0,9,1,200,-1119.0
409109803171,5494,2,12,42,4,0x7fc0,9,1,200,909.0
409109818514,5495,2,12,42,4,0x7fc0,9,1,200,1360.0
409109835759,5496,2,12,42,4,0x7fc0,9,1,200,-1019.0
409109852800,5497,2,12,42,4,0x7fc0,9,1,200,-549.0
409109868962,5498,2,12,42,4,0x7fc0,9,1,200,-1760.0
409109886322,5499,2,12,42,4,0x7fc0,9,1,200,-428.0
409109902357,5500,2,12,42,4,0x7fc0,9,1,200,659.0
409109918481,5501,2,12,42,4,0x7fc0,9,1,200,-970.0
409109936009,5502,2,12,42,4,0x7fc0,9,1,200,-1452.0
409109952583,5503,2,12,42,4,0x7fc0,9,1,200,1485.0
409109969042,5504,2,12,42,4,0x7fc0,9,1,200,1396.0
409109985582,5505,2,12,42,4,0x7fc0,9,1,200,-69.0
409110001947,5506,2,12,42,4,0x7fc0,9,1,200,-1079.0
409110019639,5507,2,12,42,4,0x7fc0,9,1,200,748.0
409110035921,5508,2,12,42,4,0x7fc0,9,1,200,-1448.0
409110052348,5509,2,12,42,4,0x7ee0,9,1,200,1707.0
409110071653,5510,1,255,43,4,0x7ee0,9,1,200,1645.0
409110086102,5511,1,255,43,4,0x7ec0,8,1,200,789.0
409110101796,5512,1,255,43,4,0x7ec0,8,1,200,-1430.0
409110119306,5513,1,255,43,4,0x7ec0,8,1,200,1222.0
409110136088,5514,1,255,43,4,0x7ec0,8,1,200,279.0
409110152153,5515,1,255,43,4,0x7ec0,8,1,200,-973.0
409110168629,5516,1,255,43,4,0x7ec0,8,1,200,-1147.0
409110185750,5517,1,255,43,4,0x7ec0,8,1,200,1635.0
409110201911,5518,1,255,43,4,0x7ec0,8,1,200,-471.0
409110218808,5519,1,255,43,4,0x7ec0,8,1,200,-1829.0
409110235468,5520,1,255,43,4,0x7ec0,8,1,200,-840.0
409110252668,5521,1,255,43,4,0x7ec0,8,1,200,299.0
409110269988,5522,1,255,43,4,0x7ec0,8,1,200,1012.0
409110286011,5523,1,255,43,4,0x7ec0,8,1,200,708.0
409110302439,5524,1,255,43,4,0x7ec0,8,1,200,628.0
409110318732,5525,1,255,43,4,0x7ec0,8,1,200,-454.0
409110335751,5526,1,255,43,4,0x7ee0,9,1,200,1922.0
409110352843,5527,1,255,43,4,0x7ee0,9,1,200,-1266.0
409110368979,5528,1,255,43,4,0x7ec0,8,1,200,86.0
409110386038,5529,1,255,43,4,0x7ec0,8,1,200,817.0
409110402753,5530,1,255,43,4,0x7ec0,8,1,200,-1049.0
409110419331,5531,1,255,43,4,0x7ec0,8,1,200,837.0
409110435915,5532,1,255,43,4,0x7ec0,8,1,200,2333.0
409110452897,5533,1,255,43,4,0x7ec0,8,1,200,-1045.0
409110469859,5534,1,255,43,4,0x7ec0,8,1,200,130.0
409110486516,5535,1,255,43,4,0x7ec0,8,1,200,-966.0
409110502816,5536,1,255,43,4,0x7ec0,8,1,200,-9.0
409110519441,5537,1,255,43,4,0x7ec0,8,1,200,334.0
409110536714,5538,1,255,43,4,0x7ec0,8,1,200,1526.0
409110552632,5539,1,255,43,4,0x7ec0,8,1,200,1451.0
409110569311,5540,1,255,43,4,0x7ec0,8,1,200,-1207.0
409110585637,5541,1,255,43,4,0x7ec0,8,1,200,1001.0
409110602764,5542,1,255,43,4,0x7ec0,8,1,200,-466.0
409110620071,5543,1,255,43,4,0x7ec0,8,1,200,458.0
409110636882,5544,1,255,43,4,0x7ec0,8,1,200,-955.0
409110654058,5545,1,255,43,4,0x7ec0,8,1,200,-283.0
409110670132,5546,1,255,43,4,0x7ec0,8,1,200,-67.0
409110686430,5547,1,255,43,4,0x7ec0,8,1,200,1310.0
409110702961,5548,1,255,43,4,0x7ec0,8,1,200,1171.0
409110719194,5549,1,255,43,4,0x7ec0,8,1,200,2289.0
409110736812,5550,1,255,43,4,0x7ec0,8,1,200,-13.0
409110752977,5551,1,255,43,4,0x7ec0,8,1,200,-738.0
409110769878,5552,1,255,43,4,0x7ec0,8,1,200,121.0
409110786809,5553,1,255,43,4,0x7ec0,8,1,200,1011.0
409110804100,5554,1,255,43,4,0x7ec0,8,1,200,-1103.0
409110819395,5555,1,255,43,4,0x7ec0,8,1,200,-1555.0
409110836227,5556,1,255,43,4,0x7ec0,8,1,200,464.0
409110853922,5557,1,255,43,4,0x7ec0,8,1,200,1399.0
409110871045,5558,1,255,43,4,0x7ec0,8,1,200,1415.0
409110886719,5559,1,255,43,4,0x7ec0,8,1,200,-117.0
409110902810,5560,1,255,43,4,0x7ec0,8,1,200,-222.0
409110919872,5561,1,255,43,4,0x7ec0,8,1,200,1819.0
409110937341,5562,1,255,43,4,0x7ec0,8,1,200,1380.0
409110954270,5563,1,255,43,4,0x7ec0,8,1,200,511.0
409110969586,5564,1,255,43,4,0x7ec0,8,1,200,-768.0
409110986191,5565,1,255,43,4,0x7ec0,8,1,200,-278.0
409111003602,5566,1,255,43,4,0x7ec0,8,1,200,-1200.0
409111020092,5567,1,255,43,4,0x7ec0,8,1,200,975.0
409111037184,5568,1,255,43,4,0x7ec0,8,1,200,-640.0
409111054497,5569,1,255,43,4,0x7ec0,8,1,200,-1571.0
409111070672,5570,1,255,44,4,0x7ec0,8,1,200,1257.0
409111086397,5571,1,255,44,4,0x7ec0,8,1,200,202.0
409111103662,5572,1,255,44,4,0x7ec0,8,1,200,748.0
409111120162,5573,1,255,44,4,0x7ec0,8,1,200,434.0
409111138867,5574,1,255,44,4,0x7ec0,8,1,200,-619.0
409111154147,5575,1,255,44,4,0x7ec0,8,1,200,101.0
409111169928,5576,1,255,44,4,0x7ec0,8,1,200,1362.0
409111186816,5577,1,255,44,4,0x7ec0,8,1,200,516.0
409111202962,5578,1,255,44,4,0x7ec0,8,1,200,-960.0
409111220417,5579,1,255,44,4,0x7ec0,8,1,200,1274.0
409111236435,5580,1,255,44,4,0x7ec0,8,1,200,-673.0
409111253768,5581,1,255,44,4,0x7ec0,8,1,200,-231.0
409111271662,5582,1,255,44,4,0x7ec0,8,1,200,1251.0
409111286694,5583,1,255,44,4,0x7ec0,8,1,200,1274.0
409111303191,5584,1,255,44,4,0x7ec0,8,1,200,1189.0
409111320965,5585,1,255,44,4,0x7ec0,8,1,200,-168.0
409111337148,5586,1,255,44,4,0x7ec0,8,1,200,11.0
409111353182,5587,1,255,44,4,0x7ec0,8,1,200,-250.0
409111369963,5588,1,255,44,4,0x7ec0,8,1,200,167.0
409111387243,5589,1,255,44,4,0x7ec0,8,1,200,-266.0
409111403737,5590,1,255,44,4,0x7ec0,8,1,200,-786.0
409111420758,5591,1,255,44,4,0x7ec0,8,1,200,-1371.0
409111439352,5592,1,255,44,4,0x7ec0,8,1,200,1582.0
409111453253,5593,1,255,44,4,0x7ec0,8,1,200,1246.0
409111470567,5594,1,255,44,4,0x7ec0,8,1,200,126.0
409111487236,5595,1,255,44,4,0x7ec0,8,1,200,638.0
409111503311,5596,1,255,44,4,0x7ec0,8,1,200,-90.0
409111520233,5597,1,255,44,4,0x7ec0,8,1,200,1178.0
409111537723,5598,1,255,44,4,0x7ec0,8,1,200,-212.0
409111553912,5599,1,255,44,4,0x7ec0,8,1,200,194.0
409111570569,5600,1,255,44,4,0x7ec0,8,1,200,1301.0
409111587337,5601,1,255,44,4,0x7ec0,8,1,200,-555.0
409111604303,5602,1,255,44,4,0x7ec0,8,1,200,72.0
409111620927,5603,1,255,44,4,0x7ec0,8,1,200,821.0
409111637518,5604,1,255,44,4,0x7ec0,8,1,200,-517.0
409111653881,5605,1,255,44,4,0x7ec0,8,1,200,1147.0
409111670633,5606,1,255,44,4,0x7ec0,8,1,200,-1189.0
409111686904,5607,1,255,44,4,0x7ec0,8,1,200,-796.0
409111703717,5608,1,255,44,4,0x7ec0,8,1,200,870.0
409111720170,5609,1,255,44,4,0x7ec0,8,1,200,-1503.0
409111737504,5610,1,255,44,4,0x7ec0,8,1,200,1184.0
409111755386,5611,1,255,44,4,0x7ec0,8,1,200,463.0
409111771540,5612,1,255,44,4,0x7ec0,8,1,200,1104.0
409111791813,5613,1,255,44,4,0x7ec0,8,1,200,1150.0
409111804017,5614,1,255,44,4,0x7ec0,8,1,200,1277.0
409111820955,5615,1,255,44,4,0x7ec0,8,1,200,1714.0
409111837735,5616,1,255,44,4,0x7ec0,8,1,200,-7.0
409111853790,5617,1,255,44,4,0x7ec0,8,1,200,-1510.0
409111871401,5618,1,255,44,4,0x7ec0,8,1,200,513.0
409111887241,5619,1,255,44,4,0x7ec0,8,1,200,-1043.0
409111903998,5620,1,255,44,4,0x7ec0,8,1,200,-1237.0
409111921697,5621,1,255,44,4,0x7ec0,8,1,200,-1408.0
409111937287,5622,1,255,44,4,0x7ec0,8,1,200,-827.0
409111954172,5623,1,255,44,4,0x7ec0,8,1,200,170.0
409111970722,5624,1,255,44,4,0x7ec0,8,1,200,1288.0
409111988430,5625,1,255,44,4,0x7ec0,8,1,200,699.0
409112004641,5626,1,255,44,4,0x7ec0,8,1,200,-1424.0
409112020394,5627,1,255,44,4,0x7ec0,8,1,200,151.0
409112037619,5628,1,255,44,4,0x7ec0,8,1,200,1462.0
409112054871,5629,1,255,44,4,0x7ec0,8,1,200,-819.0
409112071289,5630,1,255,44,4,0x7ec0,8,1,200,423.0
409112087430,5631,1,255,45,4,0x7ec0,8,1,200,791.0
409112104642,5632,1,255,45,4,0x7ec0,8,1,200,1261.0
409112120798,5633,1,255,45,4,0x7ec0,8,1,200,1234.0
409112137726,5634,1,255,45,4,0x7ec0,8,1,200,280.0
409112155196,5635,1,255,45,4,0x7ec0,8,1,200,-477.0
409112170841,5636,1,255,45,4,0x7ec0,8,1,200,-492.0
409112188041,5637,1,255,45,4,0x7ec0,8,1,200,2256.0
409112204259,5638,1,255,45,4,0x7ec0,8,1,200,574.0
409112220796,5639,1,255,45,4,0x7ec0,8,1,200,-1520.0
409112237914,5640,1,255,45,4,0x7ec0,8,1,200,413.0
409112254665,5641,1,255,45,4,0x7ec0,8,1,200,1423.0
409112271171,5642,1,255,45,4,0x7ec0,8,1,200,418.0
409112287806,5643,1,255,45,4,0x7ec0,8,1,200,-563.0
409112304544,5644,1,255,45,4,0x7ec0,8,1,200,148.0
409112321291,5645,1,255,45,4,0x7ec0,8,1,200,-528.0
409112337911,5646,1,255,45,4,0x7ec0,8,1,200,16.0
409112354550,5647,1,255,45,4,0x7ec0,8,1,200,-722.0
409112371310,5648,1,255,45,4,0x7ec0,8,1,200,1082.0
409112387554,5649,1,255,45,4,0x7ec0,8,1,200,-775.0
409112406900,5650,1,255,45,4,0x7ec0,8,1,200,-55.0
409112421406,5651,1,255,45,4,0x7ec0,8,1,200,-1200.0
409112438404,5652,1,255,45,4,0x7ec0,8,1,200,931.0
409112454912,5653,1,255,45,4,0x7ec0,8,1,200,-1392.0
409112471243,5654,1,255,45,4,0x7ec0,8,1,200,887.0
409112488002,5655,1,255,45,4,0x7ec0,8,1,200,-1086.0
409112504501,5656,1,255,45,4,0x7ec0,8,1,200,-412.0
409112521129,5657,1,255,45,4,0x7ec0,8,1,200,-1384.0
409112538953,5658,1,255,45,4,0x7fc0,9,1,200,1213.0
409112554484,5659,1,255,45,4,0x7fc0,9,1,200,-230.0
409112571916,5660,1,255,45,4,0x7fc0,9,1,200,580.0
409112589318,5661,1,255,45,4,0x7fc0,9,1,200,417.0
409112605042,5662,1,255,45,4,0x7ec0,8,1,200,-188.0
409112621552,5663,1,255,45,4,0x7ec0,8,1,200,622.0
409112637962,5664,1,255,45,4,0x7ec0,8,1,200,1518.0
409112654622,5665,1,255,45,4,0x7ec0,8,1,200,-1297.0
409112672507,5666,1,255,45,4,0x7ec0,8,1,200,844.0
409112688134,5667,1,255,45,4,0x7ec0,8,1,200,-205.0
409112705142,5668,1,255,45,4,0x7ec0,8,1,200,1160.0
409112721753,5669,1,255,45,4,0x7ec0,8,1,200,193.0
409112738388,5670,1,255,45,4,0x7ec0,8,1,200,991.0
409112755100,5671,1,255,45,4,0x7fc0,9,1,200,-1097.0
409112773134,5672,1,255,45,4,0x7ec0,8,1,200,1284.0
409112788565,5673,1,255,45,4,0x7ec0,8,1,200,-1669.0
409112805018,5674,1,255,45,4,0x7ec0,8,1,200,-713.0
409112822940,5675,1,255,45,4,0x7ec0,8,1,200,386.0
409112838207,5676,1,255,45,4,0x7ec0,8,1,200,1863.0
409112854667,5677,1,255,45,4,0x7ec0,8,1,200,1243.0
409112871758,5678,1,255,45,4,0x7fc0,9,1,200,-1220.0
409112888645,5679,1,255,45,4,0x7fc0,9,1,200,1776.0
409112913942,5680,1,255,45,4,0x7fc0,9,1,200,202.0
409112921613,5681,1,255,45,4,0x7ec0,8,1,200,-1199.0
409112938229,5682,1,255,45,4,0x7ec0,8,1,200,98.0
409112955763,5683,1,255,45,4,0x7ec0,8,1,200,415.0
409112972170,5684,1,255,45,4,0x7ec0,8,1,200,935.0
409112988125,5685,1,255,45,4,0x7ec0,8,1,200,-21.0
409113005707,5686,1,255,45,4,0x7ec0,8,1,200,413.0
409113022859,5687,1,255,45,4,0x7ec0,8,1,200,-99.0
409113038755,5688,1,255,45,4,0x7ec0,8,1,200,692.0
409113055459,5689,1,255,45,4,0x7ec0,8,1,200,1608.0
409113072017,5690,1,255,45,4,0x7fc0,9,1,200,-761.0
409113089143,5691,2,255,46,4,0x7fc0,9,1,200,-1106.0
409113105992,5692,2,12,47,4,0x7ec0,8,1,200,540.0
409113121927,5693,2,12,47,4,0x7fc0,9,1,200,-816.0
409113138624,5694,2,12,47,4,0x7fc0,9,1,200,736.0
409113155895,5695,2,12,47,4,0x7fc0,9,1,200,2043.0
409113172578,5696,2,12,47,4,0x7ec0,8,1,200,635.0
409113188620,5697,2,12,47,4,0x7ec0,8,1,200,14.0
409113205332,5698,2,12,47,4,0x7ec0,8,1,200,-1121.0
409113223270,5699,2,12,47,4,0x7ec0,8,1,200,-717.0
409113239618,5700,2,12,47,4,0x7ec0,8,1,200,1790.0
409113256013,5701,2,12,47,4,0x7ec0,8,1,200,144.0
409113272556,5702,2,12,47,4,0x7ec0,8,1,200,759.0
409113289459,5703,2,12,47,4,0x7ec0,8,1,200,-390.0
409113306082,5704,2,12,47,4,0x7ec0,8,1,200,-308.0
409113322346,5705,2,12,47,4,0x7ec0,8,1,200,-428.0
409113339481,5706,2,12,47,4,0x7ec0,8,1,200,184.0
409113356183,5707,2,12,47,4,0x7fc0,9,1,200,1056.0
409113371792,5708,2,12,47,4,0x7fc0,9,1,200,1174.0
409113388343,5709,2,12,47,4,0x7fc0,9,1,200,1520.0
409113410514,5710,2,12,47,4,0x7fc0,9,1,200,-1374.0
409113422133,5711,2,12,47,4,0x7fc0,9,1,200,-1714.0
409113439193,5712,2,12,47,4,0x7fc0,9,1,200,971.0
409113455633,5713,2,12,47,4,0x7fc0,9,1,200,1352.0
409113473101,5714,2,12,47,4,0x7fc0,9,1,200,839.0
409113489186,5715,2,12,47,4,0x7fc0,9,1,200,1012.0
409113505978,5716,2,12,47,4,0x7fc0,9,1,200,1247.0
409113522518,5717,2,12,47,4,0x7fc0,9,1,200,1274.0
409113540749,5718,2,12,47,4,0x7fc0,9,1,200,-1364.0
409113555934,5719,2,12,47,4,0x7ec0,8,1,200,1642.0
409113572681,5720,2,12,47,4,0x7ec0,8,1,200,1229.0
409113589354,5721,2,12,47,4,0x7ec0,8,1,200,530.0
409113606111,5722,2,12,47,4,0x7ec0,8,1,200,-1380.0
409113622685,5723,2,12,47,4,0x7ec0,8,1,200,1291.0
409113640288,5724,2,12,47,4,0x7ec0,8,1,200,-1654.0
409113656888,5725,2,12,47,4,0x7ec0,8,1,200,678.0
409113672615,5726,2,12,47,4,0x7ec0,8,1,200,-153.0
409113689655,5727,2,12,47,4,0x7ec0,8,1,200,-109.0
409113705683,5728,2,12,47,4,0x7ec0,8,1,200,-976.0
409113723140,5729,2,12,47,4,0x7ec0,8,1,200,643.0
409113739594,5730,2,12,47,4,0x7ec0,8,1,200,-843.0
409113756224,5731,2,12,47,4,0x7ec0,8,1,200,2017.0
409113773074,5732,2,12,47,4,0x7ec0,8,1,200,1477.0
409113788840,5733,2,12,47,4,0x7ec0,8,1,200,159.0
409113805575,5734,2,12,47,4,0x7ec0,8,1,200,-492.0
409113823178,5735,2,12,47,4,0x7ec0,8,1,200,-1801.0
409113839604,5736,2,12,47,4,0x7ec0,8,1,200,-1079.0
409113855920,5737,2,12,47,4,0x7fc0,9,1,200,-209.0
409113872747,5738,2,12,47,4,0x7fc0,9,1,200,-774.0
409113889288,5739,2,12,47,4,0x7ec0,8,1,200,1169.0
409113906519,5740,2,12,47,4,0x7ec0,8,1,200,-1178.0
409113922580,5741,2,12,47,4,0x7ec0,8,1,200,213.0
409113939566,5742,2,12,47,4,0x7ec0,8,1,200,-348.0
409113956372,5743,2,12,47,4,0x7ec0,8,1,200,-1582.0
409113972472,5744,2,12,47,4,0x7ec0,8,1,200,-905.0
409113989321,5745,2,12,47,4,0x7ec0,8,1,200,-872.0
409114005680,5746,2,12,47,4,0x7ec0,8,1,200,999.0
409114023325,5747,2,12,47,4,0x7ec0,8,1,200,1683.0
409114039809,5748,2,12,47,4,0x7ec0,8,1,200,1603.0
409114056135,5749,2,12,47,4,0x7ec0,8,1,200,-1780.0
409114073760,5750,2,12,47,4,0x7ec0,8,1,200,-422.0
409114089247,5751,2,12,47,4,0x7ec0,8,1,200,137.0
409114106587,5752,2,12,47,4,0x7ec0,8,1,200,-2317.0
409114122717,5753,2,12,47,4,0x7fc0,9,1,200,1266.0
409114139504,5754,2,12,47,4,0x7fc0,9,1,200,94.0
409114156320,5755,2,12,47,4,0x7ec0,8,1,200,493.0
409114173109,5756,2,12,47,4,0x7ec0,8,1,200,-6.0
409114189982,5757,2,12,47,4,0x7ec0,8,1,200,1346.0
409114205856,5758,2,12,47,4,0x7ec0,8,1,200,-1705.0
409114222962,5759,2,12,47,4,0x7ec0,8,1,200,949.0
409114240462,5760,2,12,47,4,0x7ec0,8,1,200,-198.0
409114256186,5761,2,12,47,4,0x7ec0,8,1,200,1429.0
409114273007,5762,2,12,47,4,0x7ec0,8,1,200,1202.0
409114289342,5763,2,12,47,4,0x7ec0,8,1,200,-1062.0
409114307862,5764,2,12,47,4,0x7ec0,8,1,200,-64.0
409114323380,5765,2,12,47,4,0x7ec0,8,1,200,-170.0
409114339510,5766,2,12,47,4,0x7ec0,8,1,200,1309.0
409114356560,5767,2,12,47,4,0x7ec0,8,1,200,-154.0
409114373688,5768,2,12,47,4,0x7ec0,8,1,200,-469.0
409114389769,5769,2,12,47,4,0x7ec0,8,1,200,-1186.0
409114407042,5770,2,12,47,4,0x7ec0,8,1,200,731.0
409114423136,5771,2,12,47,4,0x7ec0,8,1,200,1189.0
409114441366,5772,2,12,47,4,0x7ec0,8,1,200,-873.0
409114456959,5773,2,12,47,4,0x7ec0,8,1,200,-274.0
409114473415,5774,2,12,47,4,0x7ec0,8,1,200,792.0
409114490027,5775,2,12,47,4,0x7ec0,8,1,200,1445.0
409114506899,5776,2,12,47,4,0x7ec0,8,1,200,-1332.0
409114523488,5777,2,12,47,4,0x7ec0,8,1,200,767.0
409114539782,5778,2,12,47,4,0x7ec0,8,1,200,948.0
409114556366,5779,2,12,47,4,0x7ec0,8,1,200,277.0
409114574012,5780,2,12,47,4,0x7ec0,8,1,200,-585.0
409114590137,5781,2,12,47,4,0x7ec0,8,1,200,1131.0
409114606448,5782,2,12,47,4,0x7ec0,8,1,200,761.0
409114623239,5783,2,12,47,4,0x7ec0,8,1,200,-168.0
409114640356,5784,2,12,47,4,0x7ec0,8,1,200,250.0
409114656788,5785,2,12,47,4,0x7fc0,9,1,200,-1457.0
409114673891,5786,2,12,47,4,0x7fc0,9,1,200,194.0
409114692136,5787,2,12,47,4,0x7fc0,9,1,200,1014.0
409114706754,5788,2,12,47,4,0x7fc0,9,1,200,-1026.0
409114725027,5789,2,12,47,4,0x7fc0,9,1,200,-279.0
409114739572,5790,2,12,47,4,0x7ec0,8,1,200,99.0
409114756658,5791,2,12,47,4,0x7ec0,8,1,200,-1042.0
409114772997,5792,2,12,47,4,0x7ec0,8,1,200,-1224.0
409114790962,5793,2,12,47,4,0x7ec0,8,1,200,1282.0
409114806534,5794,2,12,47,4,0x7ec0,8,1,200,-374.0
409114824701,5795,2,12,47,4,0x7ec0,8,1,200,-484.0
409114840374,5796,2,12,47,4,0x7ec0,8,1,200,-959.0
409114856772,5797,2,12,47,4,0x7ec0,8,1,200,140.0
409114873547,5798,2,12,47,4,0x7ec0,8,1,200,-566.0
409114891306,5799,2,12,47,4,0x7ec0,8,1,200,456.0
409114907787,5800,2,12,47,4,0x7ec0,8,1,200,-2298.0
409114924009,5801,2,12,47,4,0x7ec0,8,1,200,-734.0
409114940300,5802,2,12,47,4,0x7ec0,8,1,200,1383.0
409114956935,5803,2,12,47,4,0x7ec0,8,1,200,-171.0
409114974876,5804,2,12,47,4,0x7ec0,8,1,200,-620.0
409114990846,5805,2,12,47,4,0x7ec0,8,1,200,1557.0
409115007325,5806,2,12,47,4,0x7ec0,8,1,200,1158.0
409115024091,5807,2,12,47,4,0x7ec0,8,1,200,1245.0
409115040479,5808,2,12,47,4,0x7ec0,8,1,200,427.0
409115057979,5809,2,12,47,4,0x7ec0,8,1,200,-20.0
409115074431,5810,2,12,47,4,0x7ec0,8,1,200,1240.0
409115090169,5811,2,12,47,4,0x7ec0,8,1,200,2133.0
409115107246,5812,2,12,47,4,0x7ec0,8,1,200,-803.0
409115124682,5813,2,12,47,4,0x7ec0,8,1,200,950.0
409115140108,5814,2,12,47,4,0x7ec0,8,1,200,-504.0
409115157454,5815,2,12,47,4,0x7ec0,8,1,200,1215.0
409115173777,5816,2,12,47,4,0x7ec0,8,1,200,-466.0
409115190395,5817,2,12,47,4,0x7ec0,8,1,200,-81.0
409115207286,5818,2,12,47,4,0x7ec0,8,1,200,425.0
409115223596,5819,2,12,47,4,0x7ec0,8,1,200,-1103.0
409115240352,5820,2,12,47,4,0x7ec0,8,1,200,-461.0
409115257085,5821,2,12,47,4,0x7ec0,8,1,200,-1627.0
409115274236,5822,2,12,47,4,0x7ec0,8,1,200,-1487.0
409115290492,5823,2,12,47,4,0x7ec0,8,1,200,-1849.0
409115307408,5824,2,12,47,4,0x7ec0,8,1,200,377.0
409115324189,5825,2,12,47,4,0x7ec0,8,1,200,-820.0
409115340388,5826,2,12,47,4,0x7ec0,8,1,200,-1336.0
409115357235,5827,2,12,47,4,0x7ec0,8,1,200,524.0
409115376552,5828,2,12,47,4,0x7ec0,8,1,200,-579.0
409115391180,5829,2,12,47,4,0x7ec0,8,1,200,546.0
409115407688,5830,2,12,47,4,0x7ec0,8,1,200,1493.0
409115424493,5831,2,12,47,4,0x7ec0,8,1,200,316.0
409115441379,5832,2,12,47,4,0x7ec0,8,1,200,1462.0
409115458090,5833,2,12,47,4,0x7ec0,8,1,200,87.0
409115474917,5834,2,12,47,4,0x7ec0,8,1,200,-394.0
409115491402,5835,2,12,47,4,0x7ec0,8,1,200,223.0
409115508085,5836,2,12,47,4,0x7ec0,8,1,200,-625.0
409115524660,5837,2,12,47,4,0x7ec0,8,1,200,-1190.0
409115540898,5838,2,12,47,4,0x7ec0,8,1,200,288.0
409115557325,5839,2,12,47,4,0x7ec0,8,1,200,1296.0
409115574624,5840,2,12,47,4,0x7ec0,8,1,200,-1230.0
409115591143,5841,2,12,47,4,0x7ec0,8,1,200,659.0
409115607371,5842,2,12,47,4,0x7ec0,8,1,200,-1493.0
409115624906,5843,2,12,47,4,0x7ec0,8,1,200,-65.0
409115641508,5844,2,12,47,4,0x7ec0,8,1,200,-23.0
409115657916,5845,2,12,47,4,0x7ec0,8,1,200,-1333.0
409115675105,5846,2,12,47,4,0x7ec0,8,1,200,-998.0
409115691282,5847,2,12,47,4,0x7ec0,8,1,200,-1111.0
409115708573,5848,2,12,47,4,0x7ec0,8,1,200,-416.0
409115724459,5849,2,12,47,4,0x7ec0,8,1,200,-339.0
409115741107,5850,2,12,47,4,0x7ec0,8,1,200,-1206.0
409115757610,5851,2,12,47,4,0x7ec0,8,1,200,1397.0
409115775130,5852,2,12,47,4,0x7e40,7,1,200,-101.0
409115791303,5853,2,12,47,4,0x7ec0,8,1,200,-90.0
409115807625,5854,2,12,47,4,0x7ec0,8,1,200,-1068.0
409115824931,5855,2,12,47,4,0x7ec0,8,1,200,1588.0
409115841987,5856,2,12,47,4,0x7ec0,8,1,200,-98.0
409115859235,5857,2,12,47,4,0x7ec0,8,1,200,609.0
409115875970,5858,2,12,47,4,0x7ec0,8,1,200,-1246.0
409115892124,5859,2,12,47,4,0x7ec0,8,1,200,1268.0
409115908449,5860,2,12,47,4,0x7ec0,8,1,200,1364.0
409115924354,5861,2,12,47,4,0x7ec0,8,1,200,1227.0
409115940839,5862,2,12,47,4,0x7ec0,8,1,200,-862.0
409115958834,5863,2,12,47,4,0x7ec0,8,1,200,-454.0
409115974169,5864,2,12,47,4,0x7ec0,8,1,200,-688.0
409115991500,5865,2,12,47,4,0x7ec0,8,1,200,-538.0
409116009226,5866,2,12,47,4,0x7ec0,8,1,200,-659.0
409116025542,5867,2,12,47,4,0x7ec0,8,1,200,-90.0
409116042043,5868,2,12,47,4,0x7ec0,8,1,200,-25.0
409116059510,5869,2,12,47,4,0x7ec0,8,1,200,-137.0
409116075913,5870,2,12,47,4,0x7ec0,8,1,200,425.0
409116091511,5871,2,12,47,4,0x7ec0,8,1,200,-1001.0
409116107586,5872,2,12,47,4,0x7ec0,8,1,200,-1053.0
409116125619,5873,2,12,47,4,0x7ec0,8,1,200,-519.0
409116141702,5874,2,12,47,4,0x7ec0,8,1,200,1455.0
409116158925,5875,2,12,47,4,0x7ec0,8,1,200,-543.0
409116174904,5876,2,12,47,4,0x7ec0,8,1,200,-565.0
409116191107,5877,2,12,47,4,0x7ec0,8,1,200,-722.0
409116208566,5878,2,12,47,4,0x7ec0,8,1,200,1432.0
409116225911,5879,2,12,47,4,0x7ec0,8,1,200,583.0
409116241481,5880,2,12,47,4,0x7ec0,8,1,200,121.0
409116258935,5881,2,12,47,4,0x7ec0,8,1,200,1075.0
409116275739,5882,2,12,47,4,0x7ec0,8,1,200,1432.0
409116292095,5883,2,12,47,4,0x7ec0,8,1,200,-463.0
409116308571,5884,2,12,47,4,0x7ec0,8,1,200,100.0
409116325252,5885,2,12,47,4,0x7ec0,8,1,200,833.0
409116341783,5886,2,12,47,4,0x7ec0,8,1,200,-610.0
409116359228,5887,2,12,47,4,0x7ec0,8,1,200,-1228.0
409116375045,5888,2,12,47,4,0x7ec0,8,1,200,64.0
409116391702,5889,2,12,47,4,0x7ec0,8,1,200,-1732.0
409116408865,5890,2,12,47,4,0x7ec0,8,1,200,-982.0
409116426055,5891,2,12,47,4,0x7ec0,8,1,200,1414.0
409116442214,5892,2,12,47,4,0x7ec0,8,1,200,313.0
409116458495,5893,2,12,47,4,0x7ec0,8,1,200,757.0
409116475325,5894,2,12,47,4,0x7ec0,8,1,200,-269.0
409116492044,5895,2,12,47,4,0x7ec0,8,1,200,-876.0
409116509483,5896,2,12,47,4,0x7ec0,8,1,200,3.0
409116525707,5897,2,12,47,4,0x7ec0,8,1,200,1644.0
409116542353,5898,2,12,47,4,0x7ec0,8,1,200,154.0
409116558088,5899,2,12,47,4,0x7ec0,8,1,200,-508.0
409116575273,5900,2,12,47,4,0x7ec0,8,1,200,-44.0
409116591492,5901,2,12,47,4,0x7ec0,8,1,200,-526.0
409116609139,5902,2,12,47,4,0x7ec0,8,1,200,763.0
409116625339,5903,2,12,47,4,0x7ec0,8,1,200,-2033.0
409116644471,5904,2,12,47,4,0x7ec0,8,1,200,49.0
409116659039,5905,2,12,47,4,0x7ec0,8,1,200,714.0
409116675889,5906,2,12,47,4,0x7ec0,8,1,200,-382.0
409116692039,5907,2,12,47,4,0x7ec0,8,1,200,945.0
409116708724,5908,2,12,47,4,0x7ec0,8,1,200,-1559.0
409116725906,5909,2,12,47,4,0x7ec0,8,1,200,1590.0
409116742162,5910,2,12,47,4,0x7ec0,8,1,200,1050.0
409116759393,5911,2,12,47,4,0x7ec0,8,1,200,189.0
409116775638,5912,2,12,47,4,0x7ec0,8,1,200,-758.0
409116791966,5913,2,12,47,4,0x7ec0,8,1,200,1411.0
409116808258,5914,2,12,47,4,0x7ec0,8,1,200,1351.0
409116825431,5915,2,12,47,4,0x7ec0,8,1,200,1152.0
409116843084,5916,2,12,47,4,0x7ec0,8,1,200,-1196.0
409116858994,5917,2,12,47,4,0x7ec0,8,1,200,314.0
409116875269,5918,2,12,47,4,0x7ec0,8,1,200,1397.0
409116892372,5919,2,12,47,4,0x7ec0,8,1,200,539.0
409116910195,5920,2,12,47,4,0x7ec0,8,1,200,105.0
409116926006,5921,2,12,47,4,0x7ec0,8,1,200,200.0
409116942715,5922,2,12,47,4,0x7ec0,8,1,200,1211.0
409116958986,5923,2,12,47,4,0x7ec0,8,1,200,1749.0
409116976113,5924,2,12,47,4,0x7ec0,8,1,200,-1736.0
409116992407,5925,2,12,47,4,0x7ec0,8,1,200,267.0
409117008611,5926,2,12,47,4,0x7ec0,8,1,200,94.0
409117025643,5927,2,12,47,4,0x7ec0,8,1,200,1179.0
409117043005,5928,2,12,47,4,0x7ec0,8,1,200,502.0
409117060974,5929,2,12,47,4,0x7ec0,8,1,200,508.0
409117075505,5930,2,12,47,4,0x7ec0,8,1,200,-869.0
409117092714,5931,2,12,47,4,0x7ec0,8,1,200,-315.0
409117109544,5932,2,12,47,4,0x7ec0,8,1,200,1606.0
409117126609,5933,2,12,47,4,0x7ec0,8,1,200,1511.0
409117142215,5934,2,12,47,4,0x7ec0,8,1,200,612.0
409117159878,5935,2,12,47,4,0x7ec0,8,1,200,38.0
409117176374,5936,2,12,47,4,0x7ec0,8,1,200,764.0
409117192363,5937,2,12,47,4,0x7ec0,8,1,200,-894.0
409117209249,5938,2,12,47,4,0x7ec0,8,1,200,93.0
409117225889,5939,2,12,47,4,0x7ec0,8,1,200,1366.0
409117242551,5940,2,12,47,4,0x7ec0,8,1,200,-1193.0
409117260514,5941,2,12,47,4,0x7ec0,8,1,200,1484.0
409117276199,5942,2,12,47,4,0x7ec0,8,1,200,-976.0
409117292546,5943,2,12,47,4,0x7ec0,8,1,200,-396.0
409117309586,5944,2,12,47,4,0x7ec0,8,1,200,-1451.0
409117325998,5945,2,12,47,4,0x7ec0,8,1,200,-488.0
409117342789,5946,2,12,47,4,0x7ec0,8,1,200,707.0
409117360170,5947,2,12,47,4,0x7ec0,8,1,200,-426.0
409117376347,5948,2,12,47,4,0x7ec0,8,1,200,-798.0
409117392699,5949,2,12,47,4,0x7ec0,8,1,200,1287.0
409117409588,5950,2,12,47,4,0x7ec0,8,1,200,116.0
409117426691,5951,2,12,47,4,0x7ec0,8,1,200,430.0
409117442976,5952,2,12,47,4,0x7ec0,8,1,200,179.0
409117460771,5953,2,12,47,4,0x7ec0,8,1,200,-117.0
409117476525,5954,2,12,47,4,0x7ec0,8,1,200,62.0
409117492728,5955,2,12,47,4,0x7ec0,8,1,200,-617.0
409117509241,5956,2,12,47,4,0x7ec0,8,1,200,-1017.0
409117526341,5957,2,12,47,4,0x7ec0,8,1,200,-758.0
409117543280,5958,2,12,47,4,0x7ec0,8,1,200,73.0
409117559924,5959,2,12,47,4,0x7ec0,8,1,200,-1541.0
409117576477,5960,2,12,47,4,0x7ec0,8,1,200,197.0
409117592700,5961,2,12,47,4,0x7ec0,8,1,200,-962.0
409117610207,5962,2,12,47,4,0x7ec0,8,1,200,1979.0
409117626566,5963,2,12,47,4,0x7ec0,8,1,200,-850.0
409117642915,5964,2,12,47,4,0x7ec0,8,1,200,-898.0
409117659661,5965,2,12,47,4,0x7ec0,8,1,200,1254.0
409117677151,5966,2,12,47,4,0x7ec0,8,1,200,1285.0
409117693131,5967,2,12,47,4,0x7ec0,8,1,200,-1568.0
409117709404,5968,2,12,47,4,0x7ec0,8,1,200,-104.0
409117726514,5969,2,12,47,4,0x7ec0,8,1,200,41.0
409117742890,5970,2,12,47,4,0x7ec0,8,1,200,-932.0
409117760405,5971,2,12,47,4,0x7ec0,8,1,200,252.0
409117776365,5972,2,12,47,4,0x7ec0,8,1,200,427.0
409117793208,5973,2,12,47,4,0x7ec0,8,1,200,-614.0
409117810326,5974,2,12,47,4,0x7ec0,8,1,200,1178.0
409117826528,5975,2,12,47,4,0x7ec0,8,1,200,1899.0
409117843302,5976,2,12,47,4,0x7ec0,8,1,200,-186.0
409117860177,5977,2,12,47,4,0x7ec0,8,1,200,-1639.0
409117876968,5978,2,12,47,4,0x7ec0,8,1,200,16.0
409117892765,5979,2,12,47,4,0x7ec0,8,1,200,-997.0
409117909903,5980,2,12,47,4,0x7ec0,8,1,200,-829.0
409117926733,5981,2,12,47,4,0x7ec0,8,1,200,1597.0
409117943440,5982,2,12,47,4,0x7ec0,8,1,200,100.0
409117960428,5983,2,12,47,4,0x7ec0,8,1,200,-1330.0
409117977021,5984,2,12,47,4,0x7ec0,8,1,200,1315.0
409117993492,5985,2,12,47,4,0x7ec0,8,1,200,-480.0
409118009729,5986,2,12,47,4,0x7ec0,8,1,200,1336.0
409118026530,5987,2,12,47,4,0x7ec0,8,1,200,-243.0
409118044036,5988,2,12,47,4,0x7ec0,8,1,200,-225.0
409118061688,5989,2,12,47,4,0x7ec0,8,1,200,1006.0
409118077021,5990,2,12,47,4,0x7ec0,8,1,200,-81.0
409118093620,5991,2,12,47,4,0x7ec0,8,1,200,666.0
409118109965,5992,2,12,47,4,0x7ec0,8,1,200,729.0
409118127789,5993,2,12,47,4,0x7ec0,8,1,200,418.0
409118144276,5994,2,12,47,4,0x7ec0,8,1,200,-806.0
409118160281,5995,2,12,47,4,0x7ec0,8,1,200,-1670.0
409118176766,5996,2,12,47,4,0x7ec0,8,1,200,-1390.0
409118193178,5997,2,12,47,4,0x7ec0,8,1,200,-152.0
409118209977,5998,2,12,47,4,0x7ec0,8,1,200,1185.0
409118227585,5999,2,12,47,4,0x7ec0,8,1,200,-66.0
409118243622,6000,2,12,47,4,0x7ec0,8,1,200,-215.0
409118261056,6001,2,12,47,4,0x7ec0,8,1,200,203.0
409118276720,6002,2,12,47,4,0x7ec0,8,1,200,-470.0
409118293586,6003,2,12,47,4,0x7ec0,8,1,200,-489.0
409118310309,6004,2,12,47,4,0x7ec0,8,1,200,-2143.0
409118327387,6005,2,12,47,4,0x7ec0,8,1,200,989.0
409118344754,6006,2,12,47,4,0x7ec0,8,1,200,730.0
409118361094,6007,2,12,47,4,0x7ec0,8,1,200,-100.0
409118377536,6008,2,12,47,4,0x7ec0,8,1,200,1056.0
409118394008,6009,2,12,47,4,0x7ec0,8,1,200,150.0
409118410269,6010,2,12,47,4,0x7ec0,8,1,200,993.0
409118427594,6011,2,12,47,4,0x7ec0,8,1,200,-1327.0
409118444620,6012,2,12,47,4,0x7e40,7,1,200,-1369.0
409118460934,6013,2,12,47,4,0x7e40,7,1,200,691.0
409118476789,6014,2,12,47,4,0x7e40,7,1,200,-359.0
409118493935,6015,2,12,47,4,0x7ec0,8,1,200,-1526.0
409118510512,6016,2,12,47,4,0x7ec0,8,1,200,1597.0
409118526727,6017,2,12,47,4,0x7ec0,8,1,200,555.0
409118544618,6018,2,12,47,4,0x7ec0,8,1,200,10.0
409118560517,6019,2,12,47,4,0x7ec0,8,1,200,-978.0
409118576954,6020,2,12,47,4,0x7ec0,8,1,200,-1368.0
409118593939,6021,2,12,47,4,0x7ec0,8,1,200,-139.0
409118610995,6022,2,12,47,4,0x7ec0,8,1,200,-1747.0
409118627442,6023,2,12,47,4,0x7ec0,8,1,200,-888.0
409118645515,6024,2,12,47,4,0x7ec0,8,1,200,-765.0
409118661141,6025,2,12,47,4,0x7ec0,8,1,200,1451.0
409118677801,6026,2,12,47,4,0x7ec0,8,1,200,823.0
409118694460,6027,2,12,47,4,0x7ec0,8,1,200,-276.0
409118710650,6028,2,12,47,4,0x7ec0,8,1,200,964.0
409118728378,6029,2,12,47,4,0x7ec0,8,1,200,-1280.0
409118751172,6030,2,12,47,4,0x7ec0,8,1,200,-221.0
409118760740,6031,2,12,47,4,0x7ec0,8,1,200,613.0
409118777167,6032,2,12,47,4,0x7ec0,8,1,200,-344.0
409118794105,6033,2,12,47,4,0x7ec0,8,1,200,-453.0
409118810589,6034,2,12,47,4,0x7ec0,8,1,200,-1004.0
409118826916,6035,2,12,47,4,0x7ec0,8,1,200,-1652.0
409118845438,6036,2,12,47,4,0x7ec0,8,1,200,-587.0
409118861606,6037,2,12,47,4,0x7ec0,8,1,200,164.0
409118878331,6038,2,12,47,4,0x7ec0,8,1,200,-28.0
409118893657,6039,2,12,47,4,0x7ec0,8,1,200,-270.0
409118910861,6040,2,12,47,4,0x7ec0,8,1,200,1566.0
409118927864,6041,2,12,47,4,0x7ec0,8,1,200,-182.0
409118944773,6042,2,12,47,4,0x7ec0,8,1,200,1430.0
409118961030,6043,2,12,47,4,0x7ec0,8,1,200,1288.0
409118978534,6044,2,12,47,4,0x7ec0,8,1,200,-195.0
409118994684,6045,2,12,47,4,0x7ec0,8,1,200,-413.0
409119010956,6046,2,12,47,4,0x7ec0,8,1,200,-1674.0
409119029275,6047,2,12,47,4,0x7ec0,8,1,200,1603.0
409119047258,6048,2,12,47,4,0x7ec0,8,1,200,489.0
409119061819,6049,2,12,47,4,0x7ec0,8,1,200,-324.0
409119077340,6050,2,12,47,4,0x7ec0,8,1,200,-408.0
409119094993,6051,2,12,47,4,0x7ec0,8,1,200,1450.0
409119111796,6052,2,12,47,4,0x7ec0,8,1,200,1684.0
409119128170,6053,2,12,47,4,0x7ec0,8,1,200,-2199.0
409119145081,6054,2,12,47,4,0x7ec0,8,1,200,464.0
409119160534,6055,2,12,47,4,0x7ec0,8,1,200,53.0
409119177545,6056,2,12,47,4,0x7ec0,8,1,200,-1018.0
409119193900,6057,2,12,47,4,0x7ec0,8,1,200,-790.0
409119210973,6058,2,12,47,4,0x7ec0,8,1,200,-1087.0
409119228767,6059,2,12,47,4,0x7ec0,8,1,200,-228.0
409119244952,6060,2,12,47,4,0x7ec0,8,1,200,1354.0
409119261583,6061,2,12,47,4,0x7ec0,8,1,200,1423.0
409119278519,6062,2,12,47,4,0x7ec0,8,1,200,1113.0
409119294623,6063,2,12,47,4,0x7ec0,8,1,200,-17.0
409119311145,6064,2,12,47,4,0x7ec0,8,1,200,1517.0
409119328556,6065,2,12,47,4,0x7ec0,8,1,200,2022.0
409119346006,6066,2,12,47,4,0x7ec0,8,1,200,1226.0
409119361358,6067,2,12,47,4,0x7ec0,8,1,200,-956.0
409119377862,6068,2,12,47,4,0x7ec0,8,1,200,-588.0
409119394871,6069,2,12,47,4,0x7ec0,8,1,200,-1416.0
409119411444,6070,2,12,47,4,0x7ec0,8,1,200,1345.0
409119428851,6071,2,12,47,4,0x7ec0,8,1,200,474.0
409119445059,6072,2,12,47,4,0x7ec0,8,1,200,-876.0
409119462287,6073,2,12,47,4,0x7ec0,8,1,200,1401.0
409119478355,6074,2,12,47,4,0x7ec0,8,1,200,-1007.0
409119495359,6075,2,12,47,4,0x7ec0,8,1,200,-854.0
409119512614,6076,2,12,47,4,0x7ec0,8,1,200,553.0
409119528110,6077,2,12,47,4,0x7ec0,8,1,200,-627.0
409119544525,6078,2,12,47,4,0x7ec0,8,1,200,-724.0
409119561541,6079,2,12,47,4,0x7ec0,8,1,200,-411.0
409119578618,6080,2,12,47,4,0x7ec0,8,1,200,-93.0
409119594887,6081,2,12,47,4,0x7ec0,8,1,200,-1091.0
409119612304,6082,2,12,47,4,0x7ec0,8,1,200,1712.0
409119629361,6083,2,12,47,4,0x7ec0,8,1,200,-723.0
409119645869,6084,2,12,47,4,0x7ec0,8,1,200,1248.0
409119662450,6085,2,12,47,4,0x7ec0,8,1,200,606.0
409119678345,6086,2,12,47,4,0x7ec0,8,1,200,978.0
409119695502,6087,2,12,47,4,0x7ec0,8,1,200,1409.0
409119712089,6088,2,12,47,4,0x7ec0,8,1,200,1484.0
409119728368,6089,2,12,47,4,0x7ec0,8,1,200,-1352.0
409119745472,6090,2,12,47,4,0x7ec0,8,1,200,516.0
409119762136,6091,2,12,47,4,0x7ec0,8,1,200,1466.0
409119778446,6092,2,12,47,4,0x7ec0,8,1,200,1578.0
409119795093,6093,2,12,47,4,0x7ec0,8,1,200,99.0
409119811754,6094,2,12,47,4,0x7e40,7,1,200,-949.0
409119831385,6095,2,12,47,4,0x7ec0,8,1,200,110.0
409119845261,6096,2,12,47,4,0x7ec0,8,1,200,-1246.0
409119861700,6097,2,12,47,4,0x7ec0,8,1,200,766.0
409119879024,6098,2,12,47,4,0x7ec0,8,1,200,-1019.0
409119895377,6099,2,12,47,4,0x7ec0,8,1,200,-739.0
409119912340,6100,2,12,47,4,0x7ec0,8,1,200,-1160.0
409119928173,6101,2,12,47,4,0x7ec0,8,1,200,2095.0
409119945516,6102,2,12,47,4,0x7ec0,8,1,200,-349.0
409119962009,6103,2,12,47,4,0x7ec0,8,1,200,-241.0
409119978558,6104,2,12,47,4,0x7e40,7,1,200,752.0
409119995424,6105,2,12,47,4,0x7ec0,8,1,200,-512.0
409120011753,6106,2,12,47,4,0x7ec0,8,1,200,-391.0
409120030117,6107,2,12,47,4,0x7ec0,8,1,200,219.0
409120045866,6108,2,12,47,4,0x7ec0,8,1,200,-23.0
409120062225,6109,2,12,47,4,0x7ec0,8,1,200,1227.0
409120079263,6110,2,12,47,4,0x7ec0,8,1,200,1227.0
409120095721,6111,2,12,47,4,0x7ec0,8,1,200,-1088.0
409120112457,6112,2,12,47,4,0x7ec0,8,1,200,1637.0
409120129914,6113,2,12,47,4,0x7ec0,8,1,200,-1338.0
409120146387,6114,2,12,47,4,0x7ec0,8,1,200,89.0
409120162898,6115,2,12,47,4,0x7ec0,8,1,200,1119.0
409120179429,6116,2,12,47,4,0x7ec0,8,1,200,445.0
409120195140,6117,2,12,47,4,0x7ec0,8,1,200,344.0
409120211724,6118,2,12,47,4,0x7ec0,8,1,200,-732.0
409120229447,6119,2,12,47,4,0x7ec0,8,1,200,-344.0
409120245610,6120,2,12,47,4,0x7ec0,8,1,200,-568.0
409120262101,6121,2,12,47,4,0x7ec0,8,1,200,1461.0
409120280189,6122,2,12,47,4,0x7ec0,8,1,200,771.0
409120295235,6123,2,12,47,4,0x7ec0,8,1,200,1212.0
409120312311,6124,2,12,47,4,0x7ec0,8,1,200,244.0
409120328465,6125,2,12,47,4,0x7ec0,8,1,200,1383.0
409120345817,6126,2,12,47,4,0x7ec0,8,1,200,-1010.0
409120363029,6127,2,12,47,4,0x7ec0,8,1,200,139.0
409120378507,6128,2,12,47,4,0x7ec0,8,1,200,694.0
409120395872,6129,2,12,47,4,0x7ec0,8,1,200,-53.0
409120414149,6130,2,12,47,4,0x7ec0,8,1,200,-14.0
409120429552,6131,2,12,47,4,0x7ec0,8,1,200,-1112.0
409120445324,6132,2,12,47,4,0x7ec0,8,1,200,-47.0
409120462470,6133,2,12,47,4,0x7ec0,8,1,200,557.0
409120479272,6134,2,12,47,4,0x7ec0,8,1,200,-863.0
409120496110,6135,2,12,47,4,0x7ec0,8,1,200,-614.0
409120512613,6136,2,12,47,4,0x7ec0,8,1,200,1844.0
409120529337,6137,2,12,47,4,0x7ec0,8,1,200,-573.0
409120546336,6138,2,12,47,4,0x7ec0,8,1,200,1461.0
409120563389,6139,2,12,47,4,0x7ec0,8,1,200,957.0
409120579291,6140,2,12,47,4,0x7ec0,8,1,200,-1111.0
409120596311,6141,2,12,47,4,0x7ec0,8,1,200,141.0
409120613507,6142,2,12,47,4,0x7ec0,8,1,200,-1018.0
409120630227,6143,2,12,47,4,0x7ec0,8,1,200,371.0
409120646191,6144,2,12,47,4,0x7ec0,8,1,200,-110.0
409120663227,6145,2,12,47,4,0x7ec0,8,1,200,-1729.0
409120680404,6146,2,12,47,4,0x7ec0,8,1,200,-182.0
409120696980,6147,2,12,47,4,0x7e40,7,1,200,-272.0
409120712480,6148,2,12,47,4,0x7ec0,8,1,200,-768.0
409120729988,6149,2,12,47,4,0x7ec0,8,1,200,-4.0
409120747004,6150,2,12,47,4,0x7ec0,8,1,200,-1278.0
409120762776,6151,2,12,47,4,0x7ec0,8,1,200,326.0
409120778979,6152,2,12,47,4,0x7ec0,8,1,200,247.0
409120796044,6153,2,12,47,4,0x7ec0,8,1,200,-1678.0
409120812597,6154,2,12,47,4,0x7ec0,8,1,200,-1115.0
409120830151,6155,2,12,47,4,0x7ec0,8,1,200,-1463.0
409120845788,6156,2,12,47,4,0x7ec0,8,1,200,-1935.0
409120863577,6157,2,12,47,4,0x7ec0,8,1,200,284.0
409120879334,6158,2,12,47,4,0x7ec0,8,1,200,1452.0
409120896267,6159,2,12,47,4,0x7ec0,8,1,200,-940.0
409120914227,6160,2,12,47,4,0x7ec0,8,1,200,1471.0
409120930299,6161,2,12,47,4,0x7ec0,8,1,200,-851.0
409120947402,6162,2,12,47,4,0x7ec0,8,1,200,717.0
409120962633,6163,2,12,47,4,0x7ec0,8,1,200,1036.0
409120979373,6164,2,12,47,4,0x7ec0,8,1,200,1198.0
409120996480,6165,2,12,47,4,0x7ec0,8,1,200,-533.0
409121012947,6166,2,12,47,4,0x7ec0,8,1,200,-757.0
409121030515,6167,2,12,47,4,0x7ec0,8,1,200,1540.0
409121046886,6168,2,12,47,4,0x7ec0,8,1,200,180.0
409121063940,6169,2,12,47,4,0x7ec0,8,1,200,-148.0
409121079735,6170,2,12,47,4,0x7ec0,8,1,200,37.0
409121096660,6171,2,12,47,4,0x7ec0,8,1,200,-259.0
409121112632,6172,2,12,47,4,0x7ec0,8,1,200,1097.0
409121130254,6173,2,12,47,4,0x7ec0,8,1,200,841.0
409121146512,6174,2,12,47,4,0x7ec0,8,1,200,13.0
409121163135,6175,2,12,47,4,0x7ec0,8,1,200,-953.0
409121179979,6176,2,12,47,4,0x7ec0,8,1,200,1559.0
409121196716,6177,2,12,47,4,0x7ec0,8,1,200,1413.0
409121212646,6178,2,12,47,4,0x7ec0,8,1,200,965.0
409121229839,6179,2,12,47,4,0x7ec0,8,1,200,905.0
409121247119,6180,2,12,47,4,0x7ec0,8,1,200,1494.0
409121263740,6181,2,12,47,4,0x7ec0,8,1,200,10.0
409121279722,6182,2,12,47,4,0x7ec0,8,1,200,219.0
409121296734,6183,2,12,47,4,0x7ec0,8,1,200,-705.0
409121313318,6184,2,12,47,4,0x7ec0,8,1,200,450.0
409121330319,6185,2,12,47,4,0x7ec0,8,1,200,1261.0
409121346498,6186,2,12,47,4,0x7ec0,8,1,200,2072.0
409121363886,6187,2,12,47,4,0x7ec0,8,1,200,550.0
409121379569,6188,2,12,47,4,0x7ec0,8,1,200,2.0
409121398174,6189,2,12,47,4,0x7ec0,8,1,200,-666.0
409121414355,6190,2,12,47,4,0x7ec0,8,1,200,-815.0
409121431055,6191,2,12,47,4,0x7ec0,8,1,200,-720.0
409121447110,6192,2,12,47,4,0x7ec0,8,1,200,-659.0
409121464208,6193,2,12,47,4,0x7ec0,8,1,200,789.0
409121480687,6194,2,12,47,4,0x7ec0,8,1,200,1193.0
409121496436,6195,2,12,47,4,0x7ec0,8,1,200,-1224.0
409121514329,6196,2,12,47,4,0x7ec0,8,1,200,688.0
409121529962,6197,2,12,47,4,0x7ec0,8,1,200,-1420.0
409121546195,6198,2,12,47,4,0x7ec0,8,1,200,572.0
409121563181,6199,2,12,47,4,0x7ec0,8,1,200,-472.0
409121581121,6200,2,12,47,4,0x7ec0,8,1,200,894.0
409121597225,6201,2,12,47,4,0x7ec0,8,1,200,-1091.0
409121615472,6202,2,12,47,4,0x7ec0,8,1,200,1294.0
409121630249,6203,2,12,47,4,0x7ec0,8,1,200,-532.0
409121647405,6204,2,12,47,4,0x7ec0,8,1,200,160.0
409121663412,6205,2,12,47,4,0x7ec0,8,1,200,-1627.0
409121680476,6206,2,12,47,4,0x7ec0,8,1,200,563.0
409121698214,6207,2,12,47,4,0x7ec0,8,1,200,1332.0
409121714096,6208,2,12,47,4,0x7ec0,8,1,200,399.0
409121731815,6209,2,12,47,4,0x7ec0,8,1,200,-27.0
409121747391,6210,2,12,47,4,0x7ec0,8,1,200,-723.0
409121763292,6211,2,12,47,4,0x7ec0,8,1,200,-1165.0
409121780238,6212,2,12,47,4,0x7ec0,8,1,200,1952.0
409121796629,6213,2,12,47,4,0x7ec0,8,1,200,-1210.0
409121814415,6214,2,12,47,4,0x7ec0,8,1,200,131.0
409121830930,6215,2,12,47,4,0x7ec0,8,1,200,-552.0
409121848897,6216,2,12,47,4,0x7ec0,8,1,200,-1070.0
409121864765,6217,2,12,47,4,0x7ec0,8,1,200,-44.0
409121880977,6218,2,12,47,4,0x7ec0,8,1,200,-1848.0
409121897134,6219,2,12,47,4,0x7ec0,8,1,200,-783.0
409121914920,6220,2,12,47,4,0x7ec0,8,1,200,1423.0
409121931788,6221,2,12,47,4,0x7ec0,8,1,200,-319.0
409121947114,6222,2,12,47,4,0x7ec0,8,1,200,-1559.0
409121963847,6223,2,12,47,4,0x7ec0,8,1,200,1562.0
409121980633,6224,2,12,47,4,0x7ec0,8,1,200,-479.0
409121997268,6225,2,12,47,4,0x7ec0,8,1,200,1498.0
409122013832,6226,2,12,47,4,0x7ec0,8,1,200,1375.0
409122034828,6227,2,12,47,4,0x7ec0,8,1,200,1729.0
409122048310,6228,2,12,47,4,0x7ec0,8,1,200,-595.0
409122064356,6229,2,12,47,4,0x7ec0,8,1,200,913.0
409122080192,6230,2,12,47,4,0x7ec0,8,1,200,1200.0
409122098453,6231,2,12,47,4,0x7ec0,8,1,200,-981.0
409122114173,6232,2,12,47,4,0x7ec0,8,1,200,-1038.0
409122130691,6233,2,12,47,4,0x7ec0,8,1,200,964.0
409122147054,6234,2,12,47,4,0x7ec0,8,1,200,-959.0
409122164348,6235,2,12,47,4,0x7ec0,8,1,200,-427.0
409122181332,6236,2,12,47,4,0x7ec0,8,1,200,1718.0
409122199193,6237,2,12,47,4,0x7ec0,8,1,200,-687.0
409122215782,6238,2,12,47,4,0x7ec0,8,1,200,-316.0
409122231659,6239,2,12,47,4,0x7ec0,8,1,200,-1120.0
409122248668,6240,2,12,47,4,0x7ec0,8,1,200,756.0
409122264716,6241,2,12,47,4,0x7ec0,8,1,200,-1720.0
409122281275,6242,2,12,47,4,0x7ec0,8,1,200,510.0
409122297541,6243,2,12,47,4,0x7ec0,8,1,200,1987.0
409122314925,6244,2,12,47,4,0x7ec0,8,1,200,-1245.0
409122331000,6245,2,12,47,4,0x7ec0,8,1,200,-1465.0
409122348358,6246,2,12,47,4,0x7ec0,8,1,200,797.0
409122364713,6247,2,12,47,4,0x7ec0,8,1,200,-1001.0
409122380707,6248,2,12,47,4,0x7ec0,8,1,200,145.0
409122397963,6249,2,12,47,4,0x7ec0,8,1,200,-1646.0
409122416089,6250,2,12,47,4,0x7ec0,8,1,200,363.0
409122431347,6251,2,12,47,4,0x7ec0,8,1,200,-913.0
409122448674,6252,2,12,47,4,0x7ec0,8,1,200,1558.0
409122465995,6253,2,12,47,4,0x7ec0,8,1,200,347.0
409122481613,6254,2,12,47,4,0x7ec0,8,1,200,919.0
409122497553,6255,2,12,47,4,0x7ec0,8,1,200,336.0
409122515382,6256,2,12,47,4,0x7ec0,8,1,200,-170.0
409122531024,6257,2,12,47,4,0x7ec0,8,1,200,-744.0
409122548536,6258,2,12,47,4,0x7ec0,8,1,200,761.0
409122565254,6259,2,12,47,4,0x7ec0,8,1,200,1031.0
409122582320,6260,2,12,47,4,0x7ec0,8,1,200,839.0
409122597778,6261,2,12,47,4,0x7ec0,8,1,200,-1193.0
409122615897,6262,2,12,47,4,0x7ec0,8,1,200,1334.0
409122631511,6263,2,12,47,4,0x7ec0,8,1,200,-1953.0
409122648412,6264,2,12,47,4,0x7e40,7,1,200,1487.0
409122666256,6265,2,12,47,4,0x7e40,7,1,200,617.0
409122681939,6266,2,12,47,4,0x7ec0,8,1,200,1323.0
409122698519,6267,2,12,47,4,0x7ec0,8,1,200,198.0
409122716277,6268,2,12,47,4,0x7ec0,8,1,200,934.0
409122731206,6269,2,12,47,4,0x7ec0,8,1,200,1293.0
409122748240,6270,2,12,47,4,0x7ec0,8,1,200,-637.0
409122765029,6271,2,12,47,4,0x7ec0,8,1,200,-810.0
409122781271,6272,2,12,47,4,0x7ec0,8,1,200,-1087.0
409122799027,6273,2,12,47,4,0x7ec0,8,1,200,-42.0
409122815082,6274,2,12,47,4,0x7ec0,8,1,200,-311.0
409122831262,6275,2,12,47,4,0x7ec0,8,1,200,-645.0
409122849250,6276,2,12,47,4,0x7ec0,8,1,200,574.0
409122865663,6277,2,12,47,4,0x7ec0,8,1,200,219.0
409122883067,6278,2,12,47,4,0x7ec0,8,1,200,1212.0
409122898962,6279,2,12,47,4,0x7ec0,8,1,200,651.0
409122915325,6280,2,12,47,4,0x7ec0,8,1,200,590.0
409122931501,6281,2,12,47,4,0x7ec0,8,1,200,-1093.0
409122948245,6282,2,12,47,4,0x7ec0,8,1,200,-1758.0
409122965432,6283,2,12,47,4,0x7ec0,8,1,200,40.0
409122981940,6284,2,12,47,4,0x7ec0,8,1,200,1078.0
409122998902,6285,2,12,47,4,0x7ec0,8,1,200,3681.0
409123017446,6286,2,12,47,4,0x7ec0,8,1,200,1131.0
409123035138,6287,2,12,47,4,0x7ec0,8,1,200,446.0
409123049596,6288,2,12,47,4,0x7ec0,8,1,200,-673.0
409123065772,6289,2,12,47,4,0x7ec0,8,1,200,-855.0
409123082382,6290,2,12,47,4,0x7ec0,8,1,200,-628.0
409123098394,6291,1,255,48,4,0x7ec0,8,1,200,234.0
409123116371,6292,1,255,48,4,0x7ec0,8,1,200,-460.0
409123131875,6293,1,255,48,4,0x7ec0,8,1,200,-717.0
409123150448,6294,1,255,48,4,0x7ec0,8,1,200,-1072.0
409123166584,6295,1,255,48,4,0x7ec0,8,1,200,22.0
409123182465,6296,1,255,48,4,0x7ec0,8,1,200,1987.0
409123199636,6297,1,255,48,4,0x7ec0,8,1,200,17.0
409123215838,6298,1,255,48,4,0x7ec0,8,1,200,547.0
409123232033,6299,1,255,48,4,0x7ec0,8,1,200,340.0
409123248666,6300,1,255,48,4,0x7ec0,8,1,200,-346.0
409123266387,6301,1,255,48,4,0x7ec0,8,1,200,1527.0
409123285221,6302,1,255,48,4,0x7ec0,8,1,200,548.0
409123300216,6303,1,255,48,4,0x7ec0,8,1,200,242.0
409123316072,6304,1,255,48,4,0x7ec0,8,1,200,509.0
409123332969,6305,1,255,48,4,0x7ec0,8,1,200,-407.0
409123348032,6306,1,255,48,4,0x7ec0,8,1,200,1009.0
409123365860,6307,1,255,48,4,0x7e40,7,1,200,585.0
409123382232,6308,1,255,48,4,0x7ec0,8,1,200,924.0
409123401801,6309,1,255,48,4,0x7ec0,8,1,200,-843.0
409123416617,6310,1,255,48,4,0x7ec0,8,1,200,1104.0
409123432257,6311,1,255,48,4,0x7ec0,8,1,200,28.0
409123448857,6312,1,255,48,4,0x7ec0,8,1,200,147.0
409123465517,6313,1,255,48,4,0x7ec0,8,1,200,2031.0
409123482431,6314,1,255,48,4,0x7ec0,8,1,200,1434.0
409123498705,6315,1,255,48,4,0x7ec0,8,1,200,1335.0
409123516103,6316,1,255,48,4,0x7ec0,8,1,200,1136.0
409123535575,6317,1,255,48,4,0x7ec0,8,1,200,57.0
409123548943,6318,1,255,48,4,0x7ec0,8,1,200,1221.0
409123566289,6319,1,255,48,4,0x7ee0,9,1,200,24.0
409123584610,6320,1,255,48,4,0x7ec0,8,1,200,-907.0
409123599033,6321,1,255,48,4,0x7ec0,8,1,200,1035.0
409123615877,6322,1,255,48,4,0x7ec0,8,1,200,1414.0
409123632265,6323,1,255,48,4,0x7ec0,8,1,200,1583.0
409123649446,6324,1,255,48,4,0x7ec0,8,1,200,-125.0
409123665988,6325,1,255,48,4,0x7ec0,8,1,200,-1613.0
409123682730,6326,1,255,48,4,0x7ec0,8,1,200,-1032.0
409123699456,6327,1,255,48,4,0x7ec0,8,1,200,-317.0
409123715536,6328,1,255,48,4,0x7ec0,8,1,200,-498.0
409123732634,6329,1,255,48,4,0x7ec0,8,1,200,526.0
409123749249,6330,1,255,48,4,0x7ec0,8,1,200,1046.0
409123766321,6331,1,255,48,4,0x7ec0,8,1,200,19.0
409123783087,6332,1,255,48,4,0x7ec0,8,1,200,216.0
409123799123,6333,1,255,48,4,0x7ec0,8,1,200,112.0
409123815712,6334,1,255,48,4,0x7ec0,8,1,200,105.0
409123833709,6335,1,255,48,4,0x7ec0,8,1,200,-1242.0
409123850279,6336,1,255,48,4,0x7ec0,8,1,200,1603.0
409123867955,6337,1,255,48,4,0x7ec0,8,1,200,474.0
409123884901,6338,1,255,48,4,0x7ec0,8,1,200,319.0
409123900085,6339,1,255,48,4,0x7ec0,8,1,200,1208.0
409123917010,6340,1,255,48,4,0x7ec0,8,1,200,1480.0
409123932614,6341,1,255,48,4,0x7ec0,8,1,200,-1370.0
409123953285,6342,1,255,48,4,0x7ec0,8,1,200,1519.0
409123968584,6343,1,255,48,4,0x7ec0,8,1,200,1101.0
409123984565,6344,1,255,48,4,0x7ec0,8,1,200,-1189.0
409123999688,6345,1,255,48,4,0x7ec0,8,1,200,1588.0
409124016063,6346,1,255,48,4,0x7ec0,8,1,200,-795.0
409124033378,6347,1,255,48,4,0x7ec0,8,1,200,566.0
409124049913,6348,1,255,48,4,0x7ec0,8,1,200,983.0
409124067294,6349,1,255,48,4,0x7ec0,8,1,200,1685.0
409124083093,6350,1,255,48,4,0x7ec0,8,1,200,-103.0
409124099251,6351,1,255,49,4,0x7ec0,8,1,200,789.0
409124116426,6352,1,255,49,4,0x7ec0,8,1,200,56.0
409124132798,6353,1,255,49,4,0x7ec0,8,1,200,-399.0
409124148936,6354,1,255,49,4,0x7ee0,9,1,200,-325.0
409124166537,6355,1,255,49,4,0x7ee0,9,1,200,-275.0
409124184954,6356,1,255,49,4,0x7ec0,8,1,200,884.0
409124199233,6357,1,255,49,4,0x7ee0,9,1,200,245.0
409124216066,6358,1,255,49,4,0x7ec0,8,1,200,-1525.0
409124232742,6359,1,255,49,4,0x7ec0,8,1,200,224.0
409124249800,6360,1,255,49,4,0x7ec0,8,1,200,-868.0
409124266421,6361,1,255,49,4,0x7ec0,8,1,200,-473.0
409124282678,6362,1,255,49,4,0x7ec0,8,1,200,519.0
409124299689,6363,1,255,49,4,0x7ec0,8,1,200,-413.0
409124315814,6364,1,255,49,4,0x7ec0,8,1,200,86.0
409124332461,6365,1,255,49,4,0x7ec0,8,1,200,-2.0
409124348317,6366,1,255,49,4,0x7ec0,8,1,200,-1112.0
409124365839,6367,1,255,49,4,0x7ec0,8,1,200,-234.0
409124381724,6368,1,255,49,4,0x7ec0,8,1,200,-398.0
409124398935,6369,1,255,49,4,0x7ec0,8,1,200,-1200.0
409124417396,6370,1,255,49,4,0x7ec0,8,1,200,152.0
409124432703,6371,1,255,49,4,0x7ec0,8,1,200,313.0
409124449123,6372,1,255,49,4,0x7ec0,8,1,200,-1628.0
409124465638,6373,1,255,49,4,0x7ec0,8,1,200,882.0
409124482069,6374,1,255,49,4,0x7ec0,8,1,200,1223.0
409124499008,6375,1,255,49,4,0x7ec0,8,1,200,-797.0
409124516108,6376,1,255,49,4,0x7ec0,8,1,200,641.0
409124532890,6377,1,255,49,4,0x7ec0,8,1,200,-403.0
409124549869,6378,1,255,49,4,0x7ec0,8,1,200,-1400.0
409124565881,6379,1,255,49,4,0x7ec0,8,1,200,-1139.0
409124582865,6380,1,255,49,4,0x7ec0,8,1,200,820.0
409124600159,6381,1,255,49,4,0x7ec0,8,1,200,1425.0
409124615883,6382,1,255,49,4,0x7ec0,8,1,200,-608.0
409124632450,6383,1,255,49,4,0x7ec0,8,1,200,840.0
409124649501,6384,1,255,49,4,0x7ec0,8,1,200,-355.0
409124666154,6385,1,255,49,4,0x7ec0,8,1,200,-185.0
409124683116,6386,1,255,49,4,0x7ec0,8,1,200,-252.0
409124698957,6387,1,255,49,4,0x7ec0,8,1,200,1394.0
409124716301,6388,1,255,49,4,0x7ec0,8,1,200,-624.0
409124732604,6389,1,255,49,4,0x7ec0,8,1,200,64.0
409124749746,6390,1,255,49,4,0x7ec0,8,1,200,1129.0
409124766053,6391,1,255,49,4,0x7ec0,8,1,200,1614.0
409124782424,6392,1,255,49,4,0x7ec0,8,1,200,-811.0
409124798807,6393,1,255,49,4,0x7ec0,8,1,200,-411.0
409124816595,6394,1,255,49,4,0x7ec0,8,1,200,-162.0
409124836079,6395,1,255,49,4,0x7ec0,8,1,200,-521.0
409124849572,6396,1,255,49,4,0x7ec0,8,1,200,1184.0
409124866138,6397,1,255,49,4,0x7ec0,8,1,200,-540.0
409124882741,6398,1,255,49,4,0x7ec0,8,1,200,582.0
409124899034,6399,1,255,49,4,0x7ec0,8,1,200,964.0
409124916042,6400,1,255,49,4,0x7ec0,8,1,200,-382.0
409124932874,6401,1,255,49,4,0x7ec0,8,1,200,-81.0
409124951269,6402,1,255,49,4,0x7ec0,8,1,200,-365.0
409124966064,6403,1,255,49,4,0x7ec0,8,1,200,383.0
409124982697,6404,1,255,49,4,0x7ec0,8,1,200,1057.0
409124999526,6405,1,255,49,4,0x7ec0,8,1,200,-682.0
409125016543,6406,1,255,49,4,0x7e40,7,1,200,-195.0
409125033139,6407,1,255,49,4,0x7ec0,8,1,200,-67.0
409125050438,6408,1,255,49,4,0x7ec0,8,1,200,1163.0
409125066394,6409,1,255,49,4,0x7ec0,8,1,200,1461.0
409125082894,6410,1,255,49,4,0x7ec0,8,1,200,457.0
409125099535,6411,1,255,49,4,0x7ec0,8,1,200,-135.0
409125116498,6412,1,255,50,4,0x7ec0,8,1,200,53.0
409125133281,6413,1,255,50,4,0x7ec0,8,1,200,1609.0
409125149671,6414,1,255,50,4,0x7ec0,8,1,200,-771.0
409125166354,6415,1,255,50,4,0x7ec0,8,1,200,1026.0
409125182888,6416,1,255,50,4,0x7ec0,8,1,200,857.0
409125200421,6417,1,255,50,4,0x7ec0,8,1,200,-52.0
409125217776,6418,1,255,50,4,0x7ec0,8,1,200,-1032.0
409125237009,6419,1,255,50,4,0x7ec0,8,1,200,-266.0
409125249947,6420,1,255,50,4,0x7ec0,8,1,200,-682.0
409125265960,6421,1,255,50,4,0x7ec0,8,1,200,677.0
409125284425,6422,1,255,50,4,0x7ec0,8,1,200,-772.0
409125299457,6423,1,255,50,4,0x7ec0,8,1,200,-953.0
409125316836,6424,1,255,50,4,0x7ec0,8,1,200,-43.0
409125333218,6425,1,255,50,4,0x7ec0,8,1,200,-1321.0
409125349558,6426,1,255,50,4,0x7ec0,8,1,200,-502.0
409125368847,6427,1,255,50,4,0x7ec0,8,1,200,-568.0
409125382956,6428,1,255,50,4,0x7ec0,8,1,200,487.0
409125399856,6429,1,255,50,4,0x7ec0,8,1,200,-478.0
409125420803,6430,1,255,50,4,0x7ec0,8,1,200,251.0
409125437268,6431,1,255,50,4,0x7ec0,8,1,200,-1177.0
409125450756,6432,1,255,50,4,0x7ec0,8,1,200,-408.0
409125469722,6433,1,255,50,4,0x7ec0,8,1,200,901.0
409125484351,6434,1,255,50,4,0x7ec0,8,1,200,885.0
409125499559,6435,1,255,50,4,0x7ec0,8,1,200,-1405.0
409125516941,6436,1,255,50,4,0x7ec0,8,1,200,832.0
409125533075,6437,1,255,50,4,0x7ec0,8,1,200,109.0
409125550453,6438,1,255,50,4,0x7ec0,8,1,200,151.0
409125566186,6439,1,255,50,4,0x7ec0,8,1,200,-276.0
409125583285,6440,1,255,50,4,0x7ec0,8,1,200,15.0
409125600045,6441,1,255,50,4,0x7ec0,8,1,200,1678.0
409125615973,6442,1,255,50,4,0x7ec0,8,1,200,216.0
409125635009,6443,1,255,50,4,0x7ec0,8,1,200,-326.0
409125650384,6444,1,255,50,4,0x7ec0,8,1,200,-1430.0
409125668172,6445,1,255,50,4,0x7ec0,8,1,200,19.0
409125683611,6446,1,255,50,4,0x7ec0,8,1,200,-659.0
409125700257,6447,1,255,50,4,0x7ec0,8,1,200,836.0
409125716642,6448,1,255,50,4,0x7ec0,8,1,200,980.0
409125733482,6449,1,255,50,4,0x7ec0,8,1,200,-448.0
409125751408,6450,1,255,50,4,0x7ec0,8,1,200,83.0
409125766807,6451,1,255,50,4,0x7ec0,8,1,200,-767.0
409125783593,6452,1,255,50,4,0x7ec0,8,1,200,-492.0
409125800126,6453,1,255,50,4,0x7ec0,8,1,200,1257.0
409125817023,6454,1,255,50,4,0x7ec0,8,1,200,-21.0
409125833385,6455,1,255,50,4,0x7ec0,8,1,200,-68.0
409125849990,6456,1,255,50,4,0x7ec0,8,1,200,196.0
409125866524,6457,1,255,50,4,0x7ec0,8,1,200,134.0
409125883242,6458,1,255,50,4,0x7ec0,8,1,200,-676.0
409125900385,6459,1,255,50,4,0x7ec0,8,1,200,519.0
409125917118,6460,1,255,50,4,0x7ec0,8,1,200,-693.0
409125934517,6461,1,255,50,4,0x7ec0,8,1,200,-167.0
409125950272,6462,1,255,50,4,0x7ec0,8,1,200,-1281.0
409125967537,6463,1,255,50,4,0x7ec0,8,1,200,1299.0
409125983936,6464,1,255,50,4,0x7ec0,8,1,200,-552.0
409126000601,6465,1,255,50,4,0x7ec0,8,1,200,645.0
409126017719,6466,1,255,50,4,0x7ec0,8,1,200,952.0
409126033615,6467,1,255,50,4,0x7ec0,8,1,200,-770.0
409126050321,6468,1,255,50,4,0x7ec0,8,1,200,-78.0
409126067186,6469,1,255,50,4,0x7ec0,8,1,200,-215.0
409126084085,6470,1,255,50,4,0x7ec0,8,1,200,287.0
409126100461,6471,1,255,50,4,0x7ec0,8,1,200,1175.0
409126117078,6472,2,255,51,4,0x7ec0,8,1,200,1239.0
409126134427,6473,2,255,51,4,0x7ec0,8,1,200,-785.0
409126150948,6474,2,255,51,4,0x7ec0,8,1,200,-607.0
409126166536,6475,2,255,51,4,0x7ec0,8,1,200,-369.0
409126183549,6476,2,255,51,4,0x7ec0,8,1,200,-944.0
409126200317,6477,2,255,51,4,0x7ec0,8,1,200,1112.0
409126217138,6478,2,255,51,4,0x7ec0,8,1,200,-223.0
409126233960,6479,2,255,51,4,0x7ec0,8,1,200,1143.0
409126250806,6480,2,255,51,4,0x7ec0,8,1,200,-1238.0
409126266797,6481,2,255,51,4,0x7ec0,8,1,200,520.0
409126284704,6482,2,255,51,4,0x7ec0,8,1,200,-1177.0
409126300229,6483,2,255,51,4,0x7ec0,8,1,200,-960.0
409126317036,6484,2,255,51,4,0x7ec0,8,1,200,-378.0
409126334089,6485,2,255,51,4,0x7ec0,8,1,200,257.0
409126350980,6486,2,255,51,4,0x7ec0,8,1,200,811.0
409126367057,6487,2,255,51,4,0x7ec0,8,1,200,970.0
409126384106,6488,2,255,51,4,0x7ec0,8,1,200,-995.0
409126401431,6489,2,255,51,4,0x7ec0,8,1,200,-1236.0
409126416961,6490,2,255,51,4,0x7ec0,8,1,200,-380.0
409126434010,6491,2,255,51,4,0x7ec0,8,1,200,-1485.0
409126451135,6492,2,255,51,4,0x7ec0,8,1,200,-519.0
409126467422,6493,2,255,51,4,0x7ec0,8,1,200,-527.0
409126484908,6494,2,255,51,4,0x7ec0,8,1,200,-1201.0
409126500910,6495,2,255,51,4,0x7ec0,8,1,200,-1041.0
409126517168,6496,2,255,51,4,0x7ec0,8,1,200,95.0
409126535262,6497,2,255,51,4,0x7ec0,8,1,200,1002.0
409126551196,6498,2,255,51,4,0x7ec0,8,1,200,364.0
409126567606,6499,2,255,51,4,0x7ec0,8,1,200,-330.0
409126585146,6500,2,255,51,4,0x7ec0,8,1,200,-433.0
409126601032,6501,2,255,51,4,0x7ec0,8,1,200,-444.0
409126617777,6502,2,255,51,4,0x7ec0,8,1,200,1094.0
409126635045,6503,2,255,51,4,0x7ec0,8,1,200,1145.0
409126651377,6504,2,255,51,4,0x7ec0,8,1,200,1645.0
409126667731,6505,2,255,51,4,0x7ec0,8,1,200,-692.0
409126684651,6506,2,255,51,4,0x7ec0,8,1,200,-1086.0
409126700690,6507,2,255,51,4,0x7ec0,8,1,200,1248.0
409126717421,6508,2,255,51,4,0x7ec0,8,1,200,-331.0
409126734650,6509,2,255,51,4,0x7ec0,8,1,200,57.0
409126750909,6510,2,255,51,4,0x7ec0,8,1,200,101.0
409126767567,6511,2,255,51,4,0x7ec0,8,1,200,1383.0
409126784278,6512,2,255,51,4,0x7ec0,8,1,200,-1101.0
409126800820,6513,2,255,51,4,0x7ec0,8,1,200,-976.0
409126818387,6514,2,255,51,4,0x7ec0,8,1,200,246.0
409126834650,6515,2,255,51,4,0x7ec0,8,1,200,863.0
409126852357,6516,2,255,51,4,0x7ec0,8,1,200,264.0
409126867748,6517,2,255,51,4,0x7ec0,8,1,200,1729.0
409126884094,6518,2,255,51,4,0x7ec0,8,1,200,143.0
409126901123,6519,2,255,51,4,0x7ec0,8,1,200,-1715.0
409126918047,6520,2,255,51,4,0x7ec0,8,1,200,905.0
409126934636,6521,2,255,51,4,0x7ec0,8,1,200,-88.0
409126951647,6522,2,255,51,4,0x7ec0,8,1,200,1663.0
409126968288,6523,2,255,51,4,0x7ec0,8,1,200,839.0
409126984861,6524,2,255,51,4,0x7ec0,8,1,200,872.0
409127000784,6525,2,255,51,4,0x7ec0,8,1,200,-840.0
409127017654,6526,2,255,51,4,0x7ec0,8,1,200,-1810.0
409127034474,6527,2,255,51,4,0x7ec0,8,1,200,1734.0
409127051731,6528,2,255,51,4,0x7ec0,8,1,200,-856.0
409127067855,6529,2,255,51,4,0x7ec0,8,1,200,-1214.0
409127085034,6530,2,255,51,4,0x7ec0,8,1,200,1116.0
409127101425,6531,2,255,51,4,0x7ec0,8,1,200,362.0
409127118118,6532,2,12,52,4,0x7ec0,8,1,200,-702.0
409127135115,6533,2,12,52,4,0x7ec0,8,1,200,856.0
409127151343,6534,2,12,52,4,0x7ec0,8,1,200,-1122.0
409127168490,6535,2,12,52,4,0x7ec0,8,1,200,829.0
409127185780,6536,2,12,52,4,0x7ec0,8,1,200,319.0
409127201318,6537,2,12,52,4,0x7ec0,8,1,200,68.0
409127217649,6538,2,12,52,4,0x7ec0,8,1,200,940.0
409127235277,6539,2,12,52,4,0x7ec0,8,1,200,523.0
409127251926,6540,2,12,52,4,0x7ec0,8,1,200,-284.0
409127268283,6541,2,12,52,4,0x7ec0,8,1,200,627.0
409127285217,6542,2,12,52,4,0x7ec0,8,1,200,979.0
409127301403,6543,2,12,52,4,0x7ec0,8,1,200,1201.0
409127322887,6544,2,12,52,4,0x7ec0,8,1,200,600.0
409127334633,6545,2,12,52,4,0x7ec0,8,1,200,1019.0
409127352171,6546,2,12,52,4,0x7ec0,8,1,200,397.0
409127368292,6547,2,12,52,4,0x7ec0,8,1,200,695.0
409127385059,6548,2,12,52,4,0x7ec0,8,1,200,1638.0
409127401631,6549,2,12,52,4,0x7ec0,8,1,200,-1034.0
409127418492,6550,2,12,52,4,0x7ec0,8,1,200,115.0
409127435334,6551,2,12,52,4,0x7ec0,8,1,200,-1528.0
409127452153,6552,2,12,52,4,0x7ec0,8,1,200,-856.0
409127468506,6553,2,12,52,4,0x7ec0,8,1,200,944.0
409127484828,6554,2,12,52,4,0x7ec0,8,1,200,-595.0
409127501531,6555,2,12,52,4,0x7ec0,8,1,200,-542.0
409127518611,6556,2,12,52,4,0x7ec0,8,1,200,-286.0
409127535493,6557,2,12,52,4,0x7ec0,8,1,200,446.0
409127552569,6558,2,12,52,4,0x7ec0,8,1,200,-165.0
409127568681,6559,2,12,52,4,0x7ec0,8,1,200,273.0
409127584841,6560,2,12,52,4,0x7ec0,8,1,200,901.0
409127602087,6561,2,12,52,4,0x7ec0,8,1,200,-571.0
409127618427,6562,2,12,52,4,0x7ec0,8,1,200,-1213.0
409127634837,6563,2,12,52,4,0x7ec0,8,1,200,321.0
409127651932,6564,2,12,52,4,0x7ec0,8,1,200,1166.0
409127668628,6565,2,12,52,4,0x7ec0,8,1,200,570.0
409127685790,6566,2,12,52,4,0x7ec0,8,1,200,-102.0
409127702116,6567,2,12,52,4,0x7ec0,8,1,200,-1101.0
409127718527,6568,2,12,52,4,0x7ec0,8,1,200,1014.0
409127735903,6569,2,12,52,4,0x7ec0,8,1,200,1527.0
409127751686,6570,2,12,52,4,0x7ec0,8,1,200,757.0
409127768332,6571,2,12,52,4,0x7ec0,8,1,200,-740.0
409127785740,6572,2,12,52,4,0x7ec0,8,1,200,-752.0
409127802049,6573,2,12,52,4,0x7ec0,8,1,200,896.0
409127818807,6574,2,12,52,4,0x7ec0,8,1,200,10.0
409127835748,6575,2,12,52,4,0x7ec0,8,1,200,-1807.0
409127851636,6576,2,12,52,4,0x7ec0,8,1,200,1094.0
409127868973,6577,2,12,52,4,0x7ec0,8,1,200,890.0
409127885861,6578,2,12,52,4,0x7ec0,8,1,200,-950.0
409127902009,6579,2,12,52,4,0x7ec0,8,1,200,376.0
409127919537,6580,2,12,52,4,0x7ec0,8,1,200,-1215.0
409127953559,6581,2,12,52,4,0x7ec0,8,1,200,-1212.0
409127960444,6582,2,12,52,4,0x7ec0,8,1,200,-40.0
409127969326,6583,2,12,52,4,0x7ec0,8,1,200,1258.0
409127993358,6584,2,12,52,4,0x7ec0,8,1,200,-583.0
409128002484,6585,2,12,52,4,0x7ec0,8,1,200,271.0
409128019003,6586,2,12,52,4,0x7ec0,8,1,200,409.0
409128036036,6587,2,12,52,4,0x7ec0,8,1,200,-719.0
409128053129,6588,2,12,52,4,0x7ec0,8,1,200,865.0
409128070298,6589,2,12,52,4,0x7ec0,8,1,200,933.0
409128085521,6590,2,12,52,4,0x7ec0,8,1,200,-36.0
409128112219,6591,2,12,52,4,0x7ec0,8,1,200,825.0
409128125633,6592,2,12,52,4,0x7ec0,8,1,200,-975.0
409128137590,6593,2,12,52,4,0x7ec0,8,1,200,588.0
409128153224,6594,2,12,52,4,0x7ec0,8,1,200,-424.0
409128169293,6595,2,12,52,4,0x7ec0,8,1,200,-369.0
409128192142,6596,2,12,52,4,0x7ec0,8,1,200,1470.0
409128202136,6597,2,12,52,4,0x7ec0,8,1,200,899.0
409128229121,6598,2,12,52,4,0x7ec0,8,1,200,946.0
409128242337,6599,2,12,52,4,0x7ec0,8,1,200,-63.0
409128253128,6600,2,12,52,4,0x7ec0,8,1,200,-792.0
409128274649,6601,2,12,52,4,0x7ec0,8,1,200,1072.0
409128302693,6602,2,12,52,4,0x7e40,7,1,200,667.0
409128307098,6603,2,12,52,4,0x7ec0,8,1,200,-1457.0
409128319315,6604,2,12,52,4,0x7ec0,8,1,200,-1347.0
409128336012,6605,2,12,52,4,0x7ec0,8,1,200,262.0
409128359832,6606,2,12,52,4,0x7ec0,8,1,200,-1405.0
409128377244,6607,2,12,52,4,0x7ec0,8,1,200,731.0
409128385688,6608,2,12,52,4,0x7ec0,8,1,200,1045.0
409128403301,6609,2,12,52,4,0x7ec0,8,1,200,-36.0
409128419616,6610,2,12,52,4,0x7ec0,8,1,200,622.0
409128435973,6611,2,12,52,4,0x7ec0,8,1,200,-363.0
409128453503,6612,2,12,52,4,0x7ec0,8,1,200,-440.0
409128469484,6613,2,12,52,4,0x7ec0,8,1,200,-499.0
409128486375,6614,2,12,52,4,0x7ec0,8,1,200,-321.0
409128502469,6615,2,12,52,4,0x7ec0,8,1,200,36.0
409128519864,6616,2,12,52,4,0x7ec0,8,1,200,-889.0
409128535886,6617,2,12,52,4,0x7ec0,8,1,200,1392.0
409128553212,6618,2,12,52,4,0x7ec0,8,1,200,51.0
409128569226,6619,2,12,52,4,0x7ec0,8,1,200,-390.0
409128586514,6620,2,12,52,4,0x7ec0,8,1,200,-301.0
409128603673,6621,2,12,52,4,0x7ec0,8,1,200,-1046.0
409128620073,6622,2,12,52,4,0x7ec0,8,1,200,-1612.0
409128636377,6623,2,12,52,4,0x7ec0,8,1,200,880.0
409128652851,6624,2,12,52,4,0x7ec0,8,1,200,554.0
409128669798,6625,2,12,52,4,0x7ec0,8,1,200,60.0
409128686385,6626,2,12,52,4,0x7ec0,8,1,200,-1118.0
409128703057,6627,2,12,52,4,0x7ec0,8,1,200,-821.0
409128720551,6628,2,12,52,4,0x7ec0,8,1,200,1786.0
409128736645,6629,2,12,52,4,0x7ec0,8,1,200,-1325.0
409128753391,6630,2,12,52,4,0x7ec0,8,1,200,-420.0
409128769456,6631,2,12,52,4,0x7ec0,8,1,200,-1356.0
409128786315,6632,2,12,52,4,0x7ec0,8,1,200,1109.0
409128803403,6633,2,12,52,4,0x7ec0,8,1,200,321.0
409128819454,6634,2,12,52,4,0x7ec0,8,1,200,1142.0
409128836899,6635,2,12,52,4,0x7ec0,8,1,200,1257.0
409128854836,6636,2,12,52,4,0x7ec0,8,1,200,-1547.0
409128871266,6637,2,12,52,4,0x7ec0,8,1,200,-31.0
409128886624,6638,2,12,52,4,0x7ec0,8,1,200,1511.0
409128903088,6639,2,12,52,4,0x7ec0,8,1,200,-282.0
409128919512,6640,2,12,52,4,0x7ec0,8,1,200,1197.0
409128936597,6641,2,12,52,4,0x7ec0,8,1,200,844.0
409128953446,6642,2,12,52,4,0x7ec0,8,1,200,-323.0
409128970068,6643,2,12,52,4,0x7ec0,8,1,200,-70.0
409128986286,6644,2,12,52,4,0x7ec0,8,1,200,33.0
409129003701,6645,2,12,52,4,0x7ec0,8,1,200,1101.0
409129020312,6646,2,12,52,4,0x7ec0,8,1,200,445.0
409129036568,6647,2,12,52,4,0x7ec0,8,1,200,-343.0
409129053477,6648,2,12,52,4,0x7ec0,8,1,200,1085.0
409129070128,6649,2,12,52,4,0x7ec0,8,1,200,-1039.0
409129088737,6650,2,12,52,4,0x7ec0,8,1,200,1362.0
409129104367,6651,2,12,52,4,0x7ec0,8,1,200,127.0
409129120167,6652,2,12,52,4,0x7ec0,8,1,200,546.0
409129136475,6653,2,12,52,4,0x7ec0,8,1,200,-777.0
409129153419,6654,2,12,52,4,0x7ec0,8,1,200,-119.0
409129170348,6655,2,12,52,4,0x7ec0,8,1,200,-831.0
409129187249,6656,2,12,52,4,0x7ec0,8,1,200,812.0
409129204303,6657,2,12,52,4,0x7e40,7,1,200,-677.0
409129220232,6658,2,12,52,4,0x7e40,7,1,200,-46.0
409129236702,6659,2,12,52,4,0x7ec0,8,1,200,-294.0
409129253661,6660,2,12,52,4,0x7ec0,8,1,200,-936.0
409129269658,6661,2,12,52,4,0x7ec0,8,1,200,164.0
409129296639,6662,2,12,52,4,0x7ec0,8,1,200,-1044.0
409129306935,6663,2,12,52,4,0x7ec0,8,1,200,165.0
409129321358,6664,2,12,52,4,0x7ec0,8,1,200,9.0
409129337113,6665,2,12,52,4,0x7ec0,8,1,200,440.0
409129353428,6666,2,12,52,4,0x7ec0,8,1,200,-706.0
409129370367,6667,2,12,52,4,0x7ec0,8,1,200,953.0
409129387695,6668,2,12,52,4,0x7ec0,8,1,200,379.0
409129404202,6669,2,12,52,4,0x7ec0,8,1,200,61.0
409129420559,6670,2,12,52,4,0x7ec0,8,1,200,567.0
409129437538,6671,2,12,52,4,0x7ec0,8,1,200,1290.0
409129454054,6672,2,12,52,4,0x7ec0,8,1,200,1412.0
409129470526,6673,2,12,52,4,0x7ec0,8,1,200,-1291.0
409129487223,6674,2,12,52,4,0x7ec0,8,1,200,864.0
409129503868,6675,2,12,52,4,0x7ec0,8,1,200,189.0
409129521714,6676,2,12,52,4,0x7ec0,8,1,200,-1435.0
409129537595,6677,2,12,52,4,0x7ec0,8,1,200,-1687.0
409129554297,6678,2,12,52,4,0x7ec0,8,1,200,-1050.0
409129570244,6679,2,12,52,4,0x7ec0,8,1,200,-93.0
409129586759,6680,2,12,52,4,0x7ec0,8,1,200,-1340.0
409129603500,6681,2,12,52,4,0x7ec0,8,1,200,-879.0
409129620158,6682,2,12,52,4,0x7ec0,8,1,200,923.0
409129637027,6683,2,12,52,4,0x7ec0,8,1,200,1723.0
409129655122,6684,2,12,52,4,0x7ec0,8,1,200,-507.0
409129670955,6685,2,12,52,4,0x7ec0,8,1,200,71.0
409129688184,6686,2,12,52,4,0x7ec0,8,1,200,-301.0
409129704320,6687,2,12,52,4,0x7ec0,8,1,200,-1070.0
409129720563,6688,2,12,52,4,0x7ec0,8,1,200,1427.0
409129737058,6689,2,12,52,4,0x7ec0,8,1,200,985.0
409129753655,6690,2,12,52,4,0x7ec0,8,1,200,754.0
409129771965,6691,2,12,52,4,0x7ec0,8,1,200,823.0
409129787021,6692,2,12,52,4,0x7ec0,8,1,200,-1197.0
409129804667,6693,2,12,52,4,0x7ee0,9,1,200,906.0
409129820437,6694,2,12,52,4,0x7ee0,9,1,200,1091.0
409129837321,6695,2,12,52,4,0x7ee0,9,1,200,-906.0
409129856060,6696,2,12,52,4,0x7ec0,8,1,200,1017.0
409129870916,6697,2,12,52,4,0x7e40,7,1,200,1141.0
409129888169,6698,2,12,52,4,0x7ec0,8,1,200,1273.0
409129904582,6699,2,12,52,4,0x7ec0,8,1,200,633.0
409129922185,6700,2,12,52,4,0x7ec0,8,1,200,-370.0
409129937516,6701,2,12,52,4,0x7ec0,8,1,200,-1259.0
409129954626,6702,2,12,52,4,0x7ec0,8,1,200,-118.0
409129970709,6703,2,12,52,4,0x7ec0,8,1,200,579.0
409129987730,6704,2,12,52,4,0x7ec0,8,1,200,441.0
409130004422,6705,2,12,52,4,0x7ec0,8,1,200,-1273.0
409130021153,6706,2,12,52,4,0x7ec0,8,1,200,-1150.0
409130038075,6707,2,12,52,4,0x7ee0,9,1,200,963.0
409130056981,6708,2,12,52,4,0x7ec0,8,1,200,-472.0
409130071511,6709,2,12,52,4,0x7ec0,8,1,200,-408.0
409130088201,6710,2,12,52,4,0x7ec0,8,1,200,-1457.0
409130105330,6711,2,12,52,4,0x7ec0,8,1,200,1018.0
409130121786,6712,2,12,52,4,0x7ec0,8,1,200,-1512.0
409130139307,6713,2,12,52,4,0x7ec0,8,1,200,-1026.0
409130155322,6714,2,12,52,4,0x7ec0,8,1,200,369.0
409130171603,6715,2,12,52,4,0x7ec0,8,1,200,-94.0
409130188002,6716,2,12,52,4,0x7ec0,8,1,200,2214.0
409130204890,6717,2,12,52,4,0x7ec0,8,1,200,1143.0
409130221220,6718,2,12,52,4,0x7ec0,8,1,200,-721.0
409130237713,6719,2,12,52,4,0x7ec0,8,1,200,523.0
409130254622,6720,2,12,52,4,0x7ec0,8,1,200,1199.0
409130271893,6721,2,12,52,4,0x7ec0,8,1,200,-808.0
409130288258,6722,2,12,52,4,0x7ec0,8,1,200,-875.0
409130306263,6723,2,12,52,4,0x7ec0,8,1,200,-1790.0
409130323440,6724,2,12,52,4,0x7ec0,8,1,200,2133.0
409130338307,6725,2,12,52,4,0x7ec0,8,1,200,1048.0
409130354771,6726,2,12,52,4,0x7ec0,8,1,200,-257.0
409130370741,6727,2,12,52,4,0x7ec0,8,1,200,-1404.0
409130388664,6728,2,12,52,4,0x7ec0,8,1,200,-222.0
409130405335,6729,2,12,52,4,0x7ec0,8,1,200,1010.0
409130421147,6730,2,12,52,4,0x7ec0,8,1,200,992.0
409130438714,6731,2,12,52,4,0x7ec0,8,1,200,1210.0
409130455079,6732,2,12,52,4,0x7ec0,8,1,200,-1177.0
409130471244,6733,2,12,52,4,0x7ec0,8,1,200,943.0
409130487838,6734,2,12,52,4,0x7ec0,8,1,200,-180.0
409130504927,6735,2,12,52,4,0x7ec0,8,1,200,700.0
409130520771,6736,2,12,52,4,0x7ec0,8,1,200,1016.0
409130537894,6737,2,12,52,4,0x7ec0,8,1,200,-801.0
409130555295,6738,2,12,52,4,0x7ec0,8,1,200,876.0
409130571987,6739,2,12,52,4,0x7ec0,8,1,200,-124.0
409130587725,6740,2,12,52,4,0x7ec0,8,1,200,-1044.0
409130605132,6741,2,12,52,4,0x7ec0,8,1,200,1299.0
409130622381,6742,2,12,52,4,0x7ec0,8,1,200,-275.0
409130638817,6743,2,12,52,4,0x7ec0,8,1,200,673.0
409130655871,6744,2,12,52,4,0x7ec0,8,1,200,-543.0
409130671441,6745,2,12,52,4,0x7ec0,8,1,200,-156.0
409130688005,6746,2,12,52,4,0x7ec0,8,1,200,-1145.0
409130706824,6747,2,12,52,4,0x7ec0,8,1,200,65.0
409130722711,6748,2,12,52,4,0x7ec0,8,1,200,-851.0
409130738854,6749,2,12,52,4,0x7ec0,8,1,200,373.0
409130755661,6750,2,12,52,4,0x7ec0,8,1,200,388.0
409130773107,6751,2,12,52,4,0x7ec0,8,1,200,1072.0
409130788854,6752,2,12,52,4,0x7e40,7,1,200,-576.0
409130804840,6753,2,12,52,4,0x7ec0,8,1,200,355.0
409130822410,6754,2,12,52,4,0x7ec0,8,1,200,583.0
409130841588,6755,2,12,52,4,0x7ec0,8,1,200,-341.0
409130856092,6756,2,12,52,4,0x7ec0,8,1,200,-146.0
409130871845,6757,2,12,52,4,0x7ec0,8,1,200,-131.0
409130888281,6758,2,12,52,4,0x7ec0,8,1,200,-1040.0
409130905223,6759,2,12,52,4,0x7ec0,8,1,200,-1183.0
409130921898,6760,2,12,52,4,0x7ec0,8,1,200,1369.0
409130938235,6761,2,12,52,4,0x7ec0,8,1,200,-81.0
409130954676,6762,2,12,52,4,0x7ec0,8,1,200,117.0
409130971739,6763,2,12,52,4,0x7ec0,8,1,200,-253.0
409130988315,6764,2,12,52,4,0x7ec0,8,1,200,895.0
409131006402,6765,2,12,52,4,0x7ec0,8,1,200,396.0
409131022078,6766,2,12,52,4,0x7ec0,8,1,200,-648.0
409131040206,6767,2,12,52,4,0x7ec0,8,1,200,697.0
409131058468,6768,2,12,52,4,0x7ec0,8,1,200,-927.0
409131072278,6769,2,12,52,4,0x7ec0,8,1,200,1076.0
409131089544,6770,2,12,52,4,0x7ec0,8,1,200,-1079.0
409131105852,6771,2,12,52,4,0x7ec0,8,1,200,1469.0
409131122155,6772,2,12,52,4,0x7ec0,8,1,200,-272.0
409131140256,6773,2,12,52,4,0x7ec0,8,1,200,-78.0
409131156281,6774,2,12,52,4,0x7e40,7,1,200,-378.0
409131172138,6775,2,12,52,4,0x7ec0,8,1,200,-1256.0
409131189399,6776,2,12,52,4,0x7ec0,8,1,200,-753.0
409131205790,6777,2,12,52,4,0x7ec0,8,1,200,-445.0
409131222170,6778,2,12,52,4,0x7ec0,8,1,200,-562.0
409131241315,6779,2,12,52,4,0x7ec0,8,1,200,-188.0
409131255726,6780,2,12,52,4,0x7ec0,8,1,200,-828.0
409131272546,6781,2,12,52,4,0x7ec0,8,1,200,-961.0
409131288535,6782,2,12,52,4,0x7ec0,8,1,200,-746.0
409131305388,6783,2,12,52,4,0x7ec0,8,1,200,836.0
409131322195,6784,2,12,52,4,0x7ec0,8,1,200,276.0
409131339171,6785,2,12,52,4,0x7ec0,8,1,200,-1509.0
409131355903,6786,2,12,52,4,0x7ec0,8,1,200,140.0
409131372300,6787,2,12,52,4,0x7ec0,8,1,200,47.0
409131389000,6788,2,12,52,4,0x7ec0,8,1,200,-102.0
409131406283,6789,2,12,52,4,0x7ec0,8,1,200,217.0
409131422262,6790,2,12,52,4,0x7ec0,8,1,200,-422.0
409131438907,6791,2,12,52,4,0x7ec0,8,1,200,1098.0
409131457038,6792,2,12,52,4,0x7ec0,8,1,200,27.0
409131472320,6793,2,12,52,4,0x7ec0,8,1,200,551.0
409131489096,6794,2,12,52,4,0x7ec0,8,1,200,-721.0
409131505819,6795,2,12,52,4,0x7ec0,8,1,200,520.0
409131522387,6796,2,12,52,4,0x7ec0,8,1,200,934.0
409131539490,6797,2,12,52,4,0x7ec0,8,1,200,-164.0
409131556545,6798,2,12,52,4,0x7ec0,8,1,200,573.0
409131571953,6799,2,12,52,4,0x7ec0,8,1,200,-620.0
409131589633,6800,2,12,52,4,0x7ec0,8,1,200,-224.0
409131607248,6801,2,12,52,4,0x7ec0,8,1,200,-344.0
409131622638,6802,2,12,52,4,0x7ec0,8,1,200,61.0
409131639208,6803,2,12,52,4,0x7ec0,8,1,200,-1104.0
409131656882,6804,2,12,52,4,0x7ec0,8,1,200,-843.0
409131673428,6805,2,12,52,4,0x7ec0,8,1,200,-1227.0
409131689889,6806,2,12,52,4,0x7ec0,8,1,200,-418.0
409131706408,6807,2,12,52,4,0x7ec0,8,1,200,-1167.0
409131725339,6808,2,12,52,4,0x7ec0,8,1,200,940.0
409131739013,6809,2,12,52,4,0x7ec0,8,1,200,-197.0
409131755842,6810,2,12,52,4,0x7ec0,8,1,200,-787.0
409131772696,6811,2,12,52,4,0x7ec0,8,1,200,-1220.0
409131789182,6812,2,12,52,4,0x7ec0,8,1,200,-136.0
409131806380,6813,2,12,52,4,0x7ec0,8,1,200,1497.0
409131825072,6814,2,12,52,4,0x7ec0,8,1,200,1441.0
409131840587,6815,2,12,52,4,0x7e40,7,1,200,1000.0
409131856813,6816,2,12,52,4,0x7ec0,8,1,200,11.0
409131873138,6817,2,12,52,4,0x7ec0,8,1,200,387.0
409131889283,6818,2,12,52,4,0x7ec0,8,1,200,-988.0
409131906190,6819,2,12,52,4,0x7ec0,8,1,200,-788.0
409131923437,6820,2,12,52,4,0x7ec0,8,1,200,493.0
409131941440,6821,2,12,52,4,0x7ec0,8,1,200,-1206.0
409131956718,6822,2,12,52,4,0x7ee0,9,1,200,-1292.0
409131972612,6823,2,12,52,4,0x7ee0,9,1,200,-737.0
409131989645,6824,2,12,52,4,0x7ee0,9,1,200,-814.0
409132005608,6825,2,12,52,4,0x7ee0,9,1,200,-171.0
409132023103,6826,2,12,52,4,0x7ec0,8,1,200,647.0
409132040447,6827,2,12,52,4,0x7ec0,8,1,200,-885.0
409132056927,6828,2,12,52,4,0x7ec0,8,1,200,-46.0
409132073299,6829,2,12,52,4,0x7ec0,8,1,200,355.0
409132089343,6830,2,12,52,4,0x7ec0,8,1,200,-53.0
409132106810,6831,2,12,52,4,0x7ec0,8,1,200,-955.0
409132122545,6832,2,12,52,4,0x7e40,7,1,200,-1125.0
409132139924,6833,2,12,52,4,0x7e40,7,1,200,-746.0
409132160513,6834,2,12,52,4,0x7e40,7,1,200,-579.0
409132175383,6835,2,12,52,4,0x7e40,7,1,200,-732.0
409132190626,6836,2,12,52,4,0x7e40,7,1,200,1199.0
409132206901,6837,2,12,52,4,0x7ec0,8,1,200,-1610.0
409132222715,6838,2,12,52,4,0x7ec0,8,1,200,-271.0
409132239697,6839,2,12,52,4,0x7ec0,8,1,200,-1015.0
409132258492,6840,2,12,52,4,0x7ec0,8,1,200,1056.0
409132273793,6841,2,12,52,4,0x7ec0,8,1,200,718.0
409132290199,6842,2,12,52,4,0x7ec0,8,1,200,612.0
409132306839,6843,2,12,52,4,0x7ec0,8,1,200,-56.0
409132323285,6844,2,12,52,4,0x7ec0,8,1,200,-814.0
409132340344,6845,2,12,52,4,0x7ec0,8,1,200,889.0
409132356679,6846,2,12,52,4,0x7ec0,8,1,200,477.0
409132376817,6847,2,12,52,4,0x7ec0,8,1,200,354.0
409132391733,6848,2,12,52,4,0x7ec0,8,1,200,-355.0
409132406321,6849,2,12,52,4,0x7ec0,8,1,200,-759.0
409132423713,6850,2,12,52,4,0x7ec0,8,1,200,-117.0
409132440288,6851,2,12,52,4,0x7ec0,8,1,200,-209.0
409132457638,6852,2,12,52,4,0x7ee0,9,1,200,683.0
409132473008,6853,2,12,52,4,0x7ee0,9,1,200,330.0
409132490856,6854,2,12,52,4,0x7ee0,9,1,200,-737.0
409132506967,6855,2,12,52,4,0x7ec0,8,1,200,451.0
409132523055,6856,2,12,52,4,0x7ec0,8,1,200,750.0
409132540693,6857,2,12,52,4,0x7ec0,8,1,200,-679.0
409132556882,6858,2,12,52,4,0x7ec0,8,1,200,-1290.0
409132573470,6859,2,12,52,4,0x7ec0,8,1,200,796.0
409132591469,6860,2,12,52,4,0x7ec0,8,1,200,435.0
409132607034,6861,2,12,52,4,0x7ec0,8,1,200,1089.0
409132623300,6862,2,12,52,4,0x7ec0,8,1,200,180.0
409132647707,6863,2,12,52,4,0x7ec0,8,1,200,-356.0
409132656918,6864,2,12,52,4,0x7ec0,8,1,200,-237.0
409132673760,6865,2,12,52,4,0x7ec0,8,1,200,809.0
409132690546,6866,2,12,52,4,0x7ec0,8,1,200,317.0
409132706542,6867,2,12,52,4,0x7ec0,8,1,200,-552.0
409132723615,6868,2,12,52,4,0x7ec0,8,1,200,-882.0
409132741501,6869,2,12,52,4,0x7ec0,8,1,200,-366.0
409132758129,6870,2,12,52,4,0x7ec0,8,1,200,-149.0
409132773360,6871,2,12,52,4,0x7ec0,8,1,200,582.0
409132789997,6872,2,12,52,4,0x7ec0,8,1,200,-197.0
409132806972,6873,2,12,52,4,0x7ec0,8,1,200,515.0
409132823529,6874,2,12,52,4,0x7ec0,8,1,200,-522.0
409132840409,6875,2,12,52,4,0x7ec0,8,1,200,799.0
409132857674,6876,2,12,52,4,0x7ec0,8,1,200,585.0
409132875782,6877,2,12,52,4,0x7ec0,8,1,200,-1659.0
409132890646,6878,2,12,52,4,0x7ec0,8,1,200,1629.0
409132915590,6879,2,12,52,4,0x7ec0,8,1,200,-1291.0
409132927204,6880,2,12,52,4,0x7ec0,8,1,200,1137.0
409132949937,6881,2,12,52,4,0x7ec0,8,1,200,-1694.0
409132960739,6882,2,12,52,4,0x7e40,7,1,200,-1230.0
409132975727,6883,2,12,52,4,0x7e40,7,1,200,535.0
409132992333,6884,2,12,52,4,0x7ec0,8,1,200,643.0
409133007645,6885,2,12,52,4,0x7ec0,8,1,200,1064.0
409133023713,6886,2,12,52,4,0x7ec0,8,1,200,-280.0
409133040547,6887,2,12,52,4,0x7ee0,9,1,200,921.0
409133057400,6888,2,12,52,4,0x7ee0,9,1,200,125.0
409133074105,6889,2,12,52,4,0x7ee0,9,1,200,1254.0
409133094686,6890,2,12,52,4,0x7ec0,8,1,200,915.0
409133109965,6891,2,12,52,4,0x7ec0,8,1,200,33.0
409133124230,6892,2,12,52,4,0x7ec0,8,1,200,679.0
409133140510,6893,2,12,52,4,0x7ec0,8,1,200,76.0
409133157926,6894,2,12,52,4,0x7ec0,8,1,200,-662.0
409133173849,6895,2,12,52,4,0x7ec0,8,1,200,79.0
409133190867,6896,2,12,52,4,0x7ec0,8,1,200,-699.0
409133207658,6897,2,12,52,4,0x7ec0,8,1,200,-779.0
409133223338,6898,2,12,52,4,0x7ec0,8,1,200,213.0
409133240809,6899,2,12,52,4,0x7ec0,8,1,200,981.0
409133257709,6900,2,12,52,4,0x7ec0,8,1,200,-264.0
409133274124,6901,2,12,52,4,0x7ec0,8,1,200,2120.0
409133290542,6902,2,12,52,4,0x7ec0,8,1,200,-543.0
409133309404,6903,2,12,52,4,0x7ec0,8,1,200,1473.0
409133325445,6904,2,12,52,4,0x7ee0,9,1,200,-492.0
409133342554,6905,2,12,52,4,0x7ee0,9,1,200,477.0
409133358314,6906,2,12,52,4,0x7ec0,8,1,200,494.0
409133373841,6907,2,12,52,4,0x7ec0,8,1,200,-733.0
409133391098,6908,2,12,52,4,0x7ee0,9,1,200,964.0
409133407671,6909,2,12,52,4,0x7ec0,8,1,200,332.0
409133424488,6910,2,12,52,4,0x7ec0,8,1,200,55.0
409133441690,6911,2,12,52,4,0x7ec0,8,1,200,-840.0
409133458014,6912,2,12,52,4,0x7ec0,8,1,200,-119.0
409133474666,6913,2,12,52,4,0x7ec0,8,1,200,-1584.0
409133490719,6914,2,12,52,4,0x7ec0,8,1,200,690.0
409133508772,6915,2,12,52,4,0x7ec0,8,1,200,1207.0
409133524610,6916,2,12,52,4,0x7ec0,8,1,200,-610.0
409133541438,6917,2,12,52,4,0x7e40,7,1,200,-2279.0
409133558450,6918,2,12,52,4,0x7e40,7,1,200,676.0
409133575539,6919,2,12,52,4,0x7ec0,8,1,200,-1116.0
409133590925,6920,2,12,52,4,0x7ec0,8,1,200,481.0
409133607647,6921,2,12,52,4,0x7ec0,8,1,200,-158.0
409133624445,6922,2,12,52,4,0x7e40,7,1,200,481.0
409133641193,6923,2,12,52,4,0x7e40,7,1,200,-1102.0
409133659081,6924,2,12,52,4,0x7ec0,8,1,200,1233.0
409133674922,6925,2,12,52,4,0x7ec0,8,1,200,1564.0
409133691693,6926,2,12,52,4,0x7ec0,8,1,200,549.0
409133707569,6927,2,12,52,4,0x7ec0,8,1,200,-1329.0
409133724821,6928,2,12,52,4,0x7ec0,8,1,200,880.0
409133741971,6929,2,12,52,4,0x7ec0,8,1,200,42.0
409133759013,6930,2,12,52,4,0x7ee0,9,1,200,-2436.0
409133774690,6931,2,12,52,4,0x7ee0,9,1,200,-268.0
409133792266,6932,2,12,52,4,0x7ec0,8,1,200,1687.0
409133808102,6933,2,12,52,4,0x7ec0,8,1,200,-447.0
409133824246,6934,2,12,52,4,0x7ec0,8,1,200,-349.0
409133841566,6935,2,12,52,4,0x7ec0,8,1,200,54.0
409133858232,6936,2,12,52,4,0x7ec0,8,1,200,250.0
409133876567,6937,2,12,52,4,0x7ec0,8,1,200,-415.0
409133894219,6938,2,12,52,4,0x7ec0,8,1,200,1143.0
409133907651,6939,2,12,52,4,0x7ec0,8,1,200,1306.0
409133924038,6940,2,12,52,4,0x7ec0,8,1,200,-105.0
409133941209,6941,2,12,52,4,0x7ec0,8,1,200,795.0
409133957811,6942,2,12,52,4,0x7ec0,8,1,200,736.0
409133974809,6943,2,12,52,4,0x7ec0,8,1,200,890.0
409133991624,6944,2,12,52,4,0x7ec0,8,1,200,-913.0
409134007970,6945,2,12,52,4,0x7ee0,9,1,200,460.0
409134025120,6946,2,12,52,4,0x7ec0,8,1,200,-13.0
409134040889,6947,2,12,52,4,0x7ec0,8,1,200,-375.0
409134058339,6948,2,12,52,4,0x7ec0,8,1,200,878.0
409134074237,6949,2,12,52,4,0x7ec0,8,1,200,-1142.0
409134090952,6950,2,12,52,4,0x7ec0,8,1,200,-1612.0
409134108602,6951,2,12,52,4,0x7ec0,8,1,200,1456.0
409134126195,6952,2,12,52,4,0x7ec0,8,1,200,1338.0
409134141553,6953,2,12,52,4,0x7ec0,8,1,200,-376.0
409134159581,6954,2,12,52,4,0x7ec0,8,1,200,178.0
409134174794,6955,2,12,52,4,0x7ec0,8,1,200,-1088.0
409134192099,6956,2,12,52,4,0x7ee0,9,1,200,184.0
409134208184,6957,2,12,52,4,0x7ee0,9,1,200,-660.0
409134225689,6958,2,12,52,4,0x7ee0,9,1,200,-406.0
409134242503,6959,2,12,52,4,0x7ec0,8,1,200,91.0
409134260636,6960,2,12,52,4,0x7ec0,8,1,200,-45.0
409134274814,6961,2,12,52,4,0x7ec0,8,1,200,-354.0
409134291881,6962,2,12,52,4,0x7ec0,8,1,200,893.0
409134308116,6963,2,12,52,4,0x7ec0,8,1,200,278.0
409134325048,6964,2,12,52,4,0x7e40,7,1,200,444.0
409134342021,6965,2,12,52,4,0x7ec0,8,1,200,1509.0
409134360604,6966,2,12,52,4,0x7ec0,8,1,200,793.0
409134378514,6967,2,12,52,4,0x7ec0,8,1,200,1222.0
409134391951,6968,2,12,52,4,0x7ec0,8,1,200,-880.0
409134408519,6969,2,12,52,4,0x7ec0,8,1,200,1010.0
409134425087,6970,2,12,52,4,0x7ec0,8,1,200,-2061.0
409134441631,6971,2,12,52,4,0x7ec0,8,1,200,570.0
409134460791,6972,2,12,52,4,0x7ec0,8,1,200,1139.0
409134476191,6973,2,12,52,4,0x7ec0,8,1,200,1382.0
409134492513,6974,2,12,52,4,0x7ec0,8,1,200,-1243.0
409134508794,6975,2,12,52,4,0x7ec0,8,1,200,-1677.0
409134525465,6976,2,12,52,4,0x7ec0,8,1,200,893.0
409134542017,6977,2,12,52,4,0x7ec0,8,1,200,1335.0
409134558438,6978,2,12,52,4,0x7ec0,8,1,200,530.0
409134576800,6979,2,12,52,4,0x7ec0,8,1,200,1755.0
409134593986,6980,2,12,52,4,0x7ec0,8,1,200,627.0
409134610579,6981,2,12,52,4,0x7ec0,8,1,200,-735.0
409134625830,6982,2,12,52,4,0x7ec0,8,1,200,-1026.0
409134642324,6983,2,12,52,4,0x7ec0,8,1,200,117.0
409134658328,6984,2,12,52,4,0x7ec0,8,1,200,102.0
409134675370,6985,2,12,52,4,0x7ec0,8,1,200,-86.0
409134692666,6986,2,12,52,4,0x7ec0,8,1,200,-1335.0
409134709871,6987,2,12,52,4,0x7ec0,8,1,200,222.0
409134725964,6988,2,12,52,4,0x7ec0,8,1,200,1239.0
409134742502,6989,2,12,52,4,0x7ec0,8,1,200,-96.0
409134758851,6990,2,12,52,4,0x7ec0,8,1,200,1183.0
409134778241,6991,2,12,52,4,0x7ec0,8,1,200,-1304.0
409134792124,6992,2,12,52,4,0x7ec0,8,1,200,-1411.0
409134814485,6993,2,12,52,4,0x7ec0,8,1,200,1074.0
409134826357,6994,2,12,52,4,0x7ec0,8,1,200,533.0
409134843776,6995,2,12,52,4,0x7ec0,8,1,200,344.0
409134858777,6996,2,12,52,4,0x7ec0,8,1,200,-413.0
409134877501,6997,2,12,52,4,0x7ec0,8,1,200,-413.0
409134894185,6998,2,12,52,4,0x7ec0,8,1,200,-618.0
409134909641,6999,2,12,52,4,0x7ec0,8,1,200,963.0
409134930241,7000,2,12,52,4,0x7ec0,8,1,200,2196.0
409134945194,7001,2,12,52,4,0x7ec0,8,1,200,-1619.0
409134960651,7002,2,12,52,4,0x7ec0,8,1,200,597.0
409134975982,7003,2,12,52,4,0x7ec0,8,1,200,1104.0
409134992791,7004,2,12,52,4,0x7ec0,8,1,200,261.0
409135009479,7005,2,12,52,4,0x7e40,7,1,200,1257.0
409135027054,7006,2,12,52,4,0x7ec0,8,1,200,1135.0
409135047017,7007,2,12,52,4,0x7ec0,8,1,200,1632.0
409135059518,7008,2,12,52,4,0x7ec0,8,1,200,1244.0
409135077829,7009,2,12,52,4,0x7ec0,8,1,200,-1426.0
409135093108,7010,2,12,52,4,0x7fc0,9,1,200,1143.0
409135109383,7011,2,12,52,4,0x7fc0,9,1,200,-150.0
409135126176,7012,2,12,52,4,0x7fc0,9,1,200,430.0
409135144083,7013,2,12,52,4,0x7fc0,9,1,200,-676.0
409135159478,7014,2,12,52,4,0x7fc0,9,1,200,-786.0
409135177023,7015,2,12,52,4,0x7fc0,9,1,200,252.0
409135193080,7016,2,12,52,4,0x7fc0,9,1,200,-435.0
409135209334,7017,2,12,52,4,0x7fc0,9,1,200,656.0
409135226386,7018,2,12,52,4,0x7fc0,9,1,200,500.0
409135242448,7019,2,12,52,4,0x7fc0,9,1,200,-1275.0
409135260523,7020,2,12,52,4,0x7fc0,9,1,200,-2306.0
409135276683,7021,2,12,52,4,0x7fc0,9,1,200,-295.0
409135293324,7022,2,12,52,4,0x7f80,8,1,200,-228.0
409135309447,7023,2,12,52,4,0x7f80,8,1,200,1089.0
409135325917,7024,2,12,52,4,0x7f80,8,1,200,1192.0
409135342884,7025,2,12,52,4,0x7f80,8,1,200,277.0
409135359544,7026,2,12,52,4,0x7f80,8,1,200,-307.0
409135379821,7027,2,12,52,4,0x7f80,8,1,200,178.0
409135396092,7028,2,12,52,4,0x7f80,8,1,200,-423.0
409135410109,7029,2,12,52,4,0x7f82,9,1,200,-353.0
409135426421,7030,2,12,52,4,0x7f82,9,1,200,-754.0
409135443059,7031,2,12,52,4,0x1f82,7,1,200,382.0
409135459608,7032,2,12,52,4,0x1f82,7,1,200,1474.0
409135476553,7033,2,12,52,4,0x1f82,7,1,200,709.0
409135494919,7034,2,12,52,4,0x1f82,7,1,200,-618.0
409135509616,7035,2,12,52,4,0x1f82,7,1,200,416.0
409135528196,7036,2,12,52,4,0x1f82,7,1,200,1050.0
409135543540,7037,2,12,52,4,0x1f82,7,1,200,-859.0
409135559733,7038,2,12,52,4,0xf82,6,1,200,-110.0
409135578011,7039,2,12,52,4,0x1f82,7,1,200,-1133.0
409135594918,7040,2,12,52,4,0x1f82,7,1,200,641.0
409135613906,7041,2,12,52,4,0x1f82,7,1,200,-246.0
409135629909,7042,2,12,52,4,0x1f82,7,1,200,-1698.0
409135643806,7043,2,12,52,4,0x1f82,7,1,200,1138.0
409135660214,7044,2,12,52,4,0x1f82,7,1,200,853.0
409135676652,7045,2,12,52,4,0x1f82,7,1,200,-1584.0
409135693254,7046,2,12,52,4,0x1f82,7,1,200,1051.0
409135709546,7047,2,12,52,4,0x1f82,7,1,200,1470.0
409135726906,7048,2,12,52,4,0xf82,6,1,200,366.0
409135743665,7049,2,12,52,4,0x1f82,7,1,200,-1130.0
409135760580,7050,2,12,52,4,0xf82,6,1,200,141.0
409135776159,7051,2,12,52,4,0x1f82,7,1,200,1154.0
409135792554,7052,2,12,52,4,0x1f82,7,1,200,0.0
409135809872,7053,2,12,52,4,0x1f82,7,1,200,-863.0
409135826880,7054,2,12,52,4,0x1f82,7,1,200,-520.0
409135843864,7055,2,12,52,4,0x1f82,7,1,200,1128.0
409135860390,7056,2,12,52,4,0x1f82,7,1,200,-133.0
409135876726,7057,2,12,52,4,0x1f82,7,1,200,265.0
409135895204,7058,2,12,52,4,0x1f82,7,1,200,1069.0
409135909601,7059,2,12,52,4,0xf82,6,1,200,1285.0
409135926783,7060,2,12,52,4,0x1f82,7,1,200,1002.0
409135944653,7061,2,12,52,4,0x1f82,7,1,200,-581.0
409135960942,7062,2,12,52,4,0x1f82,7,1,200,-368.0
409135976580,7063,2,12,52,4,0x1f82,7,1,200,-891.0
409135994610,7064,2,12,52,4,0x1f82,7,1,200,456.0
409136011771,7065,2,12,52,4,0x1f82,7,1,200,-345.0
409136028067,7066,2,12,52,4,0x1f82,7,1,200,387.0
409136049077,7067,2,12,52,4,0x3f82,8,1,200,872.0
409136070834,7068,2,12,52,4,0x3f82,8,1,200,-241.0
409136091705,7069,2,12,52,4,0x1f82,7,1,200,-333.0
409136098642,7070,2,12,52,4,0x1f82,7,1,200,-1039.0
409136110688,7071,2,12,52,4,0x1f82,7,1,200,1405.0
409136127833,7072,1,255,53,4,0x1f82,7,1,200,944.0
409136146881,7073,1,255,53,4,0x1f82,7,1,200,-444.0
409136168049,7074,1,255,53,4,0x1f82,7,1,200,-67.0
409136182956,7075,1,255,53,4,0x1f82,7,1,200,-658.0
409136199797,7076,1,255,53,4,0x1f82,7,1,200,-352.0
409136210491,7077,1,255,53,4,0x1f82,7,1,200,289.0
409136230391,7078,1,255,53,4,0x1f82,7,1,200,456.0
409136245538,7079,1,255,53,4,0x1f82,7,1,200,1303.0
409136262859,7080,1,255,53,4,0x1f82,7,1,200,-61.0
409136278169,7081,1,255,53,4,0x1f82,7,1,200,710.0
409136296417,7082,1,255,53,4,0x1f82,7,1,200,-15.0
409136311082,7083,1,255,53,4,0x1f82,7,1,200,565.0
409136328579,7084,1,255,53,4,0x1f82,7,1,200,124.0
409136347601,7085,1,255,53,4,0x1f82,7,1,200,-1672.0
409136362363,7086,1,255,53,4,0x1f82,7,1,200,805.0
409136377594,7087,1,255,53,4,0x1f82,7,1,200,-76.0
409136394372,7088,1,255,53,4,0x1f82,7,1,200,687.0
409136412182,7089,1,255,53,4,0x1f82,7,1,200,-917.0
409136428294,7090,1,255,53,4,0x1f82,7,1,200,-1205.0
409136446703,7091,1,255,53,4,0x1f82,7,1,200,-512.0
409136462374,7092,1,255,53,4,0x1f82,7,1,200,598.0
409136477051,7093,1,255,53,4,0x1f82,7,1,200,-182.0
409136494373,7094,1,255,53,4,0x1f82,7,1,200,-712.0
409136510846,7095,1,255,53,4,0x1f82,7,1,200,425.0
409136527990,7096,1,255,53,4,0x1f82,7,1,200,832.0
409136543989,7097,1,255,53,4,0x1f82,7,1,200,967.0
409136561612,7098,1,255,53,4,0x1f82,7,1,200,-813.0
409136577773,7099,1,255,53,4,0x1f82,7,1,200,-621.0
409136594056,7100,1,255,53,4,0x1f82,7,1,200,947.0
409136610826,7101,1,255,53,4,0x1f82,7,1,200,245.0
409136627346,7102,1,255,53,4,0x1f82,7,1,200,362.0
409136649069,7103,1,255,53,4,0x1f82,7,1,200,1105.0
409136661976,7104,1,255,53,4,0x1f82,7,1,200,650.0
409136678164,7105,1,255,53,4,0x1f82,7,1,200,750.0
409136695430,7106,1,255,53,4,0x1f82,7,1,200,-664.0
409136710387,7107,1,255,53,4,0x1f82,7,1,200,360.0
409136727596,7108,1,255,53,4,0x1f82,7,1,200,176.0
409136748021,7109,1,255,53,4,0x1f82,7,1,200,-852.0
409136765658,7110,1,255,53,4,0x1f82,7,1,200,-1117.0
409136781091,7111,1,255,53,4,0x1f82,7,1,200,-1294.0
409136795289,7112,1,255,53,4,0x1f82,7,1,200,1374.0
409136811331,7113,1,255,53,4,0x1f82,7,1,200,755.0
409136828206,7114,1,255,53,4,0x1f82,7,1,200,1072.0
409136845206,7115,1,255,53,4,0x1f82,7,1,200,62.0
409136862161,7116,1,255,53,4,0x1f82,7,1,200,1143.0
409136881093,7117,1,255,53,4,0x1f82,7,1,200,-1605.0
409136895621,7118,1,255,53,4,0x1f82,7,1,200,549.0
409136911548,7119,1,255,53,4,0x1f82,7,1,200,20.0
409136927907,7120,1,255,53,4,0x1f82,7,1,200,-426.0
409136947718,7121,1,255,53,4,0x1f82,7,1,200,808.0
409136965550,7122,1,255,53,4,0x1f82,7,1,200,1477.0
409136978528,7123,1,255,53,4,0x1f82,7,1,200,133.0
409136994465,7124,1,255,53,4,0x1f82,7,1,200,765.0
409137012034,7125,1,255,53,4,0x1f82,7,1,200,1330.0
409137028456,7126,1,255,53,4,0x1f82,7,1,200,-1142.0
409137044567,7127,1,255,53,4,0x1f82,7,1,200,578.0
409137061345,7128,1,255,53,4,0x1f82,7,1,200,901.0
409137078342,7129,1,255,53,4,0x1f82,7,1,200,636.0
409137094887,7130,1,255,53,4,0x1f82,7,1,200,150.0
409137111609,7131,1,255,53,4,0x1f82,7,1,200,514.0
409137127779,7132,1,255,54,4,0x1f82,7,1,200,-605.0
409137145095,7133,1,255,54,4,0x1f82,7,1,200,-300.0
409137166785,7134,1,255,54,4,0x1f82,7,1,200,763.0
409137177915,7135,1,255,54,4,0x1f82,7,1,200,1174.0
409137195107,7136,1,255,54,4,0x1f82,7,1,200,-1876.0
409137211435,7137,1,255,54,4,0x1f82,7,1,200,12.0
409137233391,7138,1,255,54,4,0x1f82,7,1,200,-1353.0
409137251037,7139,1,255,54,4,0x1f82,7,1,200,255.0
409137262143,7140,1,255,54,4,0x1f82,7,1,200,372.0
409137280053,7141,1,255,54,4,0x1f82,7,1,200,-710.0
409137294891,7142,1,255,54,4,0x1f82,7,1,200,1150.0
409137311400,7143,1,255,54,4,0x1f82,7,1,200,-1116.0
409137328350,7144,1,255,54,4,0x1f82,7,1,200,-893.0
409137347085,7145,1,255,54,4,0x1f82,7,1,200,-1199.0
409137362234,7146,1,255,54,4,0x1f82,7,1,200,252.0
409137381394,7147,1,255,54,4,0x1f82,7,1,200,1231.0
409137395610,7148,1,255,54,4,0x1f82,7,1,200,-941.0
409137411855,7149,1,255,54,4,0x1f82,7,1,200,-1010.0
409137428562,7150,1,255,54,4,0x1f82,7,1,200,656.0
409137445134,7151,1,255,54,4,0x1f82,7,1,200,846.0
409137462594,7152,1,255,54,4,0x1f82,7,1,200,-559.0
409137478401,7153,1,255,54,4,0x1f82,7,1,200,-592.0
409137498930,7154,1,255,54,4,0x1f82,7,1,200,-1495.0
409137511360,7155,1,255,54,4,0x1f82,7,1,200,68.0
409137528103,7156,1,255,54,4,0x1f82,7,1,200,541.0
409137545075,7157,1,255,54,4,0x1f82,7,1,200,906.0
409137564080,7158,1,255,54,4,0x1f82,7,1,200,-951.0
409137580102,7159,1,255,54,4,0x1f82,7,1,200,-251.0
409137595237,7160,1,255,54,4,0x1f82,7,1,200,177.0
409137612304,7161,1,255,54,4,0x1f82,7,1,200,1329.0
409137628863,7162,1,255,54,4,0x1f82,7,1,200,1262.0
409137645118,7163,1,255,54,4,0x1f82,7,1,200,-438.0
409137661782,7164,1,255,54,4,0x1f82,7,1,200,660.0
409137678215,7165,1,255,54,4,0x1f82,7,1,200,572.0
409137695148,7166,1,255,54,4,0x1f82,7,1,200,1143.0
409137711575,7167,1,255,54,4,0x1f82,7,1,200,688.0
409137729504,7168,1,255,54,4,0x1f82,7,1,200,-284.0
409137745380,7169,1,255,54,4,0x1f82,7,1,200,497.0
409137761268,7170,1,255,54,4,0x1f82,7,1,200,-1268.0
409137778398,7171,1,255,54,4,0x1f82,7,1,200,830.0
409137797178,7172,1,255,54,4,0x1f82,7,1,200,-192.0
409137817824,7173,1,255,54,4,0x1f82,7,1,200,-712.0
409137828220,7174,1,255,54,4,0x1f82,7,1,200,352.0
409137845982,7175,1,255,54,4,0x1f82,7,1,200,-525.0
409137862269,7176,1,255,54,4,0x1f82,7,1,200,-768.0
409137878787,7177,1,255,54,4,0x1f82,7,1,200,1657.0
409137897149,7178,1,255,54,4,0x1f82,7,1,200,-988.0
409137912926,7179,1,255,54,4,0x1f82,7,1,200,1193.0
409137928792,7180,1,255,54,4,0x1f82,7,1,200,693.0
409137946466,7181,1,255,54,4,0x1f82,7,1,200,39.0
409137963650,7182,1,255,54,4,0x1f82,7,1,200,-589.0
409137978771,7183,1,255,54,4,0x1f82,7,1,200,1328.0
409137995410,7184,1,255,54,4,0x1f82,7,1,200,786.0
409138012197,7185,1,255,54,4,0x1f82,7,1,200,-40.0
409138030277,7186,1,255,54,4,0x1f82,7,1,200,-411.0
409138046663,7187,1,255,54,4,0x1f82,7,1,200,669.0
409138064456,7188,1,255,54,4,0x1f82,7,1,200,115.0
409138078987,7189,1,255,54,4,0x1f82,7,1,200,-1204.0
409138097460,7190,1,255,54,4,0x1f82,7,1,200,394.0
409138113594,7191,1,255,54,4,0x1f82,7,1,200,118.0
409138129351,7192,1,255,54,4,0x1f82,7,1,200,467.0
409138150080,7193,1,255,55,4,0x1f82,7,1,200,-1048.0
409138166184,7194,1,255,55,4,0x1f82,7,1,200,-317.0
409138180824,7195,1,255,55,4,0x1f82,7,1,200,1056.0
409138196451,7196,1,255,55,4,0x1f82,7,1,200,-141.0
409138213563,7197,1,255,55,4,0x1f82,7,1,200,-428.0
409138229685,7198,1,255,55,4,0x1f82,7,1,200,-1168.0
409138246203,7199,1,255,55,4,0x1f82,7,1,200,203.0
409138268947,7200,1,255,55,4,0x1f82,7,1,200,-837.0
409138279700,7201,1,255,55,4,0x1f82,7,1,200,551.0
409138296988,7202,1,255,55,4,0x1f82,7,1,200,-1745.0
409138314835,7203,1,255,55,4,0x1f82,7,1,200,-271.0
409138330144,7204,1,255,55,4,0x1f82,7,1,200,486.0
409138346954,7205,1,255,55,4,0x1f82,7,1,200,-596.0
409138363443,7206,1,255,55,4,0x1f82,7,1,200,-874.0
409138381454,7207,1,255,55,4,0x1f82,7,1,200,378.0
409138396572,7208,1,255,55,4,0x1f82,7,1,200,-332.0
409138413383,7209,1,255,55,4,0x1f82,7,1,200,-352.0
409138431340,7210,1,255,55,4,0x1f82,7,1,200,233.0
409138449328,7211,1,255,55,4,0x1f82,7,1,200,723.0
409138463432,7212,1,255,55,4,0x1f82,7,1,200,-1.0
409138479348,7213,1,255,55,4,0x1f82,7,1,200,495.0
409138497007,7214,1,255,55,4,0x1f82,7,1,200,156.0
409138516557,7215,1,255,55,4,0x1f82,7,1,200,-1068.0
409138534559,7216,1,255,55,4,0x1f82,7,1,200,557.0
409138546485,7217,1,255,55,4,0x1f82,7,1,200,998.0
409138563304,7218,1,255,55,4,0x1f82,7,1,200,548.0
409138579139,7219,1,255,55,4,0x1f82,7,1,200,-407.0
409138596235,7220,1,255,55,4,0x1f82,7,1,200,1059.0
409138615025,7221,1,255,55,4,0x1f82,7,1,200,598.0
409138630950,7222,1,255,55,4,0x1f82,7,1,200,-1797.0
409138648891,7223,1,255,55,4,0x1f82,7,1,200,568.0
409138663519,7224,1,255,55,4,0x5f82,8,1,200,124.0
409138680476,7225,1,255,55,4,0x1f82,7,1,200,-314.0
409138696756,7226,1,255,55,4,0x1f82,7,1,200,-516.0
409138713683,7227,1,255,55,4,0x1f82,7,1,200,529.0
409138729889,7228,1,255,55,4,0x1f82,7,1,200,1555.0
409138746450,7229,1,255,55,4,0x1f82,7,1,200,884.0
409138765648,7230,1,255,55,4,0x1f82,7,1,200,-887.0
409138779375,7231,1,255,55,4,0x1f82,7,1,200,-342.0
409138796566,7232,1,255,55,4,0x1f82,7,1,200,977.0
409138813437,7233,1,255,55,4,0x1f82,7,1,200,-600.0
409138834277,7234,1,255,55,4,0x1f82,7,1,200,-1566.0
409138851172,7235,1,255,55,4,0x1f82,7,1,200,1153.0
409138866040,7236,1,255,55,4,0x1f82,7,1,200,398.0
409138881230,7237,1,255,55,4,0x5f82,8,1,200,-1019.0
409138896009,7238,1,255,55,4,0x1f82,7,1,200,-757.0
409138913131,7239,1,255,55,4,0x1f82,7,1,200,-410.0
409138929908,7240,1,255,55,4,0x1f82,7,1,200,536.0
409138947392,7241,1,255,55,4,0x1f82,7,1,200,68.0
409138965694,7242,1,255,55,4,0x1f82,7,1,200,-873.0
409138980942,7243,1,255,55,4,0x1f82,7,1,200,502.0
409138996768,7244,1,255,55,4,0x1f82,7,1,200,-269.0
409139013067,7245,1,255,55,4,0x1f82,7,1,200,22.0
409139030009,7246,1,255,55,4,0x1f82,7,1,200,-417.0
409139046901,7247,1,255,55,4,0x1f82,7,1,200,-12.0
409139067250,7248,1,255,55,4,0x1f82,7,1,200,1724.0
409139081182,7249,1,255,55,4,0x1f82,7,1,200,-1033.0
409139102740,7250,1,255,55,4,0x1f82,7,1,200,-471.0
409139113937,7251,1,255,55,4,0x1f82,7,1,200,515.0
409139131703,7252,1,255,55,4,0x1f82,7,1,200,-1845.0
409139147933,7253,2,255,56,4,0x1f82,7,1,200,8.0
409139163876,7254,2,10,57,4,0x5f82,8,1,200,-518.0
409139184626,7255,2,10,57,4,0x1f82,7,1,200,1389.0
409139199007,7256,2,10,57,4,0x5f82,8,1,200,1497.0
409139214451,7257,2,10,57,4,0x1f82,7,1,200,255.0
409139234454,7258,2,10,57,4,0x5f82,8,1,200,-644.0
409139250713,7259,2,10,57,4,0x5f82,8,1,200,1037.0
409139267325,7260,2,10,57,4,0x5f82,8,1,200,68.0
409139281145,7261,2,10,57,4,0x5f82,8,1,200,-1119.0
409139297410,7262,2,10,57,4,0x5f82,8,1,200,862.0
409139316635,7263,2,10,57,4,0x5f82,8,1,200,1136.0
409139330333,7264,2,10,57,4,0x5f82,8,1,200,-856.0
409139348135,7265,2,10,57,4,0x5f82,8,1,200,-353.0
409139363166,7266,2,10,57,4,0x5f82,8,1,200,1334.0
409139380371,7267,2,10,57,4,0x1f82,7,1,200,-654.0
409139397129,7268,2,10,57,4,0x5f82,8,1,200,-34.0
409139414748,7269,2,10,57,4,0x5f82,8,1,200,1214.0
409139431784,7270,2,10,57,4,0x1f82,7,1,200,-262.0
409139452716,7271,2,10,57,4,0x5f82,8,1,200,182.0
409139468266,7272,2,10,57,4,0x5f82,8,1,200,-1015.0
409139481627,7273,2,10,57,4,0x5f82,8,1,200,-832.0
409139496750,7274,2,10,57,4,0x5f82,8,1,200,144.0
409139513744,7275,2,10,57,4,0x5f82,8,1,200,-780.0
409139531023,7276,2,10,57,4,0x5f82,8,1,200,-1618.0
409139547676,7277,2,10,57,4,0x5f82,8,1,200,63.0
409139563621,7278,2,10,57,4,0x5f82,8,1,200,795.0
409139580702,7279,2,10,57,4,0x5f82,8,1,200,578.0
409139596983,7280,2,10,57,4,0x5f82,8,1,200,379.0
409139613473,7281,2,10,57,4,0x5f82,8,1,200,233.0
409139630675,7282,2,10,57,4,0x5f82,8,1,200,-1066.0
409139655473,7283,2,10,57,4,0x5f82,8,1,200,-294.0
409139665721,7284,2,10,57,4,0x5f82,8,1,200,-667.0
409139682476,7285,2,10,57,4,0x5f82,8,1,200,1257.0
409139698081,7286,2,10,57,4,0x5f82,8,1,200,-643.0
409139715776,7287,2,10,57,4,0x5f82,8,1,200,-1150.0
409139731889,7288,2,10,57,4,0x5f82,8,1,200,-930.0
409139748802,7289,2,10,57,4,0x5f82,8,1,200,-1255.0
409139765038,7290,2,10,57,4,0x5f82,8,1,200,-1363.0
409139780843,7291,2,10,57,4,0x5f82,8,1,200,-461.0
409139799573,7292,2,10,57,4,0x5f82,8,1,200,-662.0
409139814598,7293,2,10,57,4,0x5f82,8,1,200,100.0
409139830091,7294,2,10,57,4,0x5f82,8,1,200,22.0
409139848274,7295,2,10,57,4,0x5f82,8,1,200,996.0
409139864863,7296,2,10,57,4,0x5f82,8,1,200,-475.0
409139880505,7297,2,10,57,4,0x5f82,8,1,200,1030.0
409139898765,7298,2,10,57,4,0x5f82,8,1,200,-296.0
409139915538,7299,2,10,57,4,0x5f82,8,1,200,1070.0
409139931240,7300,2,10,57,4,0x5f82,8,1,200,-747.0
409139947519,7301,2,10,57,4,0x5f82,8,1,200,1540.0
409139964938,7302,2,10,57,4,0x5f82,8,1,200,-1886.0
409139981102,7303,2,10,57,4,0x5f82,8,1,200,-707.0
409140003328,7304,2,10,57,4,0x5f82,8,1,200,-322.0
409140016211,7305,2,10,57,4,0x5f82,8,1,200,432.0
409140031516,7306,2,10,57,4,0x5f82,8,1,200,1703.0
409140047851,7307,2,10,57,4,0x5f82,8,1,200,585.0
409140064754,7308,2,10,57,4,0x5f82,8,1,200,969.0
409140080830,7309,2,10,57,4,0x5f82,8,1,200,895.0
409140097380,7310,2,10,57,4,0x5f82,8,1,200,594.0
409140118063,7311,2,10,57,4,0x5f82,8,1,200,-792.0
409140132271,7312,2,10,57,4,0x5f82,8,1,200,443.0
409140148144,7313,2,10,57,4,0x5f82,8,1,200,-736.0
409140164325,7314,2,10,57,4,0x5f82,8,1,200,518.0
409140180885,7315,2,10,57,4,0x5f82,8,1,200,351.0
409140197287,7316,2,10,57,4,0x5f82,8,1,200,-25.0
409140214187,7317,2,10,57,4,0x5f82,8,1,200,930.0
409140232360,7318,2,10,57,4,0x5f82,8,1,200,-53.0
409140249496,7319,2,10,57,4,0x5f82,8,1,200,-120.0
409140265544,7320,2,10,57,4,0x5f82,8,1,200,-198.0
409140280769,7321,2,10,57,4,0x5f82,8,1,200,949.0
409140297733,7322,2,10,57,4,0x5f82,8,1,200,-264.0
409140314527,7323,2,10,57,4,0x5f82,8,1,200,240.0
409140330583,7324,2,10,57,4,0x5f82,8,1,200,-253.0
409140348725,7325,2,10,57,4,0x5f82,8,1,200,-649.0
409140364815,7326,2,10,57,4,0x5f82,8,1,200,-526.0
409140381430,7327,2,10,57,4,0x5f82,8,1,200,1367.0
409140397462,7328,2,10,57,4,0x5f82,8,1,200,-147.0
409140414749,7329,2,10,57,4,0x5f82,8,1,200,902.0
409140430623,7330,2,10,57,4,0x5f82,8,1,200,-1271.0
409140453334,7331,2,10,57,4,0x5f82,8,1,200,-1271.0
409140465025,7332,2,10,57,4,0x5f82,8,1,200,791.0
409140481628,7333,2,10,57,4,0x5f82,8,1,200,1008.0
409140498305,7334,2,10,57,4,0x5f82,8,1,200,1108.0
409140514588,7335,2,10,57,4,0x5f82,8,1,200,852.0
409140530747,7336,2,10,57,4,0x5f82,8,1,200,-1478.0
409140548380,7337,2,10,57,4,0x5f82,8,1,200,-707.0
409140564453,7338,2,10,57,4,0x5f82,8,1,200,708.0
409140581155,7339,2,10,57,4,0x5f82,8,1,200,-237.0
409140598568,7340,2,10,57,4,0x5f82,8,1,200,-1045.0
409140615037,7341,2,10,57,4,0x5f82,8,1,200,323.0
409140631712,7342,2,10,57,4,0x5f82,8,1,200,133.0
409140648023,7343,2,10,57,4,0x5f82,8,1,200,-456.0
409140665380,7344,2,10,57,4,0x5f82,8,1,200,1045.0
409140681450,7345,2,10,57,4,0x5f82,8,1,200,1446.0
409140698708,7346,2,10,57,4,0x5f82,8,1,200,-2035.0
409140716759,7347,2,10,57,4,0x5f82,8,1,200,185.0
409140730803,7348,2,10,57,4,0x5f82,8,1,200,-1027.0
409140748145,7349,2,10,57,4,0x5f82,8,1,200,-902.0
409140764489,7350,2,10,57,4,0x5f82,8,1,200,-209.0
409140781155,7351,2,10,57,4,0x5f82,8,1,200,361.0
409140798092,7352,2,10,57,4,0x5f82,8,1,200,-433.0
409140815843,7353,2,10,57,4,0x5f82,8,1,200,1460.0
409140832049,7354,2,10,57,4,0x5f82,8,1,200,869.0
409140848844,7355,2,10,57,4,0x5f82,8,1,200,355.0
409140865159,7356,2,10,57,4,0x5f82,8,1,200,-851.0
409140882166,7357,2,10,57,4,0x5f82,8,1,200,1211.0
409140897701,7358,2,10,57,4,0x5f82,8,1,200,174.0
409140914913,7359,2,10,57,4,0x5f82,8,1,200,637.0
409140932745,7360,2,10,57,4,0x5f82,8,1,200,-1248.0
409140948650,7361,2,10,57,4,0x5f82,8,1,200,-880.0
409140965276,7362,2,10,57,4,0x5f82,8,1,200,1257.0
409140981775,7363,2,10,57,4,0x5f82,8,1,200,1713.0
409140998495,7364,2,10,57,4,0x5f82,8,1,200,369.0
409141015143,7365,2,10,57,4,0x5f82,8,1,200,-1370.0
409141031123,7366,2,10,57,4,0x5f82,8,1,200,-1159.0
409141050642,7367,2,10,57,4,0x5f82,8,1,200,-1060.0
409141066881,7368,2,10,57,4,0x5f82,8,1,200,780.0
409141083475,7369,2,10,57,4,0x5f82,8,1,200,-964.0
409141099576,7370,2,10,57,4,0x5f82,8,1,200,117.0
409141114930,7371,2,10,57,4,0x5f82,8,1,200,1392.0
409141131601,7372,2,10,57,4,0x5f82,8,1,200,1582.0
409141149954,7373,2,10,57,4,0x5f82,8,1,200,-422.0
409141166668,7374,2,10,57,4,0x5f82,8,1,200,2014.0
409141183546,7375,2,10,57,4,0x5f82,8,1,200,923.0
409141198367,7376,2,10,57,4,0x5f82,8,1,200,809.0
409141215294,7377,2,10,57,4,0x5f82,8,1,200,545.0
409141231595,7378,2,10,57,4,0x5f82,8,1,200,1617.0
409141248240,7379,2,10,57,4,0x5f82,8,1,200,-399.0
409141266890,7380,2,10,57,4,0x5f82,8,1,200,870.0
409141285220,7381,2,10,57,4,0x5f82,8,1,200,838.0
409141299669,7382,2,10,57,4,0x5f82,8,1,200,-780.0
409141315533,7383,2,10,57,4,0x5f82,8,1,200,-254.0
409141331515,7384,2,10,57,4,0x5f82,8,1,200,1007.0
409141348130,7385,2,10,57,4,0x5f82,8,1,200,-836.0
409141365096,7386,2,10,57,4,0x5f82,8,1,200,-602.0
409141382937,7387,2,10,57,4,0x5f82,8,1,200,-161.0
409141400126,7388,2,10,57,4,0x5f82,8,1,200,-68.0
409141417420,7389,2,10,57,4,0x5f82,8,1,200,-1323.0
409141433114,7390,2,10,57,4,0x5f82,8,1,200,-1370.0
409141448388,7391,2,10,57,4,0x5f82,8,1,200,1811.0
409141466074,7392,2,10,57,4,0x5f82,8,1,200,1239.0
409141482291,7393,2,10,57,4,0x5f82,8,1,200,1006.0
409141499811,7394,2,10,57,4,0x5f82,8,1,200,-285.0
409141516931,7395,2,10,57,4,0x5f82,8,1,200,1081.0
409141533611,7396,2,10,57,4,0x5f82,8,1,200,1329.0
409141549068,7397,2,10,57,4,0x5f82,8,1,200,1062.0
409141566343,7398,2,10,57,4,0x5f82,8,1,200,1146.0
409141581847,7399,2,10,57,4,0x5f82,8,1,200,1024.0
409141598860,7400,2,10,57,4,0x5f82,8,1,200,-584.0
409141617111,7401,2,10,57,4,0x5f82,8,1,200,1110.0
409141635301,7402,2,10,57,4,0x5f82,8,1,200,-289.0
409141653299,7403,2,10,57,4,0x5f82,8,1,200,440.0
409141666250,7404,2,10,57,4,0x5f82,8,1,200,-1205.0
409141682212,7405,2,10,57,4,0x5f82,8,1,200,651.0
409141699892,7406,2,10,57,4,0x5f82,8,1,200,-185.0
409141715485,7407,2,10,57,4,0x5f82,8,1,200,208.0
409141732746,7408,2,10,57,4,0x5f82,8,1,200,891.0
409141749380,7409,2,10,57,4,0x5f82,8,1,200,-1871.0
409141768373,7410,2,10,57,4,0x5f82,8,1,200,1413.0
409141782120,7411,2,10,57,4,0x5f82,8,1,200,1265.0
409141799221,7412,2,10,57,4,0x5f82,8,1,200,-990.0
409141815541,7413,2,10,57,4,0x5f82,8,1,200,1587.0
409141832569,7414,2,10,57,4,0x5f82,8,1,200,409.0
409141849889,7415,2,10,57,4,0x5f82,8,1,200,-44.0
409141865533,7416,2,10,57,4,0x5f82,8,1,200,-576.0
409141884131,7417,2,10,57,4,0x5f82,8,1,200,-160.0
409141899571,7418,2,10,57,4,0x5f82,8,1,200,98.0
409141915598,7419,2,10,57,4,0x5f82,8,1,200,1379.0
409141932594,7420,2,10,57,4,0x5f82,8,1,200,-968.0
409141949652,7421,2,10,57,4,0x5f82,8,1,200,286.0
409141967516,7422,2,10,57,4,0x5f82,8,1,200,-258.0
409141982529,7423,2,10,57,4,0x5f82,8,1,200,151.0
409141999268,7424,2,10,57,4,0x5f82,8,1,200,1087.0
409142016606,7425,2,10,57,4,0x5f82,8,1,200,485.0
409142033067,7426,2,10,57,4,0x5f82,8,1,200,-64.0
409142049784,7427,2,10,57,4,0x5f82,8,1,200,-767.0
409142066615,7428,2,10,57,4,0x5f82,8,1,200,1148.0
409142083282,7429,2,10,57,4,0x5f82,8,1,200,844.0
409142099969,7430,2,10,57,4,0x5f82,8,1,200,-393.0
409142121379,7431,2,10,57,4,0x5f82,8,1,200,-583.0
409142132813,7432,2,10,57,4,0x5f82,8,1,200,1423.0
409142149918,7433,2,10,57,4,0x5f82,8,1,200,964.0
409142166521,7434,2,10,57,4,0x5f82,8,1,200,1534.0
409142182375,7435,2,10,57,4,0x5f82,8,1,200,706.0
409142199953,7436,2,10,57,4,0x5f82,8,1,200,-1547.0
409142224216,7437,2,10,57,4,0x5f82,8,1,200,1249.0
409142233536,7438,2,10,57,4,0x5f82,8,1,200,734.0
409142249446,7439,2,10,57,4,0x5f82,8,1,200,921.0
409142266267,7440,2,10,57,4,0x5f82,8,1,200,539.0
409142282641,7441,2,10,57,4,0x5f82,8,1,200,-599.0
409142300191,7442,2,10,57,4,0x5f82,8,1,200,248.0
409142317035,7443,2,10,57,4,0x5f82,8,1,200,205.0
409142332956,7444,2,10,57,4,0x5f82,8,1,200,-702.0
409142350108,7445,2,10,57,4,0x5f82,8,1,200,2073.0
409142366427,7446,2,10,57,4,0x5f82,8,1,200,-1423.0
409142382869,7447,2,10,57,4,0x5f82,8,1,200,-793.0
409142399108,7448,2,10,57,4,0x5f82,8,1,200,1250.0
409142415747,7449,2,10,57,4,0x5f82,8,1,200,1029.0
409142433758,7450,2,10,57,4,0x5f82,8,1,200,-112.0
409142455707,7451,2,10,57,4,0x5f82,8,1,200,336.0
409142467266,7452,2,10,57,4,0x5f82,8,1,200,376.0
409142482659,7453,2,10,57,4,0x5f82,8,1,200,796.0
409142499374,7454,2,10,57,4,0x5f82,8,1,200,17.0
409142516519,7455,2,10,57,4,0x7f82,9,1,200,-1223.0
409142532633,7456,2,10,57,4,0x7f82,9,1,200,78.0
409142550014,7457,2,10,57,4,0x5f82,8,1,200,1543.0
409142567194,7458,2,10,57,4,0x5f82,8,1,200,395.0
409142583408,7459,2,10,57,4,0x5f82,8,1,200,952.0
409142599444,7460,2,10,57,4,0x5f82,8,1,200,363.0
409142616533,7461,2,10,57,4,0x5f82,8,1,200,659.0
409142632781,7462,2,10,57,4,0x5f82,8,1,200,866.0
409142650111,7463,2,10,57,4,0x5f82,8,1,200,1014.0
409142666764,7464,2,10,57,4,0x5f82,8,1,200,-1471.0
409142683952,7465,2,10,57,4,0x5f82,8,1,200,-633.0
409142700769,7466,2,10,57,4,0x5f82,8,1,200,783.0
409142716720,7467,2,10,57,4,0x5f82,8,1,200,-818.0
409142733148,7468,2,10,57,4,0x5f82,8,1,200,257.0
409142750637,7469,2,10,57,4,0x5f82,8,1,200,1164.0
409142766421,7470,2,10,57,4,0x5f82,8,1,200,963.0
409142783161,7471,2,10,57,4,0x5f82,8,1,200,1264.0
409142800628,7472,2,10,57,4,0x5f82,8,1,200,-1137.0
409142816447,7473,2,10,57,4,0x5f82,8,1,200,1099.0
409142833344,7474,2,10,57,4,0x5f82,8,1,200,561.0
409142849433,7475,2,10,57,4,0x5f82,8,1,200,287.0
409142866452,7476,2,10,57,4,0x5f82,8,1,200,-1223.0
409142883161,7477,2,10,57,4,0x5f82,8,1,200,1063.0
409142902180,7478,2,10,57,4,0x5f82,8,1,200,-1050.0
409142917906,7479,2,10,57,4,0x5f82,8,1,200,-1674.0
409142934067,7480,2,10,57,4,0x5f82,8,1,200,-788.0
409142950062,7481,2,10,57,4,0x5f82,8,1,200,-1054.0
409142966915,7482,2,10,57,4,0x5f82,8,1,200,877.0
409142983247,7483,2,10,57,4,0x5f82,8,1,200,-1079.0
409142999956,7484,2,10,57,4,0x5f82,8,1,200,-1894.0
409143020193,7485,2,10,57,4,0x5f82,8,1,200,-604.0
409143034708,7486,2,10,57,4,0x5f82,8,1,200,706.0
409143051274,7487,2,10,57,4,0x5f82,8,1,200,-121.0
409143066730,7488,2,10,57,4,0x5f82,8,1,200,-25.0
409143083644,7489,2,10,57,4,0x5f82,8,1,200,-1779.0
409143100053,7490,2,10,57,4,0x5f82,8,1,200,1086.0
409143117304,7491,2,10,57,4,0x5f82,8,1,200,-17.0
409143135407,7492,2,10,57,4,0x5f82,8,1,200,1709.0
409143152705,7493,2,10,57,4,0x5f82,8,1,200,-1378.0
409143169109,7494,2,10,57,4,0x5f82,8,1,200,912.0
409143183510,7495,2,10,57,4,0x5f82,8,1,200,-138.0
409143199777,7496,2,10,57,4,0x5f82,8,1,200,-300.0
409143216784,7497,2,10,57,4,0x5f82,8,1,200,987.0
409143234451,7498,2,10,57,4,0x5f82,8,1,200,180.0
409143250800,7499,2,10,57,4,0x5f82,8,1,200,-709.0
409143324708,7500,2,10,57,4,0x5f82,8,1,200,-1716.0
409143331399,7501,2,10,57,4,0x5f82,8,1,200,90.0
409143350510,7502,2,10,57,4,0x5f82,8,1,200,-55.0
409143368662,7503,2,10,57,4,0x5f82,8,1,200,-1332.0
409143384443,7504,2,10,57,4,0x5f82,8,1,200,-407.0
409143401258,7505,2,10,57,4,0x5f82,8,1,200,654.0
409143416964,7506,2,10,57,4,0x5f82,8,1,200,-1746.0
409143433600,7507,2,10,57,4,0x5f82,8,1,200,706.0
409143450685,7508,2,10,57,4,0x5f82,8,1,200,-962.0
409143467936,7509,2,10,57,4,0x5f82,8,1,200,-1299.0
409143484567,7510,2,10,57,4,0x5f82,8,1,200,-1042.0
409143500539,7511,2,10,57,4,0x5f82,8,1,200,896.0
409143517912,7512,2,10,57,4,0x5f82,8,1,200,439.0
409143533797,7513,2,10,57,4,0x5f82,8,1,200,609.0
409143550212,7514,2,10,57,4,0x5f82,8,1,200,-546.0
409143566948,7515,2,10,57,4,0x5f82,8,1,200,-144.0
409143584932,7516,2,10,57,4,0x5f82,8,1,200,-868.0
409143601167,7517,2,10,57,4,0x5f82,8,1,200,157.0
409143617304,7518,2,10,57,4,0x5f82,8,1,200,567.0
409143634399,7519,2,10,57,4,0x5f82,8,1,200,-947.0
409143650824,7520,2,10,57,4,0x5f82,8,1,200,-827.0
409143667379,7521,2,10,57,4,0x5f82,8,1,200,-116.0
409143684257,7522,2,10,57,4,0x5f82,8,1,200,303.0
409143702775,7523,2,10,57,4,0x5f82,8,1,200,-174.0
409143717813,7524,2,10,57,4,0x5f82,8,1,200,572.0
409143735119,7525,2,10,57,4,0x5f82,8,1,200,1768.0
409143751037,7526,2,10,57,4,0x5f82,8,1,200,-1170.0
409143767363,7527,2,10,57,4,0x5f82,8,1,200,-640.0
409143784837,7528,2,10,57,4,0x5f82,8,1,200,975.0
409143800771,7529,2,10,57,4,0x5f82,8,1,200,278.0
409143818216,7530,2,10,57,4,0x5f82,8,1,200,1743.0
409143834253,7531,2,10,57,4,0x5f82,8,1,200,-1225.0
409143850675,7532,2,10,57,4,0x5f82,8,1,200,-870.0
409143868169,7533,2,10,57,4,0x5f82,8,1,200,1139.0
409143884102,7534,2,10,57,4,0x5f82,8,1,200,-920.0
409143901101,7535,2,10,57,4,0x5f82,8,1,200,497.0
409143918023,7536,2,10,57,4,0x5f82,8,1,200,-119.0
409143934143,7537,2,10,57,4,0x5f82,8,1,200,-693.0
409143951986,7538,2,10,57,4,0x5f82,8,1,200,890.0
409143968281,7539,2,10,57,4,0x5f82,8,1,200,-1080.0
409143984958,7540,2,10,57,4,0x5f82,8,1,200,257.0
409144001020,7541,2,10,57,4,0x5f82,8,1,200,-952.0
409144017706,7542,2,10,57,4,0x5f82,8,1,200,-383.0
409144034464,7543,2,10,57,4,0x5f82,8,1,200,799.0
409144052894,7544,2,10,57,4,0x5f82,8,1,200,-344.0
409144071238,7545,2,10,57,4,0x5f82,8,1,200,1221.0
409144087647,7546,2,10,57,4,0x5f82,8,1,200,-1110.0
409144101050,7547,2,10,57,4,0x5f82,8,1,200,-153.0
409144117946,7548,2,10,57,4,0x5f82,8,1,200,-1792.0
409144133996,7549,2,10,57,4,0x5f82,8,1,200,-1249.0
409144151080,7550,2,10,57,4,0x5f82,8,1,200,1435.0
409144170261,7551,2,10,57,4,0x5f82,8,1,200,-2072.0
409144184340,7552,2,10,57,4,0x5f82,8,1,200,554.0
409144201350,7553,2,10,57,4,0x5f82,8,1,200,1590.0
409144217265,7554,2,10,57,4,0x5f82,8,1,200,-856.0
409144234289,7555,2,10,57,4,0x5f82,8,1,200,-134.0
409144251354,7556,2,10,57,4,0x5f82,8,1,200,232.0
409144267748,7557,2,10,57,4,0x5f82,8,1,200,-1251.0
409144285066,7558,2,10,57,4,0x5f82,8,1,200,1011.0
409144302012,7559,2,10,57,4,0x5f82,8,1,200,137.0
409144319312,7560,2,10,57,4,0x5f82,8,1,200,-900.0
409144334319,7561,2,10,57,4,0x5f82,8,1,200,561.0
409144350981,7562,2,10,57,4,0x5f82,8,1,200,-634.0
409144367985,7563,2,10,57,4,0x5f82,8,1,200,1145.0
409144384791,7564,2,10,57,4,0x5f82,8,1,200,-1547.0
409144401470,7565,2,10,57,4,0x5f82,8,1,200,1248.0
409144418232,7566,2,10,57,4,0x5f82,8,1,200,173.0
409144434906,7567,2,10,57,4,0x5f82,8,1,200,547.0
409144450796,7568,2,10,57,4,0x5f82,8,1,200,-425.0
409144468079,7569,2,10,57,4,0x5f82,8,1,200,932.0
409144484747,7570,2,10,57,4,0x5f82,8,1,200,-369.0
409144501901,7571,2,10,57,4,0x5f82,8,1,200,1348.0
409144518839,7572,2,10,57,4,0x5f82,8,1,200,1452.0
409144535985,7573,2,10,57,4,0x5f82,8,1,200,-953.0
409144551824,7574,2,10,57,4,0x5f82,8,1,200,-638.0
409144568179,7575,2,10,57,4,0x5f82,8,1,200,-971.0
409144584467,7576,2,10,57,4,0x5f82,8,1,200,-1143.0
409144601542,7577,2,10,57,4,0x5f82,8,1,200,-633.0
409144619751,7578,2,10,57,4,0x5f82,8,1,200,-1429.0
409144636767,7579,2,10,57,4,0x5f82,8,1,200,457.0
409144652045,7580,2,10,57,4,0x5f82,8,1,200,797.0
409144668438,7581,2,10,57,4,0x5f82,8,1,200,-739.0
409144685089,7582,2,10,57,4,0x5f82,8,1,200,-295.0
409144701784,7583,2,10,57,4,0x5f82,8,1,200,735.0
409144718236,7584,2,10,57,4,0x5f82,8,1,200,678.0
409144735713,7585,2,10,57,4,0x5f82,8,1,200,517.0
409144752162,7586,2,10,57,4,0x5f82,8,1,200,855.0
409144768921,7587,2,10,57,4,0x5f82,8,1,200,748.0
409144785953,7588,2,10,57,4,0x5f82,8,1,200,-477.0
409144802426,7589,2,10,57,4,0x5f82,8,1,200,-1313.0
409144818672,7590,2,10,57,4,0x5f82,8,1,200,-359.0
409144834620,7591,2,10,57,4,0x5f82,8,1,200,-1482.0
409144852519,7592,2,10,57,4,0x5f82,8,1,200,175.0
409144868922,7593,2,10,57,4,0x5f82,8,1,200,38.0
409144885527,7594,2,10,57,4,0x5f82,8,1,200,1151.0
409144902350,7595,2,10,57,4,0x5f82,8,1,200,-974.0
409144918403,7596,2,10,57,4,0x5f82,8,1,200,-684.0
409144935237,7597,2,10,57,4,0x5f82,8,1,200,-243.0
409144951631,7598,2,10,57,4,0x5f82,8,1,200,485.0
409144969887,7599,2,10,57,4,0x5f82,8,1,200,-1636.0
409144986281,7600,2,10,57,4,0x5f82,8,1,200,520.0
409145002866,7601,2,10,57,4,0x5f82,8,1,200,1325.0
409145018703,7602,2,10,57,4,0x5f82,8,1,200,1198.0
409145035353,7603,2,10,57,4,0x5f82,8,1,200,-1619.0
409145054505,7604,2,10,57,4,0x5f82,8,1,200,190.0
409145069582,7605,2,10,57,4,0x5f82,8,1,200,-340.0
409145086797,7606,2,10,57,4,0x5f82,8,1,200,782.0
409145103263,7607,2,10,57,4,0x5f82,8,1,200,-365.0
409145118841,7608,2,10,57,4,0x5f82,8,1,200,-210.0
409145135257,7609,2,10,57,4,0x5f82,8,1,200,-716.0
409145151786,7610,2,10,57,4,0x5f82,8,1,200,125.0
409145168527,7611,2,10,57,4,0x5f82,8,1,200,686.0
409145184881,7612,2,10,57,4,0x5f82,8,1,200,1044.0
409145204038,7613,2,10,57,4,0x5f82,8,1,200,1329.0
409145224211,7614,2,10,57,4,0x5f82,8,1,200,-335.0
409145236625,7615,2,10,57,4,0x5f82,8,1,200,203.0
409145252225,7616,2,10,57,4,0x5f82,8,1,200,-362.0
409145268870,7617,2,10,57,4,0x5f82,8,1,200,1079.0
409145285221,7618,2,10,57,4,0x5f82,8,1,200,-624.0
409145302067,7619,2,10,57,4,0x5f82,8,1,200,-1272.0
409145321494,7620,2,10,57,4,0x5f82,8,1,200,822.0
409145335715,7621,2,10,57,4,0x5f82,8,1,200,-797.0
409145352380,7622,2,10,57,4,0x5f82,8,1,200,-10.0
409145370087,7623,2,10,57,4,0x5f82,8,1,200,823.0
409145386865,7624,2,10,57,4,0x5f82,8,1,200,-343.0
409145402440,7625,2,10,57,4,0x5f82,8,1,200,954.0
409145419348,7626,2,10,57,4,0x5f82,8,1,200,1378.0
409145435957,7627,2,10,57,4,0x5f82,8,1,200,-1457.0
409145455635,7628,2,10,57,4,0x5f82,8,1,200,-304.0
409145471537,7629,2,10,57,4,0x5f82,8,1,200,902.0
409145485374,7630,2,10,57,4,0x5f82,8,1,200,-63.0
409145502015,7631,2,10,57,4,0x5f82,8,1,200,931.0
409145518618,7632,2,10,57,4,0x5f82,8,1,200,368.0
409145536592,7633,2,10,57,4,0x5f82,8,1,200,-1596.0
409145553046,7634,2,10,57,4,0x5f82,8,1,200,1696.0
409145569352,7635,2,10,57,4,0x5f82,8,1,200,-1092.0
409145586731,7636,2,10,57,4,0x5f82,8,1,200,283.0
409145603082,7637,2,10,57,4,0x5f82,8,1,200,-640.0
409145618501,7638,2,10,57,4,0x5f82,8,1,200,220.0
409145635897,7639,2,10,57,4,0x7f82,9,1,200,1016.0
409145652489,7640,2,10,57,4,0x7f82,9,1,200,85.0
409145670145,7641,2,10,57,4,0x5f82,8,1,200,-1669.0
409145689232,7642,2,10,57,4,0x5f82,8,1,200,-928.0
409145702860,7643,2,10,57,4,0x5f82,8,1,200,-452.0
409145719486,7644,2,10,57,4,0x5f82,8,1,200,1156.0
409145736097,7645,2,10,57,4,0x5f82,8,1,200,340.0
409145752352,7646,2,10,57,4,0x5f82,8,1,200,-873.0
409145769653,7647,2,10,57,4,0x5f82,8,1,200,243.0
409145785802,7648,2,10,57,4,0x5f82,8,1,200,67.0
409145802515,7649,2,10,57,4,0x5f82,8,1,200,-230.0
409145819540,7650,2,10,57,4,0x5f82,8,1,200,1153.0
409145835861,7651,2,10,57,4,0x5f82,8,1,200,-933.0
409145852477,7652,2,10,57,4,0x5f82,8,1,200,-475.0
409145869708,7653,2,10,57,4,0x5f82,8,1,200,-726.0
409145887478,7654,2,10,57,4,0x5f82,8,1,200,598.0
409145902754,7655,2,10,57,4,0x5f82,8,1,200,-335.0
409145919904,7656,2,10,57,4,0x5f82,8,1,200,-778.0
409145937028,7657,2,10,57,4,0x5f82,8,1,200,1514.0
409145952784,7658,2,10,57,4,0x5f82,8,1,200,-1282.0
409145969780,7659,2,10,57,4,0x5f82,8,1,200,-757.0
409145986314,7660,2,10,57,4,0x5f82,8,1,200,628.0
409146004054,7661,2,10,57,4,0x5f82,8,1,200,-1187.0
409146019313,7662,2,10,57,4,0x5f82,8,1,200,58.0
409146037976,7663,2,10,57,4,0x5f82,8,1,200,605.0
409146054492,7664,2,10,57,4,0x5f82,8,1,200,156.0
409146069958,7665,2,10,57,4,0x5f82,8,1,200,-1249.0
409146086484,7666,2,10,57,4,0x5f82,8,1,200,1014.0
409146102490,7667,2,10,57,4,0x5f82,8,1,200,257.0
409146120004,7668,2,10,57,4,0x5f82,8,1,200,419.0
409146137815,7669,2,10,57,4,0x7f82,9,1,200,1867.0
409146154839,7670,2,10,57,4,0x7f82,9,1,200,-275.0
409146170059,7671,2,10,57,4,0x7f82,9,1,200,1162.0
409146186517,7672,2,10,57,4,0x7f82,9,1,200,-325.0
409146202800,7673,2,10,57,4,0x7f82,9,1,200,-506.0
409146219629,7674,2,10,57,4,0x7f82,9,1,200,-896.0
409146237850,7675,2,10,57,4,0x7f82,9,1,200,1275.0
409146254329,7676,2,10,57,4,0x5f82,8,1,200,1408.0
409146270721,7677,2,10,57,4,0x5f82,8,1,200,928.0
409146286744,7678,2,10,57,4,0x5f82,8,1,200,781.0
409146302974,7679,2,10,57,4,0x5f82,8,1,200,-237.0
409146319924,7680,2,10,57,4,0x5f82,8,1,200,-1105.0
409146336345,7681,2,10,57,4,0x5f82,8,1,200,473.0
409146353249,7682,2,10,57,4,0x5f82,8,1,200,542.0
409146370331,7683,2,10,57,4,0x5f82,8,1,200,-263.0
409146387083,7684,2,10,57,4,0x5f82,8,1,200,1109.0
409146402998,7685,2,10,57,4,0x5f82,8,1,200,-912.0
409146419711,7686,2,10,57,4,0x5f82,8,1,200,-930.0
409146436573,7687,2,10,57,4,0x5f82,8,1,200,974.0
409146453192,7688,2,10,57,4,0x5f82,8,1,200,122.0
409146470258,7689,2,10,57,4,0x5f82,8,1,200,-593.0
409146487864,7690,2,10,57,4,0x5f82,8,1,200,621.0
409146504271,7691,2,10,57,4,0x5f82,8,1,200,-387.0
409146520080,7692,2,10,57,4,0x5f82,8,1,200,1120.0
409146536588,7693,2,10,57,4,0x5f82,8,1,200,925.0
409146553835,7694,2,10,57,4,0x5f82,8,1,200,447.0
409146570857,7695,2,10,57,4,0x5f82,8,1,200,280.0
409146586776,7696,2,10,57,4,0x5f82,8,1,200,-644.0
409146603817,7697,2,10,57,4,0x5f82,8,1,200,-151.0
409146620713,7698,2,10,57,4,0x5f82,8,1,200,-643.0
409146637533,7699,2,10,57,4,0x5f82,8,1,200,-1580.0
409146653274,7700,2,10,57,4,0x5f82,8,1,200,1497.0
409146670211,7701,2,10,57,4,0x5f82,8,1,200,-266.0
409146687109,7702,2,10,57,4,0x5f82,8,1,200,216.0
409146704258,7703,2,10,57,4,0x5f82,8,1,200,1994.0
409146720632,7704,2,10,57,4,0x7f82,9,1,200,-294.0
409146737421,7705,2,10,57,4,0x7f82,9,1,200,-526.0
409146753719,7706,2,10,57,4,0x7f82,9,1,200,207.0
409146770113,7707,2,10,57,4,0x7f82,9,1,200,55.0
409146787079,7708,2,10,57,4,0x5f82,8,1,200,-623.0
409146805615,7709,2,10,57,4,0x5f82,8,1,200,410.0
409146820734,7710,2,10,57,4,0x5f82,8,1,200,-1422.0
409146836853,7711,2,10,57,4,0x5f82,8,1,200,267.0
409146858286,7712,2,10,57,4,0x5f82,8,1,200,1279.0
409146871179,7713,2,10,57,4,0x5f82,8,1,200,334.0
409146887207,7714,2,10,57,4,0x5f82,8,1,200,-1429.0
409146903712,7715,2,10,57,4,0x5f82,8,1,200,-950.0
409146920577,7716,2,10,57,4,0x5f82,8,1,200,-313.0
409146938316,7717,2,10,57,4,0x5f82,8,1,200,698.0
409146953770,7718,2,10,57,4,0x5f82,8,1,200,-791.0
409146971339,7719,2,10,57,4,0x5f82,8,1,200,-315.0
409146987302,7720,2,10,57,4,0x5f82,8,1,200,1067.0
409147003620,7721,2,10,57,4,0x5f82,8,1,200,-872.0
409147020906,7722,2,10,57,4,0x5f82,8,1,200,-693.0
409147038390,7723,2,10,57,4,0x5f82,8,1,200,1124.0
409147057867,7724,2,10,57,4,0x5f82,8,1,200,-325.0
409147072727,7725,2,10,57,4,0x5f82,8,1,200,-285.0
409147088895,7726,2,10,57,4,0x5f82,8,1,200,575.0
409147104510,7727,2,10,57,4,0x5f82,8,1,200,578.0
409147120358,7728,2,10,57,4,0x5f82,8,1,200,-243.0
409147137406,7729,2,10,57,4,0x5f82,8,1,200,1034.0
409147154477,7730,2,10,57,4,0x5f82,8,1,200,-1134.0
409147174565,7731,2,10,57,4,0x5f82,8,1,200,1593.0
409147188879,7732,2,10,57,4,0x5f82,8,1,200,-731.0
409147205229,7733,2,10,57,4,0x5f82,8,1,200,159.0
409147220789,7734,2,10,57,4,0x5f82,8,1,200,-526.0
409147237328,7735,2,10,57,4,0x5f82,8,1,200,-101.0
409147254233,7736,2,10,57,4,0x5f82,8,1,200,-1044.0
409147271531,7737,2,10,57,4,0x5f82,8,1,200,-13.0
409147287076,7738,2,10,57,4,0x5f82,8,1,200,112.0
409147305349,7739,2,10,57,4,0x5f82,8,1,200,1209.0
409147321315,7740,2,10,57,4,0x5f82,8,1,200,-1694.0
409147338056,7741,2,10,57,4,0x5f82,8,1,200,911.0
409147354530,7742,2,10,57,4,0x5f82,8,1,200,-458.0
409147371155,7743,2,10,57,4,0x5f82,8,1,200,-886.0
409147389437,7744,2,10,57,4,0x5f82,8,1,200,-2357.0
409147404905,7745,2,10,57,4,0x5f82,8,1,200,775.0
409147421620,7746,2,10,57,4,0x5f82,8,1,200,1265.0
409147437786,7747,2,10,57,4,0x7f82,9,1,200,1041.0
409147454420,7748,2,10,57,4,0x5f82,8,1,200,-616.0
409147471279,7749,2,10,57,4,0x5f82,8,1,200,-336.0
409147487843,7750,2,10,57,4,0x5f82,8,1,200,-918.0
409147507978,7751,2,10,57,4,0x5f82,8,1,200,184.0
409147522161,7752,2,10,57,4,0x5f82,8,1,200,1957.0
409147538864,7753,2,10,57,4,0x5f82,8,1,200,226.0
409147555223,7754,2,10,57,4,0x5f82,8,1,200,-238.0
409147571077,7755,2,10,57,4,0x5f82,8,1,200,-217.0
409147587804,7756,2,10,57,4,0x5f82,8,1,200,1515.0
409147604251,7757,2,10,57,4,0x5f82,8,1,200,675.0
409147621025,7758,2,10,57,4,0x5f82,8,1,200,-867.0
409147639452,7759,2,10,57,4,0x5f82,8,1,200,1252.0
409147655606,7760,2,10,57,4,0x5f82,8,1,200,107.0
409147673219,7761,2,10,57,4,0x5f82,8,1,200,-345.0
409147687458,7762,2,10,57,4,0x5f82,8,1,200,-1257.0
409147704386,7763,2,10,57,4,0x5f82,8,1,200,-768.0
409147721329,7764,2,10,57,4,0x5f82,8,1,200,-1183.0
409147739505,7765,2,10,57,4,0x5f82,8,1,200,-476.0
409147756619,7766,2,10,57,4,0x5f82,8,1,200,579.0
409147771714,7767,2,10,57,4,0x5f82,8,1,200,-1767.0
409147789328,7768,2,10,57,4,0x5f82,8,1,200,984.0
409147804919,7769,2,10,57,4,0x5f82,8,1,200,1005.0
409147821357,7770,2,10,57,4,0x5f82,8,1,200,-947.0
409147837867,7771,2,10,57,4,0x5f82,8,1,200,1163.0
409147855556,7772,2,10,57,4,0x5f82,8,1,200,1309.0
409147871452,7773,2,10,57,4,0x5f82,8,1,200,1513.0
409147891888,7774,2,10,57,4,0x5f82,8,1,200,796.0
409147904819,7775,2,10,57,4,0x5f82,8,1,200,947.0
409147921188,7776,2,10,57,4,0x5f82,8,1,200,131.0
409147938223,7777,2,10,57,4,0x5f82,8,1,200,1020.0
409147956099,7778,2,10,57,4,0x5f82,8,1,200,-243.0
409147972925,7779,2,10,57,4,0x5f82,8,1,200,-1580.0
409147987838,7780,2,10,57,4,0x5f82,8,1,200,198.0
409148005129,7781,2,10,57,4,0x7f82,9,1,200,-1023.0
409148021116,7782,2,10,57,4,0x5f82,8,1,200,69.0
409148038175,7783,2,10,57,4,0x5f82,8,1,200,-918.0
409148056554,7784,2,10,57,4,0x7f82,9,1,200,-197.0
409148071882,7785,2,10,57,4,0x7f82,9,1,200,1114.0
409148090567,7786,2,10,57,4,0x5f82,8,1,200,1115.0
409148105668,7787,2,10,57,4,0x5f82,8,1,200,-726.0
409148122268,7788,2,10,57,4,0x5f82,8,1,200,-706.0
409148138660,7789,2,10,57,4,0x5f82,8,1,200,-645.0
409148155551,7790,2,10,57,4,0x5f82,8,1,200,600.0
409148171905,7791,2,10,57,4,0x5f82,8,1,200,1011.0
409148188857,7792,2,10,57,4,0x5f82,8,1,200,1533.0
409148205998,7793,2,10,57,4,0x5f82,8,1,200,942.0
409148222041,7794,2,10,57,4,0x5f82,8,1,200,-603.0
409148239532,7795,2,10,57,4,0x5f82,8,1,200,1014.0
409148255078,7796,2,10,57,4,0x5f82,8,1,200,-524.0
409148271713,7797,2,10,57,4,0x5f82,8,1,200,272.0
409148288348,7798,2,10,57,4,0x5f82,8,1,200,28.0
409148305054,7799,2,10,57,4,0x5f82,8,1,200,-1181.0
409148322520,7800,2,10,57,4,0x7f82,9,1,200,879.0
409148339620,7801,2,10,57,4,0x7f82,9,1,200,1422.0
409148356160,7802,2,10,57,4,0x7f82,9,1,200,-1453.0
409148371939,7803,2,10,57,4,0x5f82,8,1,200,-684.0
409148388440,7804,2,10,57,4,0x5f82,8,1,200,1000.0
409148405261,7805,2,10,57,4,0x5f82,8,1,200,68.0
409148422090,7806,2,10,57,4,0x5f82,8,1,200,-659.0
409148438683,7807,2,10,57,4,0x5f82,8,1,200,-31.0
409148455825,7808,2,10,57,4,0x5f82,8,1,200,1018.0
409148473482,7809,2,10,57,4,0x7f82,9,1,200,-905.0
409148489228,7810,2,10,57,4,0x5f82,8,1,200,-107.0
409148505111,7811,2,10,57,4,0x7f82,9,1,200,-835.0
409148522142,7812,2,10,57,4,0x7f82,9,1,200,136.0
409148539309,7813,2,10,57,4,0x7f82,9,1,200,58.0
409148556296,7814,2,10,57,4,0x7f82,9,1,200,181.0
409148572368,7815,2,10,57,4,0x7f82,9,1,200,795.0
409148589442,7816,2,10,57,4,0x7f82,9,1,200,-677.0
409148605336,7817,2,10,57,4,0x7f82,9,1,200,507.0
409148622369,7818,2,10,57,4,0x7f82,9,1,200,-745.0
409148639161,7819,2,10,57,4,0x7f82,9,1,200,-792.0
409148658399,7820,2,10,57,4,0x7f82,9,1,200,-995.0
409148673208,7821,2,10,57,4,0x7f82,9,1,200,-192.0
409148689108,7822,2,10,57,4,0x7f82,9,1,200,1043.0
409148708068,7823,2,10,57,4,0x7f82,9,1,200,-19.0
409148722873,7824,2,10,57,4,0x7f82,9,1,200,615.0
409148739792,7825,2,10,57,4,0x7f82,9,1,200,555.0
409148755543,7826,2,10,57,4,0x7f82,9,1,200,1101.0
409148774536,7827,2,10,57,4,0x7f82,9,1,200,436.0
409148789568,7828,2,10,57,4,0x5f82,8,1,200,329.0
409148806730,7829,2,10,57,4,0x5f82,8,1,200,1441.0
409148822218,7830,2,10,57,4,0x7f82,9,1,200,520.0
409148838867,7831,2,10,57,4,0x7f82,9,1,200,72.0
409148856383,7832,2,10,57,4,0x7f82,9,1,200,-284.0
409148873993,7833,2,10,57,4,0x7f82,9,1,200,303.0
409148890697,7834,2,10,57,4,0x7f82,9,1,200,248.0
409148906637,7835,2,10,57,4,0x7f82,9,1,200,-699.0
409148922954,7836,2,10,57,4,0x7f82,9,1,200,-1081.0
409148939284,7837,2,10,57,4,0x7f82,9,1,200,401.0
409148955667,7838,2,10,57,4,0x7f82,9,1,200,674.0
409148972995,7839,2,10,57,4,0x7f82,9,1,200,-325.0
409148988918,7840,2,10,57,4,0x7f82,9,1,200,1297.0
409149005993,7841,2,10,57,4,0x7f82,9,1,200,-712.0
409149024973,7842,2,10,57,4,0x5f82,8,1,200,490.0
409149040554,7843,2,10,57,4,0x7f82,9,1,200,1171.0
409149058568,7844,2,10,57,4,0x7f82,9,1,200,551.0
409149075047,7845,2,10,57,4,0x7f82,9,1,200,-926.0
409149089415,7846,2,10,57,4,0x7f82,9,1,200,-354.0
409149105896,7847,2,10,57,4,0x7f82,9,1,200,-43.0
409149123374,7848,2,10,57,4,0x7f82,9,1,200,2988.0
409149139664,7849,2,10,57,4,0x7f82,9,1,200,-606.0
409149156722,7850,1,255,58,4,0x7f82,9,1,200,965.0
409149172739,7851,1,255,58,4,0x7f82,9,1,200,244.0
409149189518,7852,1,255,58,4,0x5f82,8,1,200,-34.0
409149206089,7853,1,255,58,4,0x5f82,8,1,200,-479.0
409149222495,7854,1,255,58,4,0x5f82,8,1,200,-530.0
409149240590,7855,1,255,58,4,0x5f82,8,1,200,1117.0
409149256504,7856,1,255,58,4,0x5f82,8,1,200,235.0
409149273023,7857,1,255,58,4,0x5f82,8,1,200,-492.0
409149289483,7858,1,255,58,4,0x5f82,8,1,200,855.0
409149306877,7859,1,255,58,4,0x5f82,8,1,200,-1322.0
409149323207,7860,1,255,58,4,0x5f82,8,1,200,-533.0
409149339377,7861,1,255,58,4,0x5f82,8,1,200,148.0
409149356266,7862,1,255,58,4,0x5f82,8,1,200,-598.0
409149373068,7863,1,255,58,4,0x5f82,8,1,200,-903.0
409149389857,7864,1,255,58,4,0x5f82,8,1,200,-447.0
409149406673,7865,1,255,58,4,0x5f82,8,1,200,25.0
409149422904,7866,1,255,58,4,0x7f82,9,1,200,-313.0
409149440434,7867,1,255,58,4,0x7f82,9,1,200,-563.0
409149456434,7868,1,255,58,4,0x7f82,9,1,200,537.0
409149474928,7869,1,255,58,4,0x7f82,9,1,200,2616.0
409149490417,7870,1,255,58,4,0x7f82,9,1,200,647.0
409149506076,7871,1,255,58,4,0x7f82,9,1,200,1142.0
409149523108,7872,1,255,58,4,0x7f82,9,1,200,-223.0
409149539924,7873,1,255,58,4,0x5f82,8,1,200,-1123.0
409149556343,7874,1,255,58,4,0x5f82,8,1,200,-213.0
409149573061,7875,1,255,58,4,0x5f82,8,1,200,-1039.0
409149590252,7876,1,255,58,4,0x5f82,8,1,200,1073.0
409149606839,7877,1,255,58,4,0x7f82,9,1,200,-519.0
409149623630,7878,1,255,58,4,0x7f82,9,1,200,749.0
409149640066,7879,1,255,58,4,0x7f82,9,1,200,-751.0
409149656686,7880,1,255,58,4,0x7f82,9,1,200,1079.0
409149673157,7881,1,255,58,4,0x5f82,8,1,200,-532.0
409149689928,7882,1,255,58,4,0x5f82,8,1,200,-979.0
409149707015,7883,1,255,58,4,0x5f82,8,1,200,-1562.0
409149723643,7884,1,255,58,4,0x5f82,8,1,200,1006.0
409149740433,7885,1,255,58,4,0x5f82,8,1,200,482.0
409149756713,7886,1,255,58,4,0x5f82,8,1,200,1336.0
409149773416,7887,1,255,58,4,0x5f82,8,1,200,-924.0
409149789558,7888,1,255,58,4,0x5f82,8,1,200,645.0
409149807050,7889,1,255,58,4,0x5f82,8,1,200,1065.0
409149826494,7890,1,255,58,4,0x5f82,8,1,200,20.0
409149840281,7891,1,255,58,4,0x5f82,8,1,200,-69.0
409149857365,7892,1,255,58,4,0x5f82,8,1,200,-1447.0
409149873293,7893,1,255,58,4,0x5f82,8,1,200,1099.0
409149890125,7894,1,255,58,4,0x5f82,8,1,200,-837.0
409149907165,7895,1,255,58,4,0x5f82,8,1,200,610.0
409149923588,7896,1,255,58,4,0x5f82,8,1,200,-499.0
409149940314,7897,1,255,58,4,0x5f82,8,1,200,1585.0
409149957840,7898,1,255,58,4,0x5f82,8,1,200,-133.0
409149974988,7899,1,255,58,4,0x5f82,8,1,200,1114.0
409149990389,7900,1,255,58,4,0x5f82,8,1,200,1862.0
409150006471,7901,1,255,58,4,0x5f82,8,1,200,526.0
409150023497,7902,1,255,58,4,0x5f82,8,1,200,-872.0
409150040254,7903,1,255,58,4,0x5f82,8,1,200,1753.0
409150059311,7904,1,255,58,4,0x5f82,8,1,200,1031.0
409150073753,7905,1,255,58,4,0x5f82,8,1,200,-567.0
409150091308,7906,1,255,58,4,0x5f82,8,1,200,1067.0
409150107366,7907,1,255,58,4,0x5f82,8,1,200,-397.0
409150123803,7908,1,255,58,4,0x5f82,8,1,200,-990.0
409150140632,7909,1,255,58,4,0x5f82,8,1,200,81.0
409150157442,7910,1,255,58,4,0x5f82,8,1,200,552.0
409150175232,7911,1,255,59,4,0x5f82,8,1,200,-106.0
409150190315,7912,1,255,59,4,0x5f82,8,1,200,824.0
409150207495,7913,1,255,59,4,0x7f82,9,1,200,-1092.0
409150223454,7914,1,255,59,4,0x7f82,9,1,200,-1128.0
409150240444,7915,1,255,59,4,0x7f82,9,1,200,-1062.0
409150257522,7916,1,255,59,4,0x7f82,9,1,200,1425.0
409150274349,7917,1,255,59,4,0x7f82,9,1,200,-1047.0
409150291266,7918,1,255,59,4,0x7f82,9,1,200,1301.0
409150307374,7919,1,255,59,4,0x7f82,9,1,200,-251.0
409150324177,7920,1,255,59,4,0x7f82,9,1,200,-1058.0
409150340346,7921,1,255,59,4,0x7f82,9,1,200,702.0
409150356923,7922,1,255,59,4,0x5f82,8,1,200,963.0
409150374080,7923,1,255,59,4,0x5f82,8,1,200,859.0
409150390533,7924,1,255,59,4,0x7f82,9,1,200,-610.0
409150407488,7925,1,255,59,4,0x7f82,9,1,200,-84.0
409150423465,7926,1,255,59,4,0x5f82,8,1,200,1270.0
409150440846,7927,1,255,59,4,0x5f82,8,1,200,812.0
409150457495,7928,1,255,59,4,0x7f82,9,1,200,-269.0
409150474014,7929,1,255,59,4,0x7f82,9,1,200,1123.0
409150490409,7930,1,255,59,4,0x5f82,8,1,200,917.0
409150507146,7931,1,255,59,4,0x5f82,8,1,200,-1081.0
409150524733,7932,1,255,59,4,0x5f82,8,1,200,71.0
409150541298,7933,1,255,59,4,0x5f82,8,1,200,1560.0
409150557295,7934,1,255,59,4,0x5f82,8,1,200,-1292.0
409150573811,7935,1,255,59,4,0x5f82,8,1,200,556.0
409150590369,7936,1,255,59,4,0x7f82,9,1,200,-707.0
409150607729,7937,1,255,59,4,0x7f82,9,1,200,407.0
409150624821,7938,1,255,59,4,0x7f82,9,1,200,-1302.0
409150641560,7939,1,255,59,4,0x5f82,8,1,200,241.0
409150657305,7940,1,255,59,4,0x5f82,8,1,200,-371.0
409150674431,7941,1,255,59,4,0x5f82,8,1,200,1259.0
409150690711,7942,1,255,59,4,0x5f82,8,1,200,838.0
409150708229,7943,1,255,59,4,0x7f82,9,1,200,-1196.0
409150724356,7944,1,255,59,4,0x7f82,9,1,200,-910.0
409150741002,7945,1,255,59,4,0x7f82,9,1,200,49.0
409150757910,7946,1,255,59,4,0x5f82,8,1,200,1351.0
409150775370,7947,1,255,59,4,0x7f82,9,1,200,-471.0
409150791467,7948,1,255,59,4,0x7f82,9,1,200,-362.0
409150807513,7949,1,255,59,4,0x7f82,9,1,200,377.0
409150824923,7950,1,255,59,4,0x5f82,8,1,200,-164.0
409150841115,7951,1,255,59,4,0x5f82,8,1,200,-1332.0
409150859548,7952,1,255,59,4,0x5f82,8,1,200,1016.0
409150879592,7953,1,255,59,4,0x5f82,8,1,200,1278.0
409150891755,7954,1,255,59,4,0x5f82,8,1,200,-885.0
409150909211,7955,1,255,59,4,0x5f82,8,1,200,62.0
409150925104,7956,1,255,59,4,0x5f82,8,1,200,-492.0
409150941310,7957,1,255,59,4,0x5f82,8,1,200,-476.0
409150958058,7958,1,255,59,4,0x5f82,8,1,200,-949.0
409150974899,7959,1,255,59,4,0x5f82,8,1,200,-80.0
409150991529,7960,1,255,59,4,0x5f82,8,1,200,-86.0
409151008107,7961,1,255,59,4,0x5f82,8,1,200,-585.0
409151024711,7962,1,255,59,4,0x5f82,8,1,200,-97.0
409151040741,7963,1,255,59,4,0x5f82,8,1,200,989.0
409151058520,7964,1,255,59,4,0x5f82,8,1,200,1191.0
409151074588,7965,1,255,59,4,0x5f82,8,1,200,-1297.0
409151092719,7966,1,255,59,4,0x5f82,8,1,200,1556.0
409151111060,7967,1,255,59,4,0x5f82,8,1,200,8.0
409151126167,7968,1,255,59,4,0x5f82,8,1,200,1155.0
409151141413,7969,1,255,59,4,0x5f82,8,1,200,1378.0
409151158455,7970,1,255,59,4,0x5f82,8,1,200,1059.0
409151174994,7971,1,255,59,4,0x5f82,8,1,200,-1368.0
409151191654,7972,1,255,60,4,0x5f82,8,1,200,696.0
409151207833,7973,1,255,60,4,0x5f82,8,1,200,-662.0
409151224374,7974,1,255,60,4,0x5f82,8,1,200,1184.0
409151242440,7975,1,255,60,4,0x5f82,8,1,200,686.0
409151258014,7976,1,255,60,4,0x5f82,8,1,200,-1207.0
409151274712,7977,1,255,60,4,0x5f82,8,1,200,-825.0
409151291315,7978,1,255,60,4,0x5f82,8,1,200,-645.0
409151308303,7979,1,255,60,4,0x5f82,8,1,200,795.0
409151324494,7980,1,255,60,4,0x5f82,8,1,200,-1363.0
409151341646,7981,1,255,60,4,0x5f82,8,1,200,464.0
409151359740,7982,1,255,60,4,0x5f82,8,1,200,937.0
409151374978,7983,1,255,60,4,0x5f82,8,1,200,-1127.0
409151391741,7984,1,255,60,4,0x5f82,8,1,200,268.0
409151408689,7985,1,255,60,4,0x5f82,8,1,200,-1249.0
409151424706,7986,1,255,60,4,0x7f82,9,1,200,-372.0
409151442615,7987,1,255,60,4,0x5f82,8,1,200,-303.0
409151459403,7988,1,255,60,4,0x7f82,9,1,200,605.0
409151477134,7989,1,255,60,4,0x7f82,9,1,200,-1271.0
409151491969,7990,1,255,60,4,0x5f82,8,1,200,625.0
409151508374,7991,1,255,60,4,0x5f82,8,1,200,1063.0
409151524972,7992,1,255,60,4,0x5f82,8,1,200,804.0
409151541667,7993,1,255,60,4,0x5f82,8,1,200,48.0
409151558816,7994,1,255,60,4,0x5f82,8,1,200,1455.0
409151575724,7995,1,255,60,4,0x5f82,8,1,200,-136.0
409151592723,7996,1,255,60,4,0x5f82,8,1,200,-798.0
409151609322,7997,1,255,60,4,0x5f82,8,1,200,-116.0
409151624906,7998,1,255,60,4,0x5f82,8,1,200,-972.0
409151641536,7999,1,255,60,4,0x5f82,8,1,200,751.0
409151658364,8000,1,255,60,4,0x5f82,8,1,200,-452.0
409151676510,8001,1,255,60,4,0x5f82,8,1,200,1322.0
409151691898,8002,1,255,60,4,0x5f82,8,1,200,-1095.0
409151708628,8003,1,255,60,4,0x5f82,8,1,200,708.0
409151725237,8004,1,255,60,4,0x5f82,8,1,200,-270.0
409151741455,8005,1,255,60,4,0x5f82,8,1,200,-1042.0
409151758696,8006,1,255,60,4,0x5f82,8,1,200,688.0
409151776255,8007,1,255,60,4,0x5f82,8,1,200,-615.0
409151791521,8008,1,255,60,4,0x5f82,8,1,200,106.0
409151812008,8009,1,255,60,4,0x5f82,8,1,200,1235.0
409151825536,8010,1,255,60,4,0x7f82,9,1,200,-164.0
409151841708,8011,1,255,60,4,0x5f82,8,1,200,-1335.0
409151858420,8012,1,255,60,4,0x7f82,9,1,200,-1004.0
409151875556,8013,1,255,60,4,0x5f82,8,1,200,-1.0
409151892179,8014,1,255,60,4,0x5f82,8,1,200,-1496.0
409151908659,8015,1,255,60,4,0x5f82,8,1,200,-212.0
409151925966,8016,1,255,60,4,0x5f82,8,1,200,-218.0
409151942046,8017,1,255,60,4,0x5f82,8,1,200,875.0
409151958460,8018,1,255,60,4,0x7f82,9,1,200,844.0
409151975591,8019,1,255,60,4,0x7f82,9,1,200,-1380.0
409151992387,8020,1,255,60,4,0x7f82,9,1,200,-1320.0
409152011842,8021,1,255,60,4,0x5f82,8,1,200,508.0
409152026288,8022,1,255,60,4,0x5f82,8,1,200,-321.0
409152045330,8023,1,255,60,4,0x5f82,8,1,200,-534.0
409152062962,8024,1,255,60,4,0x5f82,8,1,200,1224.0
409152076052,8025,1,255,60,4,0x7f82,9,1,200,-4.0
409152092515,8026,1,255,60,4,0x7f82,9,1,200,895.0
409152108822,8027,1,255,60,4,0x7f82,9,1,200,261.0
409152126183,8028,1,255,60,4,0x7f82,9,1,200,1161.0
409152142679,8029,1,255,60,4,0x7f82,9,1,200,-33.0
409152159209,8030,1,255,60,4,0x7f82,9,1,200,1055.0
409152176084,8031,2,255,61,4,0x7f82,9,1,200,806.0
409152192575,8032,2,255,61,4,0x7f82,9,1,200,994.0
409152209038,8033,2,255,61,4,0x7f82,9,1,200,106.0
409152225281,8034,2,255,61,4,0x7f82,9,1,200,808.0
409152245274,8035,2,255,61,4,0x7f82,9,1,200,1270.0
409152261828,8036,2,255,61,4,0x7f82,9,1,200,1868.0
409152278237,8037,2,255,61,4,0x7f82,9,1,200,-1070.0
409152292670,8038,2,255,61,4,0x7f82,9,1,200,-1659.0
409152309214,8039,2,255,61,4,0x7f82,9,1,200,334.0
409152325761,8040,2,255,61,4,0x7f82,9,1,200,213.0
409152342691,8041,2,255,61,4,0x7f82,9,1,200,973.0
409152358928,8042,2,255,61,4,0x7f82,9,1,200,-105.0
409152375702,8043,2,255,61,4,0x7f82,9,1,200,320.0
409152392871,8044,2,255,61,4,0x7f82,9,1,200,-908.0
409152409468,8045,2,255,61,4,0x7f82,9,1,200,-419.0
409152425637,8046,2,255,61,4,0x7f82,9,1,200,987.0
409152442208,8047,2,255,61,4,0x7f82,9,1,200,330.0
409152460803,8048,2,255,61,4,0x7f82,9,1,200,-205.0
409152476974,8049,2,255,61,4,0x7f82,9,1,200,-1182.0
409152492898,8050,2,255,61,4,0x7f82,9,1,200,-519.0
409152509862,8051,2,255,61,4,0x7f82,9,1,200,-422.0
409152526717,8052,2,255,61,4,0x7f82,9,1,200,186.0
409152543033,8053,2,255,61,4,0x7f82,9,1,200,1161.0
409152559667,8054,2,255,61,4,0x7f82,9,1,200,-174.0
409152576307,8055,2,255,61,4,0x5f82,8,1,200,-1175.0
409152594115,8056,2,255,61,4,0x5f82,8,1,200,-981.0
409152610636,8057,2,255,61,4,0x5f82,8,1,200,-2337.0
409152626835,8058,2,255,61,4,0x7f82,9,1,200,-1631.0
409152643869,8059,2,255,61,4,0x7f82,9,1,200,415.0
409152659813,8060,2,255,61,4,0x7f82,9,1,200,-182.0
409152676800,8061,2,255,61,4,0x7f82,9,1,200,402.0
409152692876,8062,2,255,61,4,0x7f82,9,1,200,462.0
409152709478,8063,2,255,61,4,0x7f82,9,1,200,-179.0
409152726870,8064,2,255,61,4,0x7f82,9,1,200,192.0
409152742819,8065,2,255,61,4,0x7f82,9,1,200,-1176.0
409152759804,8066,2,255,61,4,0x7f82,9,1,200,777.0
409152776270,8067,2,255,61,4,0x7f82,9,1,200,981.0
409152793610,8068,2,255,61,4,0x7f82,9,1,200,-303.0
409152811043,8069,2,255,61,4,0x7f82,9,1,200,1771.0
409152826096,8070,2,255,61,4,0x7f82,9,1,200,-878.0
409152842839,8071,2,255,61,4,0x7f82,9,1,200,-403.0
409152859559,8072,2,255,61,4,0x7f82,9,1,200,982.0
409152876650,8073,2,255,61,4,0x5f82,8,1,200,986.0
409152893073,8074,2,255,61,4,0x5f82,8,1,200,169.0
409152909532,8075,2,255,61,4,0x5f82,8,1,200,892.0
409152926564,8076,2,255,61,4,0x5f82,8,1,200,-718.0
409152945784,8077,2,255,61,4,0x5f82,8,1,200,152.0
409152960526,8078,2,255,61,4,0x7f82,9,1,200,-956.0
409152976822,8079,2,255,61,4,0x7f82,9,1,200,70.0
409152992844,8080,2,255,61,4,0x5f82,8,1,200,-110.0
409153009875,8081,2,255,61,4,0x5f82,8,1,200,-1284.0
409153026965,8082,2,255,61,4,0x7f82,9,1,200,1055.0
409153042831,8083,2,255,61,4,0x7f82,9,1,200,-209.0
409153061431,8084,2,255,61,4,0x7f82,9,1,200,-1551.0
409153077078,8085,2,255,61,4,0x7f82,9,1,200,90.0
409153093922,8086,2,255,61,4,0x5f82,8,1,200,1297.0
409153109887,8087,2,255,61,4,0x5f82,8,1,200,-1079.0
409153126549,8088,2,255,61,4,0x5f82,8,1,200,920.0
409153142957,8089,2,255,61,4,0x5f82,8,1,200,-1037.0
409153163016,8090,2,255,61,4,0x5f82,8,1,200,-471.0
409153177254,8091,2,10,62,4,0x5f82,8,1,200,-1849.0
409153194342,8092,2,10,62,4,0x7f82,9,1,200,20.0
409153209929,8093,2,10,62,4,0x5f82,8,1,200,-88.0
409153226726,8094,2,10,62,4,0x5f82,8,1,200,-859.0
409153243947,8095,2,10,62,4,0x5f82,8,1,200,1086.0
409153260510,8096,2,10,62,4,0x5f82,8,1,200,376.0
409153277936,8097,2,10,62,4,0x7f82,9,1,200,10.0
409153294096,8098,2,10,62,4,0x7f82,9,1,200,1094.0
409153311424,8099,2,10,62,4,0x7f82,9,1,200,-885.0
409153326695,8100,2,10,62,4,0x7f82,9,1,200,-922.0
409153343280,8101,2,10,62,4,0x7f82,9,1,200,-1156.0
409153360036,8102,2,10,62,4,0x5f82,8,1,200,788.0
409153376906,8103,2,10,62,4,0x5f82,8,1,200,-541.0
409153393745,8104,2,10,62,4,0x5f82,8,1,200,549.0
409153410403,8105,2,10,62,4,0x5f82,8,1,200,-425.0
409153426621,8106,2,10,62,4,0x7f82,9,1,200,242.0
409153443399,8107,2,10,62,4,0x7f82,9,1,200,994.0
409153460072,8108,2,10,62,4,0x5f82,8,1,200,635.0
409153477018,8109,2,10,62,4,0x5f82,8,1,200,-723.0
409153494274,8110,2,10,62,4,0x5f82,8,1,200,411.0
409153511555,8111,2,10,62,4,0x5f82,8,1,200,452.0
409153527378,8112,2,10,62,4,0x5f82,8,1,200,-1269.0
409153544616,8113,2,10,62,4,0x5f82,8,1,200,910.0
409153560493,8114,2,10,62,4,0x7f82,9,1,200,1094.0
409153577582,8115,2,10,62,4,0x7f82,9,1,200,-1315.0
409153593599,8116,2,10,62,4,0x5f82,8,1,200,922.0
409153611493,8117,2,10,62,4,0x5f82,8,1,200,-1887.0
409153627337,8118,2,10,62,4,0x5f82,8,1,200,-804.0
409153643594,8119,2,10,62,4,0x5f82,8,1,200,-1157.0
409153660576,8120,2,10,62,4,0x5f82,8,1,200,262.0
409153677680,8121,2,10,62,4,0x5f82,8,1,200,-1233.0
409153693768,8122,2,10,62,4,0x5f82,8,1,200,-922.0
409153710503,8123,2,10,62,4,0x5f82,8,1,200,268.0
409153728698,8124,2,10,62,4,0x5f82,8,1,200,501.0
409153744004,8125,2,10,62,4,0x5f82,8,1,200,142.0
409153761325,8126,2,10,62,4,0x5f82,8,1,200,493.0
409153777741,8127,2,10,62,4,0x5f82,8,1,200,-88.0
409153793698,8128,2,10,62,4,0x5f82,8,1,200,-531.0
409153810508,8129,2,10,62,4,0x5f82,8,1,200,649.0
409153827269,8130,2,10,62,4,0x5f82,8,1,200,-376.0
409153844052,8131,2,10,62,4,0x5f82,8,1,200,1821.0
409153861162,8132,2,10,62,4,0x5f82,8,1,200,645.0
409153878012,8133,2,10,62,4,0x5f82,8,1,200,930.0
409153894809,8134,2,10,62,4,0x5f82,8,1,200,1433.0
409153910729,8135,2,10,62,4,0x5f82,8,1,200,744.0
409153927404,8136,2,10,62,4,0x7f82,9,1,200,-1045.0
409153944211,8137,2,10,62,4,0x7f82,9,1,200,-1584.0
409153961426,8138,2,10,62,4,0x7f82,9,1,200,162.0
409153978785,8139,2,10,62,4,0x5f82,8,1,200,1158.0
409153994674,8140,2,10,62,4,0x5f82,8,1,200,1121.0
409154011711,8141,2,10,62,4,0x5f82,8,1,200,809.0
409154027366,8142,2,10,62,4,0x5f82,8,1,200,-334.0
409154044428,8143,2,10,62,4,0x5f82,8,1,200,1270.0
409154060972,8144,2,10,62,4,0x5f82,8,1,200,176.0
409154080084,8145,2,10,62,4,0x5f82,8,1,200,-680.0
409154094025,8146,2,10,62,4,0x5f82,8,1,200,-812.0
409154112034,8147,2,10,62,4,0x5f82,8,1,200,827.0
409154128166,8148,2,10,62,4,0x5f82,8,1,200,-1000.0
409154144117,8149,2,10,62,4,0x5f82,8,1,200,290.0
409154161376,8150,2,10,62,4,0x5f82,8,1,200,-1321.0
409154178328,8151,2,10,62,4,0x5f82,8,1,200,1216.0
409154196443,8152,2,10,62,4,0x7f82,9,1,200,2411.0
409154212859,8153,2,10,62,4,0x7f82,9,1,200,805.0
409154228827,8154,2,10,62,4,0x7f82,9,1,200,697.0
409154244782,8155,2,10,62,4,0x7f82,9,1,200,-17.0
409154260944,8156,2,10,62,4,0x7f82,9,1,200,1475.0
409154278311,8157,2,10,62,4,0x5f82,8,1,200,-537.0
409154294172,8158,2,10,62,4,0x5f82,8,1,200,1107.0
409154312802,8159,2,10,62,4,0x5f82,8,1,200,268.0
409154328195,8160,2,10,62,4,0x5f82,8,1,200,351.0
409154345505,8161,2,10,62,4,0x7f82,9,1,200,-680.0
409154360834,8162,2,10,62,4,0x7f82,9,1,200,929.0
409154378048,8163,2,10,62,4,0x5f82,8,1,200,-1438.0
409154394998,8164,2,10,62,4,0x5f82,8,1,200,-154.0
409154411424,8165,2,10,62,4,0x5f82,8,1,200,426.0
409154429267,8166,2,10,62,4,0x5f82,8,1,200,116.0
409154445716,8167,2,10,62,4,0x5f82,8,1,200,-1201.0
409154462050,8168,2,10,62,4,0x7f82,9,1,200,111.0
409154478005,8169,2,10,62,4,0x7f82,9,1,200,-464.0
409154494297,8170,2,10,62,4,0x7f82,9,1,200,37.0
409154511416,8171,2,10,62,4,0x7f82,9,1,200,1226.0
409154527732,8172,2,10,62,4,0x7f82,9,1,200,-551.0
409154549952,8173,2,10,62,4,0x7f82,9,1,200,781.0
409154563680,8174,2,10,62,4,0x5f82,8,1,200,-974.0
409154580086,8175,2,10,62,4,0x5f82,8,1,200,-817.0
409154594892,8176,2,10,62,4,0x5f82,8,1,200,1178.0
409154611274,8177,2,10,62,4,0x5f82,8,1,200,266.0
409154627888,8178,2,10,62,4,0x5f82,8,1,200,-1281.0
409154644927,8179,2,10,62,4,0x5f82,8,1,200,879.0
409154662315,8180,2,10,62,4,0x5f82,8,1,200,73.0
409154680435,8181,2,10,62,4,0x5f82,8,1,200,239.0
409154698018,8182,2,10,62,4,0x5f82,8,1,200,232.0
409154711492,8183,2,10,62,4,0x5f82,8,1,200,674.0
409154728075,8184,2,10,62,4,0x7f82,9,1,200,753.0
409154744393,8185,2,10,62,4,0x7f82,9,1,200,886.0
409154761291,8186,2,10,62,4,0x7f82,9,1,200,-378.0
409154780591,8187,2,10,62,4,0x7f82,9,1,200,-1101.0
409154796455,8188,2,10,62,4,0x7f82,9,1,200,1606.0
409154811089,8189,2,10,62,4,0x7f82,9,1,200,4.0
409154827945,8190,2,10,62,4,0x7f82,9,1,200,1239.0
409154844451,8191,2,10,62,4,0x7f82,9,1,200,1146.0
409154861355,8192,2,10,62,4,0x7f82,9,1,200,-328.0
409154878887,8193,2,10,62,4,0x5f82,8,1,200,854.0
409154894594,8194,2,10,62,4,0x5f82,8,1,200,-140.0
409154911249,8195,2,10,62,4,0x5f82,8,1,200,1934.0
409154928983,8196,2,10,62,4,0x7f82,9,1,200,1141.0
409154945090,8197,2,10,62,4,0x7f82,9,1,200,1115.0
409154961019,8198,2,10,62,4,0x5f82,8,1,200,134.0
409154978292,8199,2,10,62,4,0x5f82,8,1,200,931.0
409154996476,8200,2,10,62,4,0x5f82,8,1,200,-1481.0
409155013163,8201,2,10,62,4,0x5f82,8,1,200,1275.0
409155028522,8202,2,10,62,4,0x5f82,8,1,200,-1247.0
409155045811,8203,2,10,62,4,0x5f82,8,1,200,-1237.0
409155062422,8204,2,10,62,4,0x5f82,8,1,200,774.0
409155078391,8205,2,10,62,4,0x5f82,8,1,200,48.0
409155095150,8206,2,10,62,4,0x5f82,8,1,200,-887.0
409155113379,8207,2,10,62,4,0x5f82,8,1,200,-412.0
409155129372,8208,2,10,62,4,0x5f82,8,1,200,393.0
409155145598,8209,2,10,62,4,0x5f82,8,1,200,-250.0
409155162588,8210,2,10,62,4,0x5f82,8,1,200,977.0
409155178978,8211,2,10,62,4,0x5f82,8,1,200,687.0
409155195396,8212,2,10,62,4,0x5f82,8,1,200,816.0
409155211580,8213,2,10,62,4,0x5f82,8,1,200,-462.0
409155228356,8214,2,10,62,4,0x7f82,9,1,200,1609.0
409155249052,8215,2,10,62,4,0x7f82,9,1,200,-1384.0
409155264591,8216,2,10,62,4,0x7f82,9,1,200,141.0
409155280917,8217,2,10,62,4,0x7f82,9,1,200,-971.0
409155295768,8218,2,10,62,4,0x7f82,9,1,200,1150.0
409155311914,8219,2,10,62,4,0x5f82,8,1,200,-834.0
409155328839,8220,2,10,62,4,0x5f82,8,1,200,-1111.0
409155348653,8221,2,10,62,4,0x5f82,8,1,200,1127.0
409155363297,8222,2,10,62,4,0x7f82,9,1,200,1238.0
409155378877,8223,2,10,62,4,0x7f82,9,1,200,1794.0
409155396180,8224,2,10,62,4,0x7f82,9,1,200,-1.0
409155412360,8225,2,10,62,4,0x5f82,8,1,200,-354.0
409155429231,8226,2,10,62,4,0x5f82,8,1,200,-1174.0
409155445712,8227,2,10,62,4,0x5f82,8,1,200,196.0
409155466855,8228,2,10,62,4,0x7f82,9,1,200,-3.0
409155479446,8229,2,10,62,4,0x7f82,9,1,200,-1390.0
409155497336,8230,2,10,62,4,0x7f82,9,1,200,-655.0
409155513020,8231,2,10,62,4,0x7f82,9,1,200,-1153.0
409155529279,8232,2,10,62,4,0x7f82,9,1,200,928.0
409155546289,8233,2,10,62,4,0x7f82,9,1,200,-301.0
409155561853,8234,2,10,62,4,0x7f82,9,1,200,-88.0
409155587910,8235,2,10,62,4,0x5f82,8,1,200,-51.0
409155597271,8236,2,10,62,4,0x5f82,8,1,200,878.0
409155612696,8237,2,10,62,4,0x5f82,8,1,200,182.0
409155630278,8238,2,10,62,4,0x5f82,8,1,200,1118.0
409155645420,8239,2,10,62,4,0x5f82,8,1,200,837.0
409155662494,8240,2,10,62,4,0x5f82,8,1,200,859.0
409155679294,8241,2,10,62,4,0x7f82,9,1,200,-97.0
409155697519,8242,2,10,62,4,0x7f82,9,1,200,1240.0
409155712745,8243,2,10,62,4,0x7f82,9,1,200,1382.0
409155731651,8244,2,10,62,4,0x7f82,9,1,200,979.0
409155749432,8245,2,10,62,4,0x7f82,9,1,200,624.0
409155761994,8246,2,10,62,4,0x7f82,9,1,200,-49.0
409155778963,8247,2,10,62,4,0x7f82,9,1,200,394.0
409155795658,8248,2,10,62,4,0x7f82,9,1,200,-239.0
409155812841,8249,2,10,62,4,0x7f82,9,1,200,128.0
409155829341,8250,2,10,62,4,0x7f82,9,1,200,1399.0
409155848338,8251,2,10,62,4,0x7f82,9,1,200,-1764.0
409155863079,8252,2,10,62,4,0x7f82,9,1,200,-619.0
409155880310,8253,2,10,62,4,0x7f82,9,1,200,-855.0
409155896347,8254,2,10,62,4,0x7f82,9,1,200,1008.0
409155912656,8255,2,10,62,4,0x7f82,9,1,200,1447.0
409155929806,8256,2,10,62,4,0x7f82,9,1,200,-173.0
409155946079,8257,2,10,62,4,0x7f82,9,1,200,-778.0
409155963423,8258,2,10,62,4,0x7f82,9,1,200,-53.0
409155979966,8259,2,10,62,4,0x7f82,9,1,200,1209.0
409155996019,8260,2,10,62,4,0x7f82,9,1,200,865.0
409156012567,8261,2,10,62,4,0x7f82,9,1,200,-1099.0
409156029120,8262,2,10,62,4,0x5f82,8,1,200,957.0
409156046298,8263,2,10,62,4,0x5f82,8,1,200,191.0
409156064293,8264,2,10,62,4,0x7f82,9,1,200,172.0
409156081033,8265,2,10,62,4,0x5f82,8,1,200,-600.0
409156096722,8266,2,10,62,4,0x7f82,9,1,200,731.0
409156113111,8267,2,10,62,4,0x7f82,9,1,200,-833.0
409156129653,8268,2,10,62,4,0x7f82,9,1,200,880.0
409156147130,8269,2,10,62,4,0x7f82,9,1,200,116.0
409156164434,8270,2,10,62,4,0x5f82,8,1,200,-1055.0
409156180339,8271,2,10,62,4,0x5f82,8,1,200,719.0
409156196571,8272,2,10,62,4,0x7f82,9,1,200,-1912.0
409156213442,8273,2,10,62,4,0x7f82,9,1,200,195.0
409156229661,8274,2,10,62,4,0x7f82,9,1,200,-991.0
409156246241,8275,2,10,62,4,0x7f82,9,1,200,-1274.0
409156266365,8276,2,10,62,4,0x7f82,9,1,200,75.0
409156286014,8277,2,10,62,4,0x7f82,9,1,200,1098.0
409156296267,8278,2,10,62,4,0x7f82,9,1,200,772.0
409156314455,8279,2,10,62,4,0x7f82,9,1,200,-1525.0
409156329606,8280,2,10,62,4,0x7f82,9,1,200,285.0
409156346115,8281,2,10,62,4,0x7f82,9,1,200,-1135.0
409156363129,8282,2,10,62,4,0x7f82,9,1,200,-190.0
409156380741,8283,2,10,62,4,0x7f82,9,1,200,544.0
409156396322,8284,2,10,62,4,0x7f82,9,1,200,926.0
409156412914,8285,2,10,62,4,0x7f82,9,1,200,77.0
409156429979,8286,2,10,62,4,0x7f82,9,1,200,1132.0
409156446743,8287,2,10,62,4,0x7f82,9,1,200,319.0
409156463627,8288,2,10,62,4,0x7f82,9,1,200,853.0
409156480864,8289,2,10,62,4,0x7f82,9,1,200,904.0
409156497138,8290,2,10,62,4,0x7f82,9,1,200,973.0
409156514436,8291,2,10,62,4,0x7f82,9,1,200,-387.0
409156533046,8292,2,10,62,4,0x7f82,9,1,200,171.0
409156548181,8293,2,10,62,4,0x7f82,9,1,200,906.0
409156563173,8294,2,10,62,4,0x7f82,9,1,200,-368.0
409156580557,8295,2,10,62,4,0x7f82,9,1,200,107.0
409156597047,8296,2,10,62,4,0x7f82,9,1,200,631.0
409156614415,8297,2,10,62,4,0x7f82,9,1,200,6.0
409156630645,8298,2,10,62,4,0x7f82,9,1,200,298.0
409156647335,8299,2,10,62,4,0x7f82,9,1,200,1344.0
409156665578,8300,2,10,62,4,0x7f82,9,1,200,-726.0
409156680870,8301,2,10,62,4,0x7f82,9,1,200,775.0
409156697268,8302,2,10,62,4,0x7f82,9,1,200,766.0
409156714075,8303,2,10,62,4,0x7f82,9,1,200,-305.0
409156730880,8304,2,10,62,4,0x5f82,8,1,200,-518.0
409156746828,8305,2,10,62,4,0x5f82,8,1,200,-1614.0
409156763798,8306,2,10,62,4,0x5f82,8,1,200,-140.0
409156780645,8307,2,10,62,4,0x5f82,8,1,200,-576.0
409156796787,8308,2,10,62,4,0x5f82,8,1,200,1030.0
409156813790,8309,2,10,62,4,0x7f82,9,1,200,-605.0
409156830056,8310,2,10,62,4,0x7f82,9,1,200,-1118.0
409156847204,8311,2,10,62,4,0x7f82,9,1,200,-185.0
409156864419,8312,2,10,62,4,0x7f82,9,1,200,-398.0
409156880418,8313,2,10,62,4,0x7f82,9,1,200,793.0
409156897337,8314,2,10,62,4,0x7f82,9,1,200,-138.0
409156914206,8315,2,10,62,4,0x7f82,9,1,200,-1338.0
409156930206,8316,2,10,62,4,0x7f82,9,1,200,-985.0
409156947291,8317,2,10,62,4,0x7f82,9,1,200,1136.0
409156969293,8318,2,10,62,4,0x7f82,9,1,200,463.0
409156980862,8319,2,10,62,4,0x7f82,9,1,200,-12.0
409156997803,8320,2,10,62,4,0x7f82,9,1,200,149.0
409157013280,8321,2,10,62,4,0x7f82,9,1,200,-90.0
409157030259,8322,2,10,62,4,0x7f82,9,1,200,771.0
409157048130,8323,2,10,62,4,0x7f82,9,1,200,-872.0
409157065328,8324,2,10,62,4,0x7f82,9,1,200,137.0
409157081307,8325,2,10,62,4,0x7f82,9,1,200,1718.0
409157098536,8326,2,10,62,4,0x7f82,9,1,200,-457.0
409157114600,8327,2,10,62,4,0x7f82,9,1,200,1388.0
409157131023,8328,2,10,62,4,0x7f82,9,1,200,-1053.0
409157147036,8329,2,10,62,4,0x7f82,9,1,200,-327.0
409157163786,8330,2,10,62,4,0x7f82,9,1,200,833.0
409157182039,8331,2,10,62,4,0x7f82,9,1,200,-519.0
409157197222,8332,2,10,62,4,0x7f82,9,1,200,704.0
409157213873,8333,2,10,62,4,0x7f82,9,1,200,694.0
409157231194,8334,2,10,62,4,0x7f82,9,1,200,-131.0
409157246819,8335,2,10,62,4,0x7f82,9,1,200,176.0
409157265031,8336,2,10,62,4,0x7f82,9,1,200,686.0
409157280718,8337,2,10,62,4,0x5f82,8,1,200,572.0
409157298414,8338,2,10,62,4,0x5f82,8,1,200,955.0
409157317177,8339,2,10,62,4,0x5f82,8,1,200,-1787.0
409157331930,8340,2,10,62,4,0x7f82,9,1,200,-1628.0
409157347803,8341,2,10,62,4,0x7f82,9,1,200,-978.0
409157364581,8342,2,10,62,4,0x7f82,9,1,200,1034.0
409157380694,8343,2,10,62,4,0x7f82,9,1,200,-487.0
409157397654,8344,2,10,62,4,0x7f82,9,1,200,-103.0
409157414731,8345,2,10,62,4,0x5f82,8,1,200,-874.0
409157433595,8346,2,10,62,4,0x5f82,8,1,200,1369.0
409157447651,8347,2,10,62,4,0x7f82,9,1,200,285.0
409157464292,8348,2,10,62,4,0x5f82,8,1,200,-249.0
409157480679,8349,2,10,62,4,0x7f82,9,1,200,-1277.0
409157497480,8350,2,10,62,4,0x5f82,8,1,200,-54.0
409157515000,8351,2,10,62,4,0x7f82,9,1,200,580.0
409157531844,8352,2,10,62,4,0x7f82,9,1,200,-1148.0
409157547423,8353,2,10,62,4,0x7f82,9,1,200,921.0
409157563647,8354,2,10,62,4,0x7f82,9,1,200,1047.0
409157580837,8355,2,10,62,4,0x7f82,9,1,200,223.0
409157597809,8356,2,10,62,4,0x5f82,8,1,200,-712.0
409157614405,8357,2,10,62,4,0x7f82,9,1,200,968.0
409157630891,8358,2,10,62,4,0x7f82,9,1,200,234.0
409157647803,8359,2,10,62,4,0x7f82,9,1,200,-340.0
409157664513,8360,2,10,62,4,0x7f82,9,1,200,380.0
409157682672,8361,2,10,62,4,0x7f82,9,1,200,-2416.0
409157697843,8362,2,10,62,4,0x7f82,9,1,200,886.0
409157714308,8363,2,10,62,4,0x7f82,9,1,200,1079.0
409157732207,8364,2,10,62,4,0x7f82,9,1,200,310.0
409157747320,8365,2,10,62,4,0x7f82,9,1,200,-69.0
409157766205,8366,2,10,62,4,0x7f82,9,1,200,512.0
409157781689,8367,2,10,62,4,0x7f82,9,1,200,226.0
409157797841,8368,2,10,62,4,0x7f82,9,1,200,-398.0
409157815547,8369,2,10,62,4,0x7f82,9,1,200,1150.0
409157830991,8370,2,10,62,4,0x7f82,9,1,200,464.0
409157847863,8371,2,10,62,4,0x7f82,9,1,200,891.0
409157864624,8372,2,10,62,4,0x7f82,9,1,200,813.0
409157881531,8373,2,10,62,4,0x7f82,9,1,200,-514.0
409157897380,8374,2,10,62,4,0x7f82,9,1,200,-355.0
409157914792,8375,2,10,62,4,0x7f82,9,1,200,967.0
409157931293,8376,2,10,62,4,0x7f82,9,1,200,1349.0
409157947651,8377,2,10,62,4,0x7f82,9,1,200,-156.0
409157965292,8378,2,10,62,4,0x7f82,9,1,200,-1070.0
409157981323,8379,2,10,62,4,0x7f82,9,1,200,962.0
409157999390,8380,2,10,62,4,0x7f82,9,1,200,-341.0
409158014904,8381,2,10,62,4,0x7f82,9,1,200,965.0
409158031735,8382,2,10,62,4,0x7f82,9,1,200,-335.0
409158047899,8383,2,10,62,4,0x7f82,9,1,200,684.0
409158064600,8384,2,10,62,4,0x5f82,8,1,200,-740.0
409158081039,8385,2,10,62,4,0x7f82,9,1,200,51.0
409158098013,8386,2,10,62,4,0x5f82,8,1,200,-969.0
409158116100,8387,2,10,62,4,0x5f82,8,1,200,806.0
409158136509,8388,2,10,62,4,0x5f82,8,1,200,-296.0
409158148405,8389,2,10,62,4,0x5f82,8,1,200,-907.0
409158164991,8390,2,10,62,4,0x5f82,8,1,200,-1328.0
409158181449,8391,2,10,62,4,0x5f82,8,1,200,1457.0
409158198145,8392,2,10,62,4,0x5f82,8,1,200,-277.0
409158215251,8393,2,10,62,4,0x7f82,9,1,200,911.0
409158231636,8394,2,10,62,4,0x7f82,9,1,200,1086.0
409158247741,8395,2,10,62,4,0x7f82,9,1,200,-1739.0
409158265286,8396,2,10,62,4,0x5f82,8,1,200,-1115.0
409158281957,8397,2,10,62,4,0x5f82,8,1,200,78.0
409158298665,8398,2,10,62,4,0x5f82,8,1,200,-128.0
409158314624,8399,2,10,62,4,0x5f82,8,1,200,-792.0
409158332418,8400,2,10,62,4,0x5f82,8,1,200,-1651.0
409158352763,8401,2,10,62,4,0x5f82,8,1,200,-363.0
409158365619,8402,2,10,62,4,0x7f82,9,1,200,-967.0
409158381789,8403,2,10,62,4,0x7f82,9,1,200,1199.0
409158398753,8404,2,10,62,4,0x7f82,9,1,200,656.0
409158415106,8405,2,10,62,4,0x7f82,9,1,200,-1323.0
409158431392,8406,2,10,62,4,0x7f82,9,1,200,-541.0
409158449178,8407,2,10,62,4,0x7f82,9,1,200,-1039.0
409158465678,8408,2,10,62,4,0x7f82,9,1,200,510.0
409158484175,8409,2,10,62,4,0x7f82,9,1,200,1142.0
409158500724,8410,2,10,62,4,0x7f82,9,1,200,-511.0
409158515137,8411,2,10,62,4,0x7f82,9,1,200,-1016.0
409158532556,8412,2,10,62,4,0x7f82,9,1,200,-560.0
409158548391,8413,2,10,62,4,0x5f82,8,1,200,-185.0
409158565358,8414,2,10,62,4,0x5f82,8,1,200,-64.0
409158582278,8415,2,10,62,4,0x5f82,8,1,200,121.0
409158598262,8416,2,10,62,4,0x5f82,8,1,200,-756.0
409158615667,8417,2,10,62,4,0x5f82,8,1,200,-758.0
409158632130,8418,2,10,62,4,0x7f82,9,1,200,-590.0
409158648235,8419,2,10,62,4,0x7f82,9,1,200,-325.0
409158665298,8420,2,10,62,4,0x7f82,9,1,200,-1117.0
409158684985,8421,2,10,62,4,0x7f82,9,1,200,-720.0
409158699492,8422,2,10,62,4,0x7f82,9,1,200,-886.0
409158715553,8423,2,10,62,4,0x7f82,9,1,200,-473.0
409158732077,8424,2,10,62,4,0x7f82,9,1,200,927.0
409158748613,8425,2,10,62,4,0x7f82,9,1,200,945.0
409158766114,8426,2,10,62,4,0x7f82,9,1,200,-134.0
409158781656,8427,2,10,62,4,0x7f82,9,1,200,-614.0
409158801329,8428,2,10,62,4,0x7f82,9,1,200,2502.0
409158815550,8429,2,10,62,4,0x7f82,9,1,200,234.0
409158832922,8430,2,10,62,4,0x5f82,8,1,200,-398.0
409158849880,8431,2,10,62,4,0x5f82,8,1,200,-1624.0
409158865657,8432,2,10,62,4,0x5f82,8,1,200,1211.0
409158881990,8433,2,10,62,4,0x5f82,8,1,200,88.0
409158899053,8434,2,10,62,4,0x5f82,8,1,200,897.0
409158919648,8435,2,10,62,4,0x7f82,9,1,200,-1556.0
409158933322,8436,2,10,62,4,0x7f82,9,1,200,-606.0
409158949283,8437,2,10,62,4,0x7f82,9,1,200,-799.0
409158967050,8438,2,10,62,4,0x7f82,9,1,200,1949.0
409158982380,8439,2,10,62,4,0x5f82,8,1,200,-621.0
409158999074,8440,2,10,62,4,0x7f82,9,1,200,19.0
409159015400,8441,2,10,62,4,0x5f82,8,1,200,-1220.0
409159032617,8442,2,10,62,4,0x5f82,8,1,200,-333.0
409159050469,8443,2,10,62,4,0x5f82,8,1,200,1099.0
409159067443,8444,2,10,62,4,0x7f82,9,1,200,-676.0
409159082289,8445,2,10,62,4,0x7f82,9,1,200,680.0
409159099342,8446,2,10,62,4,0x7f82,9,1,200,83.0
409159115662,8447,2,10,62,4,0x7f82,9,1,200,1324.0
409159132102,8448,2,10,62,4,0x7f82,9,1,200,-364.0
409159148354,8449,2,10,62,4,0x5f82,8,1,200,160.0
409159165384,8450,2,10,62,4,0x7f82,9,1,200,-1328.0
409159183507,8451,2,10,62,4,0x7f82,9,1,200,981.0
409159198999,8452,2,10,62,4,0x7f82,9,1,200,770.0
409159215695,8453,2,10,62,4,0x7f82,9,1,200,-937.0
409159232571,8454,2,10,62,4,0x7f82,9,1,200,611.0
409159249172,8455,2,10,62,4,0x5f82,8,1,200,818.0
409159267823,8456,2,10,62,4,0x7f82,9,1,200,1413.0
409159282411,8457,2,10,62,4,0x7f82,9,1,200,936.0
409159299621,8458,2,10,62,4,0x5f82,8,1,200,-869.0
409159316014,8459,2,10,62,4,0x7f82,9,1,200,-368.0
409159332708,8460,2,10,62,4,0x7f82,9,1,200,-285.0
409159349194,8461,2,10,62,4,0x7f82,9,1,200,658.0
409159367761,8462,2,10,62,4,0x7f82,9,1,200,-121.0
409159382657,8463,2,10,62,4,0x7f82,9,1,200,219.0
409159399393,8464,2,10,62,4,0x7f82,9,1,200,-156.0
409159416739,8465,2,10,62,4,0x7f82,9,1,200,418.0
409159432642,8466,2,10,62,4,0x7f82,9,1,200,-262.0
409159450089,8467,2,10,62,4,0x7f82,9,1,200,406.0
409159465894,8468,2,10,62,4,0x5f82,8,1,200,-400.0
409159482713,8469,2,10,62,4,0x7f82,9,1,200,1021.0
409159500443,8470,2,10,62,4,0x7f82,9,1,200,767.0
409159516641,8471,2,10,62,4,0x7f82,9,1,200,1022.0
409159533215,8472,2,10,62,4,0x7f82,9,1,200,131.0
409159549618,8473,2,10,62,4,0x7f82,9,1,200,-36.0
409159566552,8474,2,10,62,4,0x7f82,9,1,200,1111.0
409159582635,8475,2,10,62,4,0x7f82,9,1,200,375.0
409159600331,8476,2,10,62,4,0x7f82,9,1,200,-760.0
409159618556,8477,2,10,62,4,0x5f82,8,1,200,765.0
409159636066,8478,2,10,62,4,0x7f82,9,1,200,-661.0
409159650451,8479,2,10,62,4,0x5f82,8,1,200,-1405.0
409159666241,8480,2,10,62,4,0x7f82,9,1,200,313.0
409159683113,8481,2,10,62,4,0x7f82,9,1,200,1502.0
409159699960,8482,2,10,62,4,0x7f82,9,1,200,-580.0
409159718016,8483,2,10,62,4,0x7f82,9,1,200,1097.0
409159733111,8484,2,10,62,4,0x7f82,9,1,200,-866.0
409159749642,8485,2,10,62,4,0x5f82,8,1,200,1736.0
409159766161,8486,2,10,62,4,0x5f82,8,1,200,894.0
409159783286,8487,2,10,62,4,0x5f82,8,1,200,-385.0
409159800060,8488,2,10,62,4,0x5f82,8,1,200,337.0
409159816488,8489,2,10,62,4,0x5f82,8,1,200,-181.0
409159833165,8490,2,10,62,4,0x7f82,9,1,200,1220.0
409159849966,8491,2,10,62,4,0x7f82,9,1,200,1041.0
409159867885,8492,2,10,62,4,0x5f82,8,1,200,272.0
409159882882,8493,2,10,62,4,0x5f82,8,1,200,242.0
409159899958,8494,2,10,62,4,0x5f82,8,1,200,979.0
409159916423,8495,2,10,62,4,0x5f82,8,1,200,-1119.0
409159933585,8496,2,10,62,4,0x7f82,9,1,200,1106.0
409159950273,8497,2,10,62,4,0x7f82,9,1,200,-1089.0
409159966398,8498,2,10,62,4,0x7f82,9,1,200,1193.0
409159984268,8499,2,10,62,4,0x7f82,9,1,200,821.0
409159999834,8500,2,10,62,4,0x7f82,9,1,200,-1224.0
409160016658,8501,2,10,62,4,0x7f82,9,1,200,-1524.0
409160033165,8502,2,10,62,4,0x7f82,9,1,200,-680.0
409160050484,8503,2,10,62,4,0x7f82,9,1,200,1172.0
409160069338,8504,2,10,62,4,0x5f82,8,1,200,399.0
409160083560,8505,2,10,62,4,0x7f82,9,1,200,1206.0
409160099758,8506,2,10,62,4,0x7f82,9,1,200,-318.0
409160116547,8507,2,10,62,4,0x7f82,9,1,200,-340.0
409160133058,8508,2,10,62,4,0x5f82,8,1,200,-1068.0
409160150671,8509,2,10,62,4,0x7f82,9,1,200,-210.0
409160166708,8510,2,10,62,4,0x7f82,9,1,200,691.0
409160183861,8511,2,10,62,4,0x7f82,9,1,200,1156.0
409160200832,8512,2,10,62,4,0x7f82,9,1,200,-1383.0
409160218685,8513,2,10,62,4,0x7f82,9,1,200,1839.0
409160233427,8514,2,10,62,4,0x7f82,9,1,200,1083.0
409160251842,8515,2,10,62,4,0x7f82,9,1,200,-49.0
409160266797,8516,2,10,62,4,0x7f82,9,1,200,-1170.0
409160283432,8517,2,10,62,4,0x7f82,9,1,200,858.0
409160300767,8518,2,10,62,4,0x7f82,9,1,200,767.0
409160317016,8519,2,10,62,4,0x7f82,9,1,200,-171.0
409160334159,8520,2,10,62,4,0x7f82,9,1,200,1082.0
409160349826,8521,2,10,62,4,0x7f82,9,1,200,-977.0
409160367007,8522,2,10,62,4,0x7f82,9,1,200,175.0
409160383479,8523,2,10,62,4,0x7f82,9,1,200,-607.0
409160400427,8524,2,10,62,4,0x7f82,9,1,200,-615.0
409160418850,8525,2,10,62,4,0x7f82,9,1,200,997.0
409160433560,8526,2,10,62,4,0x7f82,9,1,200,-1089.0
409160451115,8527,2,10,62,4,0x7f82,9,1,200,214.0
409160466652,8528,2,10,62,4,0x7f82,9,1,200,-186.0
409160484090,8529,2,10,62,4,0x7f82,9,1,200,610.0
409160500484,8530,2,10,62,4,0x7f82,9,1,200,454.0
409160516926,8531,2,10,62,4,0x7f82,9,1,200,-282.0
409160535205,8532,2,10,62,4,0x7f82,9,1,200,-860.0
409160550891,8533,2,10,62,4,0x7f82,9,1,200,986.0
409160567518,8534,2,10,62,4,0x7f82,9,1,200,-955.0
409160584258,8535,2,10,62,4,0x5f82,8,1,200,1149.0
409160600068,8536,2,10,62,4,0x5f82,8,1,200,-165.0
409160617440,8537,2,10,62,4,0x7f82,9,1,200,-372.0
409160633746,8538,2,10,62,4,0x7f82,9,1,200,-894.0
409160651230,8539,2,10,62,4,0x7f82,9,1,200,-1236.0
409160669363,8540,2,10,62,4,0x7f82,9,1,200,421.0
409160685128,8541,2,10,62,4,0x5f82,8,1,200,724.0
409160700634,8542,2,10,62,4,0x7f82,9,1,200,727.0
409160717559,8543,2,10,62,4,0x7f82,9,1,200,-178.0
409160734220,8544,2,10,62,4,0x7f82,9,1,200,-1407.0
409160751459,8545,2,10,62,4,0x7f82,9,1,200,-633.0
409160771500,8546,2,10,62,4,0x7f82,9,1,200,1430.0
409160784011,8547,2,10,62,4,0x7f82,9,1,200,-1205.0
409160801453,8548,2,10,62,4,0x7f82,9,1,200,-702.0
409160817243,8549,2,10,62,4,0x7f82,9,1,200,943.0
409160833959,8550,2,10,62,4,0x5f82,8,1,200,464.0
409160851683,8551,2,10,62,4,0x7f82,9,1,200,201.0
409160870975,8552,2,10,62,4,0x7f82,9,1,200,1571.0
409160884134,8553,2,10,62,4,0x7f82,9,1,200,-375.0
409160900956,8554,2,10,62,4,0x7f82,9,1,200,979.0
409160918720,8555,2,10,62,4,0x7f82,9,1,200,1344.0
409160934266,8556,2,10,62,4,0x7f82,9,1,200,-1027.0
409160950905,8557,2,10,62,4,0x7f82,9,1,200,-687.0
409160967920,8558,2,10,62,4,0x7f82,9,1,200,-1336.0
409160987214,8559,2,10,62,4,0x7f82,9,1,200,-1508.0
409161002510,8560,2,10,62,4,0x7f82,9,1,200,1075.0
409161019248,8561,2,10,62,4,0x7f82,9,1,200,1114.0
409161034182,8562,2,10,62,4,0x7f82,9,1,200,-1561.0
409161050892,8563,2,10,62,4,0x7f82,9,1,200,617.0
409161067780,8564,2,10,62,4,0x7f82,9,1,200,-1087.0
409161085074,8565,2,10,62,4,0x7f82,9,1,200,1269.0
409161103042,8566,2,10,62,4,0x7f82,9,1,200,1168.0
409161118485,8567,2,10,62,4,0x7f82,9,1,200,661.0
409161134816,8568,2,10,62,4,0x7f82,9,1,200,-1476.0
409161151288,8569,2,10,62,4,0x7f82,9,1,200,1133.0
409161167386,8570,2,10,62,4,0x7f82,9,1,200,-931.0
409161184270,8571,2,10,62,4,0x7f82,9,1,200,537.0
409161200787,8572,2,10,62,4,0x7f82,9,1,200,1118.0
409161218059,8573,2,10,62,4,0x7f82,9,1,200,524.0
409161234472,8574,2,10,62,4,0x7f82,9,1,200,214.0
409161251350,8575,2,10,62,4,0x7f82,9,1,200,1323.0
409161267858,8576,2,10,62,4,0x7f82,9,1,200,-1309.0
409161284629,8577,2,10,62,4,0x7f82,9,1,200,464.0
409161301392,8578,2,10,62,4,0x7f82,9,1,200,-1522.0
409161317484,8579,2,10,62,4,0x7f82,9,1,200,-921.0
409161338087,8580,2,10,62,4,0x7f82,9,1,200,1382.0
409161354080,8581,2,10,62,4,0x7f82,9,1,200,1225.0
409161367499,8582,2,10,62,4,0x7f82,9,1,200,-725.0
409161384550,8583,2,10,62,4,0x7f82,9,1,200,-933.0
409161401098,8584,2,10,62,4,0x7f82,9,1,200,-1072.0
409161417674,8585,2,10,62,4,0x7f82,9,1,200,-516.0
409161434437,8586,2,10,62,4,0x7f82,9,1,200,-1145.0
409161452245,8587,2,10,62,4,0x7f82,9,1,200,-5.0
409161468049,8588,2,10,62,4,0x7f82,9,1,200,-1471.0
409161485047,8589,2,10,62,4,0x7f82,9,1,200,1362.0
409161501075,8590,2,10,62,4,0x7f82,9,1,200,-238.0
409161518045,8591,2,10,62,4,0x7f82,9,1,200,-1133.0
409161534559,8592,2,10,62,4,0x7f82,9,1,200,-936.0
409161551533,8593,2,10,62,4,0x7f82,9,1,200,831.0
409161571379,8594,2,10,62,4,0x7f82,9,1,200,-186.0
409161585227,8595,2,10,62,4,0x5f82,8,1,200,-440.0
409161602441,8596,2,10,62,4,0x7f82,9,1,200,1772.0
409161617799,8597,2,10,62,4,0x7f82,9,1,200,-887.0
409161634533,8598,2,10,62,4,0x5f82,8,1,200,-326.0
409161651618,8599,2,10,62,4,0x5f82,8,1,200,-235.0
409161667841,8600,2,10,62,4,0x7f82,9,1,200,-748.0
409161687174,8601,2,10,62,4,0x7f82,9,1,200,723.0
409161701638,8602,2,10,62,4,0x5f82,8,1,200,460.0
409161719096,8603,2,10,62,4,0x5f82,8,1,200,728.0
409161734801,8604,2,10,62,4,0x7f82,9,1,200,693.0
409161751243,8605,2,10,62,4,0x7f82,9,1,200,-16.0
409161768158,8606,2,10,62,4,0x7f82,9,1,200,1072.0
409161785147,8607,2,10,62,4,0x7f82,9,1,200,1121.0
409161802304,8608,2,10,62,4,0x7f82,9,1,200,-818.0
409161819430,8609,2,10,62,4,0x7f82,9,1,200,-509.0
409161837062,8610,2,10,62,4,0x5f82,8,1,200,1088.0
409161851512,8611,2,10,62,4,0x5f82,8,1,200,875.0
409161868704,8612,2,10,62,4,0x7f82,9,1,200,6.0
409161885412,8613,2,10,62,4,0x7f82,9,1,200,397.0
409161902025,8614,2,10,62,4,0x7f82,9,1,200,1144.0
409161919684,8615,2,10,62,4,0x5f82,8,1,200,55.0
409161935989,8616,2,10,62,4,0x5f82,8,1,200,616.0
409161952295,8617,2,10,62,4,0x5f82,8,1,200,-1210.0
409161968278,8618,2,10,62,4,0x5f82,8,1,200,-638.0
409161985248,8619,2,10,62,4,0x5f82,8,1,200,-953.0
409162001815,8620,2,10,62,4,0x5f82,8,1,200,810.0
409162018748,8621,2,10,62,4,0x5f82,8,1,200,351.0
409162036172,8622,2,10,62,4,0x7f82,9,1,200,144.0
409162052304,8623,2,10,62,4,0x7f82,9,1,200,150.0
409162069822,8624,2,10,62,4,0x7f82,9,1,200,937.0
409162085265,8625,2,10,62,4,0x7f82,9,1,200,-616.0
409162102082,8626,2,10,62,4,0x7f82,9,1,200,172.0
409162119020,8627,2,10,62,4,0x7f82,9,1,200,380.0
409162136463,8628,2,10,62,4,0x7f82,9,1,200,-364.0
409162152906,8629,2,10,62,4,0x7f82,9,1,200,914.0
409162169213,8630,2,10,62,4,0x7f82,9,1,200,-203.0
409162186688,8631,1,255,63,4,0x7f82,9,1,200,-299.0
409162201773,8632,1,255,63,4,0x7f82,9,1,200,-769.0
409162218469,8633,1,255,63,4,0x7f82,9,1,200,914.0
409162235132,8634,1,255,63,4,0x7f82,9,1,200,-297.0
409162252743,8635,1,255,63,4,0x7f82,9,1,200,-2220.0
409162270243,8636,1,255,63,4,0x7f82,9,1,200,867.0
409162286551,8637,1,255,63,4,0x7f82,9,1,200,927.0
409162303061,8638,1,255,63,4,0x7f82,9,1,200,-389.0
409162319300,8639,1,255,63,4,0x7f82,9,1,200,-666.0
409162335768,8640,1,255,63,4,0x7f82,9,1,200,-1552.0
409162352186,8641,1,255,63,4,0x7f82,9,1,200,-1174.0
409162371176,8642,1,255,63,4,0x5f82,8,1,200,1119.0
409162385854,8643,1,255,63,4,0x7f82,9,1,200,-912.0
409162402213,8644,1,255,63,4,0x7f82,9,1,200,291.0
409162418869,8645,1,255,63,4,0x7f82,9,1,200,384.0
409162435677,8646,1,255,63,4,0x7f82,9,1,200,-1141.0
409162452364,8647,1,255,63,4,0x7f82,9,1,200,-367.0
409162469120,8648,1,255,63,4,0x7f82,9,1,200,420.0
409162490352,8649,1,255,63,4,0x5f82,8,1,200,-965.0
409162502515,8650,1,255,63,4,0x5f82,8,1,200,736.0
409162518763,8651,1,255,63,4,0x7f82,9,1,200,-920.0
409162535950,8652,1,255,63,4,0x7f82,9,1,200,985.0
409162552601,8653,1,255,63,4,0x7f82,9,1,200,-1498.0
409162569441,8654,1,255,63,4,0x7f82,9,1,200,-34.0
409162586034,8655,1,255,63,4,0x7f82,9,1,200,-1226.0
409162603611,8656,1,255,63,4,0x7f82,9,1,200,-288.0
409162619387,8657,1,255,63,4,0x7f82,9,1,200,-140.0
409162636155,8658,1,255,63,4,0x5f82,8,1,200,634.0
409162653265,8659,1,255,63,4,0x7f82,9,1,200,1298.0
409162669484,8660,1,255,63,4,0x7f82,9,1,200,-469.0
409162686769,8661,1,255,63,4,0x7f82,9,1,200,-1534.0
409162702437,8662,1,255,63,4,0x7f82,9,1,200,-1079.0
409162722720,8663,1,255,63,4,0x7f82,9,1,200,963.0
409162736264,8664,1,255,63,4,0x5f82,8,1,200,1049.0
409162752980,8665,1,255,63,4,0x5f82,8,1,200,-1116.0
409162769561,8666,1,255,63,4,0x5f82,8,1,200,-529.0
409162785936,8667,1,255,63,4,0x5f82,8,1,200,900.0
409162802811,8668,1,255,63,4,0x5f82,8,1,200,-678.0
409162819874,8669,1,255,63,4,0x7f82,9,1,200,-901.0
409162836182,8670,1,255,63,4,0x7f82,9,1,200,-553.0
409162854186,8671,1,255,63,4,0x7f82,9,1,200,686.0
409162870428,8672,1,255,63,4,0x7f82,9,1,200,1673.0
409162888648,8673,1,255,63,4,0x7f82,9,1,200,-718.0
409162902750,8674,1,255,63,4,0x7f82,9,1,200,-4.0
409162919993,8675,1,255,63,4,0x7f82,9,1,200,-1067.0
409162936155,8676,1,255,63,4,0x5f82,8,1,200,-240.0
409162953296,8677,1,255,63,4,0x5f82,8,1,200,-909.0
409162970407,8678,1,255,63,4,0x7f82,9,1,200,1436.0
409162988820,8679,1,255,63,4,0x5f82,8,1,200,-1310.0
409163002856,8680,1,255,63,4,0x7f82,9,1,200,-275.0
409163019813,8681,1,255,63,4,0x7f82,9,1,200,72.0
409163036292,8682,1,255,63,4,0x7f82,9,1,200,862.0
409163052919,8683,1,255,63,4,0x5f82,8,1,200,-399.0
409163072654,8684,1,255,63,4,0x5f82,8,1,200,-751.0
409163086550,8685,1,255,63,4,0x5f82,8,1,200,-292.0
409163103524,8686,1,255,63,4,0x5f82,8,1,200,1763.0
409163119731,8687,1,255,63,4,0x5f82,8,1,200,769.0
409163136583,8688,1,255,63,4,0x7f82,9,1,200,453.0
409163153504,8689,1,255,63,4,0x7f82,9,1,200,-195.0
409163169636,8690,1,255,63,4,0x7f82,9,1,200,660.0
409163185775,8691,1,255,64,4,0x7f82,9,1,200,873.0
409163204155,8692,1,255,64,4,0x7f82,9,1,200,-864.0
409163220214,8693,1,255,64,4,0x7f82,9,1,200,14.0
409163237241,8694,1,255,64,4,0x7f82,9,1,200,667.0
409163252921,8695,1,255,64,4,0x7f82,9,1,200,-157.0
409163270028,8696,1,255,64,4,0x7f82,9,1,200,1011.0
409163286333,8697,1,255,64,4,0x7f82,9,1,200,431.0
409163304249,8698,1,255,64,4,0x7f82,9,1,200,-848.0
409163320524,8699,1,255,64,4,0x7f82,9,1,200,1502.0
409163337036,8700,1,255,64,4,0x7f82,9,1,200,1149.0
409163353165,8701,1,255,64,4,0x7f82,9,1,200,-1228.0
409163369957,8702,1,255,64,4,0x7f82,9,1,200,-1062.0
409163387090,8703,1,255,64,4,0x7f82,9,1,200,-814.0
409163403304,8704,1,255,64,4,0x7f82,9,1,200,-119.0
409163420186,8705,1,255,64,4,0x7f82,9,1,200,1090.0
409163437490,8706,1,255,64,4,0x7f82,9,1,200,356.0
409163453880,8707,1,255,64,4,0x7f82,9,1,200,-1284.0
409163470770,8708,1,255,64,4,0x7f82,9,1,200,376.0
409163486506,8709,1,255,64,4,0x7f82,9,1,200,-431.0
409163503441,8710,1,255,64,4,0x7f82,9,1,200,-305.0
409163520306,8711,1,255,64,4,0x7f82,9,1,200,-1275.0
409163536897,8712,1,255,64,4,0x7f82,9,1,200,-984.0
409163554055,8713,1,255,64,4,0x7f82,9,1,200,-1253.0
409163570419,8714,1,255,64,4,0x7f82,9,1,200,-503.0
409163586946,8715,1,255,64,4,0x7f82,9,1,200,-1079.0
409163604313,8716,1,255,64,4,0x7f82,9,1,200,-1744.0
409163620164,8717,1,255,64,4,0x7f82,9,1,200,-110.0
409163637207,8718,1,255,64,4,0x7f82,9,1,200,796.0
409163655264,8719,1,255,64,4,0x7f82,9,1,200,1610.0
409163671564,8720,1,255,64,4,0x7f82,9,1,200,1750.0
409163686884,8721,1,255,64,4,0x7f82,9,1,200,-278.0
409163704122,8722,1,255,64,4,0x7f82,9,1,200,1347.0
409163720655,8723,1,255,64,4,0x7f82,9,1,200,410.0
409163737656,8724,1,255,64,4,0x7f82,9,1,200,-1451.0
409163756510,8725,1,255,64,4,0x7f82,9,1,200,-1721.0
409163770869,8726,1,255,64,4,0x7f82,9,1,200,84.0
409163788001,8727,1,255,64,4,0x5f82,8,1,200,-115.0
409163804102,8728,1,255,64,4,0x5f82,8,1,200,1029.0
409163820393,8729,1,255,64,4,0x5f82,8,1,200,564.0
409163837154,8730,1,255,64,4,0x5f82,8,1,200,-1329.0
409163853297,8731,1,255,64,4,0x5f82,8,1,200,-55.0
409163871418,8732,1,255,64,4,0x5f82,8,1,200,-1519.0
409163887105,8733,1,255,64,4,0x5f82,8,1,200,-699.0
409163904829,8734,1,255,64,4,0x7f82,9,1,200,153.0
409163922547,8735,1,255,64,4,0x7f82,9,1,200,1197.0
409163937625,8736,1,255,64,4,0x5f82,8,1,200,1528.0
409163953666,8737,1,255,64,4,0x5f82,8,1,200,-704.0
409163970709,8738,1,255,64,4,0x5f82,8,1,200,313.0
409163989253,8739,1,255,64,4,0x7f82,9,1,200,1439.0
409164005193,8740,1,255,64,4,0x7f82,9,1,200,-16.0
409164022614,8741,1,255,64,4,0x7f82,9,1,200,614.0
409164036981,8742,1,255,64,4,0x7f80,8,1,200,1713.0
409164053485,8743,1,255,64,4,0x7f80,8,1,200,-807.0
409164070694,8744,1,255,64,4,0x7f80,8,1,200,-472.0
409164087800,8745,1,255,64,4,0x7f80,8,1,200,-617.0
409164104397,8746,1,255,64,4,0x7f80,8,1,200,155.0
409164121422,8747,1,255,64,4,0x7f81,9,1,200,-112.0
409164137813,8748,1,255,64,4,0x7f81,9,1,200,-273.0
409164155994,8749,1,255,64,4,0x7f81,9,1,200,-760.0
409164170562,8750,1,255,64,4,0x7f41,9,1,200,-846.0
409164187945,8751,1,255,64,4,0x17f41,10,1,200,-779.0
409164204139,8752,1,255,65,4,0x17f41,10,1,200,783.0
409164223155,8753,1,255,65,4,0x17e41,9,1,200,-997.0
409164239456,8754,1,255,65,4,0x1fe61,11,1,200,883.0
409164255600,8755,1,255,65,4,0x1fe61,11,1,200,647.0
409164271474,8756,1,255,65,4,0x1fe61,11,1,200,745.0
409164287470,8757,1,255,65,4,0x1fc61,10,1,200,-340.0
409164303867,8758,1,255,65,4,0x1f861,9,1,200,-911.0
409164321037,8759,1,255,65,4,0x1f860,8,1,200,7.0
409164339014,8760,1,255,65,4,0xf860,7,1,200,-1625.0
409164354995,8761,1,255,65,4,0x7860,6,1,200,1003.0
409164371257,8762,1,255,65,4,0x7c70,8,1,200,95.0
409164387266,8763,1,255,65,4,0x7470,7,1,200,537.0
409164403439,8764,1,255,65,4,0x7470,7,1,200,-316.0
409164419810,8765,1,255,65,4,0x7470,7,1,200,858.0
409164436405,8766,1,255,65,4,0x7078,7,1,200,549.0
409164453054,8767,1,255,65,4,0x7478,8,1,200,1279.0
409164470565,8768,1,255,65,4,0x7478,8,1,200,-105.0
409164486497,8769,1,255,65,4,0x7478,8,1,200,-494.0
409164503226,8770,1,255,65,4,0x7478,8,1,200,-1453.0
409164519718,8771,1,255,65,4,0x7470,7,1,200,-24.0
409164537275,8772,1,255,65,4,0x7460,6,1,200,-145.0
409164559422,8773,1,255,65,4,0x7460,6,1,200,823.0
409164576494,8774,1,255,65,4,0x7460,6,1,200,-419.0
409164590468,8775,1,255,65,4,0x5460,5,1,200,791.0
409164603783,8776,1,255,65,4,0x1460,4,1,200,665.0
409164619548,8777,1,255,65,4,0x420,2,1,200,-1221.0
409164635931,8778,1,255,65,4,0x0,0,1,200,-1096.0
409164653410,8779,1,255,65,4,0x0,0,1,200,-385.0
409164669551,8780,1,255,65,4,0x0,0,1,200,-135.0
409164686995,8781,1,255,65,4,0x0,0,1,200,693.0
409164703049,8782,1,255,65,4,0x0,0,1,200,1006.0
409164719210,8783,1,255,65,4,0x0,0,1,200,-885.0
409164736278,8784,1,255,65,4,0x0,0,1,200,268.0
409164753059,8785,1,255,65,4,0x0,0,1,200,394.0
409164769756,8786,1,255,65,4,0x0,0,1,200,483.0
409164786035,8787,1,255,65,4,0x0,0,1,200,605.0
409164803916,8788,1,255,65,4,0x0,0,1,200,-1511.0
409164820147,8789,1,255,65,4,0x0,0,1,200,176.0
409164836372,8790,1,255,65,4,0x0,0,1,200,35.0
409164852814,8791,1,255,65,4,0x0,0,1,200,554.0
409164869268,8792,1,255,65,4,0x0,0,1,200,-1168.0
409164886388,8793,1,255,65,4,0x0,0,1,200,615.0
409164902600,8794,1,255,65,4,0x0,0,1,200,-470.0
409164923970,8795,1,255,65,4,0x0,0,1,200,-1220.0
409164937406,8796,1,255,65,4,0x0,0,1,200,-430.0
409164954298,8797,1,255,65,4,0x0,0,1,200,-1061.0
409164969446,8798,1,255,65,4,0x0,0,1,200,1373.0
409164986075,8799,1,255,65,4,0x0,0,1,200,1259.0
409165003036,8800,1,255,65,4,0x0,0,1,200,68.0
409165019850,8801,1,255,65,4,0x0,0,1,200,-1063.0
409165036539,8802,1,255,65,4,0x0,0,1,200,-316.0
409165053238,8803,1,255,65,4,0x0,0,1,200,-463.0
409165070295,8804,1,255,65,4,0x0,0,1,200,-563.0
409165086187,8805,1,255,65,4,0x0,0,1,200,-14.0
409165102982,8806,1,255,65,4,0x0,0,1,200,-34.0
409165119707,8807,1,255,65,4,0x0,0,1,200,918.0
409165136054,8808,1,255,65,4,0x0,0,1,200,-929.0
409165152997,8809,1,255,65,4,0x0,0,1,200,-915.0
409165170146,8810,1,255,65,4,0x0,0,1,200,1357.0
409165187686,8811,1,255,65,4,0x0,0,1,200,-515.0
409165202834,8812,1,255,66,4,0x0,0,1,200,1115.0
409165219788,8813,1,255,66,4,0x0,0,1,200,1513.0
409165236581,8814,1,255,66,4,0x0,0,1,200,1106.0
409165253906,8815,1,255,66,4,0x0,0,1,200,-532.0
409165271077,8816,1,255,66,4,0x0,0,1,200,-1337.0
409165287118,8817,1,255,66,4,0x0,0,1,200,-1665.0
409165303255,8818,1,255,66,4,0x0,0,1,200,-920.0
409165319694,8819,1,255,66,4,0x0,0,1,200,858.0
409165336644,8820,1,255,66,4,0x0,0,1,200,1352.0
409165353035,8821,1,255,66,4,0x0,0,1,200,1198.0
409165369857,8822,1,255,66,4,0x0,0,1,200,1985.0
409165386683,8823,1,255,66,4,0x0,0,1,200,-484.0
409165403608,8824,1,255,66,4,0x0,0,1,200,2020.0
409165420315,8825,1,255,66,4,0x0,0,1,200,-1218.0
409165436662,8826,1,255,66,4,0x0,0,1,200,1015.0
409165453931,8827,1,255,66,4,0x0,0,1,200,-606.0
409165470028,8828,1,255,66,4,0x0,0,1,200,42.0
409165486764,8829,1,255,66,4,0x0,0,1,200,-345.0
409165503338,8830,1,255,66,4,0x0,0,1,200,-310.0
409165519772,8831,1,255,66,4,0x0,0,1,200,995.0
409165537140,8832,1,255,66,4,0x0,0,1,200,1703.0
409165553523,8833,1,255,66,4,0x0,0,1,200,-7.0
409165570062,8834,1,255,66,4,0x0,0,1,200,-6.0
409165587040,8835,1,255,66,4,0x0,0,1,200,1059.0
409165603516,8836,1,255,66,4,0x0,0,1,200,-1467.0
409165619977,8837,1,255,66,4,0x0,0,1,200,-346.0
409165640108,8838,1,255,66,4,0x0,0,1,200,-456.0
409165653632,8839,1,255,66,4,0x0,0,1,200,-668.0
409165670487,8840,1,255,66,4,0x0,0,1,200,-1157.0
409165686911,8841,1,255,66,4,0x0,0,1,200,-1342.0
409165703691,8842,1,255,66,4,0x0,0,1,200,-204.0
409165720770,8843,1,255,66,4,0x0,0,1,200,16.0
409165738050,8844,1,255,66,4,0x0,0,1,200,-1209.0
409165754514,8845,1,255,66,4,0x0,0,1,200,-784.0
409165770582,8846,1,255,66,4,0x0,0,1,200,-662.0
409165787096,8847,1,255,66,4,0x0,0,1,200,10.0
409165803619,8848,1,255,66,4,0x0,0,1,200,-704.0
409165820471,8849,1,255,66,4,0x0,0,1,200,-931.0
409165837261,8850,1,255,66,4,0x0,0,1,200,1181.0
409165854961,8851,1,255,66,4,0x0,0,1,200,-122.0
409165871135,8852,1,255,66,4,0x0,0,1,200,1204.0
409165887407,8853,1,255,66,4,0x0,0,1,200,-373.0
409165903685,8854,1,255,66,4,0x0,0,1,200,-778.0
409165920778,8855,1,255,66,4,0x0,0,1,200,1259.0
409165937006,8856,1,255,66,4,0x0,0,1,200,-68.0
409165953731,8857,1,255,66,4,0x0,0,1,200,1345.0
409165970800,8858,1,255,66,4,0x0,0,1,200,-362.0
409165989438,8859,1,255,66,4,0x0,0,1,200,-1488.0
409166004007,8860,1,255,66,4,0x0,0,1,200,-757.0
409166020574,8861,1,255,66,4,0x0,0,1,200,-1324.0
409166037382,8862,1,255,66,4,0x0,0,1,200,1411.0
409166053812,8863,1,255,66,4,0x0,0,1,200,952.0
409166070772,8864,1,255,66,4,0x0,0,1,200,5.0
409166089368,8865,1,255,66,4,0x0,0,1,200,-1502.0
409166104387,8866,1,255,66,4,0x0,0,1,200,652.0
409166120589,8867,1,255,66,4,0x0,0,1,200,1218.0
409166137672,8868,1,255,66,4,0x0,0,1,200,-348.0
409166154159,8869,1,255,66,4,0x0,0,1,200,940.0
409166170594,8870,1,255,66,4,0x0,0,1,200,857.0
409166187584,8871,1,255,66,4,0x0,0,1,200,1639.0
409166204399,8872,1,255,66,4,0x0,0,1,200,49.0
409166222460,8873,1,255,67,4,0x0,0,1,200,-959.0
409166237448,8874,1,255,67,4,0x0,0,1,200,711.0
409166254468,8875,1,255,67,4,0x0,0,1,200,1222.0
409166271000,8876,1,255,67,4,0x0,0,1,200,739.0
409166287425,8877,1,255,67,4,0x0,0,1,200,-499.0
409166305958,8878,1,255,67,4,0x0,0,1,200,-503.0
409166321800,8879,1,255,67,4,0x0,0,1,200,-1224.0
409166337309,8880,1,255,67,4,0x0,0,1,200,1205.0
409166354400,8881,1,255,67,4,0x0,0,1,200,-308.0
409166370992,8882,1,255,67,4,0x0,0,1,200,1244.0
409166387960,8883,1,255,67,4,0x0,0,1,200,-772.0
409166404264,8884,1,255,67,4,0x0,0,1,200,1358.0
409166421909,8885,1,255,67,4,0x0,0,1,200,1447.0
409166437793,8886,1,255,67,4,0x0,0,1,200,1406.0
409166456035,8887,1,255,67,4,0x0,0,1,200,744.0
409166471158,8888,1,255,67,4,0x0,0,1,200,1332.0
409166487661,8889,1,255,67,4,0x0,0,1,200,1593.0
409166504614,8890,1,255,67,4,0x0,0,1,200,727.0
409166521024,8891,1,255,67,4,0x0,0,1,200,1071.0
409166537636,8892,1,255,67,4,0x0,0,1,200,727.0
409166554292,8893,1,255,67,4,0x0,0,1,200,-104.0
409166574829,8894,1,255,67,4,0x0,0,1,200,-1709.0
409166588127,8895,1,255,67,4,0x0,0,1,200,1067.0
409166604399,8896,1,255,67,4,0x0,0,1,200,-243.0
409166621285,8897,1,255,67,4,0x0,0,1,200,777.0
409166637863,8898,1,255,67,4,0x0,0,1,200,18.0
409166654440,8899,1,255,67,4,0x0,0,1,200,745.0
409166671444,8900,1,255,67,4,0x0,0,1,200,1094.0
409166688547,8901,1,255,67,4,0x0,0,1,200,-2242.0
409166705225,8902,1,255,67,4,0x0,0,1,200,-465.0
409166721099,8903,1,255,67,4,0x0,0,1,200,1196.0
409166738231,8904,1,255,67,4,0x0,0,1,200,-1092.0
409166754734,8905,1,255,67,4,0x0,0,1,200,1580.0
409166775915,8906,1,255,67,4,0x0,0,1,200,2587.0
409166788756,8907,1,255,67,4,0x0,0,1,200,-978.0
409166805477,8908,1,255,67,4,0x0,0,1,200,-1311.0
409166821560,8909,1,255,67,4,0x0,0,1,200,820.0
409166838035,8910,1,255,67,4,0x0,0,1,200,-87.0
409166855015,8911,1,255,67,4,0x0,0,1,200,-398.0
409166871288,8912,1,255,67,4,0x0,0,1,200,1141.0
409166892087,8913,1,255,67,4,0x0,0,1,200,1659.0
409166905634,8914,1,255,67,4,0x0,0,1,200,-1450.0
409166921858,8915,1,255,67,4,0x0,0,1,200,1232.0
409166938219,8916,1,255,67,4,0x0,0,1,200,-123.0
409166954682,8917,1,255,67,4,0x0,0,1,200,1340.0
409166971600,8918,1,255,67,4,0x0,0,1,200,-332.0
409166988868,8919,1,255,67,4,0x0,0,1,200,823.0
409167005314,8920,1,255,67,4,0x0,0,1,200,-209.0
409167021874,8921,1,255,67,4,0x0,0,1,200,-869.0
409167038718,8922,1,255,67,4,0x0,0,1,200,-1153.0
409167054850,8923,1,255,67,4,0x0,0,1,200,-47.0
409167071783,8924,1,255,67,4,0x0,0,1,200,-468.0
409167088628,8925,1,255,67,4,0x0,0,1,200,-709.0
409167104844,8926,1,255,67,4,0x0,0,1,200,90.0
409167121745,8927,1,255,67,4,0x0,0,1,200,1307.0
409167138681,8928,1,255,67,4,0x0,0,1,200,849.0
409167155120,8929,1,255,67,4,0x0,0,1,200,-90.0
409167171472,8930,1,255,67,4,0x0,0,1,200,1020.0
409167188590,8931,1,255,67,4,0x0,0,1,200,-516.0
409167205198,8932,1,255,67,4,0x0,0,1,200,1159.0
409167221892,8933,1,255,68,4,0x0,0,1,200,-1739.0
409167239701,8934,1,255,68,4,0x0,0,1,200,-776.0
409167255734,8935,1,255,68,4,0x0,0,1,200,2001.0
409167272010,8936,1,255,68,4,0x0,0,1,200,-180.0
409167288449,8937,1,255,68,4,0x0,0,1,200,1078.0
409167305099,8938,1,255,68,4,0x0,0,1,200,1190.0
409167321596,8939,1,255,68,4,0x0,0,1,200,1578.0
409167338996,8940,1,255,68,4,0x0,0,1,200,-1651.0
409167355281,8941,1,255,68,4,0x0,0,1,200,-1279.0
409167372510,8942,1,255,68,4,0x0,0,1,200,-622.0
409167389333,8943,1,255,68,4,0x0,0,1,200,-590.0
409167405521,8944,1,255,68,4,0x0,0,1,200,-185.0
409167422199,8945,1,255,68,4,0x0,0,1,200,892.0
409167438530,8946,1,255,68,4,0x0,0,1,200,-1336.0
409167458023,8947,1,255,68,4,0x0,0,1,200,1558.0
409167473568,8948,1,255,68,4,0x0,0,1,200,-908.0
409167488865,8949,1,255,68,4,0x0,0,1,200,4.0
409167505175,8950,1,255,68,4,0x0,0,1,200,78.0
409167522450,8951,1,255,68,4,0x0,0,1,200,-360.0
409167538544,8952,1,255,68,4,0x0,0,1,200,-1273.0
409167555719,8953,1,255,68,4,0x0,0,1,200,1488.0
409167572228,8954,1,255,68,4,0x0,0,1,200,1080.0
409167589137,8955,1,255,68,4,0x0,0,1,200,-384.0
409167606295,8956,1,255,68,4,0x0,0,1,200,-399.0
409167622584,8957,1,255,68,4,0x0,0,1,200,-1526.0
409167638832,8958,1,255,68,4,0x0,0,1,200,1227.0
409167656212,8959,1,255,68,4,0x0,0,1,200,-839.0
409167672202,8960,1,255,68,4,0x0,0,1,200,-640.0
409167689025,8961,1,255,68,4,0x0,0,1,200,1534.0
409167706289,8962,1,255,68,4,0x0,0,1,200,1765.0
409167722354,8963,1,255,68,4,0x0,0,1,200,-617.0
409167739681,8964,1,255,68,4,0x0,0,1,200,-552.0
409167755775,8965,1,255,68,4,0x0,0,1,200,1118.0
409167772255,8966,1,255,68,4,0x0,0,1,200,-1044.0
409167788926,8967,1,255,68,4,0x0,0,1,200,1375.0
409167805726,8968,1,255,68,4,0x0,0,1,200,-1042.0
409167822642,8969,1,255,68,4,0x0,0,1,200,1856.0
409167838994,8970,1,255,68,4,0x0,0,1,200,676.0
409167856057,8971,1,255,68,4,0x0,0,1,200,1254.0
409167872380,8972,1,255,68,4,0x0,0,1,200,-324.0
409167889852,8973,1,255,68,4,0x0,0,1,200,64.0
409167905932,8974,1,255,68,4,0x0,0,1,200,46.0
409167923822,8975,1,255,68,4,0x0,0,1,200,-2615.0
409167939378,8976,1,255,68,4,0x0,0,1,200,-403.0
409167956312,8977,1,255,68,4,0x0,0,1,200,1503.0
409167972831,8978,1,255,68,4,0x0,0,1,200,998.0
409167988946,8979,1,255,68,4,0x0,0,1,200,1138.0
409168006236,8980,1,255,68,4,0x0,0,1,200,2046.0
409168022634,8981,1,255,68,4,0x0,0,1,200,-1274.0
409168040005,8982,1,255,68,4,0x0,0,1,200,-261.0
409168056296,8983,1,255,68,4,0x0,0,1,200,1186.0
409168073229,8984,1,255,68,4,0x0,0,1,200,1214.0
409168089081,8985,1,255,68,4,0x0,0,1,200,-851.0
409168106079,8986,1,255,68,4,0x0,0,1,200,-374.0
409168122579,8987,1,255,68,4,0x0,0,1,200,-949.0
409168139038,8988,1,255,68,4,0x0,0,1,200,816.0
409168156916,8989,1,255,68,4,0x0,0,1,200,1847.0
409168174990,8990,1,255,68,4,0x0,0,1,200,1099.0
409168190099,8991,1,255,68,4,0x0,0,1,200,-145.0
409168205918,8992,1,255,68,4,0x0,0,1,200,-1193.0
409168223367,8993,1,255,68,4,0x0,0,1,200,-126.0
409168240205,8994,1,255,69,4,0x0,0,1,200,-1215.0
409168256246,8995,1,255,69,4,0x0,0,1,200,1322.0
409168274605,8996,1,255,69,4,0x0,0,1,200,-243.0
409168290602,8997,1,255,69,4,0x0,0,1,200,-693.0
409168306872,8998,1,255,69,4,0x0,0,1,200,-509.0
409168322751,8999,1,255,69,4,0x0,0,1,200,-731.0
409168339500,9000,1,255,69,4,0x0,0,1,200,-520.0
409168356577,9001,1,255,69,4,0x0,0,1,200,-494.0
409168373092,9002,1,255,69,4,0x0,0,1,200,-1419.0
409168393220,9003,1,255,69,4,0x0,0,1,200,-672.0
409168409635,9004,1,255,69,4,0x0,0,1,200,-482.0
409168423733,9005,1,255,69,4,0x0,0,1,200,1352.0
409168439947,9006,1,255,69,4,0x0,0,1,200,1111.0
409168456236,9007,1,255,69,4,0x0,0,1,200,1117.0
409168472972,9008,1,255,69,4,0x0,0,1,200,1107.0
409168489524,9009,1,255,69,4,0x0,0,1,200,-519.0
409168508917,9010,1,255,69,4,0x0,0,1,200,-437.0
409168523686,9011,1,255,69,4,0x0,0,1,200,-462.0
409168539736,9012,1,255,69,4,0x0,0,1,200,-685.0
409168556632,9013,1,255,69,4,0x0,0,1,200,1088.0
409168572993,9014,1,255,69,4,0x0,0,1,200,-285.0
409168590045,9015,1,255,69,4,0x0,0,1,200,-158.0
409168606636,9016,1,255,69,4,0x0,0,1,200,1121.0
409168626991,9017,1,255,69,4,0x0,0,1,200,-1935.0
409168640133,9018,1,255,69,4,0x0,0,1,200,1481.0
409168657571,9019,1,255,69,4,0x0,0,1,200,-687.0
409168673511,9020,1,255,69,4,0x0,0,1,200,1480.0
409168689939,9021,1,255,69,4,0x0,0,1,200,1227.0
409168706434,9022,1,255,69,4,0x0,0,1,200,1076.0
409168723653,9023,1,255,69,4,0x0,0,1,200,-233.0
409168741388,9024,1,255,69,4,0x0,0,1,200,-1347.0
409168756712,9025,1,255,69,4,0x0,0,1,200,-1324.0
409168773263,9026,1,255,69,4,0x0,0,1,200,1472.0
409168789688,9027,1,255,69,4,0x0,0,1,200,-510.0
409168806625,9028,1,255,69,4,0x0,0,1,200,835.0
409168823638,9029,1,255,69,4,0x0,0,1,200,1403.0
409168840039,9030,1,255,69,4,0x0,0,1,200,-775.0
409168857705,9031,1,255,69,4,0x0,0,1,200,1466.0
409168873462,9032,1,255,69,4,0x0,0,1,200,-886.0
409168890683,9033,1,255,69,4,0x0,0,1,200,-1613.0
409168906676,9034,1,255,69,4,0x0,0,1,200,807.0
409168924459,9035,1,255,69,4,0x0,0,1,200,791.0
409168940124,9036,1,255,69,4,0x0,0,1,200,1192.0
409168959296,9037,1,255,69,4,0x0,0,1,200,-29.0
409168974359,9038,1,255,69,4,0x0,0,1,200,79.0
409168990633,9039,1,255,69,4,0x0,0,1,200,1268.0
409169007118,9040,1,255,69,4,0x0,0,1,200,1090.0
409169023770,9041,1,255,69,4,0x0,0,1,200,-247.0
409169040693,9042,1,255,69,4,0x0,0,1,200,-1773.0
409169057482,9043,1,255,69,4,0x0,0,1,200,-909.0
409169073817,9044,1,255,69,4,0x0,0,1,200,1479.0
409169090152,9045,1,255,69,4,0x0,0,1,200,1293.0
409169107456,9046,1,255,69,4,0x0,0,1,200,-1064.0
409169124060,9047,1,255,69,4,0x0,0,1,200,1485.0
409169140124,9048,1,255,69,4,0x0,0,1,200,-846.0
409169156868,9049,1,255,69,4,0x0,0,1,200,-157.0
409169173655,9050,1,255,69,4,0x0,0,1,200,-579.0
409169190768,9051,1,255,69,4,0x0,0,1,200,1157.0
409169207182,9052,1,255,69,4,0x0,0,1,200,-1245.0
409169225023,9053,1,255,69,4,0x0,0,1,200,-74.0
409169240433,9054,1,255,70,4,0x0,0,1,200,1012.0
409169257012,9055,1,255,70,4,0x0,0,1,200,872.0
409169274121,9056,1,255,70,4,0x0,0,1,200,-910.0
409169290253,9057,1,255,70,4,0x0,0,1,200,-733.0
409169307535,9058,1,255,70,4,0x0,0,1,200,-281.0
409169324890,9059,1,255,70,4,0x0,0,1,200,1136.0
409169342128,9060,1,255,70,4,0x0,0,1,200,-273.0
409169356980,9061,1,255,70,4,0x0,0,1,200,-1156.0
409169374352,9062,1,255,70,4,0x0,0,1,200,-1070.0
409169390895,9063,1,255,70,4,0x0,0,1,200,899.0
409169407221,9064,1,255,70,4,0x0,0,1,200,1251.0
409169424182,9065,1,255,70,4,0x0,0,1,200,1423.0
409169441096,9066,1,255,70,4,0x0,0,1,200,68.0
409169457874,9067,1,255,70,4,0x0,0,1,200,-6.0
409169474057,9068,1,255,70,4,0x0,0,1,200,-564.0
409169491327,9069,1,255,70,4,0x0,0,1,200,-1095.0
409169507240,9070,1,255,70,4,0x0,0,1,200,1223.0
409169525452,9071,1,255,70,4,0x0,0,1,200,-412.0
409169540862,9072,1,255,70,4,0x0,0,1,200,-2719.0
409169557855,9073,1,255,70,4,0x0,0,1,200,-960.0
409169574968,9074,1,255,70,4,0x0,0,1,200,-268.0
409169590480,9075,1,255,70,4,0x0,0,1,200,793.0
409169607564,9076,1,255,70,4,0x0,0,1,200,1010.0
409169624126,9077,1,255,70,4,0x0,0,1,200,-463.0
409169641329,9078,1,255,70,4,0x0,0,1,200,25.0
409169658749,9079,1,255,70,4,0x0,0,1,200,1308.0
409169675492,9080,1,255,70,4,0x0,0,1,200,-1013.0
409169695331,9081,1,255,70,4,0x0,0,1,200,-76.0
409169710112,9082,1,255,70,4,0x0,0,1,200,-862.0
409169727402,9083,1,255,70,4,0x0,0,1,200,1679.0
409169742760,9084,1,255,70,4,0x0,0,1,200,-680.0
409169760185,9085,1,255,70,4,0x7ec0,8,1,200,65.0
409169777221,9086,1,255,70,4,0x7ec0,8,1,200,353.0
409169791923,9087,1,255,70,4,0x7ec0,8,1,200,1700.0
409169809400,9088,1,255,70,4,0x7e40,7,1,200,1443.0
409169825099,9089,1,255,70,4,0x7e40,7,1,200,230.0
409169841549,9090,1,255,70,4,0x7e40,7,1,200,-427.0
409169858771,9091,1,255,70,4,0x7e40,7,1,200,264.0
409169878332,9092,1,255,70,4,0x7e60,8,1,200,-995.0
409169893566,9093,1,255,70,4,0x7e60,8,1,200,364.0
409169910816,9094,1,255,70,4,0x7e60,8,1,200,848.0
409169925816,9095,1,255,70,4,0x7c60,7,1,200,-344.0
409169943199,9096,1,255,70,4,0x7c60,7,1,200,-955.0
409169959129,9097,1,255,70,4,0x7c60,7,1,200,-1210.0
409169975918,9098,1,255,70,4,0x7c60,7,1,200,-720.0
409169996074,9099,1,255,70,4,0x7c60,7,1,200,-1380.0
409170011733,9100,1,255,70,4,0x7e60,8,1,200,1662.0
409170026667,9101,1,255,70,4,0x7e60,8,1,200,354.0
409170043101,9102,1,255,70,4,0x7e61,9,1,200,-94.0
409170061503,9103,1,255,70,4,0x7e41,8,1,200,1246.0
409170077089,9104,1,255,70,4,0x7f41,9,1,200,1047.0
409170092915,9105,1,255,70,4,0x7f41,9,1,200,-1263.0
409170112107,9106,1,255,70,4,0x7f41,9,1,200,1187.0
409170127837,9107,1,255,70,4,0x7f41,9,1,200,428.0
409170143634,9108,1,255,70,4,0x7fc1,10,1,200,1005.0
409170159786,9109,1,255,70,4,0x7f81,9,1,200,-528.0
409170176337,9110,1,255,70,4,0x7f81,9,1,200,849.0
409170193256,9111,1,255,70,4,0x7f81,9,1,200,-625.0
409170210933,9112,1,255,70,4,0x7f81,9,1,200,141.0
409170227554,9113,1,255,70,4,0x7f81,9,1,200,-840.0
409170244220,9114,1,255,71,4,0x7fc1,10,1,200,1099.0
409170261504,9115,1,255,71,4,0x7fc1,10,1,200,-1954.0
409170277321,9116,1,255,71,4,0x7fc0,9,1,200,303.0
409170293593,9117,1,255,71,4,0x7fc0,9,1,200,7.0
409170310333,9118,1,255,71,4,0x7fc0,9,1,200,896.0
409170327448,9119,1,255,71,4,0x7fc0,9,1,200,821.0
409170344344,9120,1,255,71,4,0x7fc0,9,1,200,429.0
409170360768,9121,1,255,71,4,0x7fc0,9,1,200,1503.0
409170379154,9122,1,255,71,4,0x7fc0,9,1,200,875.0
409170394157,9123,1,255,71,4,0x7fc0,9,1,200,1354.0
409170410419,9124,1,255,71,4,0x7fc0,9,1,200,-541.0
409170427050,9125,1,255,71,4,0x7e40,7,1,200,-1023.0
409170443657,9126,1,255,71,4,0x7e40,7,1,200,592.0
409170462012,9127,1,255,71,4,0x7e40,7,1,200,1120.0
409170479271,9128,1,255,71,4,0x7e40,7,1,200,1126.0
409170496750,9129,1,255,71,4,0x7e60,8,1,200,-398.0
409170510634,9130,1,255,71,4,0x7e60,8,1,200,-979.0
409170527204,9131,1,255,71,4,0x7e60,8,1,200,360.0
409170544070,9132,1,255,71,4,0x7e40,7,1,200,-901.0
409170561358,9133,1,255,71,4,0x7e60,8,1,200,1516.0
409170577499,9134,1,255,71,4,0x7e60,8,1,200,-673.0
409170595288,9135,1,255,71,4,0x7e40,7,1,200,-1224.0
409170611098,9136,1,255,71,4,0x7e60,8,1,200,-1470.0
409170627242,9137,1,255,71,4,0x7e60,8,1,200,-912.0
409170644182,9138,1,255,71,4,0x7e60,8,1,200,-1154.0
409170660940,9139,1,255,71,4,0x7e60,8,1,200,-904.0
409170677524,9140,1,255,71,4,0x7e40,7,1,200,578.0
409170694977,9141,1,255,71,4,0x7e60,8,1,200,-831.0
409170710865,9142,1,255,71,4,0x7e60,8,1,200,-1026.0
409170728668,9143,1,255,71,4,0x7e60,8,1,200,-471.0
409170744724,9144,1,255,71,4,0x7e60,8,1,200,-123.0
409170760840,9145,1,255,71,4,0x7e60,8,1,200,215.0
409170777235,9146,1,255,71,4,0x7e60,8,1,200,851.0
409170795159,9147,1,255,71,4,0x7e60,8,1,200,-129.0
409170812058,9148,1,255,71,4,0x7e60,8,1,200,258.0
409170828559,9149,1,255,71,4,0x7e60,8,1,200,-1337.0
409170845964,9150,1,255,71,4,0x7e60,8,1,200,1866.0
409170862950,9151,1,255,71,4,0x7e40,7,1,200,-540.0
409170877899,9152,1,255,71,4,0x7e40,7,1,200,-296.0
409170894854,9153,1,255,71,4,0x7e40,7,1,200,495.0
409170911827,9154,1,255,71,4,0x7e60,8,1,200,1438.0
409170928185,9155,1,255,71,4,0x7e40,7,1,200,801.0
409170945891,9156,1,255,71,4,0x7e40,7,1,200,526.0
409170962322,9157,1,255,71,4,0x7e40,7,1,200,176.0
409170980253,9158,1,255,71,4,0x7e60,8,1,200,1281.0
409170995159,9159,1,255,71,4,0x7e40,7,1,200,290.0
409171011681,9160,1,255,71,4,0x7e40,7,1,200,-665.0
409171027921,9161,1,255,71,4,0x7e40,7,1,200,449.0
409171046123,9162,1,255,71,4,0x7e40,7,1,200,713.0
409171063515,9163,1,255,71,4,0x7e40,7,1,200,565.0
409171079911,9164,1,255,71,4,0x7e40,7,1,200,-102.0
409171096178,9165,1,255,71,4,0x7e40,7,1,200,133.0
409171112527,9166,1,255,71,4,0x7e40,7,1,200,421.0
409171129025,9167,1,255,71,4,0x7e60,8,1,200,-45.0
409171145252,9168,1,255,71,4,0x7e60,8,1,200,-908.0
409171161949,9169,1,255,71,4,0x7e60,8,1,200,-172.0
409171179881,9170,1,255,71,4,0x7e60,8,1,200,-835.0
409171197712,9171,1,255,71,4,0x7e40,7,1,200,-1240.0
409171212375,9172,1,255,71,4,0x7e60,8,1,200,-583.0
409171228656,9173,1,255,71,4,0x7e60,8,1,200,122.0
409171245084,9174,1,255,71,4,0x7e60,8,1,200,-1067.0
409171261759,9175,1,255,72,4,0x7e60,8,1,200,1251.0
409171282557,9176,1,255,72,4,0x7e60,8,1,200,1025.0
409171298911,9177,1,255,72,4,0x7e40,7,1,200,-1144.0
409171312602,9178,1,255,72,4,0x7e60,8,1,200,-95.0
409171328261,9179,1,255,72,4,0x7e60,8,1,200,-1429.0
409171345159,9180,1,255,72,4,0x7e40,7,1,200,610.0
409171361896,9181,1,255,72,4,0x7e40,7,1,200,999.0
409171379398,9182,1,255,72,4,0x7e40,7,1,200,158.0
409171397781,9183,1,255,72,4,0x7e60,8,1,200,457.0
409171416157,9184,1,255,72,4,0x7e60,8,1,200,-371.0
409171430340,9185,1,255,72,4,0x7e60,8,1,200,809.0
409171445906,9186,1,255,72,4,0x7e60,8,1,200,1061.0
409171461752,9187,1,255,72,4,0x7e40,7,1,200,777.0
409171478230,9188,1,255,72,4,0x7e60,8,1,200,761.0
409171495428,9189,1,255,72,4,0x7e60,8,1,200,966.0
409171513071,9190,1,255,72,4,0x7e60,8,1,200,1108.0
409171528939,9191,1,255,72,4,0x7e60,8,1,200,742.0
409171546811,9192,1,255,72,4,0x7e60,8,1,200,-23.0
409171563175,9193,1,255,72,4,0x7e60,8,1,200,-890.0
409171578862,9194,1,255,72,4,0x7e60,8,1,200,1007.0
409171594972,9195,1,255,72,4,0x7e60,8,1,200,12.0
409171612035,9196,1,255,72,4,0x7e60,8,1,200,200.0
409171629100,9197,1,255,72,4,0x7e60,8,1,200,635.0
409171645808,9198,1,255,72,4,0x7e60,8,1,200,1118.0
409171667419,9199,1,255,72,4,0x7e60,8,1,200,-1171.0
409171679491,9200,1,255,72,4,0x7e60,8,1,200,-867.0
409171695888,9201,1,255,72,4,0x7e60,8,1,200,0.0
409171712220,9202,1,255,72,4,0x7e60,8,1,200,976.0
409171729419,9203,1,255,72,4,0x7e60,8,1,200,-415.0
409171747107,9204,1,255,72,4,0x7e60,8,1,200,1617.0
409171764563,9205,1,255,72,4,0x7e60,8,1,200,-650.0
409171779742,9206,1,255,72,4,0x7e60,8,1,200,-641.0
409171795723,9207,1,255,72,4,0x7e60,8,1,200,-495.0
409171812468,9208,1,255,72,4,0x7e60,8,1,200,-703.0
409171829110,9209,1,255,72,4,0x7e60,8,1,200,-744.0
409171845744,9210,1,255,72,4,0x7e60,8,1,200,-972.0
409171862531,9211,1,255,72,4,0x7e60,8,1,200,787.0
409171880368,9212,1,255,72,4,0x7e60,8,1,200,355.0
409171895976,9213,1,255,72,4,0x7e60,8,1,200,83.0
409171913536,9214,1,255,72,4,0x7e60,8,1,200,168.0
409171929363,9215,1,255,72,4,0x7e60,8,1,200,-400.0
409171946359,9216,1,255,72,4,0x7e60,8,1,200,-50.0
409171964223,9217,1,255,72,4,0x7e60,8,1,200,1873.0
409171982163,9218,1,255,72,4,0x7e60,8,1,200,-887.0
409171998921,9219,1,255,72,4,0x7e60,8,1,200,234.0
409172013007,9220,1,255,72,4,0x7e60,8,1,200,-359.0
409172030720,9221,1,255,72,4,0x7e60,8,1,200,295.0
409172045895,9222,1,255,72,4,0x7e60,8,1,200,910.0
409172063271,9223,1,255,72,4,0x7e60,8,1,200,-71.0
409172080892,9224,1,255,72,4,0x7e40,7,1,200,1430.0
409172097075,9225,1,255,72,4,0x7e60,8,1,200,-871.0
409172112744,9226,1,255,72,4,0x7e40,7,1,200,904.0
409172131117,9227,1,255,72,4,0x7e60,8,1,200,184.0
409172146714,9228,1,255,72,4,0x7e60,8,1,200,139.0
409172162845,9229,1,255,72,4,0x7e60,8,1,200,-1593.0
409172180433,9230,1,255,72,4,0x7e60,8,1,200,106.0
409172199039,9231,1,255,72,4,0x7e60,8,1,200,-1763.0
409172214975,9232,1,255,72,4,0x7e60,8,1,200,-1668.0
409172230280,9233,1,255,72,4,0x7e60,8,1,200,-1551.0
409172247039,9234,1,255,72,4,0x7e60,8,1,200,-589.0
409172263174,9235,1,255,73,4,0x7e60,8,1,200,231.0
409172279882,9236,1,255,73,4,0x7e60,8,1,200,1070.0
409172296442,9237,1,255,73,4,0x7e60,8,1,200,-430.0
409172315517,9238,1,255,73,4,0x7e60,8,1,200,-596.0
409172331950,9239,1,255,73,4,0x7e60,8,1,200,-1446.0
409172349189,9240,1,255,73,4,0x7e60,8,1,200,-2098.0
409172364064,9241,1,255,73,4,0x7e60,8,1,200,-1109.0
409172379765,9242,1,255,73,4,0x7e60,8,1,200,1485.0
409172397969,9243,1,255,73,4,0x7e60,8,1,200,-791.0
409172413925,9244,1,255,73,4,0x7e60,8,1,200,-374.0
409172431693,9245,1,255,73,4,0x7e40,7,1,200,-1384.0
409172447509,9246,1,255,73,4,0x7e40,7,1,200,1239.0
409172464359,9247,1,255,73,4,0x7e40,7,1,200,947.0
409172480199,9248,1,255,73,4,0x7e40,7,1,200,-158.0
409172496794,9249,1,255,73,4,0x7e60,8,1,200,-1186.0
409172512954,9250,1,255,73,4,0x7e60,8,1,200,87.0
409172530158,9251,1,255,73,4,0x7e60,8,1,200,684.0
409172547356,9252,1,255,73,4,0x7e60,8,1,200,-313.0
409172565125,9253,1,255,73,4,0x7e60,8,1,200,-15.0
409172585435,9254,1,255,73,4,0x7e60,8,1,200,572.0
409172596866,9255,1,255,73,4,0x7e60,8,1,200,223.0
409172613130,9256,1,255,73,4,0x7e60,8,1,200,1301.0
409172629695,9257,1,255,73,4,0x7e60,8,1,200,116.0
409172646911,9258,1,255,73,4,0x7e60,8,1,200,-352.0
409172663343,9259,1,255,73,4,0x7e60,8,1,200,-377.0
409172681366,9260,1,255,73,4,0x7e60,8,1,200,869.0
409172697018,9261,1,255,73,4,0x7e60,8,1,200,1404.0
409172714003,9262,1,255,73,4,0x7e60,8,1,200,1123.0
409172730356,9263,1,255,73,4,0x7e60,8,1,200,-754.0
409172746565,9264,1,255,73,4,0x7e60,8,1,200,-234.0
409172765032,9265,1,255,73,4,0x7e60,8,1,200,-307.0
409172780257,9266,2,255,74,4,0x7e60,8,1,200,-987.0
409172797130,9267,2,255,74,4,0x7e60,8,1,200,912.0
409172814448,9268,2,255,74,4,0x7e60,8,1,200,130.0
409172830543,9269,2,255,74,4,0x7e60,8,1,200,1707.0
409172846950,9270,2,255,74,4,0x7e60,8,1,200,-625.0
409172864294,9271,2,255,74,4,0x7e60,8,1,200,-677.0
409172879917,9272,2,255,74,4,0x7e60,8,1,200,1104.0
409172897314,9273,2,255,74,4,0x7e60,8,1,200,211.0
409172913826,9274,2,255,74,4,0x7e60,8,1,200,1746.0
409172931311,9275,2,255,74,4,0x7e60,8,1,200,1657.0
409172946578,9276,2,255,74,4,0x7e60,8,1,200,-858.0
409172964114,9277,2,255,74,4,0x7e60,8,1,200,-130.0
409172980004,9278,2,255,74,4,0x7e60,8,1,200,310.0
409172997151,9279,2,255,74,4,0x7e60,8,1,200,-360.0
409173013971,9280,2,255,74,4,0x7e60,8,1,200,695.0
409173029873,9281,2,255,74,4,0x7e60,8,1,200,1.0
409173049434,9282,2,255,74,4,0x7e60,8,1,200,-1243.0
409173064645,9283,2,255,74,4,0x7e60,8,1,200,-203.0
409173079968,9284,2,255,74,4,0x7e60,8,1,200,-617.0
409173096444,9285,2,255,74,4,0x7e60,8,1,200,-1113.0
409173113489,9286,2,255,74,4,0x7e60,8,1,200,-12.0
409173130170,9287,2,255,74,4,0x7e60,8,1,200,-60.0
409173147126,9288,2,255,74,4,0x7e60,8,1,200,-222.0
409173165798,9289,2,255,74,4,0x7e60,8,1,200,359.0
409173180184,9290,2,255,74,4,0x7e60,8,1,200,672.0
409173196751,9291,2,255,74,4,0x7e60,8,1,200,-1924.0
409173214311,9292,2,255,74,4,0x7e60,8,1,200,852.0
409173231022,9293,2,255,74,4,0x7e60,8,1,200,-276.0
409173246735,9294,2,255,74,4,0x7e60,8,1,200,-957.0
409173264451,9295,2,255,74,4,0x7e60,8,1,200,309.0
409173281150,9296,2,255,74,4,0x7e60,8,1,200,1474.0
409173297656,9297,2,255,74,4,0x7e40,7,1,200,-891.0
409173313488,9298,2,255,74,4,0x7e40,7,1,200,-706.0
409173330792,9299,2,255,74,4,0x7e60,8,1,200,-1148.0
409173347308,9300,2,255,74,4,0x7e60,8,1,200,304.0
409173363978,9301,2,255,74,4,0x7e60,8,1,200,-26.0
409173381243,9302,2,255,74,4,0x7e60,8,1,200,-1149.0
409173398245,9303,2,255,74,4,0x7e60,8,1,200,-340.0
409173413994,9304,2,255,74,4,0x7e60,8,1,200,635.0
409173431053,9305,2,255,74,4,0x7e60,8,1,200,-32.0
409173447433,9306,2,255,74,4,0x7e60,8,1,200,-38.0
409173464303,9307,2,255,74,4,0x7e60,8,1,200,1193.0
409173480909,9308,2,255,74,4,0x7e60,8,1,200,684.0
409173497997,9309,2,255,74,4,0x7e60,8,1,200,10.0
409173516236,9310,2,255,74,4,0x7e60,8,1,200,-1093.0
409173531205,9311,2,255,74,4,0x7e60,8,1,200,1473.0
409173547287,9312,2,255,74,4,0x7e60,8,1,200,730.0
409173564360,9313,2,255,74,4,0x7e60,8,1,200,762.0
409173580578,9314,2,255,74,4,0x7e60,8,1,200,1165.0
409173597796,9315,2,255,74,4,0x7e60,8,1,200,961.0
409173615735,9316,2,255,74,4,0x7e60,8,1,200,963.0
409173632858,9317,2,255,74,4,0x7e60,8,1,200,1298.0
409173647718,9318,2,255,74,4,0x7e60,8,1,200,-815.0
409173664425,9319,2,255,74,4,0x7e60,8,1,200,-673.0
409173680963,9320,2,255,74,4,0x7e60,8,1,200,-1803.0
409173697715,9321,2,255,74,4,0x7e60,8,1,200,-241.0
409173714057,9322,2,255,74,4,0x7e60,8,1,200,223.0
409173732051,9323,2,255,74,4,0x7e60,8,1,200,1059.0
409173748719,9324,2,255,74,4,0x7e60,8,1,200,-283.0
409173764326,9325,2,255,74,4,0x7e60,8,1,200,852.0
409173781128,9326,2,255,74,4,0x7e60,8,1,200,-1676.0
409173797790,9327,2,14,75,4,0x7e60,8,1,200,-1020.0
409173815145,9328,2,14,75,4,0x7e60,8,1,200,-558.0
409173830407,9329,2,14,75,4,0x7e60,8,1,200,1114.0
409173848382,9330,2,14,75,4,0x7e40,7,1,200,-1142.0
409173867619,9331,2,14,75,4,0x7e60,8,1,200,1313.0
409173881624,9332,2,14,75,4,0x7e60,8,1,200,1180.0
409173897789,9333,2,14,75,4,0x7e60,8,1,200,922.0
409173914736,9334,2,14,75,4,0x7e40,7,1,200,46.0
409173931153,9335,2,14,75,4,0x7e60,8,1,200,-699.0
409173948310,9336,2,14,75,4,0x7e60,8,1,200,-1064.0
409173964692,9337,2,14,75,4,0x7e60,8,1,200,1285.0
409173982371,9338,2,14,75,4,0x7e60,8,1,200,571.0
409173998218,9339,2,14,75,4,0x7e60,8,1,200,-906.0
409174014455,9340,2,14,75,4,0x7e60,8,1,200,1825.0
409174031258,9341,2,14,75,4,0x7e60,8,1,200,1283.0
409174047813,9342,2,14,75,4,0x7e60,8,1,200,809.0
409174069037,9343,2,14,75,4,0x7e60,8,1,200,-933.0
409174083331,9344,2,14,75,4,0x7e60,8,1,200,-889.0
409174101849,9345,2,14,75,4,0x7e40,7,1,200,50.0
409174114861,9346,2,14,75,4,0x7e40,7,1,200,-303.0
409174131484,9347,2,14,75,4,0x7e40,7,1,200,1959.0
409174147443,9348,2,14,75,4,0x7e40,7,1,200,-13.0
409174164602,9349,2,14,75,4,0x7e60,8,1,200,815.0
409174183354,9350,2,14,75,4,0x7e40,7,1,200,-999.0
409174199599,9351,2,14,75,4,0x7e60,8,1,200,155.0
409174215900,9352,2,14,75,4,0x7e60,8,1,200,-1019.0
409174231358,9353,2,14,75,4,0x7e60,8,1,200,-925.0
409174247581,9354,2,14,75,4,0x7e60,8,1,200,-455.0
409174264716,9355,2,14,75,4,0x7e60,8,1,200,-321.0
409174281374,9356,2,14,75,4,0x7e60,8,1,200,-1726.0
409174299552,9357,2,14,75,4,0x7e60,8,1,200,194.0
409174314329,9358,2,14,75,4,0x7e60,8,1,200,-313.0
409174334925,9359,2,14,75,4,0x7e60,8,1,200,940.0
409174348174,9360,2,14,75,4,0x7e60,8,1,200,1089.0
409174365101,9361,2,14,75,4,0x7e60,8,1,200,-660.0
409174381418,9362,2,14,75,4,0x7e60,8,1,200,275.0
409174398814,9363,2,14,75,4,0x7e60,8,1,200,788.0
409174415439,9364,2,14,75,4,0x7e60,8,1,200,-1504.0
409174435210,9365,2,14,75,4,0x7e60,8,1,200,-623.0
409174448301,9366,2,14,75,4,0x7e60,8,1,200,601.0
409174465492,9367,2,14,75,4,0x7e60,8,1,200,-590.0
409174481865,9368,2,14,75,4,0x7e60,8,1,200,1033.0
409174498964,9369,2,14,75,4,0x7e60,8,1,200,-195.0
409174515334,9370,2,14,75,4,0x7e60,8,1,200,-522.0
409174532639,9371,2,14,75,4,0x7e60,8,1,200,-339.0
409174549083,9372,2,14,75,4,0x7e60,8,1,200,950.0
409174567863,9373,2,14,75,4,0x7e60,8,1,200,-34.0
409174582281,9374,2,14,75,4,0x7e60,8,1,200,355.0
409174598510,9375,2,14,75,4,0x7e60,8,1,200,-1496.0
409174615269,9376,2,14,75,4,0x7e60,8,1,200,-289.0
409174631022,9377,2,14,75,4,0x7e60,8,1,200,-647.0
409174649052,9378,2,14,75,4,0x7e60,8,1,200,-852.0
409174665244,9379,2,14,75,4,0x7e60,8,1,200,-1371.0
409174683974,9380,2,14,75,4,0x7e60,8,1,200,635.0
409174699202,9381,2,14,75,4,0x7e60,8,1,200,1017.0
409174715414,9382,2,14,75,4,0x7e60,8,1,200,-357.0
409174732615,9383,2,14,75,4,0x7e60,8,1,200,-1164.0
409174748467,9384,2,14,75,4,0x7e60,8,1,200,-56.0
409174766293,9385,2,14,75,4,0x7e60,8,1,200,1105.0
409174783252,9386,2,14,75,4,0x7e60,8,1,200,190.0
409174798432,9387,2,12,76,4,0x7e60,8,1,200,-454.0
409174815123,9388,2,12,76,4,0x7e60,8,1,200,-462.0
409174832079,9389,2,12,76,4,0x7e60,8,1,200,-260.0
409174849171,9390,2,12,76,4,0x7e60,8,1,200,1248.0
409174866041,9391,2,12,76,4,0x7e60,8,1,200,-837.0
409174883546,9392,2,12,76,4,0x7e60,8,1,200,-375.0
409174898723,9393,2,12,76,4,0x7e60,8,1,200,-792.0
409174917031,9394,2,12,76,4,0x7e60,8,1,200,-270.0
409174932159,9395,2,12,76,4,0x7e60,8,1,200,1026.0
409174949028,9396,2,12,76,4,0x7e60,8,1,200,511.0
409174965804,9397,2,12,76,4,0x7e60,8,1,200,477.0
409174981854,9398,2,12,76,4,0x7e60,8,1,200,-580.0
409175000029,9399,2,12,76,4,0x7e60,8,1,200,1298.0
409175015870,9400,2,12,76,4,0x7e60,8,1,200,255.0
409175032499,9401,2,12,76,4,0x7e60,8,1,200,-593.0
409175049217,9402,2,12,76,4,0x7e60,8,1,200,672.0
409175064715,9403,2,12,76,4,0x7e60,8,1,200,-777.0
409175082616,9404,2,12,76,4,0x7e60,8,1,200,-939.0
409175098357,9405,2,12,76,4,0x7e60,8,1,200,512.0
409175117533,9406,2,12,76,4,0x7e60,8,1,200,888.0
409175134563,9407,2,12,76,4,0x7e60,8,1,200,1330.0
409175149226,9408,2,12,76,4,0x7e60,8,1,200,-30.0
409175165183,9409,2,12,76,4,0x7e60,8,1,200,-38.0
409175181358,9410,2,12,76,4,0x7e60,8,1,200,122.0
409175199100,9411,2,12,76,4,0x7e60,8,1,200,-1334.0
409175215560,9412,2,12,76,4,0x7e60,8,1,200,1077.0
409175234110,9413,2,12,76,4,0x7e60,8,1,200,1749.0
409175252329,9414,2,12,76,4,0x7e60,8,1,200,353.0
409175268546,9415,2,12,76,4,0x7e60,8,1,200,1141.0
409175282171,9416,2,12,76,4,0x7e60,8,1,200,936.0
409175298458,9417,2,12,76,4,0x7e60,8,1,200,1111.0
409175315573,9418,2,12,76,4,0x7e60,8,1,200,-845.0
409175332110,9419,2,12,76,4,0x7e60,8,1,200,-1085.0
409175348613,9420,2,12,76,4,0x7e60,8,1,200,-407.0
409175366128,9421,2,12,76,4,0x7e60,8,1,200,246.0
409175383667,9422,2,12,76,4,0x7e60,8,1,200,661.0
409175398770,9423,2,12,76,4,0x7e60,8,1,200,-829.0
409175415737,9424,2,12,76,4,0x7e60,8,1,200,49.0
409175432216,9425,2,12,76,4,0x7e60,8,1,200,-764.0
409175449269,9426,2,12,76,4,0x7e60,8,1,200,306.0
409175472845,9427,2,12,76,4,0x7e60,8,1,200,1258.0
409175484615,9428,2,12,76,4,0x7e60,8,1,200,-1575.0
409175499253,9429,2,12,76,4,0x7e60,8,1,200,-1304.0
409175515370,9430,2,12,76,4,0x7e60,8,1,200,-314.0
409175532931,9431,2,12,76,4,0x7e60,8,1,200,960.0
409175549086,9432,2,12,76,4,0x7e60,8,1,200,1002.0
409175566521,9433,2,12,76,4,0x7e60,8,1,200,661.0
409175582401,9434,2,12,76,4,0x7e60,8,1,200,668.0
409175599796,9435,2,12,76,4,0x7e60,8,1,200,296.0
409175617026,9436,2,12,76,4,0x7e60,8,1,200,1476.0
409175632278,9437,2,12,76,4,0x7e60,8,1,200,-811.0
409175649445,9438,2,12,76,4,0x7e60,8,1,200,1063.0
409175666383,9439,2,12,76,4,0x7e60,8,1,200,1302.0
409175684862,9440,2,12,76,4,0x7e60,8,1,200,342.0
409175701238,9441,2,12,76,4,0x7e60,8,1,200,-152.0
409175716470,9442,2,12,76,4,0x7e60,8,1,200,-863.0
409175733597,9443,2,12,76,4,0x7e60,8,1,200,968.0
409175749190,9444,2,12,76,4,0x7e60,8,1,200,-68.0
409175766494,9445,2,12,76,4,0x7e60,8,1,200,-1671.0
409175782614,9446,2,12,76,4,0x7e60,8,1,200,215.0
409175804532,9447,2,12,76,4,0x7e60,8,1,200,-1504.0
409175819056,9448,2,12,76,4,0x7e60,8,1,200,-88.0
409175833235,9449,2,12,76,4,0x7e60,8,1,200,-124.0
409175850203,9450,2,12,76,4,0x7e60,8,1,200,595.0
409175866257,9451,2,12,76,4,0x7e60,8,1,200,781.0
409175882519,9452,2,12,76,4,0x7e60,8,1,200,-1580.0
409175898970,9453,2,12,76,4,0x7e60,8,1,200,900.0
409175916106,9454,2,12,76,4,0x7e60,8,1,200,-358.0
409175932895,9455,2,12,76,4,0x7e60,8,1,200,-643.0
409175949775,9456,2,12,76,4,0x7e60,8,1,200,-912.0
409175966089,9457,2,12,76,4,0x7e60,8,1,200,985.0
409175982799,9458,2,12,76,4,0x7e60,8,1,200,1181.0
409175999479,9459,2,12,76,4,0x7e60,8,1,200,-764.0
409176016463,9460,2,12,76,4,0x7e60,8,1,200,474.0
409176032645,9461,2,12,76,4,0x7e60,8,1,200,23.0
409176050186,9462,2,12,76,4,0x7e60,8,1,200,956.0
409176066657,9463,2,12,76,4,0x7e60,8,1,200,660.0
409176082944,9464,2,12,76,4,0x7e60,8,1,200,-359.0
409176099639,9465,2,12,76,4,0x7e60,8,1,200,-1055.0
409176116509,9466,2,12,76,4,0x7e60,8,1,200,-410.0
409176133075,9467,2,12,76,4,0x7e60,8,1,200,1037.0
409176152034,9468,2,12,76,4,0x7e60,8,1,200,-750.0
409176166914,9469,2,12,76,4,0x7e60,8,1,200,470.0
409176182824,9470,2,12,76,4,0x7e60,8,1,200,908.0
409176200803,9471,2,12,76,4,0x7e60,8,1,200,269.0
409176216206,9472,2,12,76,4,0x7e60,8,1,200,-924.0
409176233965,9473,2,12,76,4,0x7e60,8,1,200,-472.0
409176250067,9474,2,12,76,4,0x7e60,8,1,200,-915.0
409176267221,9475,2,12,76,4,0x7e60,8,1,200,-16.0
409176283883,9476,2,12,76,4,0x7e60,8,1,200,1647.0
409176301019,9477,2,12,76,4,0x7e60,8,1,200,1636.0
409176316704,9478,2,12,76,4,0x7e60,8,1,200,127.0
409176332807,9479,2,12,76,4,0x7e60,8,1,200,151.0
409176350030,9480,2,12,76,4,0x7e60,8,1,200,-1157.0
409176366453,9481,2,12,76,4,0x7e60,8,1,200,871.0
409176388469,9482,2,12,76,4,0x7e60,8,1,200,1245.0
409176399344,9483,2,12,76,4,0x7e60,8,1,200,404.0
409176417038,9484,2,12,76,4,0x7e60,8,1,200,1063.0
409176433136,9485,2,12,76,4,0x7e60,8,1,200,-620.0
409176449818,9486,2,12,76,4,0x7e60,8,1,200,-182.0
409176467109,9487,2,12,76,4,0x7e60,8,1,200,-845.0
409176484663,9488,2,12,76,4,0x7e60,8,1,200,999.0
409176501453,9489,2,12,76,4,0x7e60,8,1,200,-680.0
409176516655,9490,2,12,76,4,0x7e60,8,1,200,-177.0
409176534578,9491,2,12,76,4,0x7e60,8,1,200,338.0
409176549772,9492,2,12,76,4,0x7e60,8,1,200,-801.0
409176566229,9493,2,12,76,4,0x7e60,8,1,200,-1161.0
409176583207,9494,2,12,76,4,0x7e60,8,1,200,-501.0
409176600905,9495,2,12,76,4,0x7e60,8,1,200,1409.0
409176617511,9496,2,12,76,4,0x7e60,8,1,200,-607.0
409176633966,9497,2,12,76,4,0x7e60,8,1,200,-912.0
409176650497,9498,2,12,76,4,0x7e60,8,1,200,-822.0
409176666833,9499,2,12,76,4,0x7e60,8,1,200,705.0
409176683638,9500,2,12,76,4,0x7e60,8,1,200,1676.0
409176699982,9501,2,12,76,4,0x7e60,8,1,200,-53.0
409176718707,9502,2,12,76,4,0x7e60,8,1,200,-785.0
409176735017,9503,2,12,76,4,0x7e60,8,1,200,173.0
409176750388,9504,2,12,76,4,0x7e60,8,1,200,-1061.0
409176768566,9505,2,12,76,4,0x7e60,8,1,200,91.0
409176783843,9506,2,12,76,4,0x7e60,8,1,200,1842.0
409176800003,9507,2,14,77,4,0x7e60,8,1,200,-1057.0
409176816664,9508,2,14,77,4,0x7e60,8,1,200,922.0
409176833902,9509,2,14,77,4,0x7e60,8,1,200,1234.0
409176849880,9510,2,14,77,4,0x7e60,8,1,200,-142.0
409176866787,9511,2,14,77,4,0x7e60,8,1,200,1008.0
409176884198,9512,2,14,77,4,0x7e60,8,1,200,527.0
409176901052,9513,2,14,77,4,0x7e60,8,1,200,441.0
409176917005,9514,2,14,77,4,0x7e60,8,1,200,-84.0
409176933358,9515,2,14,77,4,0x7e60,8,1,200,1547.0
409176950850,9516,2,14,77,4,0x7e60,8,1,200,926.0
409176967951,9517,2,14,77,4,0x7e60,8,1,200,1208.0
409176984123,9518,2,14,77,4,0x7e60,8,1,200,-367.0
409177000887,9519,2,14,77,4,0x7e60,8,1,200,-567.0
409177017209,9520,2,14,77,4,0x7e60,8,1,200,2.0
409177034223,9521,2,14,77,4,0x7e60,8,1,200,438.0
409177050711,9522,2,14,77,4,0x7e60,8,1,200,-940.0
409177068555,9523,2,14,77,4,0x7e60,8,1,200,-1005.0
409177085179,9524,2,14,77,4,0x7e60,8,1,200,-821.0
409177100932,9525,2,14,77,4,0x7e60,8,1,200,-719.0
409177117862,9526,2,14,77,4,0x7e60,8,1,200,-1117.0
409177134206,9527,2,14,77,4,0x7e60,8,1,200,-940.0
409177150919,9528,2,14,77,4,0x7e60,8,1,200,1004.0
409177167599,9529,2,14,77,4,0x7e60,8,1,200,90.0
409177185274,9530,2,14,77,4,0x7e60,8,1,200,728.0
409177200949,9531,2,14,77,4,0x7e60,8,1,200,-1327.0
409177219289,9532,2,14,77,4,0x7e60,8,1,200,954.0
409177234922,9533,2,14,77,4,0x7e60,8,1,200,-528.0
409177250606,9534,2,14,77,4,0x7e60,8,1,200,-1027.0
409177267433,9535,2,14,77,4,0x7e60,8,1,200,-906.0
409177284548,9536,2,14,77,4,0x7e60,8,1,200,73.0
409177301342,9537,2,14,77,4,0x7e60,8,1,200,1581.0
409177319530,9538,2,14,77,4,0x7e60,8,1,200,561.0
409177335433,9539,2,14,77,4,0x7e60,8,1,200,613.0
409177351059,9540,2,14,77,4,0x7e60,8,1,200,795.0
409177367050,9541,2,14,77,4,0x7e60,8,1,200,-1294.0
409177384611,9542,2,14,77,4,0x7e60,8,1,200,85.0
409177401378,9543,2,14,77,4,0x7e60,8,1,200,539.0
409177417647,9544,2,14,77,4,0x7e60,8,1,200,309.0
409177435919,9545,2,14,77,4,0x7e60,8,1,200,-823.0
409177451870,9546,2,14,77,4,0x7e60,8,1,200,-107.0
409177467637,9547,2,14,77,4,0x7e60,8,1,200,1443.0
409177484047,9548,2,14,77,4,0x7e60,8,1,200,152.0
409177501132,9549,2,14,77,4,0x7e60,8,1,200,-845.0
409177517729,9550,2,14,77,4,0x7e60,8,1,200,-1408.0
409177536337,9551,2,14,77,4,0x7e60,8,1,200,-655.0
409177551893,9552,2,14,77,4,0x7e60,8,1,200,785.0
409177567629,9553,2,14,77,4,0x7e60,8,1,200,1274.0
409177585342,9554,2,14,77,4,0x7e60,8,1,200,-630.0
409177601266,9555,2,14,77,4,0x7e60,8,1,200,1252.0
409177618281,9556,2,14,77,4,0x7e60,8,1,200,795.0
409177634688,9557,2,14,77,4,0x7e60,8,1,200,1200.0
409177652102,9558,2,14,77,4,0x7e60,8,1,200,-1150.0
409177668880,9559,2,14,77,4,0x7e60,8,1,200,1005.0
409177685083,9560,2,14,77,4,0x7e60,8,1,200,984.0
409177701226,9561,2,14,77,4,0x7e60,8,1,200,-1025.0
409177717839,9562,2,14,77,4,0x7e60,8,1,200,621.0
409177734479,9563,2,14,77,4,0x7e60,8,1,200,86.0
409177751609,9564,2,14,77,4,0x7e60,8,1,200,-129.0
409177770051,9565,2,14,77,4,0x7e60,8,1,200,1110.0
409177788006,9566,2,14,77,4,0x7e60,8,1,200,-335.0
409177801435,9567,2,12,78,4,0x7e60,8,1,200,-174.0
409177818341,9568,2,12,78,4,0x7e60,8,1,200,934.0
409177834520,9569,2,12,78,4,0x7e60,8,1,200,-1199.0
409177851449,9570,2,12,78,4,0x7e60,8,1,200,821.0
409177868214,9571,2,12,78,4,0x7e60,8,1,200,2027.0
409177884967,9572,2,12,78,4,0x7e60,8,1,200,447.0
409177901266,9573,2,12,78,4,0x7e60,8,1,200,377.0
409177917927,9574,2,12,78,4,0x7e60,8,1,200,584.0
409177934804,9575,2,12,78,4,0x7e60,8,1,200,-1022.0
409177951553,9576,2,12,78,4,0x7e60,8,1,200,993.0
409177968247,9577,2,12,78,4,0x7e60,8,1,200,-1676.0
409177985400,9578,2,12,78,4,0x7e60,8,1,200,247.0
409178002455,9579,2,12,78,4,0x7e60,8,1,200,-1629.0
409178019555,9580,2,12,78,4,0x7e60,8,1,200,-258.0
409178036488,9581,2,12,78,4,0x7e60,8,1,200,1230.0
409178052014,9582,2,12,78,4,0x7e60,8,1,200,-56.0
409178068367,9583,2,12,78,4,0x7e60,8,1,200,-197.0
409178084545,9584,2,12,78,4,0x7e60,8,1,200,-1547.0
409178101538,9585,2,12,78,4,0x7e60,8,1,200,-114.0
409178118089,9586,2,12,78,4,0x7e60,8,1,200,1473.0
409178134689,9587,2,12,78,4,0x7e60,8,1,200,-14.0
409178152945,9588,2,12,78,4,0x7e60,8,1,200,1895.0
409178168068,9589,2,12,78,4,0x7e60,8,1,200,-1400.0
409178184936,9590,2,12,78,4,0x7e60,8,1,200,-1671.0
409178201497,9591,2,12,78,4,0x7e60,8,1,200,1033.0
409178218429,9592,2,12,78,4,0x7e60,8,1,200,-506.0
409178235713,9593,2,12,78,4,0x7e60,8,1,200,1046.0
409178252566,9594,2,12,78,4,0x7e60,8,1,200,-788.0
409178269082,9595,2,12,78,4,0x7e60,8,1,200,-1277.0
409178285182,9596,2,12,78,4,0x7e60,8,1,200,-992.0
409178301507,9597,2,12,78,4,0x7e60,8,1,200,-329.0
409178319059,9598,2,12,78,4,0x7e60,8,1,200,936.0
409178336675,9599,2,12,78,4,0x7e60,8,1,200,-113.0
409178354608,9600,2,12,78,4,0x7e60,8,1,200,749.0
409178373082,9601,2,12,78,4,0x7e60,8,1,200,-721.0
409178385816,9602,2,12,78,4,0x7e60,8,1,200,-253.0
409178401853,9603,2,12,78,4,0x7e60,8,1,200,577.0
409178419194,9604,2,12,78,4,0x7e60,8,1,200,1498.0
409178435398,9605,2,12,78,4,0x7e60,8,1,200,127.0
409178453297,9606,2,12,78,4,0x7e40,7,1,200,-1237.0
409178469168,9607,2,12,78,4,0x7e60,8,1,200,1759.0
409178485697,9608,2,12,78,4,0x7e60,8,1,200,-1014.0
409178502702,9609,2,12,78,4,0x7e60,8,1,200,-919.0
409178518753,9610,2,12,78,4,0x7e60,8,1,200,598.0
409178535935,9611,2,12,78,4,0x7e60,8,1,200,-172.0
409178551839,9612,2,12,78,4,0x7e60,8,1,200,647.0
409178569922,9613,2,12,78,4,0x7e60,8,1,200,309.0
409178586395,9614,2,12,78,4,0x7e60,8,1,200,-142.0
409178602249,9615,2,12,78,4,0x7e60,8,1,200,-721.0
409178618719,9616,2,12,78,4,0x7e60,8,1,200,12.0
409178635205,9617,2,12,78,4,0x7e60,8,1,200,-1145.0
409178652091,9618,2,12,78,4,0x7e60,8,1,200,470.0
409178669765,9619,2,12,78,4,0x7e60,8,1,200,-1289.0
409178687181,9620,2,12,78,4,0x7e60,8,1,200,-1525.0
409178702697,9621,2,12,78,4,0x7e60,8,1,200,914.0
409178718287,9622,2,12,78,4,0x7e60,8,1,200,-120.0
409178735380,9623,2,12,78,4,0x7e60,8,1,200,668.0
409178752181,9624,2,12,78,4,0x7e60,8,1,200,-67.0
409178768778,9625,2,12,78,4,0x7e60,8,1,200,-1524.0
409178785352,9626,2,12,78,4,0x7e40,7,1,200,937.0
409178804571,9627,2,12,78,4,0x7e60,8,1,200,1162.0
409178819229,9628,2,12,78,4,0x7e60,8,1,200,-841.0
409178835323,9629,2,12,78,4,0x7e60,8,1,200,1108.0
409178852666,9630,2,12,78,4,0x7e60,8,1,200,-1722.0
409178868585,9631,2,12,78,4,0x7e60,8,1,200,204.0
409178886257,9632,2,12,78,4,0x7e60,8,1,200,-553.0
409178902643,9633,2,12,78,4,0x7e60,8,1,200,555.0
409178920192,9634,2,12,78,4,0x7e60,8,1,200,1745.0
409178937265,9635,2,12,78,4,0x7e60,8,1,200,110.0
409178952836,9636,2,12,78,4,0x7e60,8,1,200,921.0
409178969064,9637,2,12,78,4,0x7e60,8,1,200,-959.0
409178985233,9638,2,12,78,4,0x7e60,8,1,200,-1062.0
409179002235,9639,2,12,78,4,0x7e60,8,1,200,-768.0
409179018930,9640,2,12,78,4,0x7e60,8,1,200,940.0
409179038282,9641,2,12,78,4,0x7e60,8,1,200,-16.0
409179052974,9642,2,12,78,4,0x7e60,8,1,200,-766.0
409179069892,9643,2,12,78,4,0x7e60,8,1,200,-1343.0
409179086449,9644,2,12,78,4,0x7e60,8,1,200,1396.0
409179102955,9645,2,12,78,4,0x7e60,8,1,200,-103.0
409179119332,9646,2,12,78,4,0x7e60,8,1,200,359.0
409179135820,9647,2,12,78,4,0x7e60,8,1,200,163.0
409179154207,9648,2,12,78,4,0x7e60,8,1,200,-1322.0
409179170482,9649,2,12,78,4,0x7e60,8,1,200,-1093.0
409179188319,9650,2,12,78,4,0x7e60,8,1,200,194.0
409179203744,9651,2,12,78,4,0x7e60,8,1,200,-644.0
409179219352,9652,2,12,78,4,0x7e60,8,1,200,1003.0
409179236092,9653,2,12,78,4,0x7e60,8,1,200,819.0
409179253014,9654,2,12,78,4,0x7e60,8,1,200,825.0
409179269938,9655,2,12,78,4,0x7e60,8,1,200,928.0
409179286874,9656,2,12,78,4,0x7e60,8,1,200,-643.0
409179303748,9657,2,12,78,4,0x7e60,8,1,200,1189.0
409179319581,9658,2,12,78,4,0x7e60,8,1,200,1465.0
409179336424,9659,2,12,78,4,0x7e60,8,1,200,299.0
409179353049,9660,2,12,78,4,0x7e60,8,1,200,901.0
409179369331,9661,2,12,78,4,0x7e60,8,1,200,-604.0
409179386673,9662,2,12,78,4,0x7e60,8,1,200,23.0
409179403348,9663,2,12,78,4,0x7e60,8,1,200,-680.0
409179420221,9664,2,12,78,4,0x7e60,8,1,200,-1617.0
409179436317,9665,2,12,78,4,0x7e60,8,1,200,373.0
409179452788,9666,2,12,78,4,0x7e60,8,1,200,-16.0
409179469543,9667,2,12,78,4,0x7e60,8,1,200,-1290.0
409179486356,9668,2,12,78,4,0x7e60,8,1,200,625.0
409179504936,9669,2,12,78,4,0x7e60,8,1,200,-684.0
409179520112,9670,2,12,78,4,0x7e60,8,1,200,-21.0
409179537250,9671,2,12,78,4,0x7e60,8,1,200,1029.0
409179552984,9672,2,12,78,4,0x7e60,8,1,200,-294.0
409179569443,9673,2,12,78,4,0x7e60,8,1,200,1433.0
409179586418,9674,2,12,78,4,0x7e60,8,1,200,-1143.0
409179603332,9675,2,12,78,4,0x7e60,8,1,200,989.0
409179620052,9676,2,12,78,4,0x7e60,8,1,200,-487.0
409179636570,9677,2,12,78,4,0x7e60,8,1,200,587.0
409179653728,9678,2,12,78,4,0x7e60,8,1,200,-987.0
409179669757,9679,2,12,78,4,0x7e60,8,1,200,46.0
409179686241,9680,2,12,78,4,0x7e60,8,1,200,-392.0
409179702888,9681,2,12,78,4,0x7e60,8,1,200,960.0
409179720832,9682,2,12,78,4,0x7e60,8,1,200,2078.0
409179740232,9683,2,12,78,4,0x7e60,8,1,200,-416.0
409179754494,9684,2,12,78,4,0x7e60,8,1,200,-762.0
409179770300,9685,2,12,78,4,0x7e60,8,1,200,-855.0
409179786324,9686,2,12,78,4,0x7e60,8,1,200,-1367.0
409179803363,9687,2,12,78,4,0x7e60,8,1,200,228.0
409179820225,9688,2,12,78,4,0x7e60,8,1,200,1125.0
409179836495,9689,2,12,78,4,0x7e60,8,1,200,1362.0
409179854037,9690,2,12,78,4,0x7e60,8,1,200,-386.0
409179869455,9691,2,12,78,4,0x7e60,8,1,200,-382.0
409179886857,9692,2,12,78,4,0x7e60,8,1,200,133.0
409179903887,9693,2,12,78,4,0x7e60,8,1,200,-221.0
409179919901,9694,2,12,78,4,0x7e60,8,1,200,-273.0
409179936601,9695,2,12,78,4,0x7e60,8,1,200,-609.0
409179954131,9696,2,12,78,4,0x7e60,8,1,200,-55.0
409179970900,9697,2,12,78,4,0x7e60,8,1,200,-871.0
409179989634,9698,2,12,78,4,0x7e60,8,1,200,-287.0
409180003694,9699,2,12,78,4,0x7e60,8,1,200,-102.0
409180020267,9700,2,12,78,4,0x7e60,8,1,200,-27.0
409180036942,9701,2,12,78,4,0x7e60,8,1,200,-1014.0
409180053457,9702,2,12,78,4,0x7e60,8,1,200,-45.0
409180070184,9703,2,12,78,4,0x7e60,8,1,200,-973.0
409180087499,9704,2,12,78,4,0x7e60,8,1,200,802.0
409180104690,9705,2,12,78,4,0x7e60,8,1,200,-1600.0
409180120044,9706,2,12,78,4,0x7e60,8,1,200,-935.0
409180137173,9707,2,12,78,4,0x7e60,8,1,200,-1524.0
409180154021,9708,2,12,78,4,0x7e60,8,1,200,821.0
409180169988,9709,2,12,78,4,0x7e60,8,1,200,-370.0
409180189615,9710,2,12,78,4,0x7e60,8,1,200,-673.0
409180205132,9711,2,12,78,4,0x7e60,8,1,200,-629.0
409180221751,9712,2,12,78,4,0x7e60,8,1,200,1389.0
409180237454,9713,2,12,78,4,0x7e60,8,1,200,426.0
409180253779,9714,2,12,78,4,0x7e60,8,1,200,299.0
409180271432,9715,2,12,78,4,0x7e60,8,1,200,1439.0
409180287840,9716,2,12,78,4,0x7e60,8,1,200,-159.0
409180304155,9717,2,12,78,4,0x7e60,8,1,200,-1380.0
409180322774,9718,2,12,78,4,0x7e60,8,1,200,846.0
409180338305,9719,2,12,78,4,0x7e60,8,1,200,1471.0
409180353888,9720,2,12,78,4,0x7e60,8,1,200,661.0
409180369980,9721,2,12,78,4,0x7e60,8,1,200,717.0
409180386754,9722,2,12,78,4,0x7e60,8,1,200,-425.0
409180403970,9723,2,12,78,4,0x7e60,8,1,200,591.0
409180422160,9724,2,12,78,4,0x7e60,8,1,200,-788.0
409180438741,9725,2,12,78,4,0x7e60,8,1,200,-757.0
409180454391,9726,2,12,78,4,0x7e60,8,1,200,1122.0
409180470632,9727,2,12,78,4,0x7e60,8,1,200,-526.0
409180486547,9728,2,12,78,4,0x7e60,8,1,200,-349.0
409180503802,9729,2,12,78,4,0x7e60,8,1,200,999.0
409180520544,9730,2,12,78,4,0x7e60,8,1,200,1282.0
409180538495,9731,2,12,78,4,0x7e60,8,1,200,1925.0
409180554821,9732,2,12,78,4,0x7e60,8,1,200,70.0
409180570283,9733,2,12,78,4,0x7e60,8,1,200,-1551.0
409180587729,9734,2,12,78,4,0x7e60,8,1,200,82.0
409180603932,9735,2,12,78,4,0x7e60,8,1,200,512.0
409180620339,9736,2,12,78,4,0x7e60,8,1,200,807.0
409180637896,9737,2,12,78,4,0x7e60,8,1,200,-1797.0
409180654138,9738,2,12,78,4,0x7e60,8,1,200,25.0
409180671507,9739,2,12,78,4,0x7e60,8,1,200,1052.0
409180687462,9740,2,12,78,4,0x7e60,8,1,200,652.0
409180704369,9741,2,12,78,4,0x7e60,8,1,200,-546.0
409180720410,9742,2,12,78,4,0x7e60,8,1,200,-192.0
409180737491,9743,2,12,78,4,0x7e60,8,1,200,-167.0
409180756452,9744,2,12,78,4,0x7e60,8,1,200,1226.0
409180770656,9745,2,12,78,4,0x7e60,8,1,200,742.0
409180787810,9746,2,12,78,4,0x7e60,8,1,200,490.0
409180805006,9747,2,14,79,4,0x7e60,8,1,200,-974.0
409180820913,9748,2,14,79,4,0x7e60,8,1,200,491.0
409180837731,9749,2,14,79,4,0x7e60,8,1,200,252.0
409180853712,9750,2,14,79,4,0x7e60,8,1,200,161.0
409180872860,9751,2,14,79,4,0x7e60,8,1,200,1813.0
409180887867,9752,2,14,79,4,0x7e60,8,1,200,-767.0
409180905426,9753,2,14,79,4,0x7e60,8,1,200,-647.0
409180923578,9754,2,14,79,4,0x7e60,8,1,200,1104.0
409180938308,9755,2,14,79,4,0x7e60,8,1,200,-1106.0
409180955124,9756,2,14,79,4,0x7e60,8,1,200,184.0
409180971131,9757,2,14,79,4,0x7e60,8,1,200,976.0
409180987997,9758,2,14,79,4,0x7e60,8,1,200,-218.0
409181004355,9759,2,14,79,4,0x7e60,8,1,200,-979.0
409181022882,9760,2,14,79,4,0x7e60,8,1,200,154.0
409181040405,9761,2,14,79,4,0x7e60,8,1,200,201.0
409181054572,9762,2,14,79,4,0x7e60,8,1,200,263.0
409181071015,9763,2,14,79,4,0x7e60,8,1,200,-671.0
409181088253,9764,2,14,79,4,0x7e60,8,1,200,161.0
409181105149,9765,2,14,79,4,0x7e60,8,1,200,-852.0
409181122534,9766,2,14,79,4,0x7e60,8,1,200,653.0
409181138026,9767,2,14,79,4,0x7e60,8,1,200,-830.0
409181154771,9768,2,14,79,4,0x7e60,8,1,200,-1151.0
409181171554,9769,2,14,79,4,0x7e60,8,1,200,348.0
409181188128,9770,2,14,79,4,0x7e60,8,1,200,610.0
409181204401,9771,2,14,79,4,0x7e60,8,1,200,-692.0
409181222080,9772,2,14,79,4,0x7e60,8,1,200,-554.0
409181237916,9773,2,14,79,4,0x7e60,8,1,200,1557.0
409181254156,9774,2,14,79,4,0x7e60,8,1,200,-677.0
409181271621,9775,2,14,79,4,0x7e60,8,1,200,687.0
409181287911,9776,2,14,79,4,0x7e60,8,1,200,-31.0
409181305173,9777,2,14,79,4,0x7e60,8,1,200,-1133.0
409181321483,9778,2,14,79,4,0x7e60,8,1,200,-1119.0
409181339868,9779,2,14,79,4,0x7e60,8,1,200,-2282.0
409181355475,9780,2,14,79,4,0x7e60,8,1,200,-890.0
409181372056,9781,2,14,79,4,0x7e60,8,1,200,-912.0
409181388361,9782,2,14,79,4,0x7e60,8,1,200,1080.0
409181405450,9783,2,14,79,4,0x7e60,8,1,200,-665.0
409181421548,9784,2,14,79,4,0x7e60,8,1,200,-587.0
409181438383,9785,2,14,79,4,0x7e60,8,1,200,34.0
409181456067,9786,2,14,79,4,0x7e60,8,1,200,-205.0
409181473848,9787,2,14,79,4,0x7e60,8,1,200,788.0
409181488487,9788,2,14,79,4,0x7e60,8,1,200,358.0
409181505326,9789,2,14,79,4,0x7e60,8,1,200,423.0
409181521422,9790,2,14,79,4,0x7e60,8,1,200,141.0
409181538609,9791,2,14,79,4,0x7e60,8,1,200,-761.0
409181554966,9792,2,14,79,4,0x7e60,8,1,200,1150.0
409181571895,9793,2,14,79,4,0x7e60,8,1,200,-39.0
409181588056,9794,2,14,79,4,0x7e60,8,1,200,1056.0
409181605196,9795,2,14,79,4,0x7e60,8,1,200,948.0
409181622239,9796,2,14,79,4,0x7e60,8,1,200,767.0
409181638289,9797,2,14,79,4,0x7e60,8,1,200,485.0
409181654861,9798,2,14,79,4,0x7e60,8,1,200,-1663.0
409181671782,9799,2,14,79,4,0x7e60,8,1,200,-542.0
409181692780,9800,2,14,79,4,0x7e60,8,1,200,1076.0
409181705780,9801,2,14,79,4,0x7e60,8,1,200,784.0
409181723018,9802,2,14,79,4,0x7e60,8,1,200,1158.0
409181738596,9803,2,14,79,4,0x7e60,8,1,200,1071.0
409181754930,9804,2,14,79,4,0x7e60,8,1,200,882.0
409181771852,9805,2,14,79,4,0x7e60,8,1,200,-496.0
409181788776,9806,2,14,79,4,0x7e60,8,1,200,636.0
409181806520,9807,2,12,80,4,0x7e60,8,1,200,678.0
409181824466,9808,2,12,80,4,0x7e60,8,1,200,-887.0
409181839976,9809,2,12,80,4,0x7e60,8,1,200,768.0
409181855337,9810,2,12,80,4,0x7e60,8,1,200,645.0
409181871365,9811,2,12,80,4,0x7e60,8,1,200,-166.0
409181889050,9812,2,12,80,4,0x7e60,8,1,200,-742.0
409181905392,9813,2,12,80,4,0x7e60,8,1,200,-390.0
409181923034,9814,2,12,80,4,0x7e60,8,1,200,-229.0
409181939260,9815,2,12,80,4,0x7e60,8,1,200,971.0
409181955965,9816,2,12,80,4,0x7e60,8,1,200,-434.0
409181971244,9817,2,12,80,4,0x7e60,8,1,200,517.0
409181989259,9818,2,12,80,4,0x7e60,8,1,200,-546.0
409182004977,9819,2,12,80,4,0x7e60,8,1,200,1273.0
409182021304,9820,2,12,80,4,0x7e60,8,1,200,-494.0
409182038999,9821,2,12,80,4,0x7e60,8,1,200,-1245.0
409182056507,9822,2,12,80,4,0x7e60,8,1,200,135.0
409182072246,9823,2,12,80,4,0x7e60,8,1,200,779.0
409182088511,9824,2,12,80,4,0x7e60,8,1,200,-606.0
409182105036,9825,2,12,80,4,0x7e60,8,1,200,1770.0
409182122437,9826,2,12,80,4,0x7e60,8,1,200,592.0
409182138883,9827,2,12,80,4,0x7e60,8,1,200,1515.0
409182155249,9828,2,12,80,4,0x7e60,8,1,200,967.0
409182172409,9829,2,12,80,4,0x7e60,8,1,200,-320.0
409182190145,9830,2,12,80,4,0x7e60,8,1,200,-951.0
409182205229,9831,2,12,80,4,0x7e60,8,1,200,1021.0
409182221951,9832,2,12,80,4,0x7e60,8,1,200,-172.0
409182238753,9833,2,12,80,4,0x7e60,8,1,200,412.0
409182256485,9834,2,12,80,4,0x7e60,8,1,200,802.0
409182274726,9835,2,12,80,4,0x7e60,8,1,200,1081.0
409182290036,9836,2,12,80,4,0x7e60,8,1,200,-323.0
409182306487,9837,2,12,80,4,0x7e60,8,1,200,437.0
409182321987,9838,2,12,80,4,0x7e60,8,1,200,1020.0
409182338775,9839,2,12,80,4,0x7e60,8,1,200,78.0
409182354895,9840,2,12,80,4,0x7e60,8,1,200,68.0
409182372537,9841,2,12,80,4,0x7e60,8,1,200,-894.0
409182388858,9842,2,12,80,4,0x7e60,8,1,200,115.0
409182405693,9843,2,12,80,4,0x7e60,8,1,200,-203.0
409182422767,9844,2,12,80,4,0x7e60,8,1,200,-1168.0
409182438919,9845,2,12,80,4,0x7e60,8,1,200,-1.0
409182455916,9846,2,12,80,4,0x7e60,8,1,200,955.0
409182472551,9847,2,12,80,4,0x7e60,8,1,200,-1283.0
409182491399,9848,2,12,80,4,0x7e60,8,1,200,-43.0
409182505912,9849,2,12,80,4,0x7e60,8,1,200,793.0
409182522170,9850,2,12,80,4,0x7e60,8,1,200,-687.0
409182539271,9851,2,12,80,4,0x7e60,8,1,200,233.0
409182555825,9852,2,12,80,4,0x7e60,8,1,200,929.0
409182572560,9853,2,12,80,4,0x7e60,8,1,200,-314.0
409182589293,9854,2,12,80,4,0x7e60,8,1,200,-734.0
409182607463,9855,2,12,80,4,0x7e60,8,1,200,-587.0
409182622715,9856,2,12,80,4,0x7e60,8,1,200,581.0
409182640856,9857,2,12,80,4,0x7e60,8,1,200,-1100.0
409182656409,9858,2,12,80,4,0x7e60,8,1,200,887.0
409182672520,9859,2,12,80,4,0x7e60,8,1,200,-1036.0
409182689436,9860,2,12,80,4,0x7e60,8,1,200,221.0
409182705762,9861,2,12,80,4,0x7e60,8,1,200,417.0
409182725837,9862,2,12,80,4,0x7e60,8,1,200,1091.0
409182739128,9863,2,12,80,4,0x7e60,8,1,200,-233.0
409182756143,9864,2,12,80,4,0x7e60,8,1,200,504.0
409182772224,9865,2,12,80,4,0x7e60,8,1,200,-1002.0
409182789095,9866,1,255,81,4,0x7e60,8,1,200,-908.0
409182806594,9867,1,255,81,4,0x7e60,8,1,200,1169.0
409182822576,9868,1,255,81,4,0x7e60,8,1,200,343.0
409182841581,9869,1,255,81,4,0x7e60,8,1,200,804.0
409182857083,9870,1,255,81,4,0x7e60,8,1,200,32.0
409182873186,9871,1,255,81,4,0x7e60,8,1,200,-675.0
409182889301,9872,1,255,81,4,0x7e60,8,1,200,1136.0
409182905568,9873,1,255,81,4,0x7e60,8,1,200,514.0
409182922583,9874,1,255,81,4,0x7e60,8,1,200,-80.0
409182939238,9875,1,255,81,4,0x7e60,8,1,200,255.0
409182957309,9876,1,255,81,4,0x7e60,8,1,200,-787.0
409182974548,9877,1,255,81,4,0x7e60,8,1,200,-222.0
409182991018,9878,1,255,81,4,0x7e60,8,1,200,1400.0
409183006291,9879,1,255,81,4,0x7e60,8,1,200,-919.0
409183023373,9880,1,255,81,4,0x7e60,8,1,200,1059.0
409183039417,9881,1,255,81,4,0x7e60,8,1,200,-384.0
409183056236,9882,1,255,81,4,0x7e60,8,1,200,-287.0
409183073798,9883,1,255,81,4,0x7e60,8,1,200,713.0
409183089646,9884,1,255,81,4,0x7e60,8,1,200,1058.0
409183107590,9885,1,255,81,4,0x7e60,8,1,200,-412.0
409183122842,9886,1,255,81,4,0x7e60,8,1,200,610.0
409183139909,9887,1,255,81,4,0x7e60,8,1,200,-1822.0
409183155888,9888,1,255,81,4,0x7e60,8,1,200,-817.0
409183172655,9889,1,255,81,4,0x7e60,8,1,200,1255.0
409183190046,9890,1,255,81,4,0x7e60,8,1,200,1402.0
409183207319,9891,1,255,81,4,0x7e60,8,1,200,-483.0
409183223020,9892,1,255,81,4,0x7e60,8,1,200,-269.0
409183239341,9893,1,255,81,4,0x7e60,8,1,200,-427.0
409183256111,9894,1,255,81,4,0x7e60,8,1,200,-1028.0
409183272876,9895,1,255,81,4,0x7e60,8,1,200,1086.0
409183290123,9896,1,255,81,4,0x7e60,8,1,200,-1474.0
409183307044,9897,1,255,81,4,0x7e60,8,1,200,-985.0
409183323482,9898,1,255,81,4,0x7e60,8,1,200,988.0
409183341000,9899,1,255,81,4,0x7e60,8,1,200,-547.0
409183356012,9900,1,255,81,4,0x7e60,8,1,200,176.0
409183373118,9901,1,255,81,4,0x7e60,8,1,200,-879.0
409183389418,9902,1,255,81,4,0x7e60,8,1,200,-1026.0
409183406905,9903,1,255,81,4,0x7e60,8,1,200,-312.0
409183424951,9904,1,255,81,4,0x7e60,8,1,200,109.0
409183440878,9905,1,255,81,4,0x7e60,8,1,200,-1.0
409183458510,9906,1,255,81,4,0x7e60,8,1,200,-1024.0
409183473701,9907,1,255,81,4,0x7e60,8,1,200,1051.0
409183490268,9908,1,255,81,4,0x7e60,8,1,200,275.0
409183506111,9909,1,255,81,4,0x7e60,8,1,200,-284.0
409183523758,9910,1,255,81,4,0x7e60,8,1,200,-1543.0
409183541882,9911,1,255,81,4,0x7e60,8,1,200,109.0
409183557288,9912,1,255,81,4,0x7e60,8,1,200,1323.0
409183574260,9913,1,255,81,4,0x7e60,8,1,200,1656.0
409183590105,9914,1,255,81,4,0x7e60,8,1,200,-602.0
409183606833,9915,1,255,81,4,0x7e60,8,1,200,642.0
409183622917,9916,1,255,81,4,0x7e60,8,1,200,-16.0
409183640408,9917,1,255,81,4,0x7e60,8,1,200,958.0
409183657080,9918,1,255,81,4,0x7e60,8,1,200,-572.0
409183673957,9919,1,255,81,4,0x7e60,8,1,200,76.0
409183690343,9920,1,255,81,4,0x7e60,8,1,200,-424.0
409183707268,9921,1,255,81,4,0x7e60,8,1,200,-571.0
409183723324,9922,1,255,81,4,0x7e60,8,1,200,970.0
409183740098,9923,1,255,81,4,0x7e60,8,1,200,129.0
409183757606,9924,1,255,81,4,0x7e60,8,1,200,-503.0
409183775285,9925,1,255,81,4,0x7e60,8,1,200,383.0
409183791470,9926,1,255,82,4,0x7e60,8,1,200,797.0
409183807161,9927,1,255,82,4,0x7e60,8,1,200,296.0
409183823591,9928,1,255,82,4,0x7e60,8,1,200,-415.0
409183840183,9929,1,255,82,4,0x7e60,8,1,200,1004.0
409183857025,9930,1,255,82,4,0x7e60,8,1,200,5.0
409183874308,9931,1,255,82,4,0x7e60,8,1,200,-1103.0
409183894130,9932,1,255,82,4,0x7e60,8,1,200,-1560.0
409183908718,9933,1,255,82,4,0x7e60,8,1,200,224.0
409183924249,9934,1,255,82,4,0x7e60,8,1,200,886.0
409183940808,9935,1,255,82,4,0x7e60,8,1,200,143.0
409183956878,9936,1,255,82,4,0x7e60,8,1,200,-420.0
409183973784,9937,1,255,82,4,0x7e60,8,1,200,-933.0
409183992702,9938,1,255,82,4,0x7e60,8,1,200,1736.0
409184009297,9939,1,255,82,4,0x7e60,8,1,200,31.0
409184024498,9940,1,255,82,4,0x7e60,8,1,200,473.0
409184040444,9941,1,255,82,4,0x7e60,8,1,200,274.0
409184057299,9942,1,255,82,4,0x7e60,8,1,200,-689.0
409184074351,9943,1,255,82,4,0x7e60,8,1,200,1061.0
409184090818,9944,1,255,82,4,0x7e60,8,1,200,2107.0
409184108614,9945,1,255,82,4,0x7e60,8,1,200,302.0
409184127518,9946,1,255,82,4,0x7e60,8,1,200,711.0
409184141346,9947,1,255,82,4,0x7e60,8,1,200,835.0
409184157656,9948,1,255,82,4,0x7e60,8,1,200,1610.0
409184173967,9949,1,255,82,4,0x7e60,8,1,200,-771.0
409184192164,9950,1,255,82,4,0x7e60,8,1,200,559.0
409184209612,9951,1,255,82,4,0x7e60,8,1,200,943.0
409184224743,9952,1,255,82,4,0x7e60,8,1,200,1643.0
409184241737,9953,1,255,82,4,0x7e60,8,1,200,853.0
409184258259,9954,1,255,82,4,0x7e60,8,1,200,589.0
409184275092,9955,1,255,82,4,0x7e60,8,1,200,1100.0
409184290495,9956,1,255,82,4,0x7e60,8,1,200,867.0
409184307626,9957,1,255,82,4,0x7e60,8,1,200,-1068.0
409184324040,9958,1,255,82,4,0x7e60,8,1,200,-75.0
409184343082,9959,1,255,82,4,0x7e60,8,1,200,497.0
409184360846,9960,1,255,82,4,0x7e60,8,1,200,-136.0
409184375202,9961,1,255,82,4,0x7e60,8,1,200,-743.0
409184390874,9962,1,255,82,4,0x7e60,8,1,200,-954.0
409184407163,9963,1,255,82,4,0x7e60,8,1,200,-429.0
409184424088,9964,1,255,82,4,0x7e60,8,1,200,266.0
409184441680,9965,1,255,82,4,0x7e60,8,1,200,-1083.0
409184457827,9966,1,255,82,4,0x7e60,8,1,200,-1052.0
409184476265,9967,1,255,82,4,0x7e60,8,1,200,-159.0
409184491534,9968,1,255,82,4,0x7e60,8,1,200,588.0
409184507418,9969,1,255,82,4,0x7e60,8,1,200,-972.0
409184523805,9970,1,255,82,4,0x7e60,8,1,200,1053.0
409184541203,9971,1,255,82,4,0x7e60,8,1,200,238.0
409184560224,9972,1,255,82,4,0x7e60,8,1,200,1450.0
409184576509,9973,1,255,82,4,0x7e60,8,1,200,-5.0
409184592363,9974,1,255,82,4,0x7e60,8,1,200,924.0
409184608986,9975,1,255,82,4,0x7e60,8,1,200,205.0
409184624432,9976,1,255,82,4,0x7e60,8,1,200,-590.0
409184640792,9977,1,255,82,4,0x7e60,8,1,200,628.0
409184658044,9978,1,255,82,4,0x7e60,8,1,200,-370.0
409184674914,9979,1,255,82,4,0x7e60,8,1,200,1143.0
409184691266,9980,1,255,82,4,0x7e60,8,1,200,-116.0
409184707725,9981,1,255,82,4,0x7e60,8,1,200,1344.0
409184725844,9982,1,255,82,4,0x7e60,8,1,200,988.0
409184741379,9983,1,255,82,4,0x7e60,8,1,200,-1577.0
409184758161,9984,1,255,82,4,0x7e60,8,1,200,886.0
409184775565,9985,1,255,82,4,0x7e60,8,1,200,600.0
409184796070,9986,1,255,82,4,0x7e60,8,1,200,-819.0
409184811820,9987,1,255,83,4,0x7e60,8,1,200,381.0
409184828753,9988,1,255,83,4,0x7e60,8,1,200,-1591.0
409184841536,9989,1,255,83,4,0x7e60,8,1,200,1079.0
409184858529,9990,1,255,83,4,0x7e60,8,1,200,118.0
409184875315,9991,1,255,83,4,0x7e60,8,1,200,1131.0
409184891931,9992,1,255,83,4,0x7e60,8,1,200,-530.0
409184909291,9993,1,255,83,4,0x7e60,8,1,200,1114.0
409184924918,9994,1,255,83,4,0x7e60,8,1,200,-1001.0
409184942329,9995,1,255,83,4,0x7e60,8,1,200,73.0
409184958020,9996,1,255,83,4,0x7e60,8,1,200,-1782.0
409184975620,9997,1,255,83,4,0x7e60,8,1,200,-991.0
409184991555,9998,1,255,83,4,0x7e60,8,1,200,-694.0
409185008710,9999,1,255,83,4,0x7e60,8,1,200,-20.0
409185028380,10000,1,255,83,4,0x7e60,8,1,200,1740.0
409185042888,10001,1,255,83,4,0x7e60,8,1,200,-8.0
409185059003,10002,1,255,83,4,0x7e60,8,1,200,-1261.0
409185075027,10003,1,255,83,4,0x7e60,8,1,200,-92.0
409185091975,10004,1,255,83,4,0x7e60,8,1,200,125.0
409185109197,10005,1,255,83,4,0x7e60,8,1,200,238.0
409185125456,10006,1,255,83,4,0x7e60,8,1,200,276.0
409185147927,10007,1,255,83,4,0x7e60,8,1,200,-368.0
409185158976,10008,1,255,83,4,0x7e60,8,1,200,-381.0
409185174996,10009,1,255,83,4,0x7e60,8,1,200,1521.0
409185192065,10010,1,255,83,4,0x7e60,8,1,200,878.0
409185208183,10011,1,255,83,4,0x7e60,8,1,200,452.0
409185225708,10012,1,255,83,4,0x7e60,8,1,200,831.0
409185241828,10013,1,255,83,4,0x7e60,8,1,200,-982.0
409185260231,10014,1,255,83,4,0x7e60,8,1,200,1132.0
409185275578,10015,1,255,83,4,0x7e60,8,1,200,564.0
409185292333,10016,1,255,83,4,0x7e60,8,1,200,753.0
409185308852,10017,1,255,83,4,0x7e60,8,1,200,697.0
409185324831,10018,1,255,83,4,0x7e60,8,1,200,436.0
409185342111,10019,1,255,83,4,0x7e60,8,1,200,981.0
409185358443,10020,1,255,83,4,0x7e60,8,1,200,399.0
409185375686,10021,1,255,83,4,0x7e60,8,1,200,-1943.0
409185393508,10022,1,255,83,4,0x7e60,8,1,200,-671.0
409185408570,10023,1,255,83,4,0x7e60,8,1,200,943.0
409185425697,10024,1,255,83,4,0x7e60,8,1,200,120.0
409185442037,10025,1,255,83,4,0x7e60,8,1,200,-553.0
409185458831,10026,1,255,83,4,0x7e60,8,1,200,-446.0
409185475223,10027,1,255,83,4,0x7e60,8,1,200,907.0
409185493528,10028,1,255,83,4,0x7e60,8,1,200,1284.0
409185508783,10029,1,255,83,4,0x7e60,8,1,200,1431.0
409185525533,10030,1,255,83,4,0x7e60,8,1,200,-52.0
409185542954,10031,1,255,83,4,0x7e60,8,1,200,-1114.0
409185558756,10032,1,255,83,4,0x7e60,8,1,200,-234.0
409185575373,10033,1,255,83,4,0x7e60,8,1,200,194.0
409185592689,10034,1,255,83,4,0x7e60,8,1,200,281.0
409185609743,10035,1,255,83,4,0x7e60,8,1,200,1748.0
409185625243,10036,1,255,83,4,0x7e60,8,1,200,826.0
409185642066,10037,1,255,83,4,0x7e60,8,1,200,1140.0
409185658900,10038,1,255,83,4,0x7e60,8,1,200,-194.0
409185675765,10039,1,255,83,4,0x7e60,8,1,200,1722.0
409185692263,10040,1,255,83,4,0x7e60,8,1,200,608.0
409185709992,10041,1,255,83,4,0x7e60,8,1,200,336.0
409185727353,10042,1,255,83,4,0x7e60,8,1,200,360.0
409185743261,10043,1,255,83,4,0x7e60,8,1,200,254.0
409185762504,10044,1,255,83,4,0x7e60,8,1,200,775.0
409185775602,10045,1,255,83,4,0x7e60,8,1,200,743.0
409185792521,10046,1,255,83,4,0x7e60,8,1,200,1018.0
409185809151,10047,2,255,84,4,0x7e60,8,1,200,758.0
409185827452,10048,2,12,85,4,0x7e60,8,1,200,225.0
409185846351,10049,2,12,85,4,0x7e60,8,1,200,-2027.0
409185861149,10050,2,12,85,4,0x7e60,8,1,200,-1651.0
409185876436,10051,2,12,85,4,0x7e60,8,1,200,-1283.0
409185892914,10052,2,12,85,4,0x7e60,8,1,200,-126.0
409185909207,10053,2,12,85,4,0x7e60,8,1,200,972.0
409185926039,10054,2,12,85,4,0x7e60,8,1,200,-1762.0
409185943202,10055,2,12,85,4,0x7e60,8,1,200,735.0
409185961127,10056,2,12,85,4,0x7e60,8,1,200,-465.0
409185975862,10057,2,12,85,4,0x7e60,8,1,200,1249.0
409185995403,10058,2,12,85,4,0x7e60,8,1,200,567.0
409186009314,10059,2,12,85,4,0x7e60,8,1,200,74.0
409186025608,10060,2,12,85,4,0x7e60,8,1,200,192.0
409186042409,10061,2,12,85,4,0x7e60,8,1,200,-1360.0
409186060032,10062,2,12,85,4,0x7e60,8,1,200,1566.0
409186081550,10063,2,12,85,4,0x7e60,8,1,200,-1590.0
409186092290,10064,2,12,85,4,0x7e60,8,1,200,-1160.0
409186109672,10065,2,12,85,4,0x7e60,8,1,200,-682.0
409186126122,10066,2,12,85,4,0x7e60,8,1,200,1608.0
409186142630,10067,2,12,85,4,0x7e60,8,1,200,-538.0
409186159203,10068,2,12,85,4,0x7e60,8,1,200,758.0
409186177062,10069,2,12,85,4,0x7e60,8,1,200,1121.0
409186192021,10070,2,12,85,4,0x7e60,8,1,200,1213.0
409186208889,10071,2,12,85,4,0x7e60,8,1,200,271.0
409186227203,10072,2,12,85,4,0x7e60,8,1,200,-791.0
409186242836,10073,2,12,85,4,0x7e60,8,1,200,-11.0
409186258921,10074,2,12,85,4,0x7e60,8,1,200,15.0
409186276224,10075,2,12,85,4,0x7e60,8,1,200,452.0
409186292764,10076,2,12,85,4,0x7e60,8,1,200,-1495.0
409186309820,10077,2,12,85,4,0x7e60,8,1,200,-734.0
409186329391,10078,2,12,85,4,0x7e60,8,1,200,368.0
409186343079,10079,2,12,85,4,0x7e60,8,1,200,1423.0
409186359340,10080,2,12,85,4,0x7e60,8,1,200,-1070.0
409186376536,10081,2,12,85,4,0x7e60,8,1,200,1029.0
409186392938,10082,2,12,85,4,0x7e60,8,1,200,177.0
409186409236,10083,2,12,85,4,0x7e60,8,1,200,-20.0
409186426814,10084,2,12,85,4,0x7e60,8,1,200,-628.0
409186443529,10085,2,12,85,4,0x7e60,8,1,200,-995.0
409186459698,10086,2,12,85,4,0x7e60,8,1,200,1215.0
409186475979,10087,2,12,85,4,0x7e60,8,1,200,502.0
409186492642,10088,2,12,85,4,0x7e60,8,1,200,623.0
409186509463,10089,2,12,85,4,0x7e60,8,1,200,14.0
409186528580,10090,2,12,85,4,0x7e60,8,1,200,1743.0
409186543216,10091,2,12,85,4,0x7e60,8,1,200,1122.0
409186561840,10092,2,12,85,4,0x7e60,8,1,200,-392.0
409186577148,10093,2,12,85,4,0x7e60,8,1,200,-696.0
409186593329,10094,2,12,85,4,0x7e60,8,1,200,646.0
409186610209,10095,2,12,85,4,0x7e60,8,1,200,-458.0
409186627219,10096,2,12,85,4,0x7e60,8,1,200,330.0
409186645012,10097,2,12,85,4,0x7e60,8,1,200,-852.0
409186660867,10098,2,12,85,4,0x7e60,8,1,200,-186.0
409186678213,10099,2,12,85,4,0x7e40,7,1,200,-617.0
409186693558,10100,2,12,85,4,0x7e60,8,1,200,1151.0
409186709707,10101,2,12,85,4,0x7e60,8,1,200,709.0
409186726988,10102,2,12,85,4,0x7e60,8,1,200,563.0
409186744048,10103,2,12,85,4,0x7e60,8,1,200,-105.0
409186760111,10104,2,12,85,4,0x7e60,8,1,200,862.0
409186777549,10105,2,12,85,4,0x7e60,8,1,200,396.0
409186794086,10106,2,12,85,4,0x7e60,8,1,200,-230.0
409186811235,10107,2,12,85,4,0x7e60,8,1,200,1438.0
409186826921,10108,2,14,86,4,0x7e60,8,1,200,1002.0
409186843304,10109,2,14,86,4,0x7e60,8,1,200,-285.0
409186860631,10110,2,14,86,4,0x7e60,8,1,200,334.0
409186876909,10111,2,14,86,4,0x7e60,8,1,200,-292.0
409186894329,10112,2,14,86,4,0x7e60,8,1,200,1723.0
409186910624,10113,2,14,86,4,0x7e60,8,1,200,-199.0
409186926476,10114,2,14,86,4,0x7e60,8,1,200,468.0
409186943223,10115,2,14,86,4,0x7e60,8,1,200,801.0
409186960708,10116,2,14,86,4,0x7e60,8,1,200,1094.0
409186977039,10117,2,14,86,4,0x7e60,8,1,200,-2083.0
409186993831,10118,2,14,86,4,0x7e60,8,1,200,-51.0
409187011477,10119,2,14,86,4,0x7e60,8,1,200,1188.0
409187029576,10120,2,14,86,4,0x7e60,8,1,200,-361.0
409187044016,10121,2,14,86,4,0x7e60,8,1,200,-530.0
409187060619,10122,2,14,86,4,0x7e60,8,1,200,-563.0
409187076925,10123,2,14,86,4,0x7e60,8,1,200,-954.0
409187093947,10124,2,14,86,4,0x7e60,8,1,200,646.0
409187113427,10125,2,14,86,4,0x7e60,8,1,200,1635.0
409187127118,10126,2,14,86,4,0x7e60,8,1,200,12.0
409187143322,10127,2,14,86,4,0x7e60,8,1,200,-907.0
409187160150,10128,2,14,86,4,0x7e60,8,1,200,-1297.0
409187177157,10129,2,14,86,4,0x7e60,8,1,200,-1121.0
409187194549,10130,2,14,86,4,0x7e60,8,1,200,931.0
409187211019,10131,2,14,86,4,0x7e60,8,1,200,756.0
409187227869,10132,2,14,86,4,0x7e60,8,1,200,-732.0
409187244047,10133,2,14,86,4,0x7e60,8,1,200,698.0
409187260502,10134,2,14,86,4,0x7e60,8,1,200,1849.0
409187277505,10135,2,14,86,4,0x7e60,8,1,200,1106.0
409187293958,10136,2,14,86,4,0x7e60,8,1,200,217.0
409187310703,10137,2,14,86,4,0x7e60,8,1,200,338.0
409187329549,10138,2,14,86,4,0x7e60,8,1,200,-1500.0
409187347658,10139,2,14,86,4,0x7e60,8,1,200,-1649.0
409187361485,10140,2,14,86,4,0x7e60,8,1,200,-1771.0
409187378262,10141,2,14,86,4,0x7e60,8,1,200,120.0
409187393972,10142,2,14,86,4,0x7e60,8,1,200,905.0
409187410485,10143,2,14,86,4,0x7e60,8,1,200,-769.0
409187427597,10144,2,14,86,4,0x7e60,8,1,200,144.0
409187444599,10145,2,14,86,4,0x7e60,8,1,200,-118.0
409187461303,10146,2,14,86,4,0x7e60,8,1,200,138.0
409187480935,10147,2,14,86,4,0x7e60,8,1,200,-725.0
409187495189,10148,2,14,86,4,0x7e60,8,1,200,1397.0
409187510499,10149,2,14,86,4,0x7e60,8,1,200,-783.0
409187527716,10150,2,14,86,4,0x7e60,8,1,200,-74.0
409187544160,10151,2,14,86,4,0x7e60,8,1,200,-239.0
409187561472,10152,2,14,86,4,0x7e60,8,1,200,-597.0
409187578594,10153,2,14,86,4,0x7e60,8,1,200,-1119.0
409187594908,10154,2,14,86,4,0x7e60,8,1,200,-654.0
409187611285,10155,2,14,86,4,0x7e60,8,1,200,319.0
409187627855,10156,2,14,86,4,0x7e60,8,1,200,1156.0
409187644573,10157,2,14,86,4,0x7e60,8,1,200,218.0
409187660167,10158,2,14,86,4,0x7e60,8,1,200,485.0
409187677820,10159,2,14,86,4,0x7e60,8,1,200,-1405.0
409187696832,10160,2,14,86,4,0x7e60,8,1,200,-562.0
409187710260,10161,2,14,86,4,0x7e60,8,1,200,367.0
409187727567,10162,2,14,86,4,0x7e60,8,1,200,-321.0
409187744322,10163,2,14,86,4,0x7e60,8,1,200,143.0
409187762151,10164,2,14,86,4,0x7e60,8,1,200,-570.0
409187777522,10165,2,14,86,4,0x7e60,8,1,200,-105.0
409187799547,10166,2,14,86,4,0x7e60,8,1,200,154.0
409187811977,10167,2,14,86,4,0x7e60,8,1,200,459.0
409187827917,10168,2,12,87,4,0x7e60,8,1,200,1801.0
409187844672,10169,2,12,87,4,0x7e60,8,1,200,1350.0
409187861157,10170,2,12,87,4,0x7e60,8,1,200,902.0
409187877553,10171,2,12,87,4,0x7e60,8,1,200,-370.0
409187894834,10172,2,12,87,4,0x7e60,8,1,200,-968.0
409187911619,10173,2,12,87,4,0x7e60,8,1,200,-1147.0
409187931472,10174,2,12,87,4,0x7e60,8,1,200,80.0
409187944700,10175,2,12,87,4,0x7e60,8,1,200,-299.0
409187962090,10176,2,12,87,4,0x7e60,8,1,200,-1130.0
409187978345,10177,2,12,87,4,0x7e60,8,1,200,-1522.0
409187994304,10178,2,12,87,4,0x7e60,8,1,200,-232.0
409188011399,10179,2,12,87,4,0x7e60,8,1,200,-141.0
409188029206,10180,2,12,87,4,0x7e60,8,1,200,-1783.0
409188045278,10181,2,12,87,4,0x7e60,8,1,200,824.0
409188063997,10182,2,12,87,4,0x7e60,8,1,200,-857.0
409188078670,10183,2,12,87,4,0x7e60,8,1,200,822.0
409188094515,10184,2,12,87,4,0x7e60,8,1,200,35.0
409188112139,10185,2,12,87,4,0x7e60,8,1,200,-15.0
409188129513,10186,2,12,87,4,0x7e60,8,1,200,929.0
409188146724,10187,2,12,87,4,0x7e60,8,1,200,-950.0
409188165997,10188,2,12,87,4,0x7e60,8,1,200,1198.0
409188180554,10189,2,12,87,4,0x7e60,8,1,200,-946.0
409188196343,10190,2,12,87,4,0x7e60,8,1,200,172.0
409188211515,10191,2,12,87,4,0x7e60,8,1,200,1315.0
409188229098,10192,2,12,87,4,0x7e60,8,1,200,967.0
409188244827,10193,2,12,87,4,0x7e60,8,1,200,-783.0
409188261974,10194,2,12,87,4,0x7e60,8,1,200,-34.0
409188280048,10195,2,12,87,4,0x7e60,8,1,200,-890.0
409188296743,10196,2,12,87,4,0x7e60,8,1,200,-360.0
409188311955,10197,2,12,87,4,0x7e60,8,1,200,-898.0
409188328867,10198,2,12,87,4,0x7e60,8,1,200,139.0
409188345628,10199,2,12,87,4,0x7e60,8,1,200,-73.0
409188361401,10200,2,12,87,4,0x7e60,8,1,200,107.0
409188378728,10201,2,12,87,4,0x7e60,8,1,200,949.0
409188395030,10202,2,12,87,4,0x7e60,8,1,200,-91.0
409188412067,10203,2,12,87,4,0x7e60,8,1,200,115.0
409188428565,10204,2,12,87,4,0x7e60,8,1,200,-1730.0
409188444769,10205,2,12,87,4,0x7e60,8,1,200,1106.0
409188461500,10206,2,12,87,4,0x7e60,8,1,200,-762.0
409188479256,10207,2,12,87,4,0x7e60,8,1,200,319.0
409188497765,10208,2,12,87,4,0x7e60,8,1,200,1257.0
409188512413,10209,2,12,87,4,0x7e60,8,1,200,984.0
409188528933,10210,2,12,87,4,0x7e60,8,1,200,1270.0
409188545164,10211,2,12,87,4,0x7e60,8,1,200,-944.0
409188562097,10212,2,12,87,4,0x7e60,8,1,200,698.0
409188578732,10213,2,12,87,4,0x7e60,8,1,200,-16.0
409188595171,10214,2,12,87,4,0x7e60,8,1,200,1436.0
409188613158,10215,2,12,87,4,0x7e60,8,1,200,-910.0
409188628297,10216,2,12,87,4,0x7e60,8,1,200,219.0
409188645742,10217,2,12,87,4,0x7e60,8,1,200,-781.0
409188662228,10218,2,12,87,4,0x7e60,8,1,200,-848.0
409188679045,10219,2,12,87,4,0x7e60,8,1,200,-1705.0
409188695853,10220,2,12,87,4,0x7e60,8,1,200,-558.0
409188713138,10221,2,12,87,4,0x7e60,8,1,200,-433.0
409188728618,10222,2,12,87,4,0x7e60,8,1,200,394.0
409188745319,10223,2,12,87,4,0x7e60,8,1,200,-1824.0
409188765884,10224,2,12,87,4,0x7e60,8,1,200,535.0
409188778441,10225,2,12,87,4,0x7e40,7,1,200,-345.0
409188795496,10226,2,12,87,4,0x7e60,8,1,200,-314.0
409188812830,10227,2,12,87,4,0x7e60,8,1,200,1609.0
409188829085,10228,2,12,87,4,0x7e60,8,1,200,-993.0
409188846616,10229,2,12,87,4,0x7e60,8,1,200,225.0
409188863848,10230,2,12,87,4,0x7e60,8,1,200,-793.0
409188879448,10231,2,12,87,4,0x7e60,8,1,200,1237.0
409188895589,10232,2,12,87,4,0x7e60,8,1,200,1125.0
409188912454,10233,2,12,87,4,0x7e60,8,1,200,-634.0
409188929111,10234,2,12,87,4,0x7e60,8,1,200,1124.0
409188945834,10235,2,12,87,4,0x7e60,8,1,200,605.0
409188963477,10236,2,12,87,4,0x7e60,8,1,200,-593.0
409188978983,10237,2,12,87,4,0x7e60,8,1,200,-312.0
409188996836,10238,2,12,87,4,0x7e60,8,1,200,-438.0
409189012502,10239,2,12,87,4,0x7e60,8,1,200,-1633.0
409189029173,10240,2,12,87,4,0x7e60,8,1,200,-122.0
409189046810,10241,2,12,87,4,0x7e60,8,1,200,1123.0
409189063097,10242,2,12,87,4,0x7e60,8,1,200,1311.0
409189079939,10243,2,12,87,4,0x7e60,8,1,200,-608.0
409189096618,10244,2,12,87,4,0x7e60,8,1,200,-320.0
409189112508,10245,2,12,87,4,0x7e60,8,1,200,-123.0
409189129308,10246,2,12,87,4,0x7e60,8,1,200,1012.0
409189145464,10247,2,12,87,4,0x7e60,8,1,200,231.0
409189162072,10248,2,12,87,4,0x7e60,8,1,200,-427.0
409189179082,10249,2,12,87,4,0x7e60,8,1,200,447.0
409189196900,10250,2,12,87,4,0x7e60,8,1,200,1374.0
409189213392,10251,2,12,87,4,0x7e60,8,1,200,-135.0
409189230480,10252,2,12,87,4,0x7e60,8,1,200,-239.0
409189245697,10253,2,12,87,4,0x7e60,8,1,200,-632.0
409189263758,10254,2,12,87,4,0x7e60,8,1,200,-52.0
409189279935,10255,2,12,87,4,0x7e60,8,1,200,-835.0
409189296721,10256,2,12,87,4,0x7e60,8,1,200,1388.0
409189316709,10257,2,12,87,4,0x7e60,8,1,200,1081.0
409189333347,10258,2,12,87,4,0x7e60,8,1,200,284.0
409189347312,10259,2,12,87,4,0x7e60,8,1,200,-1164.0
409189363818,10260,2,12,87,4,0x7e60,8,1,200,992.0
409189379565,10261,2,12,87,4,0x7e60,8,1,200,919.0
409189396737,10262,2,12,87,4,0x7e60,8,1,200,806.0
409189413971,10263,2,12,87,4,0x7e60,8,1,200,-11.0
409189430061,10264,2,12,87,4,0x7e60,8,1,200,-903.0
409189447281,10265,2,12,87,4,0x7e60,8,1,200,522.0
409189463195,10266,2,12,87,4,0x7e60,8,1,200,279.0
409189479401,10267,2,12,87,4,0x7e60,8,1,200,326.0
409189496274,10268,2,12,87,4,0x7e60,8,1,200,-735.0
409189512957,10269,2,12,87,4,0x7e40,7,1,200,-523.0
409189529607,10270,2,12,87,4,0x7e60,8,1,200,456.0
409189546899,10271,2,12,87,4,0x7e60,8,1,200,-1145.0
409189563596,10272,2,12,87,4,0x7e60,8,1,200,949.0
409189579679,10273,2,12,87,4,0x7e60,8,1,200,-206.0
409189596547,10274,2,12,87,4,0x7e60,8,1,200,-2.0
409189613154,10275,2,12,87,4,0x7e60,8,1,200,-545.0
409189630311,10276,2,12,87,4,0x7e60,8,1,200,967.0
409189647476,10277,2,12,87,4,0x7e60,8,1,200,-118.0
409189663858,10278,2,12,87,4,0x7e60,8,1,200,619.0
409189679962,10279,2,12,87,4,0x7e60,8,1,200,-652.0
409189696827,10280,2,12,87,4,0x7e60,8,1,200,-242.0
409189713123,10281,2,12,87,4,0x7e60,8,1,200,-739.0
409189729710,10282,2,12,87,4,0x7e60,8,1,200,-799.0
409189747759,10283,2,12,87,4,0x7e60,8,1,200,1911.0
409189764089,10284,2,12,87,4,0x7e60,8,1,200,1396.0
409189780247,10285,2,12,87,4,0x7e60,8,1,200,-164.0
409189798856,10286,2,12,87,4,0x7e60,8,1,200,-86.0
409189813509,10287,2,12,87,4,0x7e60,8,1,200,-684.0
409189830424,10288,2,14,88,4,0x7e60,8,1,200,719.0
409189846416,10289,2,14,88,4,0x7e60,8,1,200,154.0
409189863466,10290,2,14,88,4,0x7e60,8,1,200,859.0
409189883533,10291,2,14,88,4,0x7e60,8,1,200,126.0
409189897277,10292,2,14,88,4,0x7e60,8,1,200,-1308.0
409189914791,10293,2,14,88,4,0x7e60,8,1,200,-802.0
409189929873,10294,2,14,88,4,0x7e60,8,1,200,915.0
409189946648,10295,2,14,88,4,0x7e60,8,1,200,1143.0
409189963072,10296,2,14,88,4,0x7e60,8,1,200,948.0
409189979465,10297,2,14,88,4,0x7e60,8,1,200,-172.0
409189998948,10298,2,14,88,4,0x7e60,8,1,200,-1291.0
409190013853,10299,2,14,88,4,0x7e60,8,1,200,52.0
409190030435,10300,2,14,88,4,0x7e60,8,1,200,567.0
409190046413,10301,2,14,88,4,0x7e60,8,1,200,10.0
409190063220,10302,2,14,88,4,0x7e60,8,1,200,-275.0
409190081024,10303,2,14,88,4,0x7e60,8,1,200,809.0
409190097767,10304,2,14,88,4,0x7e60,8,1,200,-402.0
409190113432,10305,2,14,88,4,0x7e60,8,1,200,-739.0
409190129584,10306,2,14,88,4,0x7e60,8,1,200,880.0
409190147648,10307,2,14,88,4,0x7e60,8,1,200,-302.0
409190163543,10308,2,14,88,4,0x7e60,8,1,200,881.0
409190179862,10309,2,14,88,4,0x7e60,8,1,200,-384.0
409190196646,10310,2,14,88,4,0x7e60,8,1,200,638.0
409190213775,10311,2,14,88,4,0x7e60,8,1,200,268.0
409190230162,10312,2,14,88,4,0x7e60,8,1,200,-628.0
409190246634,10313,2,14,88,4,0x7e60,8,1,200,-440.0
409190264230,10314,2,14,88,4,0x7e60,8,1,200,635.0
409190280336,10315,2,14,88,4,0x7e60,8,1,200,-241.0
409190296784,10316,2,14,88,4,0x7e60,8,1,200,1206.0
409190313768,10317,2,14,88,4,0x7e60,8,1,200,1393.0
409190331842,10318,2,14,88,4,0x7e60,8,1,200,-1595.0
409190348358,10319,2,14,88,4,0x7e60,8,1,200,693.0
409190364043,10320,2,14,88,4,0x7e60,8,1,200,-418.0
409190381451,10321,2,14,88,4,0x7e60,8,1,200,1083.0
409190396726,10322,2,14,88,4,0x7e60,8,1,200,-485.0
409190413072,10323,2,14,88,4,0x7e60,8,1,200,-1704.0
409190430437,10324,2,14,88,4,0x7e60,8,1,200,-869.0
409190448067,10325,2,14,88,4,0x7e60,8,1,200,-1359.0
409190465637,10326,2,14,88,4,0x7e60,8,1,200,668.0
409190481417,10327,2,14,88,4,0x7e60,8,1,200,-1272.0
409190497562,10328,2,14,88,4,0x7e60,8,1,200,-1335.0
409190513860,10329,2,14,88,4,0x7e60,8,1,200,517.0
409190530400,10330,2,14,88,4,0x7e60,8,1,200,1068.0
409190547390,10331,2,14,88,4,0x7e60,8,1,200,-798.0
409190565087,10332,2,14,88,4,0x7e60,8,1,200,-91.0
409190581169,10333,2,14,88,4,0x7e60,8,1,200,-1716.0
409190597436,10334,2,14,88,4,0x7e60,8,1,200,1178.0
409190615006,10335,2,14,88,4,0x7e60,8,1,200,-470.0
409190630967,10336,2,14,88,4,0x7e60,8,1,200,1129.0
409190647542,10337,2,14,88,4,0x7e60,8,1,200,129.0
409190664304,10338,2,14,88,4,0x7e60,8,1,200,257.0
409190681694,10339,2,14,88,4,0x7e60,8,1,200,-541.0
409190697083,10340,2,14,88,4,0x7e60,8,1,200,1365.0
409190713864,10341,2,14,88,4,0x7e60,8,1,200,-926.0
409190730177,10342,2,14,88,4,0x7e60,8,1,200,-1108.0
409190747409,10343,2,14,88,4,0x7e60,8,1,200,519.0
409190764618,10344,2,14,88,4,0x7e60,8,1,200,-327.0
409190780472,10345,2,14,88,4,0x7e60,8,1,200,421.0
409190797730,10346,2,14,88,4,0x7e60,8,1,200,-561.0
409190814949,10347,2,14,88,4,0x7e60,8,1,200,-1397.0
409190832914,10348,2,12,89,4,0x7e60,8,1,200,1781.0
409190847825,10349,2,12,89,4,0x7e60,8,1,200,217.0
409190864393,10350,2,12,89,4,0x7e60,8,1,200,71.0
409190881077,10351,2,12,89,4,0x7e60,8,1,200,52.0
409190897013,10352,2,12,89,4,0x7e60,8,1,200,-1041.0
409190914767,10353,2,12,89,4,0x7e60,8,1,200,-955.0
409190930902,10354,2,12,89,4,0x7e60,8,1,200,364.0
409190947439,10355,2,12,89,4,0x7e60,8,1,200,841.0
409190964475,10356,2,12,89,4,0x7e60,8,1,200,565.0
409190982683,10357,2,12,89,4,0x7e60,8,1,200,1104.0
409190997530,10358,2,12,89,4,0x7e60,8,1,200,-1090.0
409191013612,10359,2,12,89,4,0x7e60,8,1,200,-594.0
409191032342,10360,2,12,89,4,0x7e60,8,1,200,-1091.0
409191048119,10361,2,12,89,4,0x7e60,8,1,200,872.0
409191066033,10362,2,12,89,4,0x7e60,8,1,200,-1167.0
409191081686,10363,2,12,89,4,0x7e60,8,1,200,100.0
409191097786,10364,2,12,89,4,0x7e60,8,1,200,68.0
409191114264,10365,2,12,89,4,0x7e60,8,1,200,-400.0
409191131018,10366,2,12,89,4,0x7e60,8,1,200,857.0
409191147798,10367,2,12,89,4,0x7e60,8,1,200,395.0
409191165304,10368,2,12,89,4,0x7e60,8,1,200,754.0
409191182438,10369,2,12,89,4,0x7e60,8,1,200,834.0
409191197968,10370,2,12,89,4,0x7e60,8,1,200,108.0
409191214429,10371,2,12,89,4,0x7e60,8,1,200,-1219.0
409191232081,10372,2,12,89,4,0x7e60,8,1,200,-470.0
409191248675,10373,2,12,89,4,0x7e60,8,1,200,-1167.0
409191266437,10374,2,12,89,4,0x7e60,8,1,200,1418.0
409191282708,10375,2,12,89,4,0x7e60,8,1,200,1490.0
409191298835,10376,2,12,89,4,0x7e60,8,1,200,823.0
409191314913,10377,2,12,89,4,0x7e60,8,1,200,168.0
409191330870,10378,2,12,89,4,0x7e60,8,1,200,-347.0
409191348023,10379,2,12,89,4,0x7e60,8,1,200,-618.0
409191364184,10380,2,12,89,4,0x7e60,8,1,200,-684.0
409191384589,10381,2,12,89,4,0x7e60,8,1,200,-288.0
409191398017,10382,2,12,89,4,0x7e60,8,1,200,1276.0
409191415949,10383,2,12,89,4,0x7e60,8,1,200,1390.0
409191431286,10384,2,12,89,4,0x7e60,8,1,200,-1655.0
409191448377,10385,2,12,89,4,0x7e60,8,1,200,623.0
409191464290,10386,2,12,89,4,0x7e60,8,1,200,-834.0
409191485772,10387,2,12,89,4,0x7e60,8,1,200,739.0
409191498682,10388,2,12,89,4,0x7e60,8,1,200,1262.0
409191515460,10389,2,12,89,4,0x7e60,8,1,200,-940.0
409191531546,10390,2,12,89,4,0x7e60,8,1,200,-1178.0
409191547395,10391,2,12,89,4,0x7e60,8,1,200,684.0
409191564494,10392,2,12,89,4,0x7e60,8,1,200,-1156.0
409191581206,10393,2,12,89,4,0x7e60,8,1,200,1015.0
409191600890,10394,2,12,89,4,0x7e60,8,1,200,370.0
409191615316,10395,2,12,89,4,0x7e60,8,1,200,561.0
409191631992,10396,2,12,89,4,0x7e60,8,1,200,-169.0
409191648938,10397,2,12,89,4,0x7e60,8,1,200,-1198.0
409191664993,10398,2,12,89,4,0x7e60,8,1,200,-440.0
409191681328,10399,2,12,89,4,0x7e60,8,1,200,1267.0
409191698552,10400,2,12,89,4,0x7e60,8,1,200,162.0
409191716075,10401,2,12,89,4,0x7e60,8,1,200,1320.0
409191731373,10402,2,12,89,4,0x7e60,8,1,200,-14.0
409191748921,10403,2,12,89,4,0x7e60,8,1,200,-555.0
409191765185,10404,2,12,89,4,0x7e60,8,1,200,180.0
409191781660,10405,2,12,89,4,0x7e60,8,1,200,1122.0
409191798781,10406,2,12,89,4,0x7e60,8,1,200,277.0
409191815104,10407,2,12,89,4,0x7e60,8,1,200,678.0
409191834372,10408,2,12,89,4,0x7e60,8,1,200,614.0
409191850526,10409,2,12,89,4,0x7e60,8,1,200,1068.0
409191864777,10410,2,12,89,4,0x7e60,8,1,200,1110.0
409191881468,10411,2,12,89,4,0x7e60,8,1,200,-407.0
409191897562,10412,2,12,89,4,0x7e60,8,1,200,912.0
409191914582,10413,2,12,89,4,0x7e60,8,1,200,837.0
409191931694,10414,2,12,89,4,0x7e60,8,1,200,-615.0
409191948073,10415,2,12,89,4,0x7e60,8,1,200,-756.0
409191964827,10416,2,12,89,4,0x7e60,8,1,200,-830.0
409191982767,10417,2,12,89,4,0x7e60,8,1,200,955.0
409191998625,10418,2,12,89,4,0x7e60,8,1,200,608.0
409192014915,10419,2,12,89,4,0x7e60,8,1,200,498.0
409192031587,10420,2,12,89,4,0x7e60,8,1,200,-859.0
409192048630,10421,2,12,89,4,0x7e60,8,1,200,-760.0
409192065641,10422,2,12,89,4,0x7e60,8,1,200,-375.0
409192083264,10423,2,12,89,4,0x7e60,8,1,200,10.0
409192099220,10424,2,12,89,4,0x7e60,8,1,200,-267.0
409192115824,10425,2,12,89,4,0x7e60,8,1,200,445.0
409192131238,10426,2,12,89,4,0x7e60,8,1,200,208.0
409192147979,10427,2,12,89,4,0x7e60,8,1,200,-69.0
409192164667,10428,2,12,89,4,0x7e60,8,1,200,1177.0
409192182263,10429,2,12,89,4,0x7e60,8,1,200,1131.0
409192199411,10430,2,12,89,4,0x7e60,8,1,200,-709.0
409192216442,10431,2,12,89,4,0x7e60,8,1,200,133.0
409192231421,10432,2,12,89,4,0x7e60,8,1,200,-1055.0
409192248297,10433,2,12,89,4,0x7e60,8,1,200,-610.0
409192265999,10434,2,12,89,4,0x7e60,8,1,200,-2.0
409192281718,10435,2,12,89,4,0x7e60,8,1,200,-966.0
409192299678,10436,2,12,89,4,0x7e60,8,1,200,-62.0
409192316439,10437,2,12,89,4,0x7e60,8,1,200,-1501.0
409192331818,10438,2,12,89,4,0x7e60,8,1,200,-350.0
409192348570,10439,2,12,89,4,0x7e60,8,1,200,-882.0
409192366213,10440,2,12,89,4,0x7e60,8,1,200,498.0
409192381831,10441,2,12,89,4,0x7e60,8,1,200,896.0
409192398739,10442,2,12,89,4,0x7e60,8,1,200,-1101.0
409192416271,10443,2,12,89,4,0x7e60,8,1,200,341.0
409192432603,10444,2,12,89,4,0x7e60,8,1,200,-85.0
409192449001,10445,2,12,89,4,0x7e60,8,1,200,946.0
409192465152,10446,2,12,89,4,0x7e60,8,1,200,1202.0
409192482342,10447,2,12,89,4,0x7e60,8,1,200,-175.0
409192498925,10448,2,12,89,4,0x7e60,8,1,200,1320.0
409192518806,10449,2,12,89,4,0x7e60,8,1,200,-1977.0
409192532608,10450,2,12,89,4,0x7e60,8,1,200,-435.0
409192551629,10451,2,12,89,4,0x7e60,8,1,200,112.0
409192565435,10452,2,12,89,4,0x7e60,8,1,200,413.0
409192582247,10453,2,12,89,4,0x7e60,8,1,200,-1409.0
409192598546,10454,2,12,89,4,0x7e60,8,1,200,-829.0
409192615349,10455,2,12,89,4,0x7e60,8,1,200,-864.0
409192632835,10456,2,12,89,4,0x7e60,8,1,200,1045.0
409192649267,10457,2,12,89,4,0x7e60,8,1,200,500.0
409192665936,10458,2,12,89,4,0x7e60,8,1,200,644.0
409192682000,10459,2,12,89,4,0x7e60,8,1,200,495.0
409192699022,10460,2,12,89,4,0x7e60,8,1,200,-329.0
409192715504,10461,2,12,89,4,0x7e60,8,1,200,-721.0
409192732947,10462,2,12,89,4,0x7e60,8,1,200,511.0
409192749094,10463,2,12,89,4,0x7e60,8,1,200,-394.0
409192768124,10464,2,12,89,4,0x7e60,8,1,200,-534.0
409192782839,10465,2,12,89,4,0x7e60,8,1,200,-905.0
409192799892,10466,2,12,89,4,0x7e60,8,1,200,-493.0
409192816232,10467,2,12,89,4,0x7e60,8,1,200,95.0
409192832279,10468,2,14,90,4,0x7e60,8,1,200,224.0
409192849305,10469,2,14,90,4,0x7e60,8,1,200,-340.0
409192867251,10470,2,14,90,4,0x7e60,8,1,200,-1707.0
409192883023,10471,2,14,90,4,0x7e60,8,1,200,-483.0
409192899207,10472,2,14,90,4,0x7e60,8,1,200,-1023.0
409192916350,10473,2,14,90,4,0x7e60,8,1,200,-1441.0
409192934745,10474,2,14,90,4,0x7e60,8,1,200,888.0
409192949074,10475,2,14,90,4,0x7e60,8,1,200,60.0
409192965580,10476,2,14,90,4,0x7e60,8,1,200,-1156.0
409192983316,10477,2,14,90,4,0x7e60,8,1,200,-371.0
409193000037,10478,2,14,90,4,0x7e60,8,1,200,1205.0
409193016008,10479,2,14,90,4,0x7e60,8,1,200,100.0
409193033031,10480,2,14,90,4,0x7e60,8,1,200,-1136.0
409193049256,10481,2,14,90,4,0x7e60,8,1,200,398.0
409193065409,10482,2,14,90,4,0x7e60,8,1,200,-1108.0
409193082671,10483,2,14,90,4,0x7e60,8,1,200,-221.0
409193100175,10484,2,14,90,4,0x7e60,8,1,200,-235.0
409193116343,10485,2,14,90,4,0x7e60,8,1,200,-93.0
409193134401,10486,2,14,90,4,0x7e60,8,1,200,980.0
409193149395,10487,2,14,90,4,0x7e60,8,1,200,-62.0
409193165450,10488,2,14,90,4,0x7e60,8,1,200,486.0
409193183100,10489,2,14,90,4,0x7e60,8,1,200,-686.0
409193199047,10490,2,14,90,4,0x7e60,8,1,200,-916.0
409193219416,10491,2,14,90,4,0x7e60,8,1,200,-580.0
409193232751,10492,2,14,90,4,0x7e60,8,1,200,737.0
409193249816,10493,2,14,90,4,0x7e60,8,1,200,-684.0
409193266343,10494,2,14,90,4,0x7e60,8,1,200,-192.0
409193283128,10495,2,14,90,4,0x7e60,8,1,200,-794.0
409193300069,10496,2,14,90,4,0x7e60,8,1,200,518.0
409193316137,10497,2,14,90,4,0x7e60,8,1,200,613.0
409193333266,10498,2,14,90,4,0x7e60,8,1,200,733.0
409193349918,10499,2,14,90,4,0x7e60,8,1,200,-1014.0
409193367159,10500,2,14,90,4,0x7e60,8,1,200,41.0
409193382795,10501,2,14,90,4,0x7e60,8,1,200,-1262.0
409193400211,10502,2,14,90,4,0x7e60,8,1,200,-355.0
409193416127,10503,2,14,90,4,0x7e60,8,1,200,1317.0
409193433214,10504,2,14,90,4,0x7e60,8,1,200,765.0
409193452595,10505,2,14,90,4,0x7e60,8,1,200,-303.0
409193468936,10506,2,14,90,4,0x7e60,8,1,200,40.0
409193484102,10507,2,14,90,4,0x7e60,8,1,200,1006.0
409193499504,10508,2,14,90,4,0x7e60,8,1,200,-545.0
409193516519,10509,2,14,90,4,0x7e60,8,1,200,876.0
409193533137,10510,2,14,90,4,0x7e60,8,1,200,75.0
409193549881,10511,2,14,90,4,0x7e60,8,1,200,-1148.0
409193569151,10512,2,14,90,4,0x7e60,8,1,200,940.0
409193584291,10513,2,14,90,4,0x7e60,8,1,200,-918.0
409193601396,10514,2,14,90,4,0x7e60,8,1,200,-452.0
409193616321,10515,2,14,90,4,0x7e60,8,1,200,431.0
409193633117,10516,2,14,90,4,0x7e60,8,1,200,-548.0
409193649703,10517,2,14,90,4,0x7e60,8,1,200,-204.0
409193666953,10518,2,14,90,4,0x7e60,8,1,200,99.0
409193686379,10519,2,14,90,4,0x7e60,8,1,200,19.0
409193702962,10520,2,14,90,4,0x7e60,8,1,200,-1504.0
409193718816,10521,2,14,90,4,0x7e60,8,1,200,-1689.0
409193732384,10522,2,14,90,4,0x7e60,8,1,200,992.0
409193749902,10523,2,14,90,4,0x7e60,8,1,200,-887.0
409193766284,10524,2,14,90,4,0x7e60,8,1,200,-1001.0
409193783604,10525,2,14,90,4,0x7e60,8,1,200,-1078.0
409193801344,10526,2,14,90,4,0x7e60,8,1,200,1654.0
409193817663,10527,2,14,90,4,0x7e60,8,1,200,319.0
409193835401,10528,2,14,90,4,0x7e60,8,1,200,-1408.0
409193849915,10529,2,14,90,4,0x7e60,8,1,200,449.0
409193866568,10530,2,14,90,4,0x7e60,8,1,200,89.0
409193883354,10531,2,14,90,4,0x7e60,8,1,200,-1811.0
409193900607,10532,2,14,90,4,0x7e60,8,1,200,303.0
409193920460,10533,2,14,90,4,0x7e60,8,1,200,70.0
409193933763,10534,2,14,90,4,0x7e60,8,1,200,110.0
409193950101,10535,2,14,90,4,0x7e60,8,1,200,1391.0
409193966399,10536,2,14,90,4,0x7e60,8,1,200,1748.0
409193983843,10537,2,14,90,4,0x7e60,8,1,200,1172.0
409194001447,10538,2,14,90,4,0x7e60,8,1,200,-382.0
409194017748,10539,2,14,90,4,0x7e60,8,1,200,1027.0
409194034276,10540,2,14,90,4,0x7e60,8,1,200,-1022.0
409194051780,10541,2,14,90,4,0x7e60,8,1,200,934.0
409194067161,10542,2,14,90,4,0x7e60,8,1,200,521.0
409194084225,10543,2,14,90,4,0x7e60,8,1,200,-1281.0
409194100030,10544,2,14,90,4,0x7e60,8,1,200,859.0
409194116972,10545,2,14,90,4,0x7e60,8,1,200,-888.0
409194136317,10546,2,14,90,4,0x7e60,8,1,200,691.0
409194151738,10547,2,14,90,4,0x7e60,8,1,200,-564.0
409194169102,10548,2,14,90,4,0x7e60,8,1,200,1344.0
409194184067,10549,2,14,90,4,0x7e60,8,1,200,-25.0
409194200619,10550,2,14,90,4,0x7e60,8,1,200,920.0
409194217284,10551,2,14,90,4,0x7e60,8,1,200,338.0
409194233348,10552,2,14,90,4,0x7e60,8,1,200,121.0
409194252639,10553,2,14,90,4,0x7e60,8,1,200,-106.0
409194268096,10554,2,14,90,4,0x7e60,8,1,200,-281.0
409194285535,10555,2,14,90,4,0x7e60,8,1,200,357.0
409194300761,10556,2,14,90,4,0x7e60,8,1,200,-682.0
409194317426,10557,2,14,90,4,0x7e60,8,1,200,1142.0
409194333896,10558,2,14,90,4,0x7e60,8,1,200,898.0
409194350806,10559,2,14,90,4,0x7e60,8,1,200,1084.0
409194366885,10560,2,14,90,4,0x7e60,8,1,200,-196.0
409194384252,10561,2,14,90,4,0x7e60,8,1,200,-906.0
409194401540,10562,2,14,90,4,0x7e60,8,1,200,43.0
409194417620,10563,2,14,90,4,0x7e60,8,1,200,1152.0
409194434663,10564,2,14,90,4,0x7e60,8,1,200,1641.0
409194450236,10565,2,14,90,4,0x7e60,8,1,200,418.0
409194467527,10566,2,14,90,4,0x7e60,8,1,200,986.0
409194484923,10567,2,14,90,4,0x7e60,8,1,200,-651.0
409194501471,10568,2,14,90,4,0x7e60,8,1,200,-608.0
409194518237,10569,2,14,90,4,0x7e60,8,1,200,615.0
409194534537,10570,2,14,90,4,0x7e60,8,1,200,486.0
409194550950,10571,2,14,90,4,0x7e60,8,1,200,1676.0
409194567244,10572,2,14,90,4,0x7e60,8,1,200,-616.0
409194583926,10573,2,14,90,4,0x7e60,8,1,200,1111.0
409194601743,10574,2,14,90,4,0x7e60,8,1,200,1371.0
409194617302,10575,2,14,90,4,0x7e60,8,1,200,1248.0
409194634030,10576,2,14,90,4,0x7e60,8,1,200,-17.0
409194650839,10577,2,14,90,4,0x7e60,8,1,200,-182.0
409194667537,10578,2,14,90,4,0x7e60,8,1,200,-32.0
409194683859,10579,2,14,90,4,0x7e60,8,1,200,890.0
409194701527,10580,2,14,90,4,0x7e60,8,1,200,1362.0
409194717141,10581,2,14,90,4,0x7e60,8,1,200,687.0
409194733888,10582,2,14,90,4,0x7e60,8,1,200,751.0
409194751615,10583,2,14,90,4,0x7e60,8,1,200,-917.0
409194767655,10584,2,14,90,4,0x7e60,8,1,200,854.0
409194784203,10585,2,14,90,4,0x7e60,8,1,200,-1568.0
409194801054,10586,2,14,90,4,0x7e60,8,1,200,-1324.0
409194818387,10587,2,14,90,4,0x7e60,8,1,200,-1285.0
409194835646,10588,2,14,90,4,0x7e60,8,1,200,-729.0
409194851208,10589,2,14,90,4,0x7e60,8,1,200,883.0
409194868615,10590,2,14,90,4,0x7e60,8,1,200,1704.0
409194884170,10591,2,14,90,4,0x7e60,8,1,200,878.0
409194902618,10592,2,14,90,4,0x7e60,8,1,200,936.0
409194917839,10593,2,14,90,4,0x7e60,8,1,200,807.0
409194937691,10594,2,14,90,4,0x7e60,8,1,200,-1322.0
409194955123,10595,2,14,90,4,0x7e60,8,1,200,-417.0
409194967789,10596,2,14,90,4,0x7e60,8,1,200,-1018.0
409194984467,10597,2,14,90,4,0x7e60,8,1,200,177.0
409195001081,10598,2,14,90,4,0x7e60,8,1,200,-1297.0
409195018013,10599,2,14,90,4,0x7e60,8,1,200,-640.0
409195034928,10600,2,14,90,4,0x7e60,8,1,200,461.0
409195052393,10601,2,14,90,4,0x7e60,8,1,200,-256.0
409195069288,10602,2,14,90,4,0x7e60,8,1,200,980.0
409195084732,10603,2,14,90,4,0x7e60,8,1,200,-299.0
409195101897,10604,2,14,90,4,0x7e60,8,1,200,-201.0
409195118103,10605,2,14,90,4,0x7e60,8,1,200,-516.0
409195134567,10606,2,14,90,4,0x7e60,8,1,200,912.0
409195151459,10607,2,14,90,4,0x7e60,8,1,200,-88.0
409195169735,10608,2,14,90,4,0x7e60,8,1,200,-328.0
409195185016,10609,2,14,90,4,0x7e60,8,1,200,198.0
409195201156,10610,2,14,90,4,0x7e60,8,1,200,-559.0
409195218573,10611,2,14,90,4,0x7e60,8,1,200,-902.0
409195234565,10612,2,14,90,4,0x7e60,8,1,200,-418.0
409195251504,10613,2,14,90,4,0x7e60,8,1,200,1822.0
409195268089,10614,2,14,90,4,0x7e60,8,1,200,843.0
409195287245,10615,2,14,90,4,0x7e60,8,1,200,330.0
409195302246,10616,2,14,90,4,0x7e60,8,1,200,-89.0
409195322437,10617,2,14,90,4,0x7e60,8,1,200,-249.0
409195334452,10618,2,14,90,4,0x7e60,8,1,200,1345.0
409195352284,10619,2,14,90,4,0x7e60,8,1,200,123.0
409195367878,10620,2,14,90,4,0x7e60,8,1,200,933.0
409195384784,10621,2,14,90,4,0x7e60,8,1,200,3.0
409195402270,10622,2,14,90,4,0x7e60,8,1,200,912.0
409195419972,10623,2,14,90,4,0x7e60,8,1,200,-1239.0
409195435637,10624,2,14,90,4,0x7e60,8,1,200,870.0
409195451865,10625,2,14,90,4,0x7e60,8,1,200,236.0
409195468400,10626,2,14,90,4,0x7e60,8,1,200,312.0
409195485235,10627,2,14,90,4,0x7e60,8,1,200,-214.0
409195501892,10628,2,14,90,4,0x7e60,8,1,200,470.0
409195520598,10629,2,14,90,4,0x7e60,8,1,200,1667.0
409195534804,10630,2,14,90,4,0x7e60,8,1,200,1388.0
409195553084,10631,2,14,90,4,0x7e60,8,1,200,35.0
409195568047,10632,2,14,90,4,0x7e60,8,1,200,760.0
409195585309,10633,2,14,90,4,0x7e60,8,1,200,-165.0
409195601606,10634,2,14,90,4,0x7e60,8,1,200,71.0
409195619039,10635,2,14,90,4,0x7e60,8,1,200,910.0
409195635815,10636,2,14,90,4,0x7e60,8,1,200,252.0
409195653475,10637,2,14,90,4,0x7e60,8,1,200,1744.0
409195669986,10638,2,14,90,4,0x7e60,8,1,200,-831.0
409195685369,10639,2,14,90,4,0x7e60,8,1,200,-245.0
409195702020,10640,2,14,90,4,0x7e60,8,1,200,292.0
409195718295,10641,2,14,90,4,0x7e60,8,1,200,898.0
409195734488,10642,2,14,90,4,0x7e60,8,1,200,-297.0
409195752005,10643,2,14,90,4,0x7e60,8,1,200,-751.0
409195768707,10644,2,14,90,4,0x7e60,8,1,200,-1288.0
409195785040,10645,2,14,90,4,0x7e60,8,1,200,-531.0
409195802041,10646,2,14,90,4,0x7e60,8,1,200,558.0
409195819049,10647,1,255,91,4,0x7e60,8,1,200,951.0
409195835561,10648,1,255,91,4,0x7e60,8,1,200,-446.0
409195852653,10649,1,255,91,4,0x7e60,8,1,200,-1443.0
409195868644,10650,1,255,91,4,0x7e60,8,1,200,181.0
409195885831,10651,1,255,91,4,0x7e60,8,1,200,858.0
409195901774,10652,1,255,91,4,0x7e60,8,1,200,165.0
409195918504,10653,1,255,91,4,0x7e60,8,1,200,1718.0
409195937043,10654,1,255,91,4,0x7e60,8,1,200,-1049.0
409195951932,10655,1,255,91,4,0x7e60,8,1,200,1104.0
409195970657,10656,1,255,91,4,0x7e60,8,1,200,-881.0
409195986284,10657,1,255,91,4,0x7e60,8,1,200,-938.0
409196002140,10658,1,255,91,4,0x7e60,8,1,200,342.0
409196019058,10659,1,255,91,4,0x7e60,8,1,200,-576.0
409196034996,10660,1,255,91,4,0x7e60,8,1,200,383.0
409196052172,10661,1,255,91,4,0x7e60,8,1,200,-313.0
409196068765,10662,1,255,91,4,0x7e60,8,1,200,1246.0
409196086770,10663,1,255,91,4,0x7e60,8,1,200,-206.0
409196102311,10664,1,255,91,4,0x7e60,8,1,200,822.0
409196119285,10665,1,255,91,4,0x7e60,8,1,200,1742.0
409196136274,10666,1,255,91,4,0x7e60,8,1,200,580.0
409196152323,10667,1,255,91,4,0x7e60,8,1,200,-1134.0
409196168896,10668,1,255,91,4,0x7e60,8,1,200,-7.0
409196185548,10669,1,255,91,4,0x7e60,8,1,200,1000.0
409196201723,10670,1,255,91,4,0x7e60,8,1,200,-587.0
409196218446,10671,1,255,91,4,0x7e60,8,1,200,1704.0
409196235566,10672,1,255,91,4,0x7e60,8,1,200,-400.0
409196252061,10673,1,255,91,4,0x7e60,8,1,200,-73.0
409196268902,10674,1,255,91,4,0x7e60,8,1,200,116.0
409196285651,10675,1,255,91,4,0x7e60,8,1,200,321.0
409196302199,10676,1,255,91,4,0x7e60,8,1,200,494.0
409196319860,10677,1,255,91,4,0x7e60,8,1,200,1559.0
409196335381,10678,1,255,91,4,0x7e60,8,1,200,997.0
409196355256,10679,1,255,91,4,0x7e60,8,1,200,-1822.0
409196369435,10680,1,255,91,4,0x7e60,8,1,200,871.0
409196385430,10681,1,255,91,4,0x7e60,8,1,200,403.0
409196402025,10682,1,255,91,4,0x7e60,8,1,200,99.0
409196419621,10683,1,255,91,4,0x7e60,8,1,200,855.0
409196436930,10684,1,255,91,4,0x7e60,8,1,200,-225.0
409196455632,10685,1,255,91,4,0x7e60,8,1,200,1338.0
409196469819,10686,1,255,91,4,0x7e60,8,1,200,-986.0
409196486327,10687,1,255,91,4,0x7e60,8,1,200,1179.0
409196502470,10688,1,255,91,4,0x7e60,8,1,200,-1047.0
409196519203,10689,1,255,91,4,0x7e60,8,1,200,-1211.0
409196535533,10690,1,255,91,4,0x7e60,8,1,200,-326.0
409196552928,10691,1,255,91,4,0x7e60,8,1,200,-1317.0
409196569265,10692,1,255,91,4,0x7e60,8,1,200,768.0
409196586003,10693,1,255,91,4,0x7e60,8,1,200,767.0
409196602354,10694,1,255,91,4,0x7e60,8,1,200,-807.0
409196619080,10695,1,255,91,4,0x7e60,8,1,200,1182.0
409196636105,10696,1,255,91,4,0x7e60,8,1,200,934.0
409196652850,10697,1,255,91,4,0x7e60,8,1,200,648.0
409196669904,10698,1,255,91,4,0x7e60,8,1,200,-1390.0
409196689776,10699,1,255,91,4,0x7e60,8,1,200,-176.0
409196703037,10700,1,255,91,4,0x7e60,8,1,200,1420.0
409196719693,10701,1,255,91,4,0x7e60,8,1,200,-556.0
409196735824,10702,1,255,91,4,0x7e60,8,1,200,1113.0
409196752642,10703,1,255,91,4,0x7e60,8,1,200,-1392.0
409196770169,10704,1,255,91,4,0x7e60,8,1,200,859.0
409196786364,10705,1,255,91,4,0x7e60,8,1,200,-248.0
409196803240,10706,1,255,91,4,0x7e60,8,1,200,-1135.0
409196820994,10707,1,255,92,4,0x7e60,8,1,200,6.0
409196835835,10708,1,255,92,4,0x7e60,8,1,200,-813.0
409196853277,10709,1,255,92,4,0x7e60,8,1,200,809.0
409196869633,10710,1,255,92,4,0x7e60,8,1,200,-1162.0
409196886354,10711,1,255,92,4,0x7e60,8,1,200,-109.0
409196904751,10712,1,255,92,4,0x7e60,8,1,200,1071.0
409196920821,10713,1,255,92,4,0x7e60,8,1,200,-1346.0
409196936759,10714,1,255,92,4,0x7e60,8,1,200,-778.0
409196953099,10715,1,255,92,4,0x7e60,8,1,200,-470.0
409196969459,10716,1,255,92,4,0x7e60,8,1,200,659.0
409196985990,10717,1,255,92,4,0x7e60,8,1,200,-1285.0
409197004960,10718,1,255,92,4,0x7e60,8,1,200,942.0
409197020041,10719,1,255,92,4,0x7e60,8,1,200,-329.0
409197037316,10720,1,255,92,4,0x7e60,8,1,200,29.0
409197053777,10721,1,255,92,4,0x7e60,8,1,200,736.0
409197069828,10722,1,255,92,4,0x7e60,8,1,200,106.0
409197086883,10723,1,255,92,4,0x7e60,8,1,200,871.0
409197104659,10724,1,255,92,4,0x7e60,8,1,200,656.0
409197121534,10725,1,255,92,4,0x7e60,8,1,200,1630.0
409197139147,10726,1,255,92,4,0x7e60,8,1,200,565.0
409197154240,10727,1,255,92,4,0x7e60,8,1,200,1189.0
409197169955,10728,1,255,92,4,0x7e60,8,1,200,938.0
409197187204,10729,1,255,92,4,0x7e60,8,1,200,644.0
409197203689,10730,1,255,92,4,0x7e60,8,1,200,661.0
409197220103,10731,1,255,92,4,0x7e60,8,1,200,468.0
409197238297,10732,1,255,92,4,0x7e60,8,1,200,303.0
409197254559,10733,1,255,92,4,0x7e60,8,1,200,780.0
409197271450,10734,1,255,92,4,0x7e60,8,1,200,75.0
409197287642,10735,1,255,92,4,0x7e60,8,1,200,-238.0
409197304688,10736,1,255,92,4,0x7e60,8,1,200,-320.0
409197320860,10737,1,255,92,4,0x7e60,8,1,200,-886.0
409197336422,10738,1,255,92,4,0x7e60,8,1,200,-488.0
409197355058,10739,1,255,92,4,0x7e60,8,1,200,-1507.0
409197370866,10740,1,255,92,4,0x7e60,8,1,200,1605.0
409197386901,10741,1,255,92,4,0x7e60,8,1,200,960.0
409197403809,10742,1,255,92,4,0x7e60,8,1,200,1250.0
409197420431,10743,1,255,92,4,0x7e60,8,1,200,726.0
409197437131,10744,1,255,92,4,0x7e60,8,1,200,1735.0
409197453315,10745,1,255,92,4,0x7e60,8,1,200,857.0
409197472234,10746,1,255,92,4,0x7e60,8,1,200,-1589.0
409197487462,10747,1,255,92,4,0x7e60,8,1,200,-1015.0
409197504504,10748,1,255,92,4,0x7e60,8,1,200,-608.0
409197520130,10749,1,255,92,4,0x7e60,8,1,200,-639.0
409197536842,10750,1,255,92,4,0x7e60,8,1,200,-30.0
409197553826,10751,1,255,92,4,0x7e60,8,1,200,393.0
409197570494,10752,1,255,92,4,0x7e60,8,1,200,-933.0
409197587507,10753,1,255,92,4,0x7e60,8,1,200,-811.0
409197604244,10754,1,255,92,4,0x7e60,8,1,200,251.0
409197622376,10755,1,255,92,4,0x7e60,8,1,200,-26.0
409197637142,10756,1,255,92,4,0x7e60,8,1,200,996.0
409197653534,10757,1,255,92,4,0x7e60,8,1,200,-1009.0
409197670886,10758,1,255,92,4,0x7e60,8,1,200,800.0
409197686902,10759,1,255,92,4,0x7e60,8,1,200,-704.0
409197710403,10760,1,255,92,4,0x7e60,8,1,200,-193.0
409197722134,10761,1,255,92,4,0x7e60,8,1,200,347.0
409197737844,10762,1,255,92,4,0x7e60,8,1,200,-1343.0
409197754252,10763,1,255,92,4,0x7e60,8,1,200,888.0
409197770768,10764,1,255,92,4,0x7e60,8,1,200,730.0
409197786978,10765,1,255,92,4,0x7e60,8,1,200,-18.0
409197804436,10766,1,255,92,4,0x7e60,8,1,200,-587.0
409197821963,10767,1,255,93,4,0x7e60,8,1,200,1027.0
409197837968,10768,1,255,93,4,0x7e60,8,1,200,-1239.0
409197855274,10769,1,255,93,4,0x7e60,8,1,200,801.0
409197870665,10770,1,255,93,4,0x7e60,8,1,200,-1219.0
409197887190,10771,1,255,93,4,0x7e60,8,1,200,1145.0
409197904017,10772,1,255,93,4,0x7e60,8,1,200,1394.0
409197920766,10773,1,255,93,4,0x7e60,8,1,200,-1706.0
409197938129,10774,1,255,93,4,0x7e60,8,1,200,23.0
409197958442,10775,1,255,93,4,0x7e60,8,1,200,1052.0
409197971728,10776,1,255,93,4,0x7e60,8,1,200,636.0
409197987405,10777,1,255,93,4,0x7e60,8,1,200,-446.0
409198004007,10778,1,255,93,4,0x7e60,8,1,200,-1276.0
409198021368,10779,1,255,93,4,0x7e60,8,1,200,-887.0
409198037363,10780,1,255,93,4,0x7e60,8,1,200,87.0
409198057405,10781,1,255,93,4,0x7e60,8,1,200,179.0
409198070499,10782,1,255,93,4,0x7e60,8,1,200,951.0
409198087265,10783,1,255,93,4,0x7e60,8,1,200,-1003.0
409198103883,10784,1,255,93,4,0x7e60,8,1,200,-1299.0
409198120888,10785,1,255,93,4,0x7e60,8,1,200,-123.0
409198137133,10786,1,255,93,4,0x7e60,8,1,200,514.0
409198154189,10787,1,255,93,4,0x7e60,8,1,200,733.0
409198171012,10788,1,255,93,4,0x7e60,8,1,200,-520.0
409198187781,10789,1,255,93,4,0x7e60,8,1,200,-43.0
409198204832,10790,1,255,93,4,0x7e60,8,1,200,11.0
409198221000,10791,1,255,93,4,0x7e60,8,1,200,225.0
409198237524,10792,1,255,93,4,0x7e60,8,1,200,428.0
409198254200,10793,1,255,93,4,0x7e60,8,1,200,-211.0
409198271028,10794,1,255,93,4,0x7e60,8,1,200,1035.0
409198287849,10795,1,255,93,4,0x7e60,8,1,200,1230.0
409198305903,10796,1,255,93,4,0x7e60,8,1,200,190.0
409198321607,10797,1,255,93,4,0x7e60,8,1,200,920.0
409198337779,10798,1,255,93,4,0x7e60,8,1,200,935.0
409198354755,10799,1,255,93,4,0x7e60,8,1,200,122.0
409198371173,10800,1,255,93,4,0x7e60,8,1,200,-1578.0
409198387669,10801,1,255,93,4,0x7e60,8,1,200,928.0
409198404899,10802,1,255,93,4,0x7e60,8,1,200,1031.0
409198421035,10803,1,255,93,4,0x7e60,8,1,200,-1229.0
409198438090,10804,1,255,93,4,0x7e60,8,1,200,-1992.0
409198454490,10805,1,255,93,4,0x7e60,8,1,200,727.0
409198471348,10806,1,255,93,4,0x7e60,8,1,200,-315.0
409198487831,10807,1,255,93,4,0x7e60,8,1,200,-583.0
409198505673,10808,1,255,93,4,0x7e60,8,1,200,-1459.0
409198523513,10809,1,255,93,4,0x7e60,8,1,200,-727.0
409198539356,10810,1,255,93,4,0x7e60,8,1,200,-319.0
409198555050,10811,1,255,93,4,0x7e60,8,1,200,847.0
409198571251,10812,1,255,93,4,0x7e60,8,1,200,-224.0
409198588485,10813,1,255,93,4,0x7e60,8,1,200,-471.0
409198604367,10814,1,255,93,4,0x7e60,8,1,200,-1641.0
409198622015,10815,1,255,93,4,0x7e60,8,1,200,-794.0
409198638493,10816,1,255,93,4,0x7e60,8,1,200,1017.0
409198657283,10817,1,255,93,4,0x7e60,8,1,200,-388.0
409198671144,10818,1,255,93,4,0x7e60,8,1,200,152.0
409198688467,10819,1,255,93,4,0x7e60,8,1,200,242.0
409198705205,10820,1,255,93,4,0x7e60,8,1,200,-507.0
409198721565,10821,1,255,93,4,0x7e60,8,1,200,921.0
409198740268,10822,1,255,93,4,0x7e60,8,1,200,713.0
409198755858,10823,1,255,93,4,0x7e60,8,1,200,-1204.0
409198771128,10824,1,255,93,4,0x7e60,8,1,200,207.0
409198788295,10825,1,255,93,4,0x7e60,8,1,200,1733.0
409198805079,10826,1,255,93,4,0x7e60,8,1,200,1156.0
409198822663,10827,1,255,93,4,0x7e60,8,1,200,817.0
409198838152,10828,2,255,94,4,0x7e60,8,1,200,1381.0
409198855800,10829,2,255,94,4,0x7e60,8,1,200,1052.0
409198872867,10830,2,255,94,4,0x7e60,8,1,200,924.0
409198888884,10831,2,255,94,4,0x7e60,8,1,200,-201.0
409198904641,10832,2,255,94,4,0x7e60,8,1,200,-218.0
409198921911,10833,2,255,94,4,0x7e60,8,1,200,-664.0
409198938454,10834,2,255,94,4,0x7e60,8,1,200,-1078.0
409198954931,10835,2,255,94,4,0x7e60,8,1,200,359.0
409198973100,10836,2,255,94,4,0x7e60,8,1,200,-585.0
409198988523,10837,2,255,94,4,0x7e60,8,1,200,-191.0
409199008710,10838,2,255,94,4,0x7e60,8,1,200,423.0
409199022044,10839,2,255,94,4,0x7e60,8,1,200,952.0
409199038618,10840,2,255,94,4,0x7e60,8,1,200,193.0
409199055114,10841,2,255,94,4,0x7e60,8,1,200,552.0
409199071680,10842,2,255,94,4,0x7e60,8,1,200,-505.0
409199088365,10843,2,255,94,4,0x7e60,8,1,200,-936.0
409199105220,10844,2,255,94,4,0x7e60,8,1,200,-321.0
409199122010,10845,2,255,94,4,0x7e60,8,1,200,-307.0
409199139227,10846,2,255,94,4,0x7e60,8,1,200,-32.0
409199156110,10847,2,255,94,4,0x7e60,8,1,200,-205.0
409199172237,10848,2,255,94,4,0x7e60,8,1,200,-738.0
409199188491,10849,2,255,94,4,0x7e60,8,1,200,593.0
409199205835,10850,2,255,94,4,0x7e60,8,1,200,-442.0
409199222257,10851,2,255,94,4,0x7e60,8,1,200,368.0
409199239080,10852,2,255,94,4,0x7e60,8,1,200,500.0
409199256444,10853,2,255,94,4,0x7e60,8,1,200,589.0
409199272139,10854,2,255,94,4,0x7e60,8,1,200,1413.0
409199288640,10855,2,255,94,4,0x7e60,8,1,200,-1454.0
409199305687,10856,2,255,94,4,0x7e60,8,1,200,-71.0
409199322393,10857,2,255,94,4,0x7e60,8,1,200,-1213.0
409199340633,10858,2,255,94,4,0x7e60,8,1,200,-447.0
409199356612,10859,2,255,94,4,0x7e60,8,1,200,-151.0
409199372015,10860,2,255,94,4,0x7e60,8,1,200,-982.0
409199388953,10861,2,255,94,4,0x7e60,8,1,200,-560.0
409199405789,10862,2,255,94,4,0x7e60,8,1,200,-985.0
409199422376,10863,2,255,94,4,0x7e60,8,1,200,498.0
409199439184,10864,2,255,94,4,0x7e60,8,1,200,493.0
409199455378,10865,2,255,94,4,0x7e60,8,1,200,-640.0
409199473819,10866,2,255,94,4,0x7e60,8,1,200,246.0
409199488675,10867,2,255,94,4,0x7e60,8,1,200,-315.0
409199505568,10868,2,255,94,4,0x7e60,8,1,200,920.0
409199522155,10869,2,255,94,4,0x7e60,8,1,200,1362.0
409199538977,10870,2,255,94,4,0x7e60,8,1,200,1286.0
409199555370,10871,2,255,94,4,0x7e60,8,1,200,-1146.0
409199573899,10872,2,255,94,4,0x7e60,8,1,200,452.0
409199589045,10873,2,255,94,4,0x7e60,8,1,200,-207.0
409199605508,10874,2,255,94,4,0x7e60,8,1,200,-306.0
409199622244,10875,2,255,94,4,0x7e60,8,1,200,1105.0
409199639069,10876,2,255,94,4,0x7e60,8,1,200,820.0
409199655905,10877,2,255,94,4,0x7e60,8,1,200,-1158.0
409199673894,10878,2,255,94,4,0x7e60,8,1,200,-438.0
409199689814,10879,2,255,94,4,0x7e60,8,1,200,1356.0
409199707063,10880,2,255,94,4,0x7e60,8,1,200,271.0
409199722720,10881,2,255,94,4,0x7e60,8,1,200,1210.0
409199739036,10882,2,255,94,4,0x7e60,8,1,200,688.0
409199756226,10883,2,255,94,4,0x7e60,8,1,200,923.0
409199773088,10884,2,255,94,4,0x7e60,8,1,200,-200.0
409199789874,10885,2,255,94,4,0x7e60,8,1,200,-89.0
409199807264,10886,2,255,94,4,0x7e60,8,1,200,-1260.0
409199823200,10887,2,255,94,4,0x7e60,8,1,200,962.0
409199838745,10888,2,14,95,4,0x7e60,8,1,200,-239.0
409199855956,10889,2,14,95,4,0x7e60,8,1,200,677.0
409199872806,10890,2,14,95,4,0x7e60,8,1,200,122.0
409199890063,10891,2,14,95,4,0x7e60,8,1,200,-87.0
409199906813,10892,2,14,95,4,0x7e60,8,1,200,-394.0
409199925106,10893,2,14,95,4,0x7e60,8,1,200,-1669.0
409199939541,10894,2,14,95,4,0x7e60,8,1,200,-335.0
409199955905,10895,2,14,95,4,0x7e60,8,1,200,-1159.0
409199972832,10896,2,14,95,4,0x7e60,8,1,200,1232.0
409199989765,10897,2,14,95,4,0x7e60,8,1,200,533.0
409200008077,10898,2,14,95,4,0x7e60,8,1,200,1271.0
409200023382,10899,2,14,95,4,0x7e60,8,1,200,221.0
409200040095,10900,2,14,95,4,0x7e60,8,1,200,-133.0
409200057063,10901,2,14,95,4,0x7e60,8,1,200,933.0
409200073028,10902,2,14,95,4,0x7e60,8,1,200,-705.0
409200089635,10903,2,14,95,4,0x7e60,8,1,200,-560.0
409200106446,10904,2,14,95,4,0x7e60,8,1,200,601.0
409200124857,10905,2,14,95,4,0x7e60,8,1,200,1657.0
409200140273,10906,2,14,95,4,0x7e60,8,1,200,-763.0
409200156678,10907,2,14,95,4,0x7e60,8,1,200,-704.0
409200173176,10908,2,14,95,4,0x7e60,8,1,200,-128.0
409200189717,10909,2,14,95,4,0x7e60,8,1,200,-142.0
409200207578,10910,2,14,95,4,0x7e60,8,1,200,-684.0
409200224821,10911,2,14,95,4,0x7e60,8,1,200,149.0
409200241079,10912,2,14,95,4,0x7e60,8,1,200,531.0
409200257744,10913,2,14,95,4,0x7e60,8,1,200,890.0
409200274233,10914,2,14,95,4,0x7e60,8,1,200,-1141.0
409200290402,10915,2,14,95,4,0x7e60,8,1,200,470.0
409200306051,10916,2,14,95,4,0x7e60,8,1,200,-481.0
409200323496,10917,2,14,95,4,0x7e60,8,1,200,-316.0
409200339958,10918,2,14,95,4,0x7e60,8,1,200,153.0
409200358921,10919,2,14,95,4,0x7e60,8,1,200,-728.0
409200375682,10920,2,14,95,4,0x7e60,8,1,200,222.0
409200391241,10921,2,14,95,4,0x7e60,8,1,200,155.0
409200407310,10922,2,14,95,4,0x7e60,8,1,200,1076.0
409200423256,10923,2,14,95,4,0x7e60,8,1,200,-770.0
409200440329,10924,2,14,95,4,0x7e60,8,1,200,541.0
409200457569,10925,2,14,95,4,0x7e60,8,1,200,-77.0
409200473324,10926,2,14,95,4,0x7e60,8,1,200,-1252.0
409200490817,10927,2,14,95,4,0x7e60,8,1,200,1426.0
409200513494,10928,2,14,95,4,0x7e60,8,1,200,-493.0
409200523381,10929,2,14,95,4,0x7e60,8,1,200,-341.0
409200540419,10930,2,14,95,4,0x7e60,8,1,200,-688.0
409200557075,10931,2,14,95,4,0x7e60,8,1,200,6.0
409200573623,10932,2,14,95,4,0x7e60,8,1,200,934.0
409200590942,10933,2,14,95,4,0x7e60,8,1,200,-1135.0
409200606849,10934,2,14,95,4,0x7e60,8,1,200,-1263.0
409200623363,10935,2,14,95,4,0x7e60,8,1,200,135.0
409200640383,10936,2,14,95,4,0x7e60,8,1,200,1344.0
409200656887,10937,2,14,95,4,0x7e60,8,1,200,1255.0
409200672999,10938,2,14,95,4,0x7e60,8,1,200,1095.0
409200691543,10939,2,14,95,4,0x7e60,8,1,200,640.0
409200706958,10940,2,14,95,4,0x7e60,8,1,200,-1170.0
409200723288,10941,2,14,95,4,0x7e60,8,1,200,-192.0
409200748018,10942,2,14,95,4,0x7e60,8,1,200,893.0
409200757103,10943,2,14,95,4,0x7e60,8,1,200,-1006.0
409200773310,10944,2,14,95,4,0x7e60,8,1,200,-476.0
409200789861,10945,2,14,95,4,0x7e60,8,1,200,-1240.0
409200807651,10946,2,14,95,4,0x7e60,8,1,200,-2103.0
409200825182,10947,2,14,95,4,0x7e60,8,1,200,787.0
409200840176,10948,2,14,95,4,0x7e60,8,1,200,-1533.0
409200856547,10949,2,14,95,4,0x7e60,8,1,200,-1040.0
409200873713,10950,2,14,95,4,0x7e60,8,1,200,1342.0
409200889738,10951,2,14,95,4,0x7e60,8,1,200,514.0
409200906762,10952,2,14,95,4,0x7e60,8,1,200,-1113.0
409200924528,10953,2,14,95,4,0x7e60,8,1,200,2714.0
409200943419,10954,2,14,95,4,0x7e60,8,1,200,1019.0
409200957062,10955,2,14,95,4,0x7e60,8,1,200,588.0
409200974721,10956,2,14,95,4,0x7e60,8,1,200,460.0
409200990875,10957,2,14,95,4,0x7e60,8,1,200,1000.0
409201007167,10958,2,14,95,4,0x7e60,8,1,200,-129.0
409201023808,10959,2,14,95,4,0x7e60,8,1,200,-733.0
409201041945,10960,2,14,95,4,0x7e60,8,1,200,522.0
409201058268,10961,2,14,95,4,0x7e60,8,1,200,-79.0
409201074156,10962,2,14,95,4,0x7e60,8,1,200,-35.0
409201090526,10963,2,14,95,4,0x7e60,8,1,200,-1692.0
409201106830,10964,2,14,95,4,0x7e60,8,1,200,1387.0
409201123989,10965,2,14,95,4,0x7e60,8,1,200,-1399.0
409201140511,10966,2,14,95,4,0x7e60,8,1,200,-409.0
409201157487,10967,2,14,95,4,0x7e60,8,1,200,1612.0
409201177251,10968,2,14,95,4,0x7e40,7,1,200,-287.0
409201194221,10969,2,14,95,4,0x7e60,8,1,200,-1023.0
409201207177,10970,2,14,95,4,0x7e60,8,1,200,-1075.0
409201223813,10971,2,14,95,4,0x7e60,8,1,200,-1026.0
409201240683,10972,2,14,95,4,0x7e60,8,1,200,1017.0
409201256838,10973,2,14,95,4,0x7e60,8,1,200,-450.0
409201275496,10974,2,14,95,4,0x7e60,8,1,200,783.0
409201291108,10975,2,14,95,4,0x7e60,8,1,200,1311.0
409201308653,10976,2,14,95,4,0x7e60,8,1,200,2002.0
409201324935,10977,2,14,95,4,0x7e60,8,1,200,-738.0
409201340129,10978,2,14,95,4,0x7e60,8,1,200,-1414.0
409201358296,10979,2,14,95,4,0x7e60,8,1,200,-1533.0
409201374659,10980,2,14,95,4,0x7e60,8,1,200,51.0
409201398020,10981,2,14,95,4,0x7e60,8,1,200,2252.0
409201406773,10982,2,14,95,4,0x7e60,8,1,200,874.0
409201424035,10983,2,14,95,4,0x7e60,8,1,200,899.0
409201440539,10984,2,14,95,4,0x7e60,8,1,200,1116.0
409201457012,10985,2,14,95,4,0x7e60,8,1,200,-809.0
409201473996,10986,2,14,95,4,0x7e60,8,1,200,1101.0
409201490532,10987,2,14,95,4,0x7e60,8,1,200,-1023.0
409201507863,10988,2,14,95,4,0x7e60,8,1,200,-419.0
409201524020,10989,2,14,95,4,0x7e60,8,1,200,799.0
409201541167,10990,2,14,95,4,0x7e60,8,1,200,-1797.0
409201558032,10991,2,14,95,4,0x7e60,8,1,200,693.0
409201574389,10992,2,14,95,4,0x7e60,8,1,200,-1608.0
409201590769,10993,2,14,95,4,0x7e60,8,1,200,-1563.0
409201607696,10994,2,14,95,4,0x7e60,8,1,200,-642.0
409201625215,10995,2,14,95,4,0x7e60,8,1,200,-11.0
409201642100,10996,2,14,95,4,0x7e60,8,1,200,1250.0
409201658568,10997,2,14,95,4,0x7e60,8,1,200,-460.0
409201674123,10998,2,14,95,4,0x7e60,8,1,200,-606.0
409201691431,10999,2,14,95,4,0x7e40,7,1,200,890.0
409201708329,11000,2,14,95,4,0x7e40,7,1,200,1491.0
409201725392,11001,2,14,95,4,0x7ec0,8,1,200,636.0
409201740956,11002,2,14,95,4,0x7ec0,8,1,200,1195.0
409201758418,11003,2,14,95,4,0x7ec0,8,1,200,1045.0
409201777511,11004,2,14,95,4,0x7fc0,9,1,200,-322.0
409201791068,11005,2,14,95,4,0x7fc0,9,1,200,-665.0
409201807770,11006,2,14,95,4,0x7fc0,9,1,200,1584.0
409201824656,11007,2,14,95,4,0x7fc0,9,1,200,1202.0
409201842270,11008,2,12,96,4,0x7fc0,9,1,200,931.0
409201861474,11009,2,12,96,4,0x7fc0,9,1,200,176.0
409201875004,11010,2,12,96,4,0x7fc0,9,1,200,-1023.0
409201891985,11011,2,12,96,4,0x7fc0,9,1,200,1520.0
409201907869,11012,2,12,96,4,0x7fc0,9,1,200,-369.0
409201924449,11013,2,12,96,4,0x7fc0,9,1,200,1259.0
409201942159,11014,2,12,96,4,0x7fc0,9,1,200,601.0
409201958123,11015,2,12,96,4,0x7fc0,9,1,200,-23.0
409201977991,11016,2,12,96,4,0x7fc0,9,1,200,-1066.0
409201993473,11017,2,12,96,4,0x7fc0,9,1,200,-1438.0
409202009291,11018,2,12,96,4,0x7fc0,9,1,200,879.0
409202024645,11019,2,12,96,4,0x7f80,8,1,200,-439.0
409202041567,11020,2,12,96,4,0x7fc0,9,1,200,-8.0
409202058929,11021,2,12,96,4,0x7f80,8,1,200,164.0
409202074962,11022,2,12,96,4,0x7f80,8,1,200,463.0
409202091714,11023,2,12,96,4,0x7f80,8,1,200,1586.0
409202108163,11024,2,12,96,4,0x7f80,8,1,200,1170.0
409202125520,11025,2,12,96,4,0x7f80,8,1,200,-2150.0
409202141488,11026,2,12,96,4,0x7f80,8,1,200,891.0
409202158008,11027,2,12,96,4,0x7f80,8,1,200,516.0
409202174807,11028,2,12,96,4,0x7f80,8,1,200,-1494.0
409202191598,11029,2,12,96,4,0x7f80,8,1,200,-379.0
409202209364,11030,2,12,96,4,0x7f80,8,1,200,1772.0
409202228530,11031,2,12,96,4,0x7f80,8,1,200,-729.0
409202240898,11032,2,12,96,4,0x7f80,8,1,200,282.0
409202258095,11033,2,12,96,4,0x7f80,8,1,200,-1454.0
409202274198,11034,2,12,96,4,0x7f80,8,1,200,1140.0
409202291039,11035,2,12,96,4,0x7f80,8,1,200,-34.0
409202307772,11036,2,12,96,4,0x7f80,8,1,200,776.0
409202325627,11037,2,12,96,4,0x7f80,8,1,200,2206.0
409202342267,11038,2,12,96,4,0x7f80,8,1,200,-472.0
409202358007,11039,2,12,96,4,0x7f80,8,1,200,857.0
409202374212,11040,2,12,96,4,0x7f80,8,1,200,-205.0
409202391084,11041,2,12,96,4,0x7f80,8,1,200,33.0
409202407562,11042,2,12,96,4,0x7f80,8,1,200,865.0
409202424636,11043,2,12,96,4,0x7f80,8,1,200,761.0
409202441373,11044,2,12,96,4,0x7f80,8,1,200,327.0
409202458705,11045,2,12,96,4,0x7f80,8,1,200,548.0
409202474410,11046,2,12,96,4,0x7f80,8,1,200,796.0
409202491597,11047,2,12,96,4,0x7f80,8,1,200,-1234.0
409202507917,11048,2,12,96,4,0x7f80,8,1,200,-833.0
409202524597,11049,2,12,96,4,0x7f80,8,1,200,-1013.0
409202541385,11050,2,12,96,4,0x7f80,8,1,200,-1195.0
409202558540,11051,2,12,96,4,0x7f80,8,1,200,-689.0
409202574794,11052,2,12,96,4,0x7f80,8,1,200,-421.0
409202591045,11053,2,12,96,4,0x7f80,8,1,200,1488.0
409202608363,11054,2,12,96,4,0x7f80,8,1,200,-1164.0
409202625178,11055,2,12,96,4,0x7f80,8,1,200,220.0
409202641280,11056,2,12,96,4,0x7f80,8,1,200,469.0
409202657752,11057,2,12,96,4,0x7f80,8,1,200,148.0
409202676337,11058,2,12,96,4,0x7f80,8,1,200,-224.0
409202692166,11059,2,12,96,4,0x7f80,8,1,200,-1113.0
409202707952,11060,2,12,96,4,0x7f80,8,1,200,-697.0
409202724834,11061,2,12,96,4,0x7f80,8,1,200,357.0
409202741252,11062,2,12,96,4,0x7f80,8,1,200,1326.0
409202758044,11063,2,12,96,4,0x7f80,8,1,200,318.0
409202775434,11064,2,12,96,4,0x7f80,8,1,200,698.0
409202792215,11065,2,12,96,4,0x7f80,8,1,200,649.0
409202808498,11066,2,12,96,4,0x7f80,8,1,200,-1113.0
409202825104,11067,2,12,96,4,0x7f80,8,1,200,251.0
409202841407,11068,2,12,96,4,0x7f80,8,1,200,-1233.0
409202858020,11069,2,10,97,4,0x7f80,8,1,200,-888.0
409202875505,11070,2,10,97,4,0x7f80,8,1,200,-405.0
409202891623,11071,2,10,97,4,0x7fc0,9,1,200,1064.0
409202911090,11072,2,10,97,4,0x7fc0,9,1,200,1526.0
409202925030,11073,2,10,97,4,0x7fc0,9,1,200,-1130.0
409202944797,11074,2,10,97,4,0x7fc0,9,1,200,-979.0
409202959835,11075,2,10,97,4,0x7fc0,9,1,200,930.0
409202976323,11076,2,10,97,4,0x7fc0,9,1,200,-95.0
409202992850,11077,2,10,97,4,0x7fc1,10,1,200,-731.0
409203010906,11078,2,10,97,4,0x7fc1,10,1,200,563.0
409203026887,11079,2,10,97,4,0x7fc1,10,1,200,581.0
409203047380,11080,2,10,97,4,0x7fc1,10,1,200,1667.0
409203062369,11081,2,10,97,4,0x7fc1,10,1,200,-645.0
409203076757,11082,2,10,97,4,0x7fc1,10,1,200,-187.0
409203093152,11083,2,10,97,4,0x7f41,9,1,200,1175.0
409203110276,11084,2,10,97,4,0x17f41,10,1,200,-235.0
409203132427,11085,2,10,97,4,0x17f41,10,1,200,176.0
409203143858,11086,2,10,97,4,0x17f41,10,1,200,1295.0
409203164149,11087,2,10,97,4,0x17f41,10,1,200,167.0
409203177012,11088,2,10,97,4,0x17f41,10,1,200,-269.0
409203193525,11089,2,10,97,4,0x17f41,10,1,200,1580.0
409203210156,11090,2,10,97,4,0x17f41,10,1,200,694.0
409203226731,11091,2,10,97,4,0x17f01,9,1,200,-818.0
409203243442,11092,2,10,97,4,0x1ff01,10,1,200,1526.0
409203260263,11093,2,10,97,4,0x1ff01,10,1,200,1070.0
409203279215,11094,2,10,97,4,0x1ff01,10,1,200,741.0
409203294741,11095,2,10,97,4,0x1ff01,10,1,200,-1627.0
409203309900,11096,2,10,97,4,0x1ff01,10,1,200,1103.0
409203327140,11097,2,10,97,4,0x1ff01,10,1,200,-736.0
409203343086,11098,2,10,97,4,0x1ff01,10,1,200,-323.0
409203360672,11099,2,10,97,4,0x1ff01,10,1,200,-838.0
409203380233,11100,2,10,97,4,0x1bf01,9,1,200,1358.0
409203394831,11101,2,10,97,4,0x1bf01,9,1,200,-151.0
409203410808,11102,2,10,97,4,0x1ab01,7,1,200,433.0
409203427901,11103,2,10,97,4,0x1ab01,7,1,200,-52.0
409203443563,11104,2,10,97,4,0x1af01,8,1,200,313.0
409203460308,11105,2,10,97,4,0x1ab01,7,1,200,-245.0
409203477581,11106,2,10,97,4,0x1ab01,7,1,200,659.0
409203494871,11107,2,10,97,4,0x1ab01,7,1,200,-498.0
409203511864,11108,2,10,97,4,0x1ab01,7,1,200,630.0
409203527579,11109,2,10,97,4,0x1ab01,7,1,200,969.0
409203544328,11110,2,10,97,4,0x1ab01,7,1,200,291.0
409203560437,11111,2,10,97,4,0x1ab01,7,1,200,1225.0
409203577386,11112,2,10,97,4,0x1ab01,7,1,200,198.0
409203597212,11113,2,10,97,4,0x1ab01,7,1,200,-2388.0
409203611517,11114,2,10,97,4,0x1ab01,7,1,200,-161.0
409203629106,11115,2,10,97,4,0x1ab01,7,1,200,451.0
409203644558,11116,2,10,97,4,0x1ab01,7,1,200,-931.0
409203660645,11117,2,10,97,4,0x1ab01,7,1,200,492.0
409203677910,11118,2,10,97,4,0x1ab01,7,1,200,-600.0
409203694179,11119,2,10,97,4,0x1ab01,7,1,200,-765.0
409203711589,11120,2,10,97,4,0x1ab01,7,1,200,759.0
409203729239,11121,2,10,97,4,0x1ab01,7,1,200,549.0
409203744974,11122,2,10,97,4,0x1ab01,7,1,200,1717.0
409203760486,11123,2,10,97,4,0x1ab01,7,1,200,-1057.0
409203777516,11124,2,10,97,4,0x1ab01,7,1,200,-1561.0
409203794328,11125,2,10,97,4,0x1ab01,7,1,200,804.0
409203810538,11126,2,10,97,4,0x1ab01,7,1,200,-701.0
409203828379,11127,2,10,97,4,0x1bb01,8,1,200,990.0
409203846129,11128,2,10,97,4,0x1bb01,8,1,200,1122.0
409203863032,11129,2,17,98,4,0x1bb01,8,1,200,1295.0
409203877754,11130,2,17,98,4,0x1bb01,8,1,200,-596.0
409203895375,11131,2,17,98,4,0x1bf01,9,1,200,-957.0
409203911629,11132,2,17,98,4,0x1bf01,9,1,200,1065.0
409203930011,11133,2,17,98,4,0x1ff01,10,1,200,67.0
409203948555,11134,2,17,98,4,0x1ff01,10,1,200,-706.0
409203964342,11135,2,17,98,4,0x17f01,9,1,200,-707.0
409203978831,11136,2,17,98,4,0x17f01,9,1,200,938.0
409203994988,11137,2,17,98,4,0x17f01,9,1,200,116.0
409204012001,11138,2,17,98,4,0x7f01,8,1,200,143.0
409204029195,11139,2,17,98,4,0x7f81,9,1,200,-793.0
409204046052,11140,2,17,98,4,0x7f81,9,1,200,412.0
409204059636,11141,2,17,98,4,0x7f80,8,1,200,-1329.0
409204076167,11142,2,17,98,4,0x7f80,8,1,200,-1361.0
409204092933,11143,2,17,98,4,0x7f80,8,1,200,-921.0
409204109848,11144,2,17,98,4,0x7f80,8,1,200,862.0
409204126141,11145,2,17,98,4,0x7f80,8,1,200,921.0
409204142779,11146,2,17,98,4,0x7f80,8,1,200,994.0
409204159642,11147,2,17,98,4,0x7f80,8,1,200,1367.0
409204175894,11148,2,17,98,4,0x7fc0,9,1,200,199.0
409204194139,11149,2,17,98,4,0x7fc0,9,1,200,-404.0
409204209562,11150,2,17,98,4,0x7fc0,9,1,200,-1246.0
409204226446,11151,2,17,98,4,0x7fc0,9,1,200,1488.0
409204243225,11152,2,17,98,4,0x7fc0,9,1,200,-747.0
409204259643,11153,2,17,98,4,0x7fc0,9,1,200,-688.0
409204276662,11154,2,17,98,4,0x7fc0,9,1,200,-1544.0
409204294079,11155,2,17,98,4,0x7ec0,8,1,200,247.0
409204309762,11156,2,17,98,4,0x7ec0,8,1,200,364.0
409204326496,11157,2,17,98,4,0x7ec0,8,1,200,691.0
409204344629,11158,2,17,98,4,0x7ec0,8,1,200,1312.0
409204360992,11159,2,17,98,4,0x7ec0,8,1,200,400.0
409204377727,11160,2,17,98,4,0x7ec0,8,1,200,-601.0
409204397182,11161,2,17,98,4,0x7ec0,8,1,200,-989.0
409204411925,11162,2,17,98,4,0x7ec0,8,1,200,2721.0
409204427604,11163,2,17,98,4,0x7ee0,9,1,200,3.0
409204442859,11164,2,17,98,4,0x7ec0,8,1,200,-1252.0
409204459772,11165,2,17,98,4,0x7ee0,9,1,200,725.0
409204476178,11166,2,17,98,4,0x7ee0,9,1,200,589.0
409204494174,11167,2,17,98,4,0x7ee0,9,1,200,-1061.0
409204509535,11168,2,17,98,4,0x7ee0,9,1,200,-268.0
409204527227,11169,2,17,98,4,0x7ee0,9,1,200,926.0
409204543603,11170,2,17,98,4,0x7ee0,9,1,200,-1180.0
409204559993,11171,2,17,98,4,0x7ee0,9,1,200,-78.0
409204576306,11172,2,17,98,4,0x7ee0,9,1,200,-828.0
409204593454,11173,2,17,98,4,0x7ec0,8,1,200,-698.0
409204610362,11174,2,17,98,4,0x7e40,7,1,200,-570.0
409204628690,11175,2,17,98,4,0x7ee0,9,1,200,1113.0
409204644367,11176,2,17,98,4,0x7ce0,8,1,200,-115.0
409204660512,11177,2,17,98,4,0x7c40,6,1,200,-1224.0
409204676735,11178,2,17,98,4,0x7cc0,7,1,200,1201.0
409204693164,11179,2,17,98,4,0x7cc0,7,1,200,943.0
409204713377,11180,2,17,98,4,0x7c40,6,1,200,-388.0
409204727992,11181,2,17,98,4,0x7c40,6,1,200,745.0
409204745543,11182,2,17,98,4,0x7c40,6,1,200,-94.0
409204761181,11183,2,17,98,4,0x7c40,6,1,200,-305.0
409204777324,11184,2,17,98,4,0x7c40,6,1,200,-858.0
409204794103,11185,2,17,98,4,0x7c40,6,1,200,238.0
409204810947,11186,2,17,98,4,0x7c40,6,1,200,893.0
409204829166,11187,2,17,98,4,0x7c40,6,1,200,-509.0
409204844815,11188,2,17,98,4,0x7c60,7,1,200,335.0
409204861396,11189,2,14,99,4,0x7c60,7,1,200,-1383.0
409204877861,11190,2,14,99,4,0x7c60,7,1,200,-1369.0
409204896695,11191,2,14,99,4,0x7c60,7,1,200,1157.0
409204914907,11192,2,14,99,4,0x7c60,7,1,200,-1358.0
409204929759,11193,2,14,99,4,0x7c60,7,1,200,792.0
409204946173,11194,2,14,99,4,0x7860,6,1,200,-816.0
409204963020,11195,2,14,99,4,0x7860,6,1,200,-507.0
409204980113,11196,2,14,99,4,0x7070,6,1,200,-116.0
409204996433,11197,2,14,99,4,0x7070,6,1,200,1292.0
409205017155,11198,2,14,99,4,0x7070,6,1,200,-847.0
409205030496,11199,2,14,99,4,0x7870,7,1,200,-1389.0
409205045832,11200,2,14,99,4,0x7070,6,1,200,-879.0
409205065074,11201,2,14,99,4,0x7070,6,1,200,681.0
409205078890,11202,2,14,99,4,0xf870,8,1,200,763.0
409205096545,11203,2,14,99,4,0xf070,7,1,200,-613.0
409205113566,11204,2,14,99,4,0x1f870,9,1,200,-550.0
409205129361,11205,2,14,99,4,0x1f870,9,1,200,-135.0
409205146530,11206,2,14,99,4,0x1f861,9,1,200,-856.0
409205163034,11207,2,14,99,4,0x1f861,9,1,200,-58.0
409205178996,11208,2,14,99,4,0x1fc61,10,1,200,710.0
409205196531,11209,2,14,99,4,0x1fe61,11,1,200,-639.0
409205213065,11210,2,14,99,4,0x1fe61,11,1,200,507.0
409205230469,11211,2,14,99,4,0x1fe61,11,1,200,-1163.0
409205247084,11212,2,14,99,4,0x1fe61,11,1,200,623.0
409205262344,11213,2,14,99,4,0x1fe61,11,1,200,-1191.0
409205279463,11214,2,14,99,4,0x1fe61,11,1,200,-87.0
409205295844,11215,2,14,99,4,0x1fe61,11,1,200,-783.0
409205312976,11216,2,14,99,4,0x1fe41,10,1,200,-1365.0
409205330534,11217,2,14,99,4,0x1fe41,10,1,200,-2206.0
409205346656,11218,2,14,99,4,0x1fe41,10,1,200,-317.0
409205364105,11219,2,14,99,4,0x1fe41,10,1,200,833.0
409205379225,11220,2,14,99,4,0x1fe41,10,1,200,-944.0
409205396210,11221,2,14,99,4,0x1fe41,10,1,200,1074.0
409205412859,11222,2,14,99,4,0x1fe41,10,1,200,963.0
409205428723,11223,2,14,99,4,0x17e41,9,1,200,1412.0
409205446080,11224,2,14,99,4,0x17f41,10,1,200,-25.0
409205462491,11225,2,14,99,4,0x17e41,9,1,200,1066.0
409205480201,11226,2,14,99,4,0x17e41,9,1,200,1471.0
409205495569,11227,2,14,99,4,0x17e41,9,1,200,-701.0
409205512260,11228,2,14,99,4,0x17e41,9,1,200,613.0
409205528598,11229,2,14,99,4,0x17e41,9,1,200,-235.0
409205545537,11230,2,14,99,4,0x17e41,9,1,200,280.0
409205561217,11231,2,14,99,4,0x17e41,9,1,200,-191.0
409205577660,11232,2,14,99,4,0x17e41,9,1,200,-655.0
409205595015,11233,2,14,99,4,0x17e41,9,1,200,-1735.0
409205611307,11234,2,14,99,4,0x17e41,9,1,200,-752.0
409205628150,11235,2,14,99,4,0x17e41,9,1,200,-830.0
409205644957,11236,2,14,99,4,0x17e41,9,1,200,1101.0
409205661554,11237,2,14,99,4,0x17e41,9,1,200,-250.0
409205678342,11238,2,14,99,4,0x17e41,9,1,200,1168.0
409205696942,11239,2,14,99,4,0x17f01,9,1,200,-1566.0
409205714473,11240,2,14,99,4,0x17f01,9,1,200,501.0
409205728528,11241,2,14,99,4,0x17f01,9,1,200,632.0
409205745237,11242,2,14,99,4,0x1ff01,10,1,200,80.0
409205762126,11243,2,14,99,4,0x1ff01,10,1,200,870.0
409205779054,11244,2,14,99,4,0x1ff01,10,1,200,10.0
409205795275,11245,2,14,99,4,0x1ff01,10,1,200,-598.0
409205812770,11246,2,14,99,4,0x1ff01,10,1,200,-1807.0
409205829382,11247,2,14,99,4,0x1bf01,9,1,200,-1133.0
409205845286,11248,2,17,100,4,0x1bf01,9,1,200,1110.0
409205861555,11249,2,17,100,4,0x1bf01,9,1,200,-403.0
409205877668,11250,2,17,100,4,0x1ab01,7,1,200,949.0
409205895796,11251,2,17,100,4,0x1bb01,8,1,200,-134.0
409205911048,11252,2,17,100,4,0x1ab01,7,1,200,584.0
409205930990,11253,2,17,100,4,0x1ab01,7,1,200,-470.0
409205947934,11254,2,17,100,4,0x1ab01,7,1,200,1038.0
409205961824,11255,2,17,100,4,0x1ab01,7,1,200,561.0
409205977817,11256,2,17,100,4,0x1ab01,7,1,200,492.0
409205994581,11257,2,17,100,4,0x1aa01,6,1,200,-1526.0
409206012611,11258,2,17,100,4,0x1aa01,6,1,200,904.0
409206029703,11259,2,17,100,4,0x1aa01,6,1,200,970.0
409206045550,11260,2,17,100,4,0x1aa01,6,1,200,4.0
409206063755,11261,2,17,100,4,0x1a801,5,1,200,1049.0
409206077953,11262,2,17,100,4,0x1a801,5,1,200,-1054.0
409206095003,11263,2,17,100,4,0x1a801,5,1,200,-743.0
409206111142,11264,2,17,100,4,0x1a801,5,1,200,-1938.0
409206128389,11265,2,17,100,4,0x1a801,5,1,200,-995.0
409206145821,11266,2,17,100,4,0x1a801,5,1,200,924.0
409206165736,11267,2,17,100,4,0x1a801,5,1,200,-118.0
409206180532,11268,2,17,100,4,0x1a801,5,1,200,354.0
409206194953,11269,2,17,100,4,0x1a801,5,1,200,-1260.0
409206211625,11270,2,17,100,4,0x1a801,5,1,200,1243.0
409206228449,11271,2,17,100,4,0x1a801,5,1,200,938.0
409206246403,11272,2,17,100,4,0x1a801,5,1,200,734.0
409206263473,11273,2,17,100,4,0x1a801,5,1,200,-397.0
409206280381,11274,2,17,100,4,0x1a801,5,1,200,1496.0
409206298081,11275,2,17,100,4,0x1a801,5,1,200,-977.0
409206313728,11276,2,17,100,4,0x1a801,5,1,200,-357.0
409206330602,11277,2,17,100,4,0x1a801,5,1,200,-644.0
409206346136,11278,2,17,100,4,0x1a821,6,1,200,353.0
409206364020,11279,2,17,100,4,0x1a801,5,1,200,-1033.0
409206383706,11280,2,17,100,4,0x1a801,5,1,200,-1152.0
409206401780,11281,2,17,100,4,0x1e801,6,1,200,69.0
409206415996,11282,2,17,100,4,0x1fa01,8,1,200,-53.0
409206430565,11283,2,17,100,4,0x1fa01,8,1,200,1049.0
409206446418,11284,2,17,100,4,0x1fe01,9,1,200,-706.0
409206463940,11285,2,17,100,4,0x1fe01,9,1,200,-1166.0
409206480806,11286,2,17,100,4,0x1ff01,10,1,200,606.0
409206497690,11287,2,17,100,4,0x1ff01,10,1,200,1617.0
409206514566,11288,2,17,100,4,0x1ff41,11,1,200,-641.0
409206532641,11289,2,17,100,4,0x1fe41,10,1,200,788.0
409206547043,11290,2,17,100,4,0x17e41,9,1,200,1155.0
409206563535,11291,2,17,100,4,0x17e41,9,1,200,1138.0
409206580512,11292,2,17,100,4,0x7e40,7,1,200,-323.0
409206598315,11293,2,17,100,4,0x7e40,7,1,200,-1185.0
409206615284,11294,2,17,100,4,0x7e60,8,1,200,941.0
409206631444,11295,2,17,100,4,0x7e60,8,1,200,-161.0
409206647876,11296,2,17,100,4,0x7e60,8,1,200,-716.0
409206664879,11297,2,17,100,4,0x7e60,8,1,200,-705.0
409206680237,11298,2,17,100,4,0x7c60,7,1,200,118.0
409206696863,11299,2,17,100,4,0x7c70,8,1,200,563.0
409206713858,11300,2,17,100,4,0x7c70,8,1,200,-798.0
409206730599,11301,2,17,100,4,0x7070,6,1,200,216.0
409206747565,11302,2,17,100,4,0xf078,8,1,200,-1790.0
409206764367,11303,2,17,100,4,0xf078,8,1,200,58.0
409206780400,11304,2,17,100,4,0xe078,7,1,200,-1181.0
409206797308,11305,2,17,100,4,0x1e078,8,1,200,268.0
409206813571,11306,2,17,100,4,0x1e07c,9,1,200,997.0
409206830442,11307,2,17,100,4,0x1a07c,8,1,200,1250.0
409206849393,11308,2,17,100,4,0x1e07c,9,1,200,-25.0
409206866836,11309,2,5,101,4,0x1e07c,9,1,200,1013.0
409206880411,11310,2,5,101,4,0x1a07d,9,1,200,-115.0
409206896197,11311,2,5,101,4,0x1e075,9,1,200,-493.0
409206913439,11312,2,5,101,4,0x1a075,8,1,200,105.0
409206930252,11313,2,5,101,4,0x1e075,9,1,200,673.0
409206946950,11314,2,5,101,4,0x1e07d,10,1,200,-989.0
409206965650,11315,2,5,101,4,0x1e071,8,1,200,1408.0
409206981284,11316,2,5,101,4,0x1e071,8,1,200,-672.0
409206997324,11317,2,5,101,4,0x1e071,8,1,200,830.0
409207015471,11318,2,5,101,4,0x1e071,8,1,200,845.0
409207031502,11319,2,5,101,4,0x1e071,8,1,200,710.0
409207046855,11320,2,5,101,4,0x1f871,10,1,200,-697.0
409207063605,11321,2,5,101,4,0x1f871,10,1,200,1906.0
409207083917,11322,2,5,101,4,0x1f871,10,1,200,-1161.0
409207101064,11323,2,5,101,4,0x1f871,10,1,200,-891.0
409207113154,11324,2,5,101,4,0x1f871,10,1,200,-211.0
409207130362,11325,2,5,101,4,0x1f871,10,1,200,75.0
409207146200,11326,2,5,101,4,0x1f870,9,1,200,-428.0
409207163422,11327,2,5,101,4,0x1f870,9,1,200,461.0
409207180457,11328,2,5,101,4,0x1f870,9,1,200,-969.0
409207197379,11329,2,5,101,4,0x1fc70,10,1,200,873.0
409207213887,11330,2,5,101,4,0x1f860,8,1,200,240.0
409207230416,11331,2,5,101,4,0x1fc60,9,1,200,-875.0
409207246742,11332,2,5,101,4,0xfc60,8,1,200,332.0
409207263579,11333,2,5,101,4,0xf860,7,1,200,1036.0
409207279558,11334,2,5,101,4,0xfc60,8,1,200,-882.0
409207297137,11335,2,5,101,4,0xfc70,9,1,200,553.0
409207313585,11336,2,5,101,4,0xfc70,9,1,200,278.0
409207332996,11337,2,5,101,4,0xfc70,9,1,200,-234.0
409207346821,11338,2,5,101,4,0xfc60,8,1,200,642.0
409207362961,11339,2,5,101,4,0xfc70,9,1,200,-421.0
409207380495,11340,2,5,101,4,0xfc70,9,1,200,-142.0
409207396615,11341,2,5,101,4,0xf870,8,1,200,754.0
409207414595,11342,2,5,101,4,0xf870,8,1,200,2246.0
409207430297,11343,2,5,101,4,0x1f070,8,1,200,-950.0
409207449002,11344,2,5,101,4,0x1f070,8,1,200,-398.0
409207462965,11345,2,5,101,4,0x1f070,8,1,200,-504.0
409207479883,11346,2,5,101,4,0x1f070,8,1,200,-860.0
409207497293,11347,2,5,101,4,0x1f070,8,1,200,-205.0
409207513354,11348,2,5,101,4,0x1f070,8,1,200,-267.0
409207533865,11349,2,5,101,4,0x1f070,8,1,200,977.0
409207547338,11350,2,5,101,4,0x1f870,9,1,200,904.0
409207565136,11351,2,5,101,4,0x1f870,9,1,200,1972.0
409207580616,11352,2,5,101,4,0xf070,7,1,200,447.0
409207596510,11353,2,5,101,4,0x1f870,9,1,200,738.0
409207616083,11354,2,5,101,4,0xf870,8,1,200,-643.0
409207630968,11355,2,5,101,4,0xf870,8,1,200,-530.0
409207647154,11356,2,5,101,4,0xfc70,9,1,200,-1066.0
409207664413,11357,2,5,101,4,0xf870,8,1,200,1337.0
409207680989,11358,2,5,101,4,0xf870,8,1,200,-508.0
409207696787,11359,2,5,101,4,0xfc70,9,1,200,911.0
409207715038,11360,2,5,101,4,0xfc70,9,1,200,-725.0
409207730241,11361,2,5,101,4,0xfc70,9,1,200,-1314.0
409207747263,11362,2,5,101,4,0xfc70,9,1,200,-325.0
409207767136,11363,2,5,101,4,0xfc60,8,1,200,1018.0
409207781031,11364,2,5,101,4,0xfc60,8,1,200,1300.0
409207798249,11365,2,5,101,4,0xfc60,8,1,200,957.0
409207813313,11366,2,5,101,4,0x1fe61,11,1,200,-1105.0
409207831799,11367,2,5,101,4,0x1fe61,11,1,200,-547.0
409207847346,11368,2,14,102,4,0x1fe61,11,1,200,-715.0
409207863049,11369,2,14,102,4,0x1fe61,11,1,200,786.0
409207880869,11370,2,14,102,4,0x1fe61,11,1,200,1582.0
409207897680,11371,2,14,102,4,0x1fe61,11,1,200,-344.0
409207914254,11372,2,14,102,4,0x1fe61,11,1,200,-943.0
409207931104,11373,2,14,102,4,0x1fe61,11,1,200,141.0
409207946603,11374,2,14,102,4,0x1fa61,10,1,200,795.0
409207964905,11375,2,14,102,4,0x1fc61,10,1,200,-119.0
409207980718,11376,2,14,102,4,0x1fa61,10,1,200,-764.0
409208001785,11377,2,14,102,4,0x1fa61,10,1,200,520.0
409208015695,11378,2,14,102,4,0x1f861,9,1,200,-513.0
409208032484,11379,2,14,102,4,0x1f861,9,1,200,-1596.0
409208047779,11380,2,14,102,4,0x1f861,9,1,200,850.0
409208063991,11381,2,14,102,4,0x1f861,9,1,200,537.0
409208080948,11382,2,14,102,4,0x1f861,9,1,200,-1303.0
409208096988,11383,2,14,102,4,0x1f861,9,1,200,919.0
409208114945,11384,2,14,102,4,0x1f861,9,1,200,251.0
409208132663,11385,2,14,102,4,0x1f861,9,1,200,629.0
409208148367,11386,2,14,102,4,0x1f861,9,1,200,-574.0
409208164788,11387,2,14,102,4,0x1f861,9,1,200,-12.0
409208181699,11388,2,14,102,4,0x1f861,9,1,200,-1257.0
409208197752,11389,2,14,102,4,0x1f861,9,1,200,571.0
409208214563,11390,2,14,102,4,0x1f861,9,1,200,1191.0
409208233232,11391,2,14,102,4,0x1f861,9,1,200,-826.0
409208249236,11392,2,14,102,4,0x1f861,9,1,200,663.0
409208267387,11393,2,14,102,4,0x1f861,9,1,200,939.0
409208281573,11394,2,14,102,4,0x1f861,9,1,200,493.0
409208298038,11395,2,14,102,4,0x1f861,9,1,200,179.0
409208315153,11396,2,14,102,4,0x1f861,9,1,200,-810.0
409208330735,11397,2,14,102,4,0x1f861,9,1,200,-1391.0
409208348641,11398,2,14,102,4,0x1f861,9,1,200,-265.0
409208367317,11399,2,14,102,4,0x1f861,9,1,200,376.0
409208381045,11400,2,14,102,4,0x1fa61,10,1,200,-1250.0
409208399949,11401,2,14,102,4,0x1fa61,10,1,200,1571.0
409208414486,11402,2,14,102,4,0x1fa61,10,1,200,1701.0
409208431738,11403,2,14,102,4,0x1fa61,10,1,200,1428.0
409208447929,11404,2,14,102,4,0x1fa61,10,1,200,137.0
409208463644,11405,2,14,102,4,0x1fa41,9,1,200,685.0
409208480458,11406,2,14,102,4,0x1fa41,9,1,200,565.0
409208497781,11407,2,14,102,4,0x1fe41,10,1,200,800.0
409208513988,11408,2,14,102,4,0x1fe41,10,1,200,-1092.0
409208531198,11409,2,14,102,4,0x1fe41,10,1,200,-1000.0
409208547456,11410,2,14,102,4,0x1fe41,10,1,200,169.0
409208565503,11411,2,14,102,4,0x1ff41,11,1,200,-980.0
409208586974,11412,2,14,102,4,0x1ff01,10,1,200,1076.0
409208599673,11413,2,14,102,4,0x1ff01,10,1,200,-263.0
409208615081,11414,2,14,102,4,0x1ff01,10,1,200,-594.0
409208630746,11415,2,14,102,4,0x1ff01,10,1,200,989.0
409208647979,11416,2,14,102,4,0x1ff01,10,1,200,-549.0
409208664386,11417,2,14,102,4,0x1ff01,10,1,200,-1117.0
409208680778,11418,2,14,102,4,0x1ff01,10,1,200,1945.0
409208697855,11419,2,14,102,4,0x1ff01,10,1,200,-226.0
409208715602,11420,2,14,102,4,0x1ff01,10,1,200,-1004.0
409208733214,11421,2,14,102,4,0x1ff01,10,1,200,-376.0
409208747992,11422,2,14,102,4,0x1ff01,10,1,200,275.0
409208764870,11423,2,14,102,4,0x17f01,9,1,200,1342.0
409208781762,11424,2,14,102,4,0x17f01,9,1,200,-619.0
409208799231,11425,2,14,102,4,0x17f01,9,1,200,-90.0
409208817351,11426,2,14,102,4,0x17f01,9,1,200,253.0
409208832633,11427,2,14,102,4,0x17f01,9,1,200,-782.0
409208848157,11428,1,255,103,4,0x7f01,8,1,200,-1286.0
409208864616,11429,1,255,103,4,0x7f41,9,1,200,1099.0
409208881212,11430,1,255,103,4,0x7f41,9,1,200,-848.0
409208897659,11431,1,255,103,4,0x7f41,9,1,200,933.0
409208914825,11432,1,255,103,4,0x7e41,8,1,200,-175.0
409208933233,11433,1,255,103,4,0x7e40,7,1,200,-193.0
409208953614,11434,1,255,103,4,0x7e60,8,1,200,-1188.0
409208964716,11435,1,255,103,4,0x7e60,8,1,200,1633.0
409208980930,11436,1,255,103,4,0xfe60,9,1,200,1044.0
409208997574,11437,1,255,103,4,0xfc60,8,1,200,-240.0
409209014077,11438,1,255,103,4,0x1fc60,9,1,200,-1044.0
409209031998,11439,1,255,103,4,0x1fc60,9,1,200,178.0
409209048116,11440,1,255,103,4,0x1fc60,9,1,200,34.0
409209065212,11441,1,255,103,4,0x1fc60,9,1,200,744.0
409209081051,11442,1,255,103,4,0x1f870,9,1,200,-299.0
409209097824,11443,1,255,103,4,0x1f870,9,1,200,-690.0
409209115150,11444,1,255,103,4,0x1f870,9,1,200,915.0
409209131501,11445,1,255,103,4,0x1f870,9,1,200,-814.0
409209149179,11446,1,255,103,4,0x1f870,9,1,200,546.0
409209165893,11447,1,255,103,4,0x1f870,9,1,200,685.0
409209184952,11448,1,255,103,4,0xf870,8,1,200,-1253.0
409209199002,11449,1,255,103,4,0xf870,8,1,200,-214.0
409209214982,11450,1,255,103,4,0xf870,8,1,200,970.0
409209232459,11451,1,255,103,4,0xf870,8,1,200,-1037.0
409209248610,11452,1,255,103,4,0xf870,8,1,200,-924.0
409209270789,11453,1,255,103,4,0xf870,8,1,200,406.0
409209282853,11454,1,255,103,4,0xf870,8,1,200,-1232.0
409209300254,11455,1,255,103,4,0xf870,8,1,200,-327.0
409209316044,11456,1,255,103,4,0x7870,7,1,200,-499.0
409209332187,11457,1,255,103,4,0x7c70,8,1,200,628.0
409209348853,11458,1,255,103,4,0x7c70,8,1,200,473.0
409209366131,11459,1,255,103,4,0x7c70,8,1,200,1115.0
409209383673,11460,1,255,103,4,0x7c70,8,1,200,-67.0
409209399853,11461,1,255,103,4,0x7c70,8,1,200,1326.0
409209416580,11462,1,255,103,4,0x7c70,8,1,200,1071.0
409209432459,11463,1,255,103,4,0x7c70,8,1,200,388.0
409209448502,11464,1,255,103,4,0x7c70,8,1,200,-842.0
409209465156,11465,1,255,103,4,0x7c70,8,1,200,-1075.0
409209482483,11466,1,255,103,4,0x7c70,8,1,200,-1146.0
409209502721,11467,1,255,103,4,0x7c70,8,1,200,309.0
409209518685,11468,1,255,103,4,0x7c70,8,1,200,-219.0
409209535085,11469,1,255,103,4,0x7c70,8,1,200,748.0
409209550803,11470,1,255,103,4,0x7c70,8,1,200,1304.0
409209567299,11471,1,255,103,4,0x7c70,8,1,200,962.0
409209583407,11472,1,255,103,4,0x7c70,8,1,200,-555.0
409209599021,11473,1,255,103,4,0x7c70,8,1,200,-470.0
409209617365,11474,1,255,103,4,0x7c70,8,1,200,-1223.0
409209633589,11475,1,255,103,4,0x7c70,8,1,200,-140.0
409209650707,11476,1,255,103,4,0x7c70,8,1,200,-689.0
409209665760,11477,1,255,103,4,0x7c70,8,1,200,475.0
409209683471,11478,1,255,103,4,0x7c70,8,1,200,-1685.0
409209699797,11479,1,255,103,4,0x7c60,7,1,200,-164.0
409209716548,11480,1,255,103,4,0x7c60,7,1,200,-766.0
409209734879,11481,1,255,103,4,0x17c60,8,1,200,-123.0
409209750196,11482,1,255,103,4,0x1fc61,10,1,200,-922.0
409209769002,11483,1,255,103,4,0x1fc60,9,1,200,945.0
409209783055,11484,1,255,103,4,0x1fc61,10,1,200,1066.0
409209800038,11485,1,255,103,4,0x1fc61,10,1,200,947.0
409209816576,11486,1,255,103,4,0x1fc60,9,1,200,4.0
409209832854,11487,1,255,103,4,0x1fc61,10,1,200,-309.0
409209849947,11488,1,255,103,4,0x1fc61,10,1,200,1435.0
409209867650,11489,1,255,103,4,0x1fc61,10,1,200,557.0
409209884655,11490,1,255,103,4,0x1fe61,11,1,200,221.0
409209899689,11491,1,255,103,4,0x1fe61,11,1,200,-1900.0
409209916255,11492,1,255,103,4,0x1fe61,11,1,200,304.0
409209933066,11493,1,255,103,4,0x1fa61,10,1,200,1299.0
409209950090,11494,1,255,103,4,0x1fa61,10,1,200,722.0
409209967986,11495,1,255,103,4,0x1fe61,11,1,200,-233.0
409209983900,11496,1,255,103,4,0x1fe61,11,1,200,-576.0
409210001998,11497,1,255,103,4,0x1fe61,11,1,200,1336.0
409210016642,11498,1,255,103,4,0x1fe61,11,1,200,160.0
409210033906,11499,1,255,103,4,0x1fe61,11,1,200,-1085.0
409210049498,11500,1,255,103,4,0x1fe61,11,1,200,-919.0
409210066889,11501,1,255,103,4,0x1fe61,11,1,200,552.0
409210084466,11502,1,255,103,4,0x1fe61,11,1,200,1006.0
409210100247,11503,1,255,103,4,0x1fe61,11,1,200,-1394.0
409210117280,11504,1,255,103,4,0x1fc61,10,1,200,667.0
409210132317,11505,1,255,103,4,0x1fc61,10,1,200,-587.0
409210149548,11506,1,255,103,4,0x1fc61,10,1,200,-548.0
409210165896,11507,1,255,103,4,0x1fc61,10,1,200,-1218.0
409210183947,11508,1,255,103,4,0x1fc60,9,1,200,1465.0
409210201883,11509,1,255,103,4,0x1fc60,9,1,200,416.0
409210217577,11510,1,255,103,4,0x1fc60,9,1,200,-702.0
409210233564,11511,1,255,103,4,0x1fc60,9,1,200,-1498.0
409210249717,11512,1,255,103,4,0x1fe60,10,1,200,981.0
409210266660,11513,1,255,103,4,0x1fe60,10,1,200,-271.0
409210282270,11514,1,255,103,4,0x1fe60,10,1,200,-774.0
409210299162,11515,1,255,103,4,0x7e60,8,1,200,-109.0
409210316651,11516,1,255,103,4,0x7e41,8,1,200,1335.0
409210333689,11517,1,255,103,4,0x7e41,8,1,200,1110.0
409210349958,11518,1,255,103,4,0x17e41,9,1,200,962.0
409210366260,11519,1,255,103,4,0x7e41,8,1,200,-2.0
409210382584,11520,1,255,103,4,0x7e41,8,1,200,-1638.0
409210399426,11521,1,255,103,4,0x7e41,8,1,200,232.0
409210416265,11522,1,255,103,4,0x17e41,9,1,200,272.0
409210433954,11523,1,255,103,4,0x17e41,9,1,200,-357.0
409210449359,11524,1,255,103,4,0x17e41,9,1,200,672.0
409210467603,11525,1,255,103,4,0x7e41,8,1,200,-763.0
409210482740,11526,1,255,103,4,0x17e41,9,1,200,-285.0
409210499686,11527,1,255,103,4,0x17e41,9,1,200,888.0
409210517102,11528,1,255,103,4,0x17e41,9,1,200,-100.0
409210533231,11529,1,255,103,4,0x7f41,9,1,200,-783.0
409210549520,11530,1,255,103,4,0x7f41,9,1,200,135.0
409210565579,11531,1,255,103,4,0x7e41,8,1,200,1662.0
409210583818,11532,1,255,103,4,0x7f41,9,1,200,-778.0
409210599483,11533,1,255,103,4,0x7f41,9,1,200,-1124.0
409210615906,11534,1,255,103,4,0x7e41,8,1,200,1027.0
409210632875,11535,1,255,103,4,0x7e41,8,1,200,-927.0
409210649412,11536,1,255,103,4,0x7f41,9,1,200,-551.0
409210667347,11537,1,255,103,4,0x7e41,8,1,200,-1088.0
409210683367,11538,1,255,103,4,0x7e41,8,1,200,-191.0
409210699983,11539,1,255,103,4,0x7e41,8,1,200,492.0
409210716214,11540,1,255,103,4,0x7e41,8,1,200,447.0
409210732764,11541,1,255,103,4,0x7f41,9,1,200,-211.0
409210749473,11542,1,255,103,4,0x7e41,8,1,200,-208.0
409210766531,11543,1,255,104,4,0x7e41,8,1,200,-847.0
409210784406,11544,1,255,104,4,0x7e41,8,1,200,-215.0
409210806289,11545,1,255,104,4,0x7f40,8,1,200,680.0
409210816754,11546,1,255,104,4,0x7e40,7,1,200,522.0
409210833285,11547,1,255,104,4,0x7e41,8,1,200,532.0
409210849843,11548,1,255,104,4,0x7e41,8,1,200,-225.0
409210866638,11549,1,255,105,4,0x7e41,8,1,200,-546.0
409210883475,11550,1,255,105,4,0x7e41,8,1,200,475.0
409210899888,11551,1,255,105,4,0x7e41,8,1,200,-1003.0
409210916510,11552,1,255,105,4,0x7e41,8,1,200,-1331.0
409210933499,11553,1,255,105,4,0x7e40,7,1,200,571.0
409210949820,11554,1,255,105,4,0x7e40,7,1,200,-314.0
409210966452,11555,1,255,105,4,0x7e41,8,1,200,-1148.0
409210983739,11556,1,255,105,4,0x7e40,7,1,200,1107.0
409211000144,11557,1,255,105,4,0x7e41,8,1,200,-350.0
409211017162,11558,1,255,105,4,0x7e41,8,1,200,641.0
409211034689,11559,1,255,105,4,0x7e41,8,1,200,205.0
409211049917,11560,1,255,105,4,0x7e40,7,1,200,-853.0
409211066829,11561,1,255,105,4,0x7e41,8,1,200,838.0
409211083144,11562,1,255,105,4,0x7e41,8,1,200,-1793.0
409211099900,11563,1,255,105,4,0x7e40,7,1,200,580.0
409211116375,11564,1,255,105,4,0x7e40,7,1,200,196.0
409211134751,11565,1,255,105,4,0x7e41,8,1,200,772.0
409211150699,11566,1,255,105,4,0x7e40,7,1,200,-1861.0
409211166683,11567,1,255,105,4,0x7e40,7,1,200,-1179.0
409211183336,11568,1,255,105,4,0x7e41,8,1,200,719.0
409211200184,11569,1,255,105,4,0x7e41,8,1,200,1142.0
409211217114,11570,1,255,105,4,0x7e41,8,1,200,-698.0
409211233130,11571,1,255,105,4,0x7e41,8,1,200,1583.0
409211251948,11572,1,255,105,4,0x7e41,8,1,200,902.0
409211267172,11573,1,255,105,4,0x7e41,8,1,200,1004.0
409211283307,11574,1,255,105,4,0x7e41,8,1,200,1043.0
409211300015,11575,1,255,105,4,0x7e41,8,1,200,-817.0
409211316638,11576,1,255,105,4,0x7e41,8,1,200,891.0
409211333594,11577,1,255,105,4,0x17e41,9,1,200,-209.0
409211350454,11578,1,255,105,4,0x17e41,9,1,200,-1082.0
409211367264,11579,1,255,105,4,0x17e41,9,1,200,-1419.0
409211385655,11580,1,255,105,4,0x17e41,9,1,200,-684.0
409211400440,11581,1,255,105,4,0x17e41,9,1,200,-590.0
409211416924,11582,1,255,105,4,0x17e41,9,1,200,169.0
409211434274,11583,1,255,105,4,0x1fe61,11,1,200,1447.0
409211451124,11584,1,255,105,4,0x17e61,10,1,200,-930.0
409211466897,11585,1,255,105,4,0x17e61,10,1,200,248.0
409211484876,11586,1,255,105,4,0x17e61,10,1,200,1042.0
409211501112,11587,1,255,105,4,0x17e61,10,1,200,1391.0
409211517145,11588,1,255,105,4,0x1fe61,11,1,200,716.0
409211533767,11589,1,255,105,4,0x17e61,10,1,200,108.0
409211550747,11590,1,255,105,4,0x17e61,10,1,200,573.0
409211566981,11591,1,255,105,4,0x1fe61,11,1,200,1155.0
409211585683,11592,1,255,105,4,0x1fe61,11,1,200,-409.0
409211601132,11593,1,255,105,4,0x1fe61,11,1,200,-1444.0
409211618909,11594,1,255,105,4,0x1fe61,11,1,200,-469.0
409211633822,11595,1,255,105,4,0x1fe61,11,1,200,-87.0
409211650544,11596,1,255,105,4,0x1fe61,11,1,200,804.0
409211667051,11597,1,255,105,4,0x17e61,10,1,200,-358.0
409211683070,11598,1,255,105,4,0x17c61,9,1,200,328.0
409211703449,11599,1,255,105,4,0x7c60,7,1,200,1471.0
409211717286,11600,1,255,105,4,0x7c60,7,1,200,-209.0
409211735184,11601,1,255,105,4,0x7c60,7,1,200,761.0
409211750151,11602,1,255,105,4,0x7c60,7,1,200,-676.0
409211766913,11603,1,255,105,4,0x7c60,7,1,200,587.0
409211784100,11604,1,255,105,4,0x7c60,7,1,200,-1002.0
409211799941,11605,1,255,105,4,0x7c60,7,1,200,-843.0
409211816483,11606,1,255,105,4,0x7c60,7,1,200,-432.0
409211834526,11607,1,255,105,4,0x7c60,7,1,200,824.0
409211851071,11608,1,255,105,4,0x7c60,7,1,200,-1014.0
409211867123,11609,1,255,105,4,0x7c60,7,1,200,804.0
409211883020,11610,1,255,105,4,0x7c60,7,1,200,-1302.0
409211900100,11611,1,255,105,4,0x7c60,7,1,200,-837.0
409211916762,11612,1,255,105,4,0x7c60,7,1,200,-821.0
409211936054,11613,1,255,105,4,0x7c60,7,1,200,-645.0
409211949764,11614,1,255,105,4,0x7c60,7,1,200,-765.0
409211966683,11615,1,255,105,4,0x7c60,7,1,200,1063.0
409211982809,11616,1,255,105,4,0x5460,5,1,200,912.0
409211999905,11617,1,255,105,4,0x460,3,1,200,-794.0
409212015495,11618,1,255,105,4,0x0,0,1,200,-629.0
409212032792,11619,1,255,105,4,0x0,0,1,200,267.0
409212051170,11620,1,255,105,4,0x0,0,1,200,-1002.0
409212065525,11621,1,255,105,4,0x0,0,1,200,373.0
409212082881,11622,1,255,105,4,0x0,0,1,200,221.0
409212098911,11623,1,255,105,4,0x0,0,1,200,-441.0
409212115247,11624,1,255,105,4,0x0,0,1,200,-829.0
409212132336,11625,1,255,105,4,0x0,0,1,200,673.0
409212148991,11626,1,255,105,4,0x0,0,1,200,1107.0
409212165555,11627,1,255,105,4,0x0,0,1,200,764.0
409212182396,11628,1,255,105,4,0x0,0,1,200,-615.0
409212199375,11629,1,255,105,4,0x0,0,1,200,-408.0
409212215906,11630,1,255,105,4,0x0,0,1,200,-85.0
409212232291,11631,1,255,105,4,0x0,0,1,200,795.0
409212249395,11632,1,255,105,4,0x0,0,1,200,1639.0
409212266050,11633,1,255,105,4,0x0,0,1,200,-212.0
409212284335,11634,1,255,105,4,0x0,0,1,200,-638.0
409212298873,11635,1,255,105,4,0x0,0,1,200,-880.0
409212315843,11636,1,255,105,4,0x0,0,1,200,-566.0
409212332297,11637,1,255,105,4,0x0,0,1,200,1834.0
409212349569,11638,1,255,105,4,0x0,0,1,200,740.0
409212365711,11639,1,255,105,4,0x0,0,1,200,-925.0
409212382688,11640,1,255,105,4,0x0,0,1,200,1168.0
409212399101,11641,1,255,105,4,0x0,0,1,200,-63.0
409212416246,11642,1,255,105,4,0x0,0,1,200,1417.0
409212432758,11643,1,255,105,4,0x0,0,1,200,-550.0
409212449029,11644,1,255,105,4,0x0,0,1,200,-1294.0
409212465837,11645,1,255,105,4,0x0,0,1,200,-149.0
409212482483,11646,1,255,105,4,0x0,0,1,200,-445.0
409212499302,11647,1,255,105,4,0x0,0,1,200,-10.0
409212516543,11648,1,255,105,4,0x0,0,1,200,1636.0
409212532768,11649,1,255,105,4,0x0,0,1,200,-321.0
409212549581,11650,1,255,105,4,0x0,0,1,200,-1136.0
409212565869,11651,1,255,105,4,0x0,0,1,200,1391.0
409212582460,11652,1,255,105,4,0x0,0,1,200,1175.0
409212599055,11653,1,255,105,4,0x0,0,1,200,-705.0
409212616223,11654,1,255,105,4,0x0,0,1,200,-1223.0
409212634347,11655,1,255,105,4,0x0,0,1,200,-1040.0
409212649702,11656,1,255,105,4,0x0,0,1,200,1204.0
409212666193,11657,1,255,105,4,0x0,0,1,200,-302.0
409212682858,11658,1,255,105,4,0x0,0,1,200,-778.0
409212700013,11659,1,255,105,4,0x0,0,1,200,-339.0
409212716424,11660,1,255,105,4,0x0,0,1,200,-683.0
409212732853,11661,1,255,105,4,0x0,0,1,200,-357.0
409212750096,11662,1,255,105,4,0x0,0,1,200,-2330.0
409212766180,11663,1,255,105,4,0x0,0,1,200,-112.0
409212783200,11664,2,14,106,4,0x0,0,1,200,-732.0
409212799710,11665,2,14,106,4,0x0,0,1,200,-90.0
409212816502,11666,2,14,106,4,0x0,0,1,200,1137.0
409212833148,11667,2,14,106,4,0x0,0,1,200,-97.0
409212852201,11668,2,14,106,4,0x0,0,1,200,1094.0
409212868152,11669,2,14,106,4,0x0,0,1,200,1782.0
409212885599,11670,2,14,106,4,0x0,0,1,200,1253.0
409212899696,11671,2,14,106,4,0x0,0,1,200,1198.0
409212916270,11672,2,14,106,4,0x0,0,1,200,-80.0
409212933321,11673,2,14,106,4,0x0,0,1,200,906.0
409212949598,11674,2,14,106,4,0x0,0,1,200,-171.0
409212966625,11675,2,14,106,4,0x0,0,1,200,-831.0
409212984192,11676,2,14,106,4,0x0,0,1,200,-1433.0
409213000073,11677,2,14,106,4,0x0,0,1,200,-363.0
409213016522,11678,2,14,106,4,0x0,0,1,200,-1725.0
409213033104,11679,2,14,106,4,0x0,0,1,200,674.0
409213050351,11680,2,14,106,4,0x0,0,1,200,31.0
409213066445,11681,2,14,106,4,0x0,0,1,200,950.0
409213084871,11682,2,14,106,4,0x0,0,1,200,-1384.0
409213100107,11683,2,14,106,4,0x0,0,1,200,878.0
409213116582,11684,2,14,106,4,0x0,0,1,200,-1438.0
409213133891,11685,2,14,106,4,0x0,0,1,200,-309.0
409213149870,11686,2,14,106,4,0x0,0,1,200,1097.0
409213166484,11687,2,14,106,4,0x0,0,1,200,1131.0
409213182944,11688,2,14,106,4,0x0,0,1,200,1212.0
409213200492,11689,2,14,106,4,0x0,0,1,200,908.0
409213217394,11690,2,14,106,4,0x0,0,1,200,-692.0
409213233908,11691,2,14,106,4,0x0,0,1,200,-1644.0
409213249965,11692,2,14,106,4,0x0,0,1,200,-284.0
409213267116,11693,2,14,106,4,0x0,0,1,200,-358.0
409213283372,11694,2,14,106,4,0x0,0,1,200,1020.0
409213301125,11695,2,14,106,4,0x0,0,1,200,-691.0
409213317461,11696,2,14,106,4,0x0,0,1,200,-1581.0
409213334028,11697,2,14,106,4,0x0,0,1,200,1005.0
409213351517,11698,2,14,106,4,0x0,0,1,200,-568.0
409213366550,11699,2,14,106,4,0x0,0,1,200,1092.0
409213383456,11700,2,14,106,4,0x0,0,1,200,-1159.0
409213400015,11701,2,14,106,4,0x0,0,1,200,1141.0
409213416913,11702,2,14,106,4,0x0,0,1,200,1250.0
409213433391,11703,2,14,106,4,0x0,0,1,200,-870.0
409213450951,11704,2,14,106,4,0x0,0,1,200,-690.0
409213467536,11705,2,14,106,4,0x0,0,1,200,1160.0
409213483929,11706,2,14,106,4,0x0,0,1,200,-348.0
409213500273,11707,2,14,106,4,0x0,0,1,200,1302.0
409213516860,11708,2,14,106,4,0x0,0,1,200,1464.0
409213533663,11709,2,14,106,4,0x0,0,1,200,1163.0
409213550651,11710,2,14,106,4,0x0,0,1,200,-463.0
409213567974,11711,2,14,106,4,0x0,0,1,200,-1419.0
409213584086,11712,2,14,106,4,0x0,0,1,200,1266.0
409213600436,11713,2,14,106,4,0x0,0,1,200,75.0
409213617220,11714,2,14,106,4,0x0,0,1,200,1200.0
409213634375,11715,2,14,106,4,0x0,0,1,200,-296.0
409213650520,11716,2,14,106,4,0x0,0,1,200,37.0
409213667969,11717,2,14,106,4,0x0,0,1,200,-1011.0
409213684305,11718,2,14,106,4,0x0,0,1,200,-1091.0
409213700391,11719,2,14,106,4,0x0,0,1,200,874.0
409213717206,11720,2,14,106,4,0x0,0,1,200,-938.0
409213733896,11721,2,14,106,4,0x0,0,1,200,17.0
409213750159,11722,2,14,106,4,0x0,0,1,200,-868.0
409213767297,11723,2,14,106,4,0x0,0,1,200,-218.0
409213786328,11724,2,14,106,4,0x0,0,1,200,1071.0
409213801351,11725,2,14,106,4,0x0,0,1,200,-166.0
409213817115,11726,2,14,106,4,0x0,0,1,200,1096.0
409213833749,11727,2,14,106,4,0x0,0,1,200,-383.0
409213850846,11728,2,14,106,4,0x0,0,1,200,-1675.0
409213867148,11729,2,14,106,4,0x0,0,1,200,-82.0
409213884485,11730,2,14,106,4,0x0,0,1,200,-11.0
409213901100,11731,2,14,106,4,0x0,0,1,200,1461.0
409213917249,11732,2,14,106,4,0x0,0,1,200,1023.0
409213935408,11733,2,14,106,4,0x0,0,1,200,873.0
409213950584,11734,2,14,106,4,0x0,0,1,200,-1162.0
409213967369,11735,2,14,106,4,0x0,0,1,200,1326.0
409213983719,11736,2,14,106,4,0x0,0,1,200,-411.0
409214001796,11737,2,14,106,4,0x0,0,1,200,-1030.0
409214017499,11738,2,14,106,4,0x0,0,1,200,1793.0
409214035208,11739,2,14,106,4,0x0,0,1,200,-1578.0
409214051698,11740,2,14,106,4,0x0,0,1,200,-379.0
409214067296,11741,2,14,106,4,0x0,0,1,200,-1075.0
409214084621,11742,2,14,106,4,0x0,0,1,200,231.0
409214100765,11743,2,14,106,4,0x0,0,1,200,1114.0
409214120042,11744,2,14,106,4,0x0,0,1,200,2242.0
409214135565,11745,2,14,106,4,0x0,0,1,200,-208.0
409214150833,11746,2,14,106,4,0x0,0,1,200,-222.0
409214167596,11747,2,14,106,4,0x0,0,1,200,-315.0
409214184270,11748,2,14,106,4,0x0,0,1,200,-685.0
409214200917,11749,2,14,106,4,0x0,0,1,200,1479.0
409214217420,11750,2,14,106,4,0x0,0,1,200,960.0
409214238253,11751,2,14,106,4,0x0,0,1,200,1133.0
409214252285,11752,2,14,106,4,0x0,0,1,200,2730.0
409214267438,11753,2,14,106,4,0x0,0,1,200,1318.0
409214284745,11754,2,14,106,4,0x0,0,1,200,-183.0
409214301279,11755,2,14,106,4,0x0,0,1,200,1138.0
409214318004,11756,2,14,106,4,0x0,0,1,200,-1471.0
409214334431,11757,2,14,106,4,0x0,0,1,200,-247.0
409214353912,11758,2,14,106,4,0x0,0,1,200,-1144.0
409214368256,11759,2,14,106,4,0x0,0,1,200,-1610.0
409214385591,11760,2,14,106,4,0x0,0,1,200,-1207.0
409214401025,11761,2,14,106,4,0x0,0,1,200,-1407.0
409214418213,11762,2,14,106,4,0x0,0,1,200,-452.0
409214435136,11763,2,14,106,4,0x0,0,1,200,1011.0
409214451040,11764,2,14,106,4,0x0,0,1,200,-362.0
409214467965,11765,2,14,106,4,0x0,0,1,200,1294.0
409214485400,11766,2,14,106,4,0x0,0,1,200,1138.0
409214502521,11767,2,14,106,4,0x0,0,1,200,-178.0
409214518238,11768,2,14,106,4,0x0,0,1,200,-202.0
409214535123,11769,2,14,106,4,0x0,0,1,200,-599.0
409214551109,11770,2,14,106,4,0x0,0,1,200,-460.0
409214567682,11771,2,14,106,4,0x0,0,1,200,-804.0
409214587030,11772,2,14,106,4,0x0,0,1,200,1510.0
409214602244,11773,2,14,106,4,0x0,0,1,200,-949.0
409214619081,11774,2,14,106,4,0x0,0,1,200,-1284.0
409214634637,11775,2,14,106,4,0x0,0,1,200,705.0
409214651898,11776,2,14,106,4,0x0,0,1,200,-304.0
409214668139,11777,2,14,106,4,0x0,0,1,200,-472.0
409214684984,11778,2,14,106,4,0x0,0,1,200,-738.0
409214701473,11779,2,14,106,4,0x0,0,1,200,-353.0
409214718902,11780,2,14,106,4,0x0,0,1,200,-447.0
409214736276,11781,2,14,106,4,0x0,0,1,200,1644.0
409214751498,11782,2,14,106,4,0x0,0,1,200,-403.0
409214767888,11783,2,14,106,4,0x0,0,1,200,-611.0
409214785024,11784,2,14,106,4,0x0,0,1,200,-358.0
409214801315,11785,2,14,106,4,0x0,0,1,200,1393.0
409214819150,11786,2,14,106,4,0x0,0,1,200,-593.0
409214836385,11787,2,14,106,4,0x0,0,1,200,1039.0
409214851977,11788,2,14,106,4,0x0,0,1,200,1490.0
409214868602,11789,2,14,106,4,0x0,0,1,200,-18.0
409214884660,11790,2,14,106,4,0x0,0,1,200,1104.0
409214902321,11791,2,14,106,4,0x0,0,1,200,-565.0
409214918305,11792,2,14,106,4,0x0,0,1,200,-610.0
409214935780,11793,2,14,106,4,0x0,0,1,200,9.0
409214951431,11794,2,14,106,4,0x0,0,1,200,-684.0
409214968340,11795,2,14,106,4,0x0,0,1,200,1449.0
409214984815,11796,2,14,106,4,0x0,0,1,200,-962.0
409215001667,11797,2,14,106,4,0x0,0,1,200,1150.0
409215018413,11798,2,14,106,4,0x0,0,1,200,1414.0
409215035316,11799,2,14,106,4,0x0,0,1,200,-718.0
409215051533,11800,2,14,106,4,0x0,0,1,200,-1037.0
409215069075,11801,2,14,106,4,0x0,0,1,200,-2154.0
409215086099,11802,2,14,106,4,0x0,0,1,200,1189.0
409215101928,11803,2,14,106,4,0x0,0,1,200,-263.0
409215118524,11804,2,14,106,4,0x0,0,1,200,1469.0
409215135087,11805,2,14,106,4,0x0,0,1,200,-195.0
409215151638,11806,2,14,106,4,0x0,0,1,200,794.0
409215169907,11807,2,14,106,4,0x0,0,1,200,1855.0
409215185157,11808,2,14,106,4,0x0,0,1,200,-491.0
409215204487,11809,2,14,106,4,0x0,0,1,200,-55.0
409215218783,11810,2,14,106,4,0x0,0,1,200,1662.0
409215235326,11811,2,14,106,4,0x0,0,1,200,-1260.0
409215252126,11812,2,14,106,4,0x0,0,1,200,1120.0
409215268782,11813,2,14,106,4,0x0,0,1,200,1539.0
409215285712,11814,2,14,106,4,0x0,0,1,200,-146.0
409215302085,11815,2,14,106,4,0x0,0,1,200,-644.0
409215319532,11816,2,14,106,4,0x0,0,1,200,994.0
409215335614,11817,2,14,106,4,0x0,0,1,200,963.0
409215352465,11818,2,14,106,4,0x0,0,1,200,-50.0
409215368730,11819,2,14,106,4,0x0,0,1,200,-1452.0
409215386101,11820,2,14,106,4,0x0,0,1,200,-1201.0
409215403266,11821,2,14,106,4,0x0,0,1,200,1085.0
409215419299,11822,2,14,106,4,0x0,0,1,200,-400.0
409215435660,11823,2,14,106,4,0x0,0,1,200,-1060.0
409215452120,11824,2,14,106,4,0x0,0,1,200,-451.0
409215469000,11825,2,14,106,4,0x0,0,1,200,-378.0
409215485726,11826,2,14,106,4,0x0,0,1,200,-577.0
409215503041,11827,2,14,106,4,0x0,0,1,200,-824.0
409215521637,11828,2,14,106,4,0x0,0,1,200,-1020.0
409215538747,11829,2,14,106,4,0x0,0,1,200,-982.0
409215552339,11830,2,14,106,4,0x0,0,1,200,-965.0
409215569234,11831,2,14,106,4,0x0,0,1,200,-2.0
409215585738,11832,2,14,106,4,0x0,0,1,200,1347.0
409215602499,11833,2,14,106,4,0x0,0,1,200,1208.0
409215619464,11834,2,14,106,4,0x0,0,1,200,-1298.0
409215636318,11835,2,14,106,4,0x0,0,1,200,351.0
409215652322,11836,2,14,106,4,0x0,0,1,200,-59.0
409215668829,11837,2,14,106,4,0x0,0,1,200,-949.0
409215685777,11838,2,14,106,4,0x0,0,1,200,-1510.0
409215702575,11839,2,14,106,4,0x0,0,1,200,-1897.0
409215719150,11840,2,14,106,4,0x0,0,1,200,1252.0
409215736042,11841,2,14,106,4,0x0,0,1,200,-1023.0
409215753224,11842,2,14,106,4,0x0,0,1,200,51.0
409215769993,11843,2,14,106,4,0x0,0,1,200,-244.0
409215787646,11844,2,14,106,4,0x5460,5,1,200,-529.0
409215803138,11845,2,14,106,4,0x7c60,7,1,200,-874.0
409215819560,11846,2,14,106,4,0x7c60,7,1,200,-550.0
409215836485,11847,2,14,106,4,0x7c60,7,1,200,500.0
409215853625,11848,2,14,106,4,0x7c60,7,1,200,-1086.0
409215873600,11849,2,14,106,4,0x7c60,7,1,200,-1172.0
409215887186,11850,2,14,106,4,0x7c60,7,1,200,1330.0
409215903797,11851,2,14,106,4,0x7c60,7,1,200,-923.0
409215921265,11852,2,14,106,4,0x7c60,7,1,200,-693.0
409215937372,11853,2,14,106,4,0x7c60,7,1,200,-654.0
409215953655,11854,2,14,106,4,0x7c60,7,1,200,-750.0
409215970447,11855,2,14,106,4,0x7c60,7,1,200,-1056.0
409215988086,11856,2,14,106,4,0x7c60,7,1,200,-1339.0
409216003853,11857,2,14,106,4,0xfc60,8,1,200,411.0
409216023900,11858,2,14,106,4,0xfc60,8,1,200,90.0
409216038976,11859,2,14,106,4,0xfc60,8,1,200,-241.0
409216055836,11860,2,14,106,4,0xfc60,8,1,200,-321.0
409216071992,11861,2,14,106,4,0xfe60,9,1,200,137.0
409216090369,11862,2,14,106,4,0x7e61,9,1,200,261.0
409216105223,11863,2,14,106,4,0x7e60,8,1,200,1056.0
409216122901,11864,2,14,106,4,0x7e60,8,1,200,-856.0
409216137841,11865,2,14,106,4,0x7e40,7,1,200,-155.0
409216155292,11866,2,14,106,4,0x7e40,7,1,200,787.0
409216170985,11867,2,14,106,4,0x7e40,7,1,200,366.0
409216187779,11868,2,14,106,4,0x7f40,8,1,200,-1016.0
409216205554,11869,2,14,106,4,0x7f40,8,1,200,479.0
409216221810,11870,2,14,106,4,0x7fc0,9,1,200,1562.0
409216237920,11871,2,14,106,4,0x7fc0,9,1,200,-641.0
409216256362,11872,2,14,106,4,0x7fc0,9,1,200,921.0
409216271124,11873,2,14,106,4,0x7fc0,9,1,200,-631.0
409216288010,11874,2,14,106,4,0x7fc0,9,1,200,602.0
409216304976,11875,2,14,106,4,0x7fc0,9,1,200,874.0
409216324925,11876,2,14,106,4,0x7fc0,9,1,200,-1559.0
409216340108,11877,2,14,106,4,0x7fc0,9,1,200,1932.0
409216357458,11878,2,14,106,4,0x7fc0,9,1,200,-477.0
409216371982,11879,2,14,106,4,0x7fc0,9,1,200,149.0
409216388356,11880,2,14,106,4,0x7ee0,9,1,200,372.0
409216405272,11881,2,14,106,4,0x7ee0,9,1,200,1086.0
409216421770,11882,2,14,106,4,0x7ee0,9,1,200,-917.0
409216438645,11883,2,14,106,4,0x7ee0,9,1,200,80.0
409216455014,11884,2,14,106,4,0x7ee0,9,1,200,-892.0
409216474776,11885,2,14,106,4,0x7ee0,9,1,200,677.0
409216488817,11886,2,14,106,4,0x7ee0,9,1,200,-141.0
409216505285,11887,2,14,106,4,0x7ee0,9,1,200,271.0
409216522245,11888,2,14,106,4,0x7ee0,9,1,200,142.0
409216538570,11889,2,14,106,4,0x7ee0,9,1,200,-94.0
409216558248,11890,2,14,106,4,0x7ee0,9,1,200,383.0
409216574762,11891,2,14,106,4,0x7ee0,9,1,200,1537.0
409216589720,11892,2,14,106,4,0x7ee0,9,1,200,868.0
409216605370,11893,2,14,106,4,0x7ee0,9,1,200,-742.0
409216622459,11894,2,14,106,4,0x7ee0,9,1,200,906.0
409216638794,11895,2,14,106,4,0x7ee0,9,1,200,803.0
409216655854,11896,2,14,106,4,0x7e60,8,1,200,1011.0
409216672292,11897,2,14,106,4,0x7e60,8,1,200,-462.0
409216689041,11898,2,14,106,4,0x7e60,8,1,200,-360.0
409216706693,11899,2,14,106,4,0x7e60,8,1,200,-820.0
409216722611,11900,2,14,106,4,0x7e60,8,1,200,-430.0
409216741067,11901,2,14,106,4,0x7e60,8,1,200,484.0
409216755632,11902,2,14,106,4,0x7e60,8,1,200,-936.0
409216772231,11903,2,14,106,4,0x7e60,8,1,200,-77.0
409216791100,11904,2,14,106,4,0x7e60,8,1,200,600.0
409216805947,11905,2,14,106,4,0x7e60,8,1,200,-1770.0
409216822733,11906,2,14,106,4,0x7e60,8,1,200,38.0
409216839295,11907,2,14,106,4,0x7e60,8,1,200,829.0
409216856993,11908,2,14,106,4,0x7e60,8,1,200,-996.0
409216872722,11909,2,14,106,4,0x7e60,8,1,200,23.0
409216889063,11910,2,14,106,4,0x7e60,8,1,200,604.0
409216907211,11911,2,14,106,4,0x7e60,8,1,200,-1270.0
409216924630,11912,2,14,106,4,0x7e60,8,1,200,-153.0
409216940793,11913,2,14,106,4,0x7e60,8,1,200,136.0
409216957720,11914,2,14,106,4,0x7e60,8,1,200,984.0
409216972928,11915,2,14,106,4,0x7e60,8,1,200,1240.0
409216989711,11916,2,14,106,4,0x7e60,8,1,200,1155.0
409217006091,11917,2,14,106,4,0x7e61,9,1,200,-464.0
409217023518,11918,2,14,106,4,0x7e61,9,1,200,754.0
409217040588,11919,2,14,106,4,0x7e60,8,1,200,-288.0
409217056934,11920,2,14,106,4,0x7e60,8,1,200,387.0
409217072993,11921,2,14,106,4,0x7c61,8,1,200,-293.0
409217089328,11922,2,14,106,4,0x7e60,8,1,200,300.0
409217105992,11923,2,14,106,4,0x7e60,8,1,200,-1134.0
409217122675,11924,2,14,106,4,0x7e40,7,1,200,-1079.0
409217139726,11925,2,14,106,4,0x7e60,8,1,200,1037.0
409217157916,11926,2,14,106,4,0x7e60,8,1,200,-133.0
409217173075,11927,2,14,106,4,0x7e60,8,1,200,-999.0
409217189441,11928,2,14,106,4,0x7e60,8,1,200,-863.0
409217206183,11929,2,14,106,4,0x7e40,7,1,200,-912.0
409217222882,11930,2,14,106,4,0x7e40,7,1,200,31.0
409217239835,11931,2,14,106,4,0x7e40,7,1,200,945.0
409217257058,11932,2,14,106,4,0x7e40,7,1,200,-1090.0
409217272969,11933,2,14,106,4,0x7e40,7,1,200,1372.0
409217288972,11934,2,14,106,4,0x7e40,7,1,200,532.0
409217306260,11935,2,14,106,4,0x7e40,7,1,200,-472.0
409217322774,11936,2,14,106,4,0x7e40,7,1,200,1335.0
409217339648,11937,2,14,106,4,0x7f40,8,1,200,-1273.0
409217356613,11938,2,14,106,4,0x7e40,7,1,200,120.0
409217376336,11939,2,14,106,4,0x7fc0,9,1,200,-1178.0
409217393542,11940,2,14,106,4,0x7fc0,9,1,200,-1171.0
409217407803,11941,2,14,106,4,0x7ec0,8,1,200,-730.0
409217424717,11942,2,14,106,4,0x7ec0,8,1,200,-218.0
409217441467,11943,2,14,106,4,0x7fc0,9,1,200,216.0
409217458103,11944,2,14,106,4,0x7fc0,9,1,200,-195.0
409217476536,11945,2,14,106,4,0x7fc0,9,1,200,-1220.0
409217489736,11946,2,14,106,4,0x7fc0,9,1,200,1161.0
409217506363,11947,2,14,106,4,0x7fc0,9,1,200,-648.0
409217523703,11948,2,14,106,4,0x7fc0,9,1,200,915.0
409217539672,11949,2,14,106,4,0x7fc0,9,1,200,179.0
409217556527,11950,2,14,106,4,0x7fc0,9,1,200,868.0
409217574766,11951,2,14,106,4,0x7fc0,9,1,200,-251.0
409217589640,11952,2,14,106,4,0x7fc0,9,1,200,-816.0
409217607038,11953,2,14,106,4,0x7fc0,9,1,200,147.0
409217623558,11954,2,14,106,4,0x7fc0,9,1,200,-1099.0
409217640142,11955,2,14,106,4,0x7f80,8,1,200,-2085.0
409217656475,11956,2,14,106,4,0x7fc0,9,1,200,138.0
409217674866,11957,2,14,106,4,0x7f80,8,1,200,1596.0
409217690114,11958,2,14,106,4,0x7f80,8,1,200,-1181.0
409217706994,11959,2,14,106,4,0x7fc0,9,1,200,159.0
409217724474,11960,2,14,106,4,0x7f80,8,1,200,1442.0
409217741636,11961,2,14,106,4,0x7fc0,9,1,200,-347.0
409217757205,11962,2,14,106,4,0x7f80,8,1,200,942.0
409217772929,11963,2,14,106,4,0x7fc0,9,1,200,1090.0
409217790100,11964,2,14,106,4,0x7f80,8,1,200,-1475.0
409217806690,11965,2,14,106,4,0x7fc0,9,1,200,-203.0
409217823803,11966,2,14,106,4,0x7fc0,9,1,200,-942.0
409217840750,11967,2,14,106,4,0x7fc0,9,1,200,-1269.0
409217857896,11968,2,14,106,4,0x7fc0,9,1,200,-2338.0
409217874220,11969,2,14,106,4,0x7fc0,9,1,200,27.0
409217889747,11970,2,14,106,4,0x7fc0,9,1,200,999.0
409217906720,11971,2,14,106,4,0x7fc0,9,1,200,-6.0
409217923487,11972,2,14,106,4,0x7fc0,9,1,200,-719.0
409217942395,11973,2,14,106,4,0x7fc0,9,1,200,1424.0
409217957104,11974,2,14,106,4,0x7fc0,9,1,200,-790.0
409217974650,11975,2,14,106,4,0x7fc0,9,1,200,895.0
409217989922,11976,2,14,106,4,0x7fc0,9,1,200,111.0
409218006751,11977,2,14,106,4,0x7fc0,9,1,200,460.0
409218023562,11978,2,14,106,4,0x7fc0,9,1,200,-697.0
409218040726,11979,2,14,106,4,0x7fc0,9,1,200,-968.0
409218058146,11980,2,14,106,4,0x7fc0,9,1,200,73.0
409218075235,11981,2,14,106,4,0x7fc0,9,1,200,169.0
409218090941,11982,2,14,106,4,0x7fc0,9,1,200,108.0
409218106971,11983,2,14,106,4,0x7ee0,9,1,200,927.0
409218123334,11984,2,14,106,4,0x7ee0,9,1,200,-583.0
409218141343,11985,2,14,106,4,0x7ee0,9,1,200,-421.0
409218156355,11986,2,14,106,4,0x7ee0,9,1,200,643.0
409218174843,11987,2,14,106,4,0x7ee0,9,1,200,1740.0
409218191103,11988,2,14,106,4,0x7ee0,9,1,200,1025.0
409218207649,11989,2,14,106,4,0x7ee0,9,1,200,1249.0
409218223690,11990,2,14,106,4,0x7e60,8,1,200,-926.0
409218240043,11991,2,14,106,4,0x7e60,8,1,200,-1145.0
409218256811,11992,2,14,106,4,0x7e60,8,1,200,941.0
409218273487,11993,2,14,106,4,0x7e60,8,1,200,-656.0
409218290203,11994,2,14,106,4,0x7e60,8,1,200,-1190.0
409218307948,11995,2,14,106,4,0x7e60,8,1,200,1663.0
409218326195,11996,2,14,106,4,0x7e60,8,1,200,-544.0
409218340722,11997,2,14,106,4,0x7e60,8,1,200,101.0
409218356909,11998,2,14,106,4,0x7e60,8,1,200,460.0
409218373920,11999,2,14,106,4,0x7e60,8,1,200,-784.0
409218390271,12000,2,14,106,4,0x7e60,8,1,200,784.0
409218407951,12001,2,14,106,4,0x7e60,8,1,200,-60.0
409218426125,12002,2,14,106,4,0x7e60,8,1,200,-1272.0
409218442034,12003,2,14,106,4,0x7e60,8,1,200,-301.0
409218457590,12004,2,14,106,4,0x7e60,8,1,200,-843.0
409218473872,12005,2,14,106,4,0x7e60,8,1,200,-329.0
409218490448,12006,2,14,106,4,0x7e60,8,1,200,1159.0
409218507684,12007,2,14,106,4,0x7e60,8,1,200,764.0
409218525504,12008,2,14,106,4,0x7e60,8,1,200,910.0
409218541327,12009,2,14,106,4,0x7e60,8,1,200,-1951.0
409218557750,12010,2,14,106,4,0x7e60,8,1,200,1214.0
409218574174,12011,2,14,106,4,0x7e60,8,1,200,660.0
409218590973,12012,2,14,106,4,0x7e60,8,1,200,82.0
409218607916,12013,2,14,106,4,0x7e60,8,1,200,533.0
409218624233,12014,2,14,106,4,0x7e60,8,1,200,940.0
409218642575,12015,2,14,106,4,0x7e60,8,1,200,-224.0
409218658336,12016,2,14,106,4,0x7e60,8,1,200,1529.0
409218675388,12017,2,14,106,4,0x7e60,8,1,200,736.0
409218690694,12018,2,14,106,4,0x7e60,8,1,200,77.0
409218707584,12019,2,14,106,4,0x7e60,8,1,200,-1367.0
409218724011,12020,2,14,106,4,0x7e60,8,1,200,-244.0
409218740885,12021,2,14,106,4,0x7e60,8,1,200,818.0
409218762462,12022,2,14,106,4,0x7e60,8,1,200,-250.0
409218774049,12023,2,14,106,4,0x7e60,8,1,200,406.0
409218793526,12024,2,14,106,4,0x7e60,8,1,200,-139.0
409218807905,12025,2,14,106,4,0x7e60,8,1,200,797.0
409218824804,12026,2,14,106,4,0x7e60,8,1,200,-339.0
409218841735,12027,2,14,106,4,0x7e60,8,1,200,-380.0
409218857884,12028,2,10,107,4,0x7e60,8,1,200,-864.0
409218875875,12029,2,10,107,4,0x7e60,8,1,200,210.0
409218892414,12030,2,14,108,4,0x7e60,8,1,200,580.0
409218908618,12031,2,14,108,4,0x7e60,8,1,200,1420.0
409218924417,12032,2,14,108,4,0x7e60,8,1,200,1506.0
409218941559,12033,2,14,108,4,0x7e60,8,1,200,-301.0
409218957908,12034,2,14,108,4,0x7e60,8,1,200,-906.0
409218974666,12035,2,14,108,4,0x7e60,8,1,200,-16.0
409218992667,12036,2,14,108,4,0x7e60,8,1,200,-1610.0
409219009764,12037,2,14,108,4,0x7e60,8,1,200,-1530.0
409219025101,12038,2,14,108,4,0x7e60,8,1,200,-1257.0
409219041280,12039,2,14,108,4,0x7e60,8,1,200,613.0
409219058186,12040,2,14,108,4,0x7e60,8,1,200,-164.0
409219075527,12041,2,14,108,4,0x7e60,8,1,200,-191.0
409219091186,12042,2,14,108,4,0x7e60,8,1,200,1311.0
409219108964,12043,2,14,108,4,0x7e60,8,1,200,726.0
409219125262,12044,2,14,108,4,0x7e60,8,1,200,-2305.0
409219142191,12045,2,14,108,4,0x7e60,8,1,200,1012.0
409219158134,12046,2,14,108,4,0x7e60,8,1,200,950.0
409219175305,12047,2,14,108,4,0x7e60,8,1,200,1644.0
409219192419,12048,2,14,108,4,0x7e60,8,1,200,1588.0
409219207992,12049,2,14,108,4,0x7e60,8,1,200,1589.0
409219226697,12050,2,14,108,4,0x7e60,8,1,200,-702.0
409219244465,12051,2,14,108,4,0x7e60,8,1,200,619.0
409219258565,12052,2,14,108,4,0x7e60,8,1,200,1488.0
409219276264,12053,2,14,108,4,0x7e60,8,1,200,-838.0
409219292745,12054,2,14,108,4,0x7e60,8,1,200,121.0
409219307892,12055,2,14,108,4,0x7e60,8,1,200,-303.0
409219324760,12056,2,14,108,4,0x7e60,8,1,200,-983.0
409219344386,12057,2,14,108,4,0x7e60,8,1,200,-239.0
409219359094,12058,2,14,108,4,0x7e60,8,1,200,509.0
409219375170,12059,2,14,108,4,0x7e60,8,1,200,-21.0
409219391905,12060,2,14,108,4,0x7e60,8,1,200,542.0
409219407957,12061,2,14,108,4,0x7e60,8,1,200,50.0
409219425156,12062,2,14,108,4,0x7e60,8,1,200,426.0
409219441723,12063,2,14,108,4,0x7e60,8,1,200,683.0
409219459495,12064,2,14,108,4,0x7e60,8,1,200,-1250.0
409219475400,12065,2,14,108,4,0x7e60,8,1,200,-785.0
409219491581,12066,2,14,108,4,0x7e60,8,1,200,-1057.0
409219508461,12067,2,14,108,4,0x7e60,8,1,200,24.0
409219525267,12068,2,14,108,4,0x7e60,8,1,200,-775.0
409219541613,12069,2,14,108,4,0x7e60,8,1,200,1052.0
409219558819,12070,2,14,108,4,0x7e60,8,1,200,-72.0
409219576274,12071,2,14,108,4,0x7e60,8,1,200,1405.0
409219592746,12072,2,14,108,4,0x7e60,8,1,200,1627.0
409219608805,12073,2,14,108,4,0x7e60,8,1,200,926.0
409219624685,12074,2,14,108,4,0x7e60,8,1,200,-921.0
409219642444,12075,2,14,108,4,0x7e60,8,1,200,504.0
409219658810,12076,2,14,108,4,0x7e60,8,1,200,-173.0
409219675760,12077,2,14,108,4,0x7e60,8,1,200,-609.0
409219694474,12078,2,14,108,4,0x7e60,8,1,200,612.0
409219716392,12079,2,14,108,4,0x7e60,8,1,200,-2125.0
409219724998,12080,2,14,108,4,0x7e60,8,1,200,-665.0
409219741868,12081,2,14,108,4,0x7e60,8,1,200,1120.0
409219758481,12082,2,14,108,4,0x7e60,8,1,200,328.0
409219775407,12083,2,14,108,4,0x7e60,8,1,200,810.0
409219792974,12084,2,14,108,4,0x7e60,8,1,200,-1061.0
409219809629,12085,2,14,108,4,0x7e60,8,1,200,957.0
409219825287,12086,2,14,108,4,0x7e60,8,1,200,1085.0
409219842568,12087,2,14,108,4,0x7e60,8,1,200,-251.0
409219858734,12088,2,14,108,4,0x7e60,8,1,200,-1034.0
409219875354,12089,2,14,108,4,0x7e60,8,1,200,176.0
409219892310,12090,2,14,108,4,0x7e60,8,1,200,1194.0
409219912477,12091,2,14,108,4,0x7e60,8,1,200,265.0
409219928408,12092,2,14,108,4,0x7e60,8,1,200,113.0
409219943889,12093,2,14,108,4,0x7e60,8,1,200,-667.0
409219960681,12094,2,14,108,4,0x7e60,8,1,200,-498.0
409219975987,12095,2,14,108,4,0x7e60,8,1,200,-124.0
409219992162,12096,2,14,108,4,0x7e60,8,1,200,145.0
409220009215,12097,2,14,108,4,0x7e60,8,1,200,728.0
409220025315,12098,2,14,108,4,0x7e60,8,1,200,847.0
409220042120,12099,2,14,108,4,0x7e60,8,1,200,1751.0
409220061603,12100,2,14,108,4,0x7e60,8,1,200,-1127.0
409220075457,12101,2,14,108,4,0x7e60,8,1,200,-1140.0
409220093496,12102,2,14,108,4,0x7e60,8,1,200,-133.0
409220109171,12103,2,14,108,4,0x7e60,8,1,200,1295.0
409220125912,12104,2,14,108,4,0x7e60,8,1,200,961.0
409220142846,12105,2,14,108,4,0x7e60,8,1,200,-431.0
409220161426,12106,2,14,108,4,0x7e60,8,1,200,1900.0
409220176531,12107,2,14,108,4,0x7e60,8,1,200,-211.0
409220192841,12108,2,14,108,4,0x7e60,8,1,200,949.0
409220208882,12109,2,14,108,4,0x7e60,8,1,200,-631.0
409220226190,12110,2,14,108,4,0x7e60,8,1,200,-1401.0
409220242377,12111,2,14,108,4,0x7e60,8,1,200,-1225.0
409220262385,12112,2,14,108,4,0x7e60,8,1,200,-715.0
409220276736,12113,2,14,108,4,0x7e60,8,1,200,1296.0
409220294770,12114,2,14,108,4,0x7e60,8,1,200,712.0
409220310814,12115,2,14,108,4,0x7e60,8,1,200,-1243.0
409220326026,12116,2,14,108,4,0x7e60,8,1,200,949.0
409220343047,12117,2,14,108,4,0x7e60,8,1,200,-924.0
409220358973,12118,2,14,108,4,0x7e60,8,1,200,1434.0
409220376515,12119,2,14,108,4,0x7e60,8,1,200,541.0
409220393971,12120,2,14,108,4,0x7e60,8,1,200,786.0
409220410762,12121,2,14,108,4,0x7e60,8,1,200,1073.0
409220426489,12122,2,14,108,4,0x7e60,8,1,200,1030.0
409220443904,12123,2,14,108,4,0x7e60,8,1,200,220.0
409220460318,12124,2,14,108,4,0x7e60,8,1,200,766.0
409220475944,12125,2,14,108,4,0x7e60,8,1,200,-907.0
409220494054,12126,2,14,108,4,0x7e60,8,1,200,-917.0
409220509801,12127,2,14,108,4,0x7e60,8,1,200,-645.0
409220526830,12128,2,14,108,4,0x7e60,8,1,200,239.0
409220545272,12129,2,14,108,4,0x7e60,8,1,200,-1286.0
409220559314,12130,2,14,108,4,0x7e60,8,1,200,937.0
409220576185,12131,2,14,108,4,0x7e60,8,1,200,1126.0
409220593119,12132,2,14,108,4,0x7e60,8,1,200,-93.0
409220609755,12133,2,14,108,4,0x7e60,8,1,200,918.0
409220626950,12134,2,14,108,4,0x7e60,8,1,200,1007.0
409220643511,12135,2,14,108,4,0x7e60,8,1,200,-272.0
409220660046,12136,2,14,108,4,0x7e60,8,1,200,1282.0
409220676175,12137,2,14,108,4,0x7e60,8,1,200,1568.0
409220693914,12138,2,14,108,4,0x7e60,8,1,200,172.0
409220711578,12139,2,14,108,4,0x7e60,8,1,200,-543.0
409220729758,12140,2,14,108,4,0x7e60,8,1,200,-1141.0
409220745350,12141,2,14,108,4,0x7e60,8,1,200,1094.0
409220760160,12142,2,14,108,4,0x7e60,8,1,200,-871.0
409220776713,12143,2,14,108,4,0x7e60,8,1,200,-905.0
409220793222,12144,2,14,108,4,0x7e60,8,1,200,-291.0
409220810387,12145,2,14,108,4,0x7e60,8,1,200,-111.0
409220828239,12146,2,14,108,4,0x7e60,8,1,200,-718.0
409220843257,12147,2,14,108,4,0x7e60,8,1,200,-183.0
409220861473,12148,2,14,108,4,0x7e60,8,1,200,-1264.0
409220876800,12149,2,14,108,4,0x7e60,8,1,200,1318.0
409220893907,12150,2,14,108,4,0x7e60,8,1,200,-1260.0
409220910631,12151,2,14,108,4,0x7e60,8,1,200,551.0
409220928356,12152,2,14,108,4,0x7e60,8,1,200,1120.0
409220943630,12153,2,14,108,4,0x7e60,8,1,200,1456.0
409220961927,12154,2,14,108,4,0x7e60,8,1,200,-586.0
409220977931,12155,2,14,108,4,0x7e60,8,1,200,-344.0
409220993770,12156,2,14,108,4,0x7e60,8,1,200,1420.0
409221009862,12157,2,14,108,4,0x7e60,8,1,200,966.0
409221027040,12158,2,14,108,4,0x7e60,8,1,200,-342.0
409221044883,12159,2,14,108,4,0x7e60,8,1,200,-151.0
409221060028,12160,2,14,108,4,0x7e60,8,1,200,1464.0
409221077128,12161,2,14,108,4,0x7e60,8,1,200,-1107.0
409221094042,12162,2,14,108,4,0x7e60,8,1,200,-1324.0
409221110094,12163,2,14,108,4,0x7e60,8,1,200,-469.0
409221126606,12164,2,14,108,4,0x7e60,8,1,200,-89.0
409221143486,12165,2,14,108,4,0x7e60,8,1,200,-1038.0
409221159966,12166,2,14,108,4,0x7e60,8,1,200,91.0
409221176720,12167,2,14,108,4,0x7e60,8,1,200,369.0
409221194590,12168,2,14,108,4,0x7e60,8,1,200,-1829.0
409221210110,12169,2,14,108,4,0x7e60,8,1,200,1420.0
409221227760,12170,2,14,108,4,0x7e60,8,1,200,-916.0
409221243967,12171,2,14,108,4,0x7e60,8,1,200,24.0
409221260158,12172,2,14,108,4,0x7e60,8,1,200,-1342.0
409221276794,12173,2,14,108,4,0x7e60,8,1,200,252.0
409221295249,12174,2,14,108,4,0x7e60,8,1,200,1455.0
409221310962,12175,2,14,108,4,0x7e60,8,1,200,824.0
409221331103,12176,2,14,108,4,0x7e60,8,1,200,-1210.0
409221345060,12177,2,14,108,4,0x7e60,8,1,200,10.0
409221361498,12178,2,14,108,4,0x7e60,8,1,200,1516.0
409221377192,12179,2,14,108,4,0x7e60,8,1,200,-153.0
409221393700,12180,2,14,108,4,0x7e60,8,1,200,1318.0
409221410255,12181,2,14,108,4,0x7e60,8,1,200,-741.0
409221427960,12182,2,14,108,4,0x7e60,8,1,200,-690.0
409221444620,12183,2,14,108,4,0x7e60,8,1,200,1165.0
409221460103,12184,2,14,108,4,0x7e60,8,1,200,-464.0
409221479129,12185,2,14,108,4,0x7e60,8,1,200,469.0
409221494523,12186,2,14,108,4,0x7e60,8,1,200,281.0
409221510929,12187,2,14,108,4,0x7e60,8,1,200,-1569.0
409221527294,12188,2,14,108,4,0x7e60,8,1,200,1249.0
409221544797,12189,2,14,108,4,0x7e60,8,1,200,-434.0
409221562674,12190,2,14,108,4,0x7e60,8,1,200,192.0
409221576890,12191,2,14,108,4,0x7e60,8,1,200,-1003.0
409221593690,12192,2,14,108,4,0x7e60,8,1,200,213.0
409221610388,12193,2,14,108,4,0x7e60,8,1,200,-652.0
409221626619,12194,2,14,108,4,0x7e60,8,1,200,522.0
409221644435,12195,2,14,108,4,0x7e60,8,1,200,832.0
409221660005,12196,2,14,108,4,0x7e60,8,1,200,684.0
409221677312,12197,2,14,108,4,0x7e60,8,1,200,-66.0
409221694993,12198,2,14,108,4,0x7e60,8,1,200,97.0
409221709981,12199,2,14,108,4,0x7e60,8,1,200,664.0
409221727199,12200,2,14,108,4,0x7e60,8,1,200,-900.0
409221744167,12201,2,14,108,4,0x7e60,8,1,200,1154.0
409221761353,12202,2,14,108,4,0x7e60,8,1,200,-1888.0
409221779116,12203,2,14,108,4,0x7e60,8,1,200,142.0
409221795015,12204,2,14,108,4,0x7e60,8,1,200,1694.0
409221811054,12205,2,14,108,4,0x7e60,8,1,200,-295.0
409221827529,12206,2,14,108,4,0x7e60,8,1,200,1070.0
409221843981,12207,2,14,108,4,0x7e60,8,1,200,19.0
409221861524,12208,2,14,108,4,0x7e60,8,1,200,12.0
409221877680,12209,1,255,109,4,0x7e60,8,1,200,-961.0
409221897212,12210,1,255,109,4,0x7e60,8,1,200,1022.0
409221911429,12211,1,255,109,4,0x7e60,8,1,200,1338.0
409221928082,12212,1,255,109,4,0x7e60,8,1,200,-239.0
409221944889,12213,1,255,109,4,0x7e60,8,1,200,452.0
409221960556,12214,1,255,109,4,0x7e60,8,1,200,-1102.0
409221978089,12215,1,255,109,4,0x7e60,8,1,200,1129.0
409221994439,12216,1,255,109,4,0x7e60,8,1,200,240.0
409222011120,12217,1,255,109,4,0x7e60,8,1,200,-683.0
409222027892,12218,1,255,109,4,0x7e60,8,1,200,675.0
409222043874,12219,1,255,109,4,0x7e60,8,1,200,-696.0
409222061807,12220,1,255,109,4,0x7e60,8,1,200,-795.0
409222077453,12221,1,255,109,4,0x7e60,8,1,200,-838.0
409222094676,12222,1,255,109,4,0x7e60,8,1,200,-679.0
409222116829,12223,1,255,109,4,0x7e60,8,1,200,957.0
409222130660,12224,1,255,109,4,0x7e60,8,1,200,1621.0
409222144675,12225,1,255,109,4,0x7e60,8,1,200,494.0
409222160879,12226,1,255,109,4,0x7e60,8,1,200,-186.0
409222177753,12227,1,255,109,4,0x7e60,8,1,200,444.0
409222194358,12228,1,255,109,4,0x7e60,8,1,200,-224.0
409222211084,12229,1,255,109,4,0x7e60,8,1,200,954.0
409222227773,12230,1,255,109,4,0x7e60,8,1,200,-404.0
409222245045,12231,1,255,109,4,0x7e60,8,1,200,711.0
409222261050,12232,1,255,109,4,0x7e60,8,1,200,-1259.0
409222278313,12233,1,255,109,4,0x7e60,8,1,200,927.0
409222294986,12234,1,255,109,4,0x7e60,8,1,200,680.0
409222310893,12235,1,255,109,4,0x7e60,8,1,200,-218.0
409222327508,12236,1,255,109,4,0x7e60,8,1,200,733.0
409222345284,12237,1,255,109,4,0x7e60,8,1,200,1270.0
409222361579,12238,1,255,109,4,0x7e60,8,1,200,-895.0
409222378998,12239,1,255,109,4,0x7e60,8,1,200,-423.0
409222394659,12240,1,255,109,4,0x7e60,8,1,200,123.0
409222412013,12241,1,255,109,4,0x7e60,8,1,200,-578.0
409222428355,12242,1,255,109,4,0x7e60,8,1,200,903.0
409222444828,12243,1,255,109,4,0x7e60,8,1,200,-734.0
409222462698,12244,1,255,109,4,0x7e60,8,1,200,-229.0
409222479440,12245,1,255,109,4,0x7e60,8,1,200,-539.0
409222495653,12246,1,255,109,4,0x7e60,8,1,200,858.0
409222511320,12247,1,255,109,4,0x7e60,8,1,200,869.0
409222528183,12248,1,255,109,4,0x7e60,8,1,200,-646.0
409222545957,12249,1,255,109,4,0x7e60,8,1,200,237.0
409222562161,12250,1,255,109,4,0x7e60,8,1,200,-811.0
409222578404,12251,1,255,109,4,0x7e60,8,1,200,-1400.0
409222597344,12252,1,255,109,4,0x7e60,8,1,200,410.0
409222613206,12253,1,255,109,4,0x7e60,8,1,200,-53.0
409222629025,12254,1,255,109,4,0x7e60,8,1,200,584.0
409222645285,12255,1,255,109,4,0x7e60,8,1,200,-923.0
409222661766,12256,1,255,109,4,0x7e60,8,1,200,-283.0
409222679691,12257,1,255,109,4,0x7e60,8,1,200,-536.0
409222696122,12258,1,255,109,4,0x7e60,8,1,200,1272.0
409222713097,12259,1,255,109,4,0x7e60,8,1,200,1386.0
409222728219,12260,1,255,109,4,0x7e60,8,1,200,1090.0
409222745407,12261,1,255,109,4,0x7e60,8,1,200,-98.0
409222761886,12262,1,255,109,4,0x7e60,8,1,200,175.0
409222778299,12263,1,255,109,4,0x7e60,8,1,200,-341.0
409222800304,12264,1,255,109,4,0x7e60,8,1,200,258.0
409222812169,12265,1,255,109,4,0x7e60,8,1,200,-555.0
409222830757,12266,1,255,109,4,0x7e60,8,1,200,50.0
409222845153,12267,1,255,109,4,0x7e60,8,1,200,1059.0
409222862184,12268,1,255,109,4,0x7e60,8,1,200,-2.0
409222878297,12269,1,255,109,4,0x7e60,8,1,200,-193.0
409222895530,12270,1,255,109,4,0x7e60,8,1,200,869.0
409222914914,12271,1,255,109,4,0x7e60,8,1,200,928.0
409222929269,12272,1,255,109,4,0x7e60,8,1,200,1519.0
409222946982,12273,1,255,109,4,0x7e60,8,1,200,876.0
409222961821,12274,1,255,109,4,0x7e60,8,1,200,-107.0
409222978281,12275,1,255,109,4,0x7e60,8,1,200,-814.0
409222995795,12276,1,255,109,4,0x7e60,8,1,200,1299.0
409223011851,12277,1,255,109,4,0x7e60,8,1,200,421.0
409223030065,12278,1,255,109,4,0x7e60,8,1,200,-311.0
409223047618,12279,1,255,109,4,0x7e60,8,1,200,745.0
409223064908,12280,1,255,109,4,0x7e60,8,1,200,-837.0
409223078618,12281,1,255,109,4,0x7e60,8,1,200,-29.0
409223095108,12282,1,255,109,4,0x7e60,8,1,200,-888.0
409223111867,12283,1,255,109,4,0x7e60,8,1,200,-809.0
409223128676,12284,1,255,109,4,0x7e60,8,1,200,-1245.0
409223147179,12285,1,255,109,4,0x7e60,8,1,200,-1122.0
409223162868,12286,1,255,109,4,0x7e60,8,1,200,-281.0
409223180634,12287,1,255,109,4,0x7e60,8,1,200,-168.0
409223195488,12288,1,255,109,4,0x7e60,8,1,200,-87.0
409223211555,12289,1,255,109,4,0x7e60,8,1,200,867.0
409223228769,12290,1,255,109,4,0x7e60,8,1,200,908.0
409223245664,12291,1,255,109,4,0x7e60,8,1,200,-530.0
409223263735,12292,1,255,109,4,0x7e60,8,1,200,-2563.0
409223281476,12293,1,255,109,4,0x7e60,8,1,200,1180.0
409223297057,12294,1,255,109,4,0x7e60,8,1,200,-960.0
409223312394,12295,1,255,109,4,0x7e60,8,1,200,90.0
409223328469,12296,1,255,109,4,0x7e60,8,1,200,531.0
409223345548,12297,1,255,109,4,0x7e60,8,1,200,1071.0
409223363942,12298,1,255,109,4,0x7e60,8,1,200,-388.0
409223380539,12299,1,255,109,4,0x7e60,8,1,200,1518.0
409223397488,12300,1,255,109,4,0x7e60,8,1,200,-12.0
409223412725,12301,1,255,109,4,0x7e60,8,1,200,-251.0
409223429443,12302,1,255,109,4,0x7e60,8,1,200,10.0
409223446162,12303,1,255,109,4,0x7e60,8,1,200,79.0
409223461829,12304,1,255,109,4,0x7e60,8,1,200,1622.0
409223479503,12305,1,255,109,4,0x7e60,8,1,200,328.0
409223502311,12306,1,255,109,4,0x7e60,8,1,200,-181.0
409223513676,12307,1,255,109,4,0x7e60,8,1,200,-765.0
409223529431,12308,1,255,109,4,0x7e60,8,1,200,177.0
409223545931,12309,1,255,109,4,0x7e60,8,1,200,892.0
409223561997,12310,1,255,109,4,0x7e60,8,1,200,-860.0
409223578815,12311,1,255,109,4,0x7e60,8,1,200,-1222.0
409223595507,12312,1,255,109,4,0x7e60,8,1,200,1075.0
409223613100,12313,1,255,109,4,0x7e60,8,1,200,-532.0
409223628998,12314,1,255,109,4,0x7e60,8,1,200,76.0
409223645975,12315,1,255,109,4,0x7e60,8,1,200,687.0
409223661930,12316,1,255,109,4,0x7e60,8,1,200,-741.0
409223679147,12317,1,255,109,4,0x7e60,8,1,200,9.0
409223695719,12318,1,255,109,4,0x7e60,8,1,200,986.0
409223712524,12319,1,255,109,4,0x7e60,8,1,200,430.0
409223730341,12320,1,255,109,4,0x7e60,8,1,200,-478.0
409223746759,12321,1,255,109,4,0x7e60,8,1,200,456.0
409223762966,12322,1,255,109,4,0x7e60,8,1,200,964.0
409223779084,12323,1,255,109,4,0x7e60,8,1,200,417.0
409223795886,12324,1,255,109,4,0x7e60,8,1,200,522.0
409223812884,12325,1,255,109,4,0x7e60,8,1,200,234.0
409223829317,12326,1,255,109,4,0x7e60,8,1,200,-498.0
409223847440,12327,1,255,109,4,0x7e60,8,1,200,-169.0
409223864836,12328,1,255,109,4,0x7e60,8,1,200,1664.0
409223879584,12329,1,255,109,4,0x7e60,8,1,200,-1334.0
409223896273,12330,1,255,109,4,0x7e60,8,1,200,-405.0
409223913178,12331,1,255,109,4,0x7e60,8,1,200,-536.0
409223929008,12332,1,255,109,4,0x7e60,8,1,200,825.0
409223946661,12333,1,255,109,4,0x7e60,8,1,200,-190.0
409223964299,12334,1,255,109,4,0x7e60,8,1,200,-402.0
409223981252,12335,1,255,109,4,0x7e60,8,1,200,1254.0
409223996892,12336,1,255,109,4,0x7e60,8,1,200,1117.0
409224013225,12337,1,255,109,4,0x7e60,8,1,200,879.0
409224029793,12338,1,255,109,4,0x7e60,8,1,200,75.0
409224046495,12339,1,255,109,4,0x7e60,8,1,200,693.0
409224063650,12340,1,255,109,4,0x7e60,8,1,200,1304.0
409224079842,12341,1,255,109,4,0x7e60,8,1,200,-1034.0
409224096807,12342,1,255,109,4,0x7e60,8,1,200,-1051.0
409224112743,12343,1,255,109,4,0x7e60,8,1,200,88.0
409224129225,12344,1,255,109,4,0x7e60,8,1,200,831.0
409224146171,12345,1,255,109,4,0x7e60,8,1,200,-280.0
409224162658,12346,1,255,109,4,0x7e60,8,1,200,55.0
409224181475,12347,1,255,109,4,0x7e60,8,1,200,-56.0
409224197898,12348,1,255,109,4,0x7e60,8,1,200,-1261.0
409224215616,12349,1,255,109,4,0x7c60,7,1,200,-1392.0
409224230513,12350,1,255,109,4,0x7c60,7,1,200,682.0
409224247566,12351,1,255,109,4,0x7c60,7,1,200,-417.0
409224262859,12352,1,255,109,4,0x7c60,7,1,200,-1490.0
409224280321,12353,1,255,109,4,0x7c60,7,1,200,939.0
409224296429,12354,1,255,109,4,0x7c60,7,1,200,1140.0
409224314121,12355,1,255,109,4,0x7c60,7,1,200,-629.0
409224332694,12356,1,255,109,4,0x7c60,7,1,200,998.0
409224346160,12357,1,255,109,4,0x7c60,7,1,200,-966.0
409224362859,12358,1,255,109,4,0x7c60,7,1,200,-107.0
409224379283,12359,1,255,109,4,0x7c60,7,1,200,-27.0
409224396172,12360,1,255,109,4,0x7c60,7,1,200,-31.0
409224413481,12361,1,255,109,4,0x7c60,7,1,200,-1317.0
409224430843,12362,1,255,109,4,0x7c70,8,1,200,-996.0
409224448087,12363,1,255,109,4,0x7c60,7,1,200,-788.0
409224462700,12364,1,255,109,4,0x7c60,7,1,200,309.0
409224479359,12365,1,255,109,4,0x7c60,7,1,200,-1525.0
409224495960,12366,1,255,109,4,0x7c78,9,1,200,799.0
409224512903,12367,1,255,109,4,0x7c78,9,1,200,-1935.0
409224530574,12368,1,255,109,4,0x7c70,8,1,200,-71.0
409224547470,12369,1,255,109,4,0x7c68,8,1,200,836.0
409224563292,12370,1,255,109,4,0x7c78,9,1,200,-631.0
409224579480,12371,1,255,109,4,0x7c68,8,1,200,-557.0
409224596627,12372,1,255,109,4,0x7c78,9,1,200,-1142.0
409224613882,12373,1,255,109,4,0x7c78,9,1,200,779.0
409224629978,12374,1,255,109,4,0x7c78,9,1,200,267.0
409224649570,12375,1,255,109,4,0x7c70,8,1,200,1617.0
409224663450,12376,1,255,109,4,0x7c78,9,1,200,-845.0
409224681553,12377,1,255,109,4,0x7478,8,1,200,-784.0
409224696490,12378,1,255,109,4,0x7478,8,1,200,-1319.0
409224713546,12379,1,255,109,4,0x7c78,9,1,200,309.0
409224730138,12380,1,255,109,4,0x7c78,9,1,200,-1301.0
409224747088,12381,1,255,109,4,0x7c78,9,1,200,232.0
409224764611,12382,1,255,109,4,0x7478,8,1,200,-1085.0
409224780746,12383,1,255,109,4,0x7478,8,1,200,611.0
409224797021,12384,1,255,109,4,0x7478,8,1,200,-13.0
409224813793,12385,1,255,109,4,0x7478,8,1,200,-1371.0
409224831556,12386,1,255,109,4,0x7478,8,1,200,433.0
409224846334,12387,1,255,109,4,0x7478,8,1,200,61.0
409224863346,12388,1,255,109,4,0x7478,8,1,200,940.0
409224880012,12389,1,255,109,4,0x7478,8,1,200,-1024.0
409224897041,12390,2,255,110,4,0x7478,8,1,200,494.0
409224913300,12391,2,255,110,4,0x7478,8,1,200,-316.0
409224930388,12392,2,255,110,4,0x7478,8,1,200,-283.0
409224946836,12393,2,255,110,4,0x7478,8,1,200,-182.0
409224963389,12394,2,255,110,4,0x7478,8,1,200,1219.0
409224981132,12395,2,255,110,4,0x7478,8,1,200,-223.0
409224997713,12396,2,255,110,4,0x7478,8,1,200,-1522.0
409225015010,12397,2,255,110,4,0x7478,8,1,200,112.0
409225030105,12398,2,255,110,4,0x7478,8,1,200,1010.0
409225047449,12399,2,255,110,4,0x7478,8,1,200,823.0
409225063557,12400,2,255,110,4,0x7478,8,1,200,841.0
409225079975,12401,2,255,110,4,0x7478,8,1,200,-158.0
409225096747,12402,2,255,110,4,0x7478,8,1,200,813.0
409225114132,12403,2,255,110,4,0x7478,8,1,200,-1033.0
409225130678,12404,2,255,110,4,0x7478,8,1,200,-322.0
409225147339,12405,2,255,110,4,0x7478,8,1,200,512.0
409225163925,12406,2,255,110,4,0x7478,8,1,200,186.0
409225180174,12407,2,255,110,4,0x5478,7,1,200,924.0
409225196930,12408,2,255,110,4,0x5478,7,1,200,-53.0
409225213461,12409,2,255,110,4,0x5478,7,1,200,-1081.0
409225231635,12410,2,255,110,4,0x5478,7,1,200,-1423.0
409225248413,12411,2,255,110,4,0x507a,7,1,200,1248.0
409225264225,12412,2,255,110,4,0x507a,7,1,200,143.0
409225281391,12413,2,255,110,4,0x547a,8,1,200,257.0
409225296885,12414,2,255,110,4,0x547a,8,1,200,1454.0
409225313340,12415,2,255,110,4,0x507a,7,1,200,917.0
409225330835,12416,2,255,110,4,0x547a,8,1,200,931.0
409225349195,12417,2,255,110,4,0x547a,8,1,200,-1164.0
409225364378,12418,2,255,110,4,0x547a,8,1,200,-705.0
409225380257,12419,2,255,110,4,0x547a,8,1,200,-1059.0
409225396920,12420,2,255,110,4,0x547a,8,1,200,-1102.0
409225413754,12421,2,255,110,4,0x547a,8,1,200,-241.0
409225430300,12422,2,255,110,4,0x547a,8,1,200,-1262.0
409225448709,12423,2,255,110,4,0x547a,8,1,200,-434.0
409225464981,12424,2,255,110,4,0x547a,8,1,200,-142.0
409225480879,12425,2,255,110,4,0x547a,8,1,200,-931.0
409225497324,12426,2,255,110,4,0x547a,8,1,200,-714.0
409225513756,12427,2,255,110,4,0x547a,8,1,200,1103.0
409225530718,12428,2,255,110,4,0x547a,8,1,200,-192.0
409225547576,12429,2,255,110,4,0x547a,8,1,200,940.0
409225568466,12430,2,255,110,4,0x547a,8,1,200,370.0
409225581740,12431,2,255,110,4,0x547a,8,1,200,640.0
409225598751,12432,2,255,110,4,0x547a,8,1,200,1178.0
409225614267,12433,2,255,110,4,0x547a,8,1,200,-138.0
409225630914,12434,2,255,110,4,0x54fa,9,1,200,-542.0
409225648063,12435,2,255,110,4,0x547a,8,1,200,-1115.0
409225664260,12436,2,255,110,4,0x54fa,9,1,200,764.0
409225682994,12437,2,255,110,4,0x54fa,9,1,200,962.0
409225698600,12438,2,255,110,4,0x547a,8,1,200,328.0
409225715375,12439,2,255,110,4,0x547a,8,1,200,-891.0
409225730718,12440,2,255,110,4,0x54fa,9,1,200,-498.0
409225747363,12441,2,255,110,4,0x54fa,9,1,200,1649.0
409225764879,12442,2,255,110,4,0x547a,8,1,200,119.0
409225780924,12443,2,255,110,4,0x54fa,9,1,200,-17.0
409225802464,12444,2,255,110,4,0x54fa,9,1,200,1835.0
409225817339,12445,2,255,110,4,0x54fa,9,1,200,-1224.0
409225831869,12446,2,255,110,4,0x54fa,9,1,200,110.0
409225847769,12447,2,255,110,4,0x54fa,9,1,200,-341.0
409225866257,12448,2,255,110,4,0x54fa,9,1,200,-999.0
409225881462,12449,2,255,110,4,0x54fa,9,1,200,-1670.0
409225897524,12450,2,255,110,4,0x54fa,9,1,200,-759.0
409225915901,12451,2,255,110,4,0x54fa,9,1,200,185.0
409225931794,12452,2,255,110,4,0x54fa,9,1,200,1017.0
409225948247,12453,2,255,110,4,0x54fa,9,1,200,1112.0
409225964724,12454,2,255,110,4,0x54fa,9,1,200,-96.0
409225981670,12455,2,255,110,4,0x54fa,9,1,200,889.0
409225998314,12456,2,255,110,4,0x54fa,9,1,200,1458.0
409226015026,12457,2,255,110,4,0x54fa,9,1,200,503.0
409226031904,12458,2,255,110,4,0x54fa,9,1,200,720.0
409226048323,12459,2,255,110,4,0x54fa,9,1,200,1280.0
409226065958,12460,2,255,110,4,0x54fa,9,1,200,833.0
409226082095,12461,2,255,110,4,0x54fa,9,1,200,-671.0
409226098344,12462,2,255,110,4,0x54fa,9,1,200,1518.0
409226115265,12463,2,255,110,4,0x54fa,9,1,200,972.0
409226131371,12464,2,255,110,4,0x54fa,9,1,200,1370.0
409226148871,12465,2,255,110,4,0x54fa,9,1,200,1036.0
409226164740,12466,2,255,110,4,0x54fa,9,1,200,-730.0
409226182423,12467,2,255,110,4,0x54fa,9,1,200,399.0
409226198317,12468,2,255,110,4,0x54fa,9,1,200,-178.0
409226214940,12469,2,255,110,4,0x54fa,9,1,200,-716.0
409226232151,12470,2,255,110,4,0x54fa,9,1,200,128.0
409226247974,12471,2,255,110,4,0x54fa,9,1,200,-90.0
409226268873,12472,2,255,110,4,0x54fa,9,1,200,1579.0
409226284024,12473,2,255,110,4,0x54fa,9,1,200,1293.0
409226298138,12474,2,255,110,4,0x54fa,9,1,200,-1282.0
409226314690,12475,2,255,110,4,0x54fa,9,1,200,-211.0
409226332392,12476,2,255,110,4,0x54fa,9,1,200,328.0
409226348489,12477,2,255,110,4,0x54fa,9,1,200,936.0
409226364627,12478,2,255,110,4,0x54fa,9,1,200,-861.0
409226382631,12479,2,255,110,4,0x54fa,9,1,200,-682.0
409226400259,12480,2,255,110,4,0x54fa,9,1,200,-1394.0
409226416310,12481,2,255,110,4,0x54fa,9,1,200,-536.0
409226431438,12482,2,255,110,4,0x54fa,9,1,200,266.0
409226448791,12483,2,255,110,4,0x54fa,9,1,200,907.0
409226469418,12484,2,255,110,4,0x54fa,9,1,200,282.0
409226482145,12485,2,255,110,4,0x54fa,9,1,200,-1285.0
409226503295,12486,2,255,110,4,0x54fa,9,1,200,-529.0
409226515548,12487,2,255,110,4,0x54fa,9,1,200,891.0
409226531921,12488,2,255,110,4,0x54fa,9,1,200,387.0
409226548298,12489,2,255,110,4,0x54fa,9,1,200,-732.0
409226565153,12490,2,255,110,4,0x54fa,9,1,200,-47.0
409226581844,12491,2,255,110,4,0x54fa,9,1,200,1063.0
409226598256,12492,2,255,110,4,0x54fa,9,1,200,-688.0
409226616333,12493,2,255,110,4,0x54fa,9,1,200,-1667.0
409226632409,12494,2,255,110,4,0x54fa,9,1,200,550.0
409226648921,12495,2,255,110,4,0x54fa,9,1,200,-864.0
409226665470,12496,2,255,110,4,0x54fa,9,1,200,947.0
409226682414,12497,2,255,110,4,0x54fa,9,1,200,697.0
409226698930,12498,2,255,110,4,0x54fa,9,1,200,-36.0
409226716327,12499,2,255,110,4,0x54fa,9,1,200,414.0
409226732665,12500,2,255,110,4,0x54fa,9,1,200,-1288.0
409226751947,12501,2,255,110,4,0x54fa,9,1,200,-602.0
409226765451,12502,2,255,110,4,0x54fa,9,1,200,702.0
409226782585,12503,2,255,110,4,0x54fa,9,1,200,-188.0
409226799627,12504,2,255,110,4,0x54fa,9,1,200,-654.0
409226816036,12505,2,255,110,4,0x54fa,9,1,200,1391.0
409226832220,12506,2,255,110,4,0x54fa,9,1,200,1369.0
409226851976,12507,2,255,110,4,0x54fa,9,1,200,1026.0
409226869233,12508,2,255,110,4,0x54fa,9,1,200,292.0
409226882840,12509,2,255,110,4,0x54fa,9,1,200,-33.0
409226898853,12510,2,255,110,4,0x54fa,9,1,200,-845.0
409226915629,12511,2,255,110,4,0x54fa,9,1,200,482.0
409226931864,12512,2,255,110,4,0x54fa,9,1,200,1078.0
409226948928,12513,2,255,110,4,0x54fa,9,1,200,-109.0
409226966176,12514,2,255,110,4,0x54fa,9,1,200,-461.0
409226983746,12515,2,255,110,4,0x54fa,9,1,200,-4.0
409226998894,12516,2,255,110,4,0x54fa,9,1,200,253.0
409227015850,12517,2,255,110,4,0x54fa,9,1,200,1234.0
409227032611,12518,2,255,110,4,0x54fa,9,1,200,418.0
409227049113,12519,2,255,110,4,0x54fa,9,1,200,-902.0
409227065763,12520,2,255,110,4,0x54fa,9,1,200,-109.0
409227083331,12521,2,255,110,4,0x54fa,9,1,200,-165.0
409227099706,12522,2,255,110,4,0x54fa,9,1,200,1307.0
409227116241,12523,2,255,110,4,0x54fa,9,1,200,815.0
409227132390,12524,2,255,110,4,0x54fa,9,1,200,33.0
409227149759,12525,2,255,110,4,0x54fa,9,1,200,555.0
409227166289,12526,2,255,110,4,0x54fa,9,1,200,-715.0
409227182086,12527,2,255,110,4,0x54fa,9,1,200,891.0
409227199458,12528,2,255,110,4,0x54fa,9,1,200,-447.0
409227216022,12529,2,255,110,4,0x54fa,9,1,200,-43.0
409227232972,12530,2,255,110,4,0x54fa,9,1,200,1328.0
409227249234,12531,2,255,110,4,0x54fa,9,1,200,-272.0
409227266525,12532,2,255,110,4,0x54fa,9,1,200,315.0
409227282561,12533,2,255,110,4,0x54fa,9,1,200,757.0
409227299696,12534,2,255,110,4,0x54fa,9,1,200,412.0
409227317781,12535,2,255,110,4,0x54fa,9,1,200,2278.0
409227332939,12536,2,255,110,4,0x54fa,9,1,200,106.0
409227349128,12537,2,255,110,4,0x54fa,9,1,200,116.0
409227366065,12538,2,255,110,4,0x54fa,9,1,200,-417.0
409227382738,12539,2,255,110,4,0x54fa,9,1,200,1691.0
409227399017,12540,2,255,110,4,0x54fa,9,1,200,-1590.0
409227416459,12541,2,255,110,4,0x54fa,9,1,200,-855.0
409227434977,12542,2,255,110,4,0x54fa,9,1,200,130.0
409227450173,12543,2,255,110,4,0x54fa,9,1,200,-1113.0
409227466409,12544,2,255,110,4,0x54fa,9,1,200,133.0
409227482461,12545,2,255,110,4,0x54fa,9,1,200,-1297.0
409227499542,12546,2,255,110,4,0x54fa,9,1,200,1709.0
409227516392,12547,2,255,110,4,0x54fa,9,1,200,-1084.0
409227533382,12548,2,255,110,4,0x54fa,9,1,200,522.0
409227551341,12549,2,255,110,4,0x54fa,9,1,200,-360.0
409227567660,12550,2,255,110,4,0x54fa,9,1,200,-624.0
409227583366,12551,2,255,110,4,0x54fa,9,1,200,6.0
409227599708,12552,2,255,110,4,0x54fa,9,1,200,-681.0
409227617276,12553,2,255,110,4,0x54fa,9,1,200,-248.0
409227632722,12554,2,255,110,4,0x54fa,9,1,200,118.0
409227650046,12555,2,255,110,4,0x54fa,9,1,200,317.0
409227666851,12556,2,255,110,4,0x54fa,9,1,200,311.0
409227682965,12557,2,255,110,4,0x54fa,9,1,200,1284.0
409227699309,12558,2,255,110,4,0x54fa,9,1,200,1248.0
409227716168,12559,2,255,110,4,0x54fa,9,1,200,-944.0
409227733811,12560,2,255,110,4,0x54fa,9,1,200,956.0
409227750400,12561,2,255,110,4,0x54fa,9,1,200,401.0
409227769153,12562,2,255,110,4,0x54fa,9,1,200,181.0
409227784441,12563,2,255,110,4,0x54fa,9,1,200,-179.0
409227801803,12564,2,255,110,4,0x54fa,9,1,200,-297.0
409227816785,12565,2,255,110,4,0x54fa,9,1,200,784.0
409227833975,12566,2,255,110,4,0x54fa,9,1,200,1056.0
409227850736,12567,2,255,110,4,0x54fa,9,1,200,-1503.0
409227867271,12568,2,255,110,4,0x54fa,9,1,200,-430.0
409227886093,12569,2,255,110,4,0x54fa,9,1,200,-1203.0
409227903102,12570,2,255,110,4,0x54fa,9,1,200,18.0
409227916951,12571,2,255,110,4,0x54fa,9,1,200,-24.0
409227933210,12572,2,255,110,4,0x54fa,9,1,200,1230.0
409227950202,12573,2,255,110,4,0x54fa,9,1,200,798.0
409227967005,12574,2,255,110,4,0x54fa,9,1,200,692.0
409227983439,12575,2,255,110,4,0x54fa,9,1,200,-1021.0
409228000869,12576,2,255,110,4,0x54fa,9,1,200,-1544.0
409228021178,12577,2,255,110,4,0x54fa,9,1,200,-578.0
409228034095,12578,2,255,110,4,0x54fa,9,1,200,-275.0
409228050818,12579,2,255,110,4,0x54fa,9,1,200,1230.0
409228067361,12580,2,255,110,4,0x54fa,9,1,200,-644.0
409228083545,12581,2,255,110,4,0x54fa,9,1,200,1274.0
409228099973,12582,2,255,110,4,0x54fa,9,1,200,-679.0
409228117806,12583,2,255,110,4,0x54fa,9,1,200,-994.0
409228133368,12584,2,255,110,4,0x54fa,9,1,200,750.0
409228150427,12585,2,255,110,4,0x54fa,9,1,200,-494.0
409228166626,12586,2,255,110,4,0x54fa,9,1,200,-431.0
409228183915,12587,2,255,110,4,0x54fa,9,1,200,765.0
409228200034,12588,2,255,110,4,0x54fa,9,1,200,648.0
409228218615,12589,2,255,110,4,0x54fa,9,1,200,-2126.0
409228236164,12590,2,255,110,4,0x54fa,9,1,200,1307.0
409228251092,12591,2,255,110,4,0x54fa,9,1,200,940.0
409228267826,12592,2,255,110,4,0x54fa,9,1,200,105.0
409228283527,12593,2,255,110,4,0x54fa,9,1,200,-799.0
409228300925,12594,2,255,110,4,0x54fa,9,1,200,980.0
409228317476,12595,2,255,110,4,0x54fa,9,1,200,-650.0
409228334837,12596,2,255,110,4,0x54fa,9,1,200,320.0
409228350585,12597,2,255,110,4,0x54fa,9,1,200,945.0
409228367046,12598,2,255,110,4,0x54fa,9,1,200,-531.0
409228384229,12599,2,255,110,4,0x54fa,9,1,200,1258.0
409228400339,12600,2,255,110,4,0x54fa,9,1,200,322.0
409228417614,12601,2,255,110,4,0x54fa,9,1,200,-389.0
409228434474,12602,2,255,110,4,0x54fa,9,1,200,-627.0
409228451962,12603,2,255,110,4,0x54fa,9,1,200,429.0
409228467422,12604,2,255,110,4,0x54fa,9,1,200,-883.0
409228483995,12605,2,255,110,4,0x54fa,9,1,200,1668.0
409228501330,12606,2,255,110,4,0x54fa,9,1,200,747.0
409228517217,12607,2,255,110,4,0x54fa,9,1,200,-395.0
409228535002,12608,2,255,110,4,0x54fa,9,1,200,153.0
409228550870,12609,2,255,110,4,0x54fa,9,1,200,-1351.0
409228569079,12610,2,255,110,4,0x54fa,9,1,200,-143.0
409228587434,12611,2,255,110,4,0x54fa,9,1,200,-353.0
409228601253,12612,2,255,110,4,0x54fa,9,1,200,1176.0
409228617093,12613,2,255,110,4,0x54fa,9,1,200,687.0
409228634780,12614,2,255,110,4,0x54fa,9,1,200,703.0
409228651217,12615,2,255,110,4,0x54fa,9,1,200,-1608.0
409228666987,12616,2,255,110,4,0x54fa,9,1,200,-69.0
409228685854,12617,2,255,110,4,0x54fa,9,1,200,-312.0
409228701166,12618,2,255,110,4,0x54fa,9,1,200,-2197.0
409228717700,12619,2,255,110,4,0x54fa,9,1,200,424.0
409228734316,12620,2,255,110,4,0x54fa,9,1,200,1216.0
409228750700,12621,2,255,110,4,0x54fa,9,1,200,-1280.0
409228767312,12622,2,255,110,4,0x54fa,9,1,200,959.0
409228784688,12623,2,255,110,4,0x54ea,8,1,200,-328.0
409228801440,12624,2,255,110,4,0x54fa,9,1,200,1183.0
409228819322,12625,2,255,110,4,0x54ea,8,1,200,954.0
409228835915,12626,2,255,110,4,0x54ea,8,1,200,-223.0
409228850528,12627,2,255,110,4,0x54ea,8,1,200,-280.0
409228867417,12628,2,255,110,4,0x54ea,8,1,200,1029.0
409228884311,12629,2,255,110,4,0x54ea,8,1,200,-356.0
409228900313,12630,2,255,110,4,0x54ca,7,1,200,-967.0
409228917044,12631,2,255,110,4,0x54c2,6,1,200,121.0
409228934224,12632,2,255,110,4,0x54c2,6,1,200,1010.0
409228951496,12633,2,255,110,4,0x54c0,5,1,200,1229.0
409228966863,12634,2,255,110,4,0x7cc0,7,1,200,-698.0
409228984132,12635,2,255,110,4,0x7ec0,8,1,200,762.0
409229000666,12636,2,255,110,4,0x7ec0,8,1,200,304.0
409229016851,12637,2,12,111,4,0x7ec0,8,1,200,-637.0
409229034070,12638,2,12,111,4,0x7ec0,8,1,200,985.0
409229050956,12639,2,12,111,4,0x7ec0,8,1,200,-922.0
409229067106,12640,2,12,111,4,0x7ec0,8,1,200,-717.0
409229083889,12641,2,12,111,4,0x7ec0,8,1,200,-1348.0
409229100527,12642,2,12,111,4,0x7ec0,8,1,200,919.0
409229116735,12643,2,12,111,4,0x7e80,7,1,200,246.0
409229133407,12644,2,12,111,4,0xe80,4,1,200,-459.0
409229149615,12645,2,12,111,4,0x0,0,1,200,1071.0
409229166246,12646,2,12,111,4,0x0,0,1,200,1516.0
409229183241,12647,2,12,111,4,0x0,0,1,200,-452.0
409229198977,12648,2,12,111,4,0x0,0,1,200,2.0
409229215602,12649,2,12,111,4,0x0,0,1,200,-235.0
409229232100,12650,2,12,111,4,0x0,0,1,200,-639.0
409229249029,12651,2,12,111,4,0x0,0,1,200,-321.0
409229265764,12652,2,12,111,4,0x0,0,1,200,799.0
409229282056,12653,2,12,111,4,0x0,0,1,200,7.0
409229299131,12654,2,12,111,4,0x0,0,1,200,699.0
409229315546,12655,2,12,111,4,0x0,0,1,200,1014.0
409229332369,12656,2,12,111,4,0x0,0,1,200,204.0
409229349513,12657,2,12,111,4,0x0,0,1,200,524.0
409229367031,12658,2,12,111,4,0x0,0,1,200,663.0
409229382275,12659,2,12,111,4,0x0,0,1,200,285.0
409229398982,12660,2,12,111,4,0x0,0,1,200,-749.0
409229415943,12661,2,12,111,4,0x0,0,1,200,-259.0
409229433509,12662,2,12,111,4,0x0,0,1,200,-1466.0
409229449241,12663,2,12,111,4,0x0,0,1,200,681.0
409229465856,12664,2,12,111,4,0x0,0,1,200,-813.0
409229485037,12665,2,12,111,4,0x0,0,1,200,1402.0
409229500307,12666,2,12,111,4,0x0,0,1,200,-2003.0
409229515671,12667,2,12,111,4,0x0,0,1,200,-678.0
409229532341,12668,2,12,111,4,0x0,0,1,200,1369.0
409229549378,12669,2,12,111,4,0x0,0,1,200,1340.0
409229565843,12670,2,12,111,4,0x0,0,1,200,-377.0
409229582375,12671,2,12,111,4,0x0,0,1,200,-40.0
409229599081,12672,2,12,111,4,0x0,0,1,200,851.0
409229616200,12673,2,12,111,4,0x0,0,1,200,-980.0
409229632566,12674,2,12,111,4,0x0,0,1,200,-233.0
409229650638,12675,2,12,111,4,0x0,0,1,200,1208.0
409229666367,12676,2,12,111,4,0x0,0,1,200,-543.0
409229682846,12677,2,12,111,4,0x0,0,1,200,-376.0
409229700250,12678,2,12,111,4,0x0,0,1,200,-869.0
409229715867,12679,2,12,111,4,0x0,0,1,200,1003.0
409229732947,12680,2,12,111,4,0x0,0,1,200,1002.0
409229749105,12681,2,12,111,4,0x0,0,1,200,-1024.0
409229766233,12682,2,12,111,4,0x0,0,1,200,1756.0
409229783547,12683,2,12,111,4,0x0,0,1,200,-164.0
409229799458,12684,2,12,111,4,0x0,0,1,200,-1469.0
409229816235,12685,2,12,111,4,0x0,0,1,200,-1210.0
409229833620,12686,2,12,111,4,0x0,0,1,200,-652.0
409229850944,12687,2,12,111,4,0x0,0,1,200,-1181.0
409229866177,12688,2,12,111,4,0x0,0,1,200,-158.0
409229883620,12689,2,12,111,4,0x0,0,1,200,-702.0
409229900174,12690,2,12,111,4,0x0,0,1,200,-642.0
409229916297,12691,2,12,111,4,0x0,0,1,200,-849.0
409229932927,12692,2,12,111,4,0x0,0,1,200,1490.0
409229949558,12693,2,12,111,4,0x0,0,1,200,-136.0
409229966882,12694,2,12,111,4,0x0,0,1,200,867.0
409229983812,12695,2,12,111,4,0x0,0,1,200,-281.0
409230000209,12696,2,12,111,4,0x0,0,1,200,-155.0
409230016369,12697,2,12,111,4,0x0,0,1,200,1600.0
409230033409,12698,2,12,111,4,0x0,0,1,200,-168.0
409230049721,12699,2,12,111,4,0x0,0,1,200,1050.0
409230066154,12700,2,12,111,4,0x0,0,1,200,-977.0
409230083305,12701,2,12,111,4,0x0,0,1,200,-189.0
409230099507,12702,2,12,111,4,0x0,0,1,200,-712.0
409230116205,12703,2,12,111,4,0x0,0,1,200,-966.0
409230133499,12704,2,12,111,4,0x0,0,1,200,-154.0
409230149852,12705,2,12,111,4,0x0,0,1,200,-446.0
409230166337,12706,2,12,111,4,0x0,0,1,200,-536.0
409230183043,12707,2,12,111,4,0x0,0,1,200,1250.0
409230199558,12708,2,12,111,4,0x0,0,1,200,1034.0
409230216478,12709,2,12,111,4,0x0,0,1,200,-973.0
409230233305,12710,2,12,111,4,0x0,0,1,200,-935.0
409230250055,12711,2,12,111,4,0x0,0,1,200,1105.0
409230266443,12712,2,12,111,4,0x0,0,1,200,955.0
409230282920,12713,2,12,111,4,0x0,0,1,200,1170.0
409230300454,12714,2,12,111,4,0x0,0,1,200,-226.0
409230316544,12715,2,12,111,4,0x0,0,1,200,67.0
409230333297,12716,2,12,111,4,0x0,0,1,200,1064.0
409230350242,12717,2,12,111,4,0x0,0,1,200,-537.0
409230366664,12718,2,12,111,4,0x0,0,1,200,1149.0
409230383263,12719,2,12,111,4,0x0,0,1,200,-320.0
409230399782,12720,2,12,111,4,0x0,0,1,200,801.0
409230416758,12721,2,12,111,4,0x0,0,1,200,-315.0
409230433234,12722,2,12,111,4,0x0,0,1,200,1099.0
409230451699,12723,2,12,111,4,0x0,0,1,200,-419.0
409230466817,12724,2,12,111,4,0x0,0,1,200,177.0
409230483366,12725,2,12,111,4,0x0,0,1,200,-707.0
409230501043,12726,2,12,111,4,0x0,0,1,200,-1073.0
409230516766,12727,2,12,111,4,0x0,0,1,200,1260.0
409230533363,12728,2,12,111,4,0x0,0,1,200,1055.0
409230550140,12729,2,12,111,4,0x0,0,1,200,1053.0
409230567021,12730,2,12,111,4,0x0,0,1,200,30.0
409230585342,12731,2,12,111,4,0x0,0,1,200,960.0
409230600688,12732,2,12,111,4,0x0,0,1,200,-848.0
409230616858,12733,2,12,111,4,0x0,0,1,200,759.0
409230633536,12734,2,12,111,4,0x0,0,1,200,1089.0
409230650006,12735,2,12,111,4,0x0,0,1,200,-410.0
409230667443,12736,2,12,111,4,0x0,0,1,200,1320.0
409230683375,12737,2,12,111,4,0x0,0,1,200,966.0
409230700398,12738,2,12,111,4,0x0,0,1,200,1364.0
409230720884,12739,2,12,111,4,0x0,0,1,200,-324.0
409230736060,12740,2,12,111,4,0x0,0,1,200,-156.0
409230752946,12741,2,12,111,4,0x0,0,1,200,1.0
409230771733,12742,2,12,111,4,0x0,0,1,200,952.0
409230784694,12743,2,12,111,4,0x0,0,1,200,-457.0
409230801388,12744,2,12,111,4,0x0,0,1,200,1085.0
409230817353,12745,2,12,111,4,0x0,0,1,200,1229.0
409230834129,12746,2,12,111,4,0x0,0,1,200,-359.0
409230850673,12747,2,12,111,4,0x0,0,1,200,-1232.0
409230867284,12748,2,12,111,4,0x0,0,1,200,-326.0
409230883902,12749,2,12,111,4,0x0,0,1,200,-886.0
409230900535,12750,2,12,111,4,0x0,0,1,200,814.0
409230917346,12751,2,12,111,4,0x0,0,1,200,-234.0
409230934891,12752,2,12,111,4,0x0,0,1,200,1168.0
409230950606,12753,2,12,111,4,0x0,0,1,200,816.0
409230967488,12754,2,12,111,4,0x0,0,1,200,-133.0
409230983763,12755,2,12,111,4,0x0,0,1,200,985.0
409231000872,12756,2,12,111,4,0x0,0,1,200,-1634.0
409231017198,12757,2,12,111,4,0x0,0,1,200,-229.0
409231034203,12758,2,12,111,4,0x0,0,1,200,1246.0
409231050993,12759,2,12,111,4,0x0,0,1,200,1555.0
409231067325,12760,2,12,111,4,0x0,0,1,200,1411.0
409231084183,12761,2,12,111,4,0x0,0,1,200,-380.0
409231100694,12762,2,12,111,4,0x0,0,1,200,-234.0
409231117316,12763,2,12,111,4,0x0,0,1,200,1521.0
409231134354,12764,2,12,111,4,0x0,0,1,200,954.0
409231150789,12765,2,12,111,4,0x0,0,1,200,-1455.0
409231167404,12766,2,12,111,4,0x0,0,1,200,-1623.0
409231185948,12767,2,12,111,4,0x0,0,1,200,-706.0
409231200893,12768,2,12,111,4,0x0,0,1,200,839.0
409231217686,12769,2,12,111,4,0x0,0,1,200,-37.0
409231234047,12770,2,12,111,4,0x0,0,1,200,-647.0
409231251528,12771,2,12,111,4,0x0,0,1,200,-99.0
409231268986,12772,2,12,111,4,0x0,0,1,200,-479.0
409231284277,12773,2,12,111,4,0x0,0,1,200,-991.0
409231300812,12774,2,12,111,4,0x0,0,1,200,1458.0
409231317565,12775,2,12,111,4,0x0,0,1,200,320.0
409231334265,12776,2,12,111,4,0x0,0,1,200,1167.0
409231350980,12777,2,12,111,4,0x0,0,1,200,-1.0
409231367595,12778,2,12,111,4,0x0,0,1,200,1700.0
409231384494,12779,2,12,111,4,0x0,0,1,200,1008.0
409231400925,12780,2,12,111,4,0x0,0,1,200,1751.0
409231417473,12781,2,12,111,4,0x0,0,1,200,-422.0
409231434243,12782,2,12,111,4,0x0,0,1,200,628.0
409231451084,12783,2,12,111,4,0x0,0,1,200,741.0
409231467662,12784,2,12,111,4,0x0,0,1,200,1327.0
409231484328,12785,2,12,111,4,0x0,0,1,200,962.0
409231501266,12786,2,12,111,4,0x0,0,1,200,-41.0
409231517970,12787,2,12,111,4,0x0,0,1,200,1008.0
409231534890,12788,2,12,111,4,0x0,0,1,200,-39.0
409231552502,12789,2,12,111,4,0x0,0,1,200,-729.0
409231568117,12790,2,12,111,4,0x0,0,1,200,579.0
409231584561,12791,2,12,111,4,0x0,0,1,200,1240.0
409231601234,12792,2,12,111,4,0x0,0,1,200,-61.0
409231617976,12793,2,12,111,4,0x0,0,1,200,1232.0
409231634924,12794,2,12,111,4,0x0,0,1,200,-1273.0
409231652120,12795,2,12,111,4,0x0,0,1,200,-920.0
409231668041,12796,2,12,111,4,0x0,0,1,200,-1045.0
409231685340,12797,2,12,111,4,0x0,0,1,200,-329.0
409231700982,12798,2,12,111,4,0x0,0,1,200,1329.0
409231717876,12799,2,12,111,4,0x0,0,1,200,-116.0
409231734486,12800,2,12,111,4,0x0,0,1,200,-90.0
409231751291,12801,2,12,111,4,0x0,0,1,200,865.0
409231768627,12802,2,12,111,4,0x0,0,1,200,-112.0
409231785160,12803,2,12,111,4,0x0,0,1,200,-227.0
409231807620,12804,2,12,111,4,0x0,0,1,200,20.0
409231819727,12805,2,12,111,4,0x0,0,1,200,-727.0
409231835503,12806,2,12,111,4,0x0,0,1,200,-311.0
409231853723,12807,2,12,111,4,0x0,0,1,200,870.0
409231868195,12808,2,12,111,4,0x0,0,1,200,-435.0
409231884613,12809,2,12,111,4,0x0,0,1,200,730.0
409231901525,12810,2,12,111,4,0x0,0,1,200,-171.0
409231917904,12811,2,12,111,4,0x0,0,1,200,-278.0
409231934708,12812,2,12,111,4,0x0,0,1,200,-846.0
409231951164,12813,2,12,111,4,0x0,0,1,200,818.0
409231968605,12814,2,12,111,4,0x0,0,1,200,798.0
409231984918,12815,2,12,111,4,0x0,0,1,200,-379.0
409232001515,12816,2,12,111,4,0x0,0,1,200,1325.0
409232018464,12817,2,12,111,4,0x0,0,1,200,1640.0
409232034779,12818,2,12,111,4,0x0,0,1,200,-1380.0
409232051419,12819,2,12,111,4,0x0,0,1,200,-882.0
409232068891,12820,2,12,111,4,0x0,0,1,200,-95.0
409232085023,12821,2,12,111,4,0x0,0,1,200,-702.0
409232101884,12822,2,12,111,4,0x0,0,1,200,1279.0
409232118365,12823,2,12,111,4,0x0,0,1,200,1040.0
409232134739,12824,2,12,111,4,0x0,0,1,200,-641.0
409232152133,12825,2,12,111,4,0x0,0,1,200,-412.0
409232168765,12826,2,12,111,4,0x0,0,1,200,-641.0
409232185557,12827,2,12,111,4,0x0,0,1,200,-1564.0
409232202829,12828,2,12,111,4,0x0,0,1,200,-493.0
409232218407,12829,2,12,111,4,0x0,0,1,200,-656.0
409232235260,12830,2,12,111,4,0x0,0,1,200,12.0
409232251866,12831,2,12,111,4,0x0,0,1,200,-963.0
409232268176,12832,2,12,111,4,0x0,0,1,200,1241.0
409232284946,12833,2,12,111,4,0x0,0,1,200,-1157.0
409232302318,12834,2,12,111,4,0x0,0,1,200,1468.0
409232318392,12835,2,12,111,4,0x0,0,1,200,1057.0
409232335117,12836,2,12,111,4,0x0,0,1,200,-883.0
409232351863,12837,2,12,111,4,0x0,0,1,200,1203.0
409232368395,12838,2,12,111,4,0x0,0,1,200,1172.0
409232385343,12839,2,12,111,4,0x0,0,1,200,-304.0
409232402851,12840,2,12,111,4,0x0,0,1,200,-8.0
409232418877,12841,2,12,111,4,0x0,0,1,200,1159.0
409232436542,12842,2,12,111,4,0x0,0,1,200,-1123.0
409232452865,12843,2,12,111,4,0x0,0,1,200,-2217.0
409232470647,12844,2,12,111,4,0x0,0,1,200,-269.0
409232490002,12845,2,12,111,4,0x0,0,1,200,817.0
409232503552,12846,2,12,111,4,0x0,0,1,200,-862.0
409232526061,12847,2,12,111,4,0x0,0,1,200,3611.0
409232536283,12848,2,12,111,4,0x0,0,1,200,1293.0
409232552215,12849,2,12,111,4,0x0,0,1,200,1071.0
409232569058,12850,2,12,111,4,0x0,0,1,200,-102.0
409232585100,12851,2,12,111,4,0x0,0,1,200,1036.0
409232601976,12852,2,12,111,4,0x0,0,1,200,-724.0
409232619106,12853,2,12,111,4,0x0,0,1,200,824.0
409232635483,12854,2,12,111,4,0x0,0,1,200,841.0
409232652408,12855,2,12,111,4,0x0,0,1,200,1277.0
409232669089,12856,2,12,111,4,0x0,0,1,200,966.0
409232685456,12857,2,12,111,4,0x0,0,1,200,-677.0
409232702277,12858,2,12,111,4,0x0,0,1,200,-1052.0
409232718846,12859,2,12,111,4,0x0,0,1,200,813.0
409232735638,12860,2,12,111,4,0x0,0,1,200,-1305.0
409232752378,12861,2,12,111,4,0x0,0,1,200,-71.0
409232768955,12862,2,12,111,4,0x0,0,1,200,-64.0
409232785950,12863,2,12,111,4,0x0,0,1,200,1149.0
409232802515,12864,2,12,111,4,0x0,0,1,200,-964.0
409232819500,12865,2,12,111,4,0x0,0,1,200,656.0
409232835782,12866,2,12,111,4,0x0,0,1,200,1267.0
409232852187,12867,2,12,111,4,0x0,0,1,200,-879.0
409232869013,12868,2,12,111,4,0x0,0,1,200,1002.0
409232885742,12869,2,12,111,4,0x0,0,1,200,-124.0
409232902685,12870,2,12,111,4,0x0,0,1,200,-374.0
409232920097,12871,2,12,111,4,0x0,0,1,200,993.0
409232935966,12872,2,12,111,4,0x0,0,1,200,-521.0
409232952664,12873,2,12,111,4,0x0,0,1,200,-532.0
409232969143,12874,2,12,111,4,0x0,0,1,200,-347.0
409232985860,12875,2,12,111,4,0x0,0,1,200,-1241.0
409233002845,12876,2,12,111,4,0x0,0,1,200,-243.0
409233019393,12877,2,12,111,4,0x0,0,1,200,-4.0
409233035996,12878,2,12,111,4,0x0,0,1,200,-95.0
409233052529,12879,2,12,111,4,0x0,0,1,200,1569.0
409233069183,12880,2,12,111,4,0x0,0,1,200,1153.0
409233086055,12881,2,12,111,4,0x0,0,1,200,-705.0
409233104015,12882,2,12,111,4,0x0,0,1,200,32.0
409233119432,12883,2,12,111,4,0x0,0,1,200,-443.0
409233136018,12884,2,12,111,4,0x0,0,1,200,656.0
409233152394,12885,2,12,111,4,0x0,0,1,200,-671.0
409233169825,12886,2,12,111,4,0x0,0,1,200,1031.0
409233186080,12887,2,12,111,4,0x0,0,1,200,855.0
409233202849,12888,2,12,111,4,0x0,0,1,200,867.0
409233219473,12889,2,12,111,4,0x0,0,1,200,664.0
409233236149,12890,2,12,111,4,0x0,0,1,200,-630.0
409233253211,12891,2,12,111,4,0x0,0,1,200,1439.0
409233269538,12892,2,12,111,4,0x0,0,1,200,1479.0
409233285940,12893,2,12,111,4,0x0,0,1,200,859.0
409233302891,12894,2,12,111,4,0x0,0,1,200,1261.0
409233320497,12895,2,12,111,4,0x0,0,1,200,-658.0
409233336360,12896,2,12,111,4,0x0,0,1,200,1215.0
409233353025,12897,2,12,111,4,0x0,0,1,200,-743.0
409233369685,12898,2,12,111,4,0x0,0,1,200,-931.0
409233386042,12899,2,12,111,4,0x0,0,1,200,1325.0
409233403191,12900,2,12,111,4,0x0,0,1,200,-731.0
409233419331,12901,2,12,111,4,0x0,0,1,200,-180.0
409233436646,12902,2,12,111,4,0x0,0,1,200,-1225.0
409233453336,12903,2,12,111,4,0x0,0,1,200,-530.0
409233469626,12904,2,12,111,4,0x0,0,1,200,-930.0
409233486351,12905,2,12,111,4,0x0,0,1,200,1484.0
409233503132,12906,2,12,111,4,0x0,0,1,200,677.0
409233520001,12907,2,12,111,4,0x0,0,1,200,-357.0
409233536806,12908,2,12,111,4,0x0,0,1,200,-65.0
409233553195,12909,2,12,111,4,0x0,0,1,200,1401.0
409233569835,12910,2,12,111,4,0x0,0,1,200,1271.0
409233586601,12911,2,12,111,4,0x0,0,1,200,1004.0
409233603886,12912,2,12,111,4,0x0,0,1,200,-428.0
409233620271,12913,2,12,111,4,0x0,0,1,200,-508.0
409233636610,12914,2,12,111,4,0x0,0,1,200,-1430.0
409233653237,12915,2,12,111,4,0x0,0,1,200,-43.0
409233670939,12916,2,12,111,4,0x0,0,1,200,1409.0
409233686421,12917,2,12,111,4,0x0,0,1,200,1318.0
409233703132,12918,2,12,111,4,0x0,0,1,200,1439.0
409233719893,12919,2,12,111,4,0x0,0,1,200,669.0
409233737934,12920,2,12,111,4,0x0,0,1,200,12.0
409233753198,12921,2,12,111,4,0x0,0,1,200,1067.0
409233770023,12922,2,12,111,4,0x0,0,1,200,-204.0
409233786584,12923,2,12,111,4,0x0,0,1,200,-713.0
409233803291,12924,2,12,111,4,0x0,0,1,200,505.0
409233820329,12925,2,12,111,4,0x0,0,1,200,31.0
409233836880,12926,2,12,111,4,0x0,0,1,200,-179.0
409233853249,12927,2,12,111,4,0x0,0,1,200,574.0
409233869906,12928,2,12,111,4,0x0,0,1,200,1335.0
409233886961,12929,2,12,111,4,0x0,0,1,200,-1561.0
409233903595,12930,2,12,111,4,0x0,0,1,200,829.0
409233920127,12931,2,12,111,4,0x0,0,1,200,711.0
409233937432,12932,2,12,111,4,0x0,0,1,200,-471.0
409233953783,12933,2,12,111,4,0x0,0,1,200,-821.0
409233970454,12934,2,12,111,4,0x0,0,1,200,-1088.0
409233988450,12935,2,12,111,4,0x0,0,1,200,-1096.0
409234003507,12936,2,12,111,4,0x0,0,1,200,-849.0
409234020341,12937,2,12,111,4,0x0,0,1,200,-467.0
409234037758,12938,2,12,111,4,0x0,0,1,200,-1008.0
409234054344,12939,2,12,111,4,0x0,0,1,200,-1128.0
409234070579,12940,2,12,111,4,0x0,0,1,200,1549.0
409234086965,12941,2,12,111,4,0x0,0,1,200,-862.0
409234104136,12942,2,12,111,4,0x0,0,1,200,490.0
409234120913,12943,2,12,111,4,0x0,0,1,200,-18.0
409234137441,12944,2,12,111,4,0x0,0,1,200,-301.0
409234154783,12945,2,12,111,4,0x0,0,1,200,-35.0
409234171190,12946,2,12,111,4,0x0,0,1,200,684.0
409234187393,12947,2,12,111,4,0x0,0,1,200,-468.0
409234203894,12948,2,12,111,4,0x0,0,1,200,777.0
409234220876,12949,2,12,111,4,0x0,0,1,200,1093.0
409234237337,12950,2,12,111,4,0x0,0,1,200,1352.0
409234255749,12951,2,12,111,4,0x0,0,1,200,-75.0
409234270230,12952,2,12,111,4,0x0,0,1,200,-302.0
409234287363,12953,2,12,111,4,0x0,0,1,200,-1567.0
409234303634,12954,2,12,111,4,0x0,0,1,200,-45.0
409234320795,12955,2,12,111,4,0x0,0,1,200,-122.0
409234337417,12956,2,12,111,4,0x0,0,1,200,-77.0
409234354681,12957,2,12,111,4,0x0,0,1,200,-610.0
409234370679,12958,2,12,111,4,0x0,0,1,200,509.0
409234387801,12959,2,12,111,4,0x0,0,1,200,-765.0
409234404557,12960,2,12,111,4,0x0,0,1,200,-1469.0
409234421413,12961,2,12,111,4,0x0,0,1,200,865.0
409234437727,12962,2,12,111,4,0x0,0,1,200,-185.0
409234454693,12963,2,12,111,4,0x0,0,1,200,983.0
409234471470,12964,2,12,111,4,0x0,0,1,200,789.0
409234487116,12965,2,12,111,4,0x0,0,1,200,1461.0
409234504118,12966,2,12,111,4,0x0,0,1,200,-1785.0
409234520785,12967,2,12,111,4,0x0,0,1,200,1581.0
409234537685,12968,2,12,111,4,0x0,0,1,200,991.0
409234554472,12969,2,12,111,4,0x0,0,1,200,806.0
409234570773,12970,2,12,111,4,0x0,0,1,200,931.0
409234588767,12971,2,12,111,4,0x0,0,1,200,-1558.0
409234604379,12972,2,12,111,4,0x0,0,1,200,1035.0
409234620574,12973,2,12,111,4,0x0,0,1,200,1069.0
409234638067,12974,2,12,111,4,0x0,0,1,200,775.0
409234654371,12975,2,12,111,4,0x0,0,1,200,1121.0
409234670976,12976,2,12,111,4,0x0,0,1,200,-431.0
409234687218,12977,2,12,111,4,0x0,0,1,200,-161.0
409234704370,12978,2,12,111,4,0x0,0,1,200,-53.0
409234720935,12979,2,12,111,4,0x0,0,1,200,922.0
409234737979,12980,2,12,111,4,0x0,0,1,200,-471.0
409234754908,12981,2,12,111,4,0x0,0,1,200,3.0
409234771116,12982,2,12,111,4,0x0,0,1,200,754.0
409234788371,12983,2,12,111,4,0x0,0,1,200,-946.0
409234804441,12984,2,12,111,4,0x0,0,1,200,-337.0
409234821514,12985,2,12,111,4,0x0,0,1,200,-338.0
409234838013,12986,2,12,111,4,0x0,0,1,200,-21.0
409234854434,12987,2,12,111,4,0x0,0,1,200,-1792.0
409234871789,12988,2,12,111,4,0x0,0,1,200,738.0
409234887831,12989,2,12,111,4,0x0,0,1,200,-931.0
409234905832,12990,2,12,111,4,0x0,0,1,200,-1459.0
409234922528,12991,1,255,112,4,0x0,0,1,200,964.0
409234937884,12992,1,255,112,4,0x0,0,1,200,1219.0
409234954323,12993,1,255,112,4,0x0,0,1,200,854.0
409234971335,12994,1,255,112,4,0x0,0,1,200,1054.0
409234988038,12995,1,255,112,4,0x0,0,1,200,930.0
409235004731,12996,1,255,112,4,0x0,0,1,200,-99.0
409235021503,12997,1,255,112,4,0x0,0,1,200,-322.0
409235037889,12998,1,255,112,4,0x0,0,1,200,-537.0
409235054801,12999,1,255,112,4,0x0,0,1,200,974.0
409235071446,13000,1,255,112,4,0x0,0,1,200,-534.0
409235087847,13001,1,255,112,4,0x0,0,1,200,796.0
409235104538,13002,1,255,112,4,0x0,0,1,200,486.0
409235121682,13003,1,255,112,4,0x0,0,1,200,-622.0
409235138345,13004,1,255,112,4,0x0,0,1,200,946.0
409235155470,13005,1,255,112,4,0x0,0,1,200,-642.0
409235171567,13006,1,255,112,4,0x0,0,1,200,830.0
409235188078,13007,1,255,112,4,0x0,0,1,200,1013.0
409235204731,13008,1,255,112,4,0x0,0,1,200,1060.0
409235221720,13009,1,255,112,4,0x0,0,1,200,1507.0
409235238206,13010,1,255,112,4,0x0,0,1,200,678.0
409235255029,13011,1,255,112,4,0x0,0,1,200,847.0
409235271960,13012,1,255,112,4,0x0,0,1,200,-930.0
409235288199,13013,1,255,112,4,0x0,0,1,200,-319.0
409235304607,13014,1,255,112,4,0x0,0,1,200,-1534.0
409235321495,13015,1,255,112,4,0x0,0,1,200,938.0
409235338250,13016,1,255,112,4,0x0,0,1,200,921.0
409235354908,13017,1,255,112,4,0x0,0,1,200,-1242.0
409235371429,13018,1,255,112,4,0x0,0,1,200,-465.0
409235389001,13019,1,255,112,4,0x0,0,1,200,-714.0
409235404938,13020,1,255,112,4,0x0,0,1,200,513.0
409235421510,13021,1,255,112,4,0x0,0,1,200,895.0
409235438306,13022,1,255,112,4,0x0,0,1,200,918.0
409235455467,13023,1,255,112,4,0x0,0,1,200,-131.0
409235471389,13024,1,255,112,4,0x0,0,1,200,842.0
409235488103,13025,1,255,112,4,0x0,0,1,200,263.0
409235505163,13026,1,255,112,4,0x0,0,1,200,-861.0
409235522151,13027,1,255,112,4,0x0,0,1,200,-463.0
409235538318,13028,1,255,112,4,0x0,0,1,200,729.0
409235555009,13029,1,255,112,4,0x0,0,1,200,-276.0
409235571672,13030,1,255,112,4,0x0,0,1,200,-1116.0
409235588192,13031,1,255,112,4,0x0,0,1,200,483.0
409235605270,13032,1,255,112,4,0x0,0,1,200,-1134.0
409235622361,13033,1,255,112,4,0x0,0,1,200,-915.0
409235639387,13034,1,255,112,4,0x0,0,1,200,-516.0
409235654985,13035,1,255,112,4,0x0,0,1,200,1366.0
409235671756,13036,1,255,112,4,0x0,0,1,200,-991.0
409235688876,13037,1,255,112,4,0x0,0,1,200,-135.0
409235705447,13038,1,255,112,4,0x0,0,1,200,-931.0
409235721784,13039,1,255,112,4,0x0,0,1,200,-359.0
409235738429,13040,1,255,112,4,0x0,0,1,200,1006.0
409235755244,13041,1,255,112,4,0x0,0,1,200,-405.0
409235772006,13042,1,255,112,4,0x0,0,1,200,565.0
409235788899,13043,1,255,112,4,0x0,0,1,200,-1039.0
409235805197,13044,1,255,112,4,0x0,0,1,200,-704.0
409235821859,13045,1,255,112,4,0x0,0,1,200,1093.0
409235838862,13046,1,255,112,4,0x0,0,1,200,991.0
409235855289,13047,1,255,112,4,0x0,0,1,200,-55.0
409235872090,13048,1,255,112,4,0x0,0,1,200,792.0
409235888791,13049,1,255,112,4,0x0,0,1,200,-1271.0
409235905360,13050,1,255,112,4,0x0,0,1,200,-1096.0
409235923251,13051,1,255,113,4,0x0,0,1,200,-764.0
409235939181,13052,1,255,113,4,0x0,0,1,200,715.0
409235956817,13053,1,255,113,4,0x0,0,1,200,-121.0
409235971958,13054,1,255,113,4,0x0,0,1,200,1413.0
409235989524,13055,1,255,113,4,0x0,0,1,200,514.0
409236005426,13056,1,255,113,4,0x0,0,1,200,-77.0
409236022307,13057,1,255,113,4,0x0,0,1,200,227.0
409236039051,13058,1,255,113,4,0x0,0,1,200,-459.0
409236055380,13059,1,255,113,4,0x0,0,1,200,-98.0
409236072121,13060,1,255,113,4,0x0,0,1,200,-604.0
409236089007,13061,1,255,113,4,0x0,0,1,200,300.0
409236105303,13062,1,255,113,4,0x0,0,1,200,-225.0
409236122058,13063,1,255,113,4,0x0,0,1,200,1130.0
409236138935,13064,1,255,113,4,0x0,0,1,200,-145.0
409236155415,13065,1,255,113,4,0x0,0,1,200,-140.0
409236172359,13066,1,255,113,4,0x0,0,1,200,1026.0
409236188776,13067,1,255,113,4,0x0,0,1,200,216.0
409236205789,13068,1,255,113,4,0x0,0,1,200,-224.0
409236222084,13069,1,255,113,4,0x0,0,1,200,1310.0
409236239122,13070,1,255,113,4,0x0,0,1,200,-742.0
409236255725,13071,1,255,113,4,0x0,0,1,200,-85.0
409236272231,13072,1,255,113,4,0x0,0,1,200,269.0
409236288889,13073,1,255,113,4,0x0,0,1,200,178.0
409236307149,13074,1,255,113,4,0x0,0,1,200,161.0
409236322397,13075,1,255,113,4,0x0,0,1,200,932.0
409236339257,13076,1,255,113,4,0x0,0,1,200,958.0
409236355735,13077,1,255,113,4,0x0,0,1,200,-161.0
409236373221,13078,1,255,113,4,0x0,0,1,200,871.0
409236389874,13079,1,255,113,4,0x0,0,1,200,-508.0
409236406440,13080,1,255,113,4,0x0,0,1,200,1197.0
409236423205,13081,1,255,113,4,0x0,0,1,200,273.0
409236439394,13082,1,255,113,4,0x0,0,1,200,-800.0
409236456088,13083,1,255,113,4,0x0,0,1,200,677.0
409236472502,13084,1,255,113,4,0x0,0,1,200,-1118.0
409236489046,13085,1,255,113,4,0x0,0,1,200,339.0
409236505884,13086,1,255,113,4,0x0,0,1,200,866.0
409236522913,13087,1,255,113,4,0x0,0,1,200,-1702.0
409236540096,13088,1,255,113,4,0x0,0,1,200,-51.0
409236556691,13089,1,255,113,4,0x0,0,1,200,-11.0
409236572904,13090,1,255,113,4,0x0,0,1,200,-80.0
409236590250,13091,1,255,113,4,0x0,0,1,200,-1818.0
409236606256,13092,1,255,113,4,0x0,0,1,200,364.0
409236622792,13093,1,255,113,4,0x0,0,1,200,826.0
409236640299,13094,1,255,113,4,0x0,0,1,200,512.0
409236656374,13095,1,255,113,4,0x0,0,1,200,403.0
409236672763,13096,1,255,113,4,0x0,0,1,200,1346.0
409236689590,13097,1,255,113,4,0x0,0,1,200,-187.0
409236705797,13098,1,255,113,4,0x0,0,1,200,619.0
409236722726,13099,1,255,113,4,0x0,0,1,200,821.0
409236739469,13100,1,255,113,4,0x0,0,1,200,627.0
409236756146,13101,1,255,113,4,0x0,0,1,200,644.0
409236772948,13102,1,255,113,4,0x0,0,1,200,1338.0
409236789302,13103,1,255,113,4,0x0,0,1,200,-915.0
409236806071,13104,1,255,113,4,0x0,0,1,200,448.0
409236822705,13105,1,255,113,4,0x0,0,1,200,1308.0
409236839497,13106,1,255,113,4,0x0,0,1,200,1154.0
409236856365,13107,1,255,113,4,0x0,0,1,200,532.0
409236873162,13108,1,255,113,4,0x0,0,1,200,-391.0
409236889961,13109,1,255,113,4,0x0,0,1,200,32.0
409236906675,13110,1,255,113,4,0x0,0,1,200,-8.0
409236922895,13111,1,255,113,4,0x0,0,1,200,-132.0
409236940220,13112,1,255,114,4,0x0,0,1,200,620.0
409236956475,13113,1,255,114,4,0x0,0,1,200,460.0
409236973079,13114,1,255,114,4,0x0,0,1,200,8.0
409236989736,13115,1,255,114,4,0x0,0,1,200,-969.0
409237006267,13116,1,255,114,4,0x0,0,1,200,512.0
409237023217,13117,1,255,114,4,0x0,0,1,200,888.0
409237039854,13118,1,255,114,4,0x0,0,1,200,558.0
409237056557,13119,1,255,114,4,0x0,0,1,200,-198.0
409237074228,13120,1,255,114,4,0x0,0,1,200,399.0
409237089612,13121,1,255,114,4,0x0,0,1,200,1226.0
409237106255,13122,1,255,114,4,0x0,0,1,200,552.0
409237123072,13123,1,255,114,4,0x0,0,1,200,-1045.0
409237140009,13124,1,255,114,4,0x0,0,1,200,-297.0
409237156589,13125,1,255,114,4,0x0,0,1,200,487.0
409237173671,13126,1,255,114,4,0x0,0,1,200,-374.0
409237189898,13127,1,255,114,4,0x0,0,1,200,1061.0
409237206479,13128,1,255,114,4,0x0,0,1,200,522.0
409237223187,13129,1,255,114,4,0x0,0,1,200,-141.0
409237239928,13130,1,255,114,4,0x0,0,1,200,-1024.0
409237256878,13131,1,255,114,4,0x0,0,1,200,155.0
409237273426,13132,1,255,114,4,0x0,0,1,200,-286.0
409237290392,13133,1,255,114,4,0x0,0,1,200,-307.0
409237307112,13134,1,255,114,4,0x0,0,1,200,-247.0
409237324010,13135,1,255,114,4,0x0,0,1,200,517.0
409237340094,13136,1,255,114,4,0x0,0,1,200,838.0
409237356918,13137,1,255,114,4,0x0,0,1,200,-378.0
409237373381,13138,1,255,114,4,0x0,0,1,200,-534.0
409237390340,13139,1,255,114,4,0x0,0,1,200,519.0
409237406755,13140,1,255,114,4,0x0,0,1,200,-1040.0
409237423702,13141,1,255,114,4,0x0,0,1,200,-552.0
409237440312,13142,1,255,114,4,0x0,0,1,200,-120.0
409237456847,13143,1,255,114,4,0x0,0,1,200,-251.0
409237473584,13144,1,255,114,4,0x0,0,1,200,973.0
409237490327,13145,1,255,114,4,0x0,0,1,200,508.0
409237506962,13146,1,255,114,4,0x0,0,1,200,-310.0
409237523552,13147,1,255,114,4,0x0,0,1,200,16.0
409237540370,13148,1,255,114,4,0x0,0,1,200,-446.0
409237557029,13149,1,255,114,4,0x0,0,1,200,171.0
409237573992,13150,1,255,114,4,0x0,0,1,200,-987.0
409237590090,13151,1,255,114,4,0x0,0,1,200,-1345.0
409237607894,13152,1,255,114,4,0x0,0,1,200,-956.0
409237624308,13153,1,255,114,4,0x0,0,1,200,44.0
409237641088,13154,1,255,114,4,0x0,0,1,200,-177.0
409237657194,13155,1,255,114,4,0x0,0,1,200,-627.0
409237673914,13156,1,255,114,4,0x0,0,1,200,-902.0
409237690682,13157,1,255,114,4,0x0,0,1,200,195.0
409237706987,13158,1,255,114,4,0x0,0,1,200,-379.0
409237723927,13159,1,255,114,4,0x0,0,1,200,206.0
409237740573,13160,1,255,114,4,0x0,0,1,200,-179.0
409237757660,13161,1,255,114,4,0x0,0,1,200,-716.0
409237773801,13162,1,255,114,4,0x0,0,1,200,-1193.0
409237790497,13163,1,255,114,4,0x0,0,1,200,330.0
409237807334,13164,1,255,114,4,0x0,0,1,200,437.0
409237824070,13165,1,255,114,4,0x0,0,1,200,-129.0
409237840607,13166,1,255,114,4,0x0,0,1,200,-293.0
409237857689,13167,1,255,114,4,0x0,0,1,200,-465.0
409237874378,13168,1,255,114,4,0x0,0,1,200,443.0
409237890357,13169,1,255,114,4,0x0,0,1,200,767.0
409237907455,13170,1,255,114,4,0x0,0,1,200,-39.0
409237924029,13171,1,255,114,4,0x0,0,1,200,-1140.0
409237940917,13172,1,255,114,4,0x0,0,1,200,1650.0
409237957462,13173,1,255,114,4,0x0,0,1,200,-98.0
409237974078,13174,1,255,114,4,0x0,0,1,200,893.0
409237991167,13175,1,255,114,4,0x0,0,1,200,-100.0
409238007301,13176,1,255,114,4,0x0,0,1,200,-734.0
409238024380,13177,1,255,114,4,0x0,0,1,200,7.0
409238040966,13178,1,255,114,4,0x0,0,1,200,-1299.0
409238057627,13179,1,255,114,4,0x0,0,1,200,265.0
409238074374,13180,1,255,114,4,0x0,0,1,200,-27.0
409238091160,13181,1,255,114,4,0x0,0,1,200,-633.0
409238107908,13182,1,255,114,4,0x0,0,1,200,-778.0
409238124045,13183,1,255,114,4,0x0,0,1,200,777.0
409238141087,13184,1,255,114,4,0x0,0,1,200,-1088.0
409238157509,13185,1,255,114,4,0x0,0,1,200,750.0
409238174316,13186,1,255,114,4,0x0,0,1,200,1150.0
409238190844,13187,1,255,114,4,0x0,0,1,200,185.0
409238207870,13188,1,255,114,4,0x0,0,1,200,-396.0
409238224234,13189,1,255,114,4,0x0,0,1,200,-844.0
409238241362,13190,1,255,114,4,0x0,0,1,200,1089.0
409238257798,13191,1,255,114,4,0x0,0,1,200,745.0
409238274626,13192,1,255,114,4,0x0,0,1,200,427.0
409238291213,13193,1,255,114,4,0x0,0,1,200,240.0
409238307627,13194,1,255,114,4,0x0,0,1,200,876.0
409238324516,13195,1,255,114,4,0x0,0,1,200,-277.0
409238340986,13196,1,255,114,4,0x0,0,1,200,-1264.0
409238358026,13197,1,255,114,4,0x0,0,1,200,1045.0
409238374277,13198,1,255,114,4,0x0,0,1,200,837.0
409238390925,13199,1,255,114,4,0x0,0,1,200,-894.0
409238407983,13200,1,255,114,4,0x0,0,1,200,735.0
409238424317,13201,1,255,114,4,0x0,0,1,200,467.0
409238441168,13202,1,255,114,4,0x0,0,1,200,-1075.0
409238457923,13203,1,255,114,4,0x0,0,1,200,860.0
409238474403,13204,1,255,114,4,0x0,0,1,200,362.0
409238491097,13205,1,255,114,4,0x0,0,1,200,281.0
409238507894,13206,1,255,114,4,0x0,0,1,200,962.0
409238525113,13207,1,255,114,4,0x0,0,1,200,-508.0
409238541988,13208,1,255,114,4,0x0,0,1,200,-483.0
409238558263,13209,1,255,114,4,0x0,0,1,200,-280.0
409238574563,13210,1,255,114,4,0x0,0,1,200,-172.0
409238591286,13211,1,255,114,4,0x0,0,1,200,-79.0
409238609404,13212,1,255,114,4,0x0,0,1,200,286.0
409238624591,13213,1,255,114,4,0x0,0,1,200,-537.0
409238641739,13214,1,255,114,4,0x0,0,1,200,-786.0
409238658227,13215,1,255,114,4,0x0,0,1,200,-351.0
409238674790,13216,1,255,114,4,0x0,0,1,200,-860.0
409238691528,13217,1,255,114,4,0x0,0,1,200,-1053.0
409238708115,13218,1,255,114,4,0x0,0,1,200,-699.0
409238724870,13219,1,255,114,4,0x0,0,1,200,497.0
409238741531,13220,1,255,114,4,0x0,0,1,200,521.0
409238758543,13221,1,255,114,4,0x0,0,1,200,-389.0
409238774649,13222,1,255,114,4,0x0,0,1,200,-530.0
409238791361,13223,1,255,114,4,0x0,0,1,200,40.0
409238808283,13224,1,255,114,4,0x0,0,1,200,-1110.0
409238825732,13225,1,255,114,4,0x0,0,1,200,-114.0
409238841627,13226,1,255,114,4,0x0,0,1,200,808.0
409238858462,13227,1,255,114,4,0x0,0,1,200,361.0
409238874893,13228,1,255,114,4,0x0,0,1,200,255.0
409238892044,13229,1,255,114,4,0x0,0,1,200,296.0
409238908807,13230,1,255,114,4,0x0,0,1,200,716.0
409238924880,13231,1,255,114,4,0x0,0,1,200,-851.0
409238941836,13232,1,255,114,4,0x0,0,1,200,-826.0
409238958666,13233,1,255,114,4,0x0,0,1,200,-436.0
409238975349,13234,1,255,114,4,0x0,0,1,200,-278.0
409238991769,13235,1,255,114,4,0x0,0,1,200,-594.0
409239008501,13236,1,255,114,4,0x0,0,1,200,546.0
409239026144,13237,1,255,114,4,0x0,0,1,200,758.0
409239041754,13238,1,255,114,4,0x0,0,1,200,1003.0
409239058729,13239,1,255,114,4,0x0,0,1,200,616.0
409239074907,13240,1,255,114,4,0x0,0,1,200,488.0
409239091765,13241,1,255,114,4,0x0,0,1,200,293.0
409239108467,13242,1,255,114,4,0x0,0,1,200,528.0
409239125078,13243,1,255,114,4,0x0,0,1,200,-7.0
409239141992,13244,1,255,114,4,0x0,0,1,200,-511.0
409239158631,13245,1,255,114,4,0x0,0,1,200,434.0
409239175215,13246,1,255,114,4,0x0,0,1,200,-814.0
409239191908,13247,1,255,114,4,0x0,0,1,200,561.0
409239209264,13248,1,255,114,4,0x0,0,1,200,-348.0
409239225571,13249,1,255,114,4,0x0,0,1,200,-332.0
409239242733,13250,1,255,114,4,0x0,0,1,200,-6.0
409239258814,13251,1,255,114,4,0x0,0,1,200,354.0
409239275220,13252,1,255,114,4,0x0,0,1,200,57.0
409239293033,13253,1,255,114,4,0x0,0,1,200,-456.0
409239308664,13254,1,255,114,4,0x0,0,1,200,306.0
409239325318,13255,1,255,114,4,0x0,0,1,200,-1192.0
409239343106,13256,1,255,114,4,0x0,0,1,200,-85.0
409239359311,13257,1,255,114,4,0x0,0,1,200,-76.0
409239375907,13258,1,255,114,4,0x0,0,1,200,-160.0
409239392231,13259,1,255,114,4,0x0,0,1,200,726.0
409239409593,13260,1,255,114,4,0x0,0,1,200,898.0
409239425368,13261,1,255,114,4,0x0,0,1,200,-800.0
409239442767,13262,1,255,114,4,0x0,0,1,200,-205.0
409239458991,13263,1,255,114,4,0x0,0,1,200,191.0
409239475382,13264,1,255,114,4,0x0,0,1,200,-193.0
409239492432,13265,1,255,114,4,0x0,0,1,200,1573.0
409239509335,13266,1,255,114,4,0x0,0,1,200,-278.0
409239525394,13267,1,255,114,4,0x0,0,1,200,745.0
409239542569,13268,1,255,114,4,0x0,0,1,200,594.0
409239558865,13269,1,255,114,4,0x0,0,1,200,263.0
409239575663,13270,1,255,114,4,0x0,0,1,200,1202.0
409239592339,13271,1,255,114,4,0x0,0,1,200,1106.0
409239609991,13272,1,255,114,4,0x0,0,1,200,-874.0
409239626066,13273,1,255,114,4,0x0,0,1,200,1043.0
409239642756,13274,1,255,114,4,0x0,0,1,200,-447.0
409239659287,13275,1,255,114,4,0x0,0,1,200,208.0
409239676200,13276,1,255,114,4,0x0,0,1,200,444.0
409239692753,13277,1,255,114,4,0x0,0,1,200,-428.0
409239709075,13278,1,255,114,4,0x0,0,1,200,-1513.0
409239725848,13279,1,255,114,4,0x0,0,1,200,941.0
409239744609,13280,1,255,114,4,0x0,0,1,200,-612.0
409239759481,13281,1,255,114,4,0x0,0,1,200,-861.0
409239778633,13282,1,255,114,4,0x0,0,1,200,-753.0
409239795303,13283,1,255,114,4,0x0,0,1,200,-1469.0
409239809451,13284,1,255,114,4,0x0,0,1,200,-312.0
409239825868,13285,1,255,114,4,0x0,0,1,200,-455.0
409239843769,13286,1,255,114,4,0x0,0,1,200,-322.0
409239859733,13287,1,255,114,4,0x0,0,1,200,-755.0
409239876431,13288,1,255,114,4,0x0,0,1,200,694.0
409239892873,13289,1,255,114,4,0x0,0,1,200,-522.0
409239909494,13290,1,255,114,4,0x0,0,1,200,634.0
409239926888,13291,1,255,114,4,0x0,0,1,200,-775.0
409239943597,13292,1,255,114,4,0x0,0,1,200,1082.0
409239959546,13293,1,255,114,4,0x0,0,1,200,934.0
409239976932,13294,1,255,114,4,0x0,0,1,200,-1531.0
409239992777,13295,1,255,114,4,0x0,0,1,200,533.0
409240010320,13296,1,255,114,4,0x0,0,1,200,-1189.0
409240026785,13297,1,255,114,4,0x0,0,1,200,345.0
409240043423,13298,1,255,114,4,0x0,0,1,200,498.0
409240060553,13299,1,255,114,4,0x0,0,1,200,-713.0
409240076464,13300,1,255,114,4,0x0,0,1,200,-581.0
409240093500,13301,1,255,114,4,0x0,0,1,200,708.0
409240109792,13302,1,255,114,4,0x0,0,1,200,-567.0
409240126095,13303,1,255,114,4,0x0,0,1,200,632.0
409240144623,13304,1,255,114,4,0x0,0,1,200,-496.0
409240159677,13305,1,255,114,4,0x0,0,1,200,-164.0
409240176568,13306,1,255,114,4,0x0,0,1,200,284.0
409240193081,13307,1,255,114,4,0x0,0,1,200,1280.0
409240209640,13308,1,255,114,4,0x0,0,1,200,1453.0
409240226870,13309,1,255,114,4,0x0,0,1,200,-1054.0
409240243587,13310,1,255,114,4,0x0,0,1,200,-839.0
409240260426,13311,1,255,114,4,0x0,0,1,200,-841.0
409240276509,13312,1,255,114,4,0x0,0,1,200,604.0
409240294078,13313,1,255,114,4,0x0,0,1,200,699.0
409240309763,13314,1,255,114,4,0x0,0,1,200,1384.0
409240326928,13315,1,255,114,4,0x0,0,1,200,893.0
409240343496,13316,1,255,114,4,0x0,0,1,200,-1057.0
409240360261,13317,1,255,114,4,0x0,0,1,200,-104.0
409240376660,13318,1,255,114,4,0x0,0,1,200,-1053.0
409240393024,13319,1,255,114,4,0x0,0,1,200,1078.0
409240409968,13320,1,255,114,4,0x0,0,1,200,936.0
409240426701,13321,1,255,114,4,0x0,0,1,200,-168.0
409240444027,13322,1,255,114,4,0x0,0,1,200,1029.0
409240460469,13323,1,255,114,4,0x0,0,1,200,-88.0
409240477052,13324,1,255,114,4,0x0,0,1,200,272.0
409240493183,13325,1,255,114,4,0x0,0,1,200,1318.0
409240510125,13326,1,255,114,4,0x0,0,1,200,849.0
409240527966,13327,1,255,114,4,0x0,0,1,200,1789.0
409240544723,13328,1,255,114,4,0x0,0,1,200,-1109.0
409240560319,13329,1,255,114,4,0x0,0,1,200,-1186.0
409240577212,13330,1,255,114,4,0x0,0,1,200,-769.0
409240594383,13331,1,255,114,4,0x0,0,1,200,740.0
409240610981,13332,1,255,114,4,0x0,0,1,200,-199.0
409240626877,13333,1,255,114,4,0x0,0,1,200,1414.0
409240643967,13334,1,255,114,4,0x0,0,1,200,1397.0
409240661696,13335,1,255,114,4,0x0,0,1,200,-1099.0
409240677051,13336,1,255,114,4,0x0,0,1,200,253.0
409240694256,13337,1,255,114,4,0x0,0,1,200,-107.0
409240710289,13338,1,255,114,4,0x0,0,1,200,619.0
409240727120,13339,1,255,114,4,0x0,0,1,200,1230.0
409240744251,13340,1,255,114,4,0x0,0,1,200,1590.0
409240760606,13341,1,255,114,4,0x0,0,1,200,-1002.0
409240777213,13342,1,255,114,4,0x0,0,1,200,489.0
409240795987,13343,1,255,114,4,0x0,0,1,200,-183.0
409240810361,13344,1,255,114,4,0x0,0,1,200,987.0
409240827198,13345,1,255,114,4,0x0,0,1,200,-1444.0
409240844398,13346,1,255,114,4,0x0,0,1,200,-135.0
409240861330,13347,1,255,114,4,0x0,0,1,200,-192.0
409240877307,13348,1,255,114,4,0x0,0,1,200,915.0
409240893946,13349,1,255,114,4,0x0,0,1,200,927.0
409240911174,13350,1,255,114,4,0x0,0,1,200,947.0
409240927992,13351,1,255,114,4,0x0,0,1,200,-928.0
409240952566,13352,1,255,114,4,0x0,0,1,200,4073.0
409240961031,13353,1,255,114,4,0x0,0,1,200,2148.0
409240977392,13354,1,255,114,4,0x0,0,1,200,-463.0
409240994790,13355,1,255,114,4,0x0,0,1,200,-656.0
409241018992,13356,1,255,115,4,0x0,0,1,200,929.0
409241027466,13357,1,255,115,4,0x0,0,1,200,587.0
409241046139,13358,1,255,115,4,0x0,0,1,200,-1368.0
409241061203,13359,1,255,115,4,0x0,0,1,200,-325.0
409241077386,13360,1,255,115,4,0x0,0,1,200,832.0
409241094648,13361,1,255,115,4,0x0,0,1,200,-463.0
409241111169,13362,1,255,115,4,0x0,0,1,200,11.0
409241128031,13363,1,255,115,4,0x0,0,1,200,-684.0
409241144416,13364,1,255,115,4,0x0,0,1,200,1135.0
409241161904,13365,1,255,115,4,0x0,0,1,200,1527.0
409241177284,13366,1,255,115,4,0x0,0,1,200,298.0
409241194389,13367,1,255,115,4,0x0,0,1,200,384.0
409241210803,13368,1,255,115,4,0x0,0,1,200,1483.0
409241227658,13369,1,255,115,4,0x0,0,1,200,413.0
409241244260,13370,1,255,115,4,0x0,0,1,200,-136.0
409241260948,13371,1,255,115,4,0x0,0,1,200,-258.0
409241277338,13372,1,255,115,4,0x0,0,1,200,738.0
409241294030,13373,1,255,115,4,0x0,0,1,200,943.0
409241310958,13374,1,255,115,4,0x0,0,1,200,252.0
409241327581,13375,1,255,115,4,0x0,0,1,200,-1074.0
409241344527,13376,1,255,115,4,0x0,0,1,200,-414.0
409241361396,13377,1,255,115,4,0x0,0,1,200,-575.0
409241377656,13378,1,255,115,4,0x0,0,1,200,-976.0
409241395025,13379,1,255,115,4,0x0,0,1,200,-173.0
409241411159,13380,1,255,115,4,0x0,0,1,200,633.0
409241427330,13381,1,255,115,4,0x0,0,1,200,1552.0
409241444533,13382,1,255,115,4,0x0,0,1,200,234.0
409241461255,13383,1,255,115,4,0x0,0,1,200,-322.0
409241477825,13384,1,255,115,4,0x0,0,1,200,367.0
409241494873,13385,1,255,115,4,0x0,0,1,200,-1359.0
409241511459,13386,1,255,115,4,0x0,0,1,200,1182.0
409241528024,13387,1,255,115,4,0x0,0,1,200,-123.0
409241544896,13388,1,255,115,4,0x0,0,1,200,-537.0
409241561405,13389,1,255,115,4,0x0,0,1,200,1206.0
409241578293,13390,1,255,115,4,0x0,0,1,200,-404.0
409241594932,13391,1,255,115,4,0x0,0,1,200,747.0
409241611482,13392,1,255,115,4,0x0,0,1,200,246.0
409241627938,13393,1,255,115,4,0x0,0,1,200,1374.0
409241644602,13394,1,255,115,4,0x0,0,1,200,982.0
409241661777,13395,1,255,115,4,0x0,0,1,200,29.0
409241678007,13396,1,255,115,4,0x0,0,1,200,692.0
409241698036,13397,1,255,115,4,0x0,0,1,200,458.0
409241711861,13398,1,255,115,4,0x0,0,1,200,469.0
409241728190,13399,1,255,115,4,0x0,0,1,200,-543.0
409241745477,13400,1,255,115,4,0x0,0,1,200,-1052.0
409241761500,13401,1,255,115,4,0x0,0,1,200,-408.0
409241778752,13402,1,255,115,4,0x0,0,1,200,1445.0
409241794804,13403,1,255,115,4,0x0,0,1,200,447.0
409241811662,13404,1,255,115,4,0x0,0,1,200,-614.0
409241828294,13405,1,255,115,4,0x0,0,1,200,816.0
409241844975,13406,1,255,115,4,0x0,0,1,200,-1359.0
409241861349,13407,1,255,115,4,0x0,0,1,200,-1995.0
409241877967,13408,1,255,115,4,0x0,0,1,200,1451.0
409241895234,13409,1,255,115,4,0x0,0,1,200,-879.0
409241911228,13410,1,255,115,4,0x0,0,1,200,1316.0
409241928169,13411,1,255,115,4,0x0,0,1,200,1277.0
409241945272,13412,1,255,115,4,0x0,0,1,200,1253.0
409241961786,13413,1,255,116,4,0x0,0,1,200,353.0
409241978137,13414,1,255,116,4,0x0,0,1,200,951.0
409241994522,13415,1,255,116,4,0x0,0,1,200,721.0
409242011099,13416,1,255,116,4,0x0,0,1,200,-1260.0
409242027998,13417,1,255,116,4,0x0,0,1,200,179.0
409242045069,13418,1,255,116,4,0x0,0,1,200,-347.0
409242061597,13419,1,255,116,4,0x0,0,1,200,-23.0
409242077915,13420,1,255,116,4,0x0,0,1,200,360.0
409242094799,13421,1,255,116,4,0x0,0,1,200,784.0
409242111497,13422,1,255,116,4,0x0,0,1,200,190.0
409242127853,13423,1,255,116,4,0x0,0,1,200,-642.0
409242144611,13424,1,255,116,4,0x0,0,1,200,446.0
409242161271,13425,1,255,116,4,0x0,0,1,200,-1436.0
409242178076,13426,1,255,116,4,0x0,0,1,200,705.0
409242194912,13427,1,255,116,4,0x0,0,1,200,-1128.0
409242211320,13428,1,255,116,4,0x0,0,1,200,533.0
409242228255,13429,1,255,116,4,0x0,0,1,200,-291.0
409242244823,13430,1,255,116,4,0x0,0,1,200,555.0
409242261522,13431,1,255,116,4,0x0,0,1,200,531.0
409242277923,13432,1,255,116,4,0x0,0,1,200,-886.0
409242294627,13433,1,255,116,4,0x0,0,1,200,-723.0
409242312468,13434,1,255,116,4,0x0,0,1,200,-315.0
409242328693,13435,1,255,116,4,0x0,0,1,200,-727.0
409242344889,13436,1,255,116,4,0x0,0,1,200,329.0
409242361432,13437,1,255,116,4,0x0,0,1,200,637.0
409242378419,13438,1,255,116,4,0x0,0,1,200,-377.0
409242395175,13439,1,255,116,4,0x0,0,1,200,1010.0
409242411600,13440,1,255,116,4,0x0,0,1,200,710.0
409242429160,13441,1,255,116,4,0x0,0,1,200,641.0
409242445134,13442,1,255,116,4,0x0,0,1,200,807.0
409242462503,13443,1,255,116,4,0x0,0,1,200,4.0
409242478719,13444,1,255,116,4,0x0,0,1,200,327.0
409242494863,13445,1,255,116,4,0x0,0,1,200,1213.0
409242512033,13446,1,255,116,4,0x0,0,1,200,1257.0
409242529466,13447,1,255,116,4,0x0,0,1,200,1.0
409242545591,13448,1,255,116,4,0x0,0,1,200,-261.0
409242561898,13449,1,255,116,4,0x0,0,1,200,-74.0
409242578784,13450,1,255,116,4,0x0,0,1,200,-377.0
409242594821,13451,1,255,116,4,0x0,0,1,200,741.0
409242611889,13452,1,255,116,4,0x0,0,1,200,1136.0
409242629415,13453,1,255,116,4,0x0,0,1,200,-225.0
409242645212,13454,1,255,116,4,0x0,0,1,200,499.0
409242661867,13455,1,255,116,4,0x0,0,1,200,-672.0
409242678671,13456,1,255,116,4,0x0,0,1,200,592.0
409242695111,13457,1,255,116,4,0x0,0,1,200,507.0
409242711900,13458,1,255,116,4,0x0,0,1,200,664.0
409242729090,13459,1,255,116,4,0x0,0,1,200,-508.0
409242745528,13460,1,255,116,4,0x0,0,1,200,-1001.0
409242761770,13461,1,255,116,4,0x0,0,1,200,1033.0
409242778805,13462,1,255,116,4,0x0,0,1,200,184.0
409242795180,13463,1,255,116,4,0x0,0,1,200,-30.0
409242812075,13464,1,255,116,4,0x0,0,1,200,758.0
409242828655,13465,1,255,116,4,0x0,0,1,200,172.0
409242845729,13466,1,255,116,4,0x0,0,1,200,908.0
409242862056,13467,1,255,116,4,0x0,0,1,200,611.0
409242878622,13468,1,255,116,4,0x0,0,1,200,502.0
409242895704,13469,1,255,116,4,0x0,0,1,200,-346.0
409242911996,13470,1,255,116,4,0x0,0,1,200,815.0
409242929054,13471,1,255,116,4,0x0,0,1,200,551.0
409242945596,13472,1,255,116,4,0x0,0,1,200,292.0
409242962074,13473,1,255,116,4,0x0,0,1,200,-649.0
409242978604,13474,1,255,116,4,0x0,0,1,200,487.0
409242995670,13475,1,255,116,4,0x0,0,1,200,-864.0
409243012371,13476,1,255,116,4,0x0,0,1,200,466.0
409243028742,13477,1,255,116,4,0x0,0,1,200,1248.0
409243045647,13478,1,255,116,4,0x0,0,1,200,453.0
409243062049,13479,1,255,116,4,0x0,0,1,200,-399.0
409243079137,13480,1,255,116,4,0x0,0,1,200,-261.0
409243095462,13481,1,255,116,4,0x0,0,1,200,223.0
409243112500,13482,1,255,116,4,0x0,0,1,200,621.0
409243129089,13483,1,255,116,4,0x0,0,1,200,609.0
409243146377,13484,1,255,116,4,0x0,0,1,200,-120.0
409243163025,13485,1,255,116,4,0x0,0,1,200,-141.0
409243178943,13486,1,255,116,4,0x0,0,1,200,292.0
409243195515,13487,1,255,116,4,0x0,0,1,200,-644.0
409243212403,13488,1,255,116,4,0x0,0,1,200,810.0
409243229412,13489,1,255,116,4,0x0,0,1,200,-61.0
409243245706,13490,1,255,116,4,0x0,0,1,200,955.0
409243262505,13491,1,255,116,4,0x0,0,1,200,-368.0
409243278913,13492,1,255,116,4,0x0,0,1,200,839.0
409243296045,13493,1,255,116,4,0x0,0,1,200,1091.0
409243312306,13494,1,255,116,4,0x0,0,1,200,-1078.0
409243329644,13495,1,255,116,4,0x0,0,1,200,183.0
409243345997,13496,1,255,116,4,0x0,0,1,200,-207.0
409243362266,13497,1,255,116,4,0x0,0,1,200,-911.0
409243379293,13498,1,255,116,4,0x0,0,1,200,188.0
409243395868,13499,1,255,116,4,0x0,0,1,200,743.0
409243412843,13500,1,255,116,4,0x0,0,1,200,925.0
409243429242,13501,1,255,116,4,0x0,0,1,200,168.0
409243445768,13502,1,255,116,4,0x0,0,1,200,525.0
409243462545,13503,1,255,116,4,0x0,0,1,200,-617.0
409243479132,13504,1,255,116,4,0x0,0,1,200,-281.0
409243496109,13505,1,255,116,4,0x0,0,1,200,-229.0
409243512721,13506,1,255,116,4,0x0,0,1,200,-186.0
409243529603,13507,1,255,116,4,0x0,0,1,200,-599.0
409243545906,13508,1,255,116,4,0x0,0,1,200,-50.0
409243563043,13509,1,255,116,4,0x0,0,1,200,267.0
409243579297,13510,1,255,116,4,0x0,0,1,200,155.0
409243596177,13511,1,255,116,4,0x0,0,1,200,-845.0
409243612798,13512,1,255,116,4,0x0,0,1,200,-546.0
409243629582,13513,1,255,116,4,0x0,0,1,200,785.0
409243646197,13514,1,255,116,4,0x0,0,1,200,-885.0
409243662885,13515,1,255,116,4,0x0,0,1,200,-995.0
409243679638,13516,1,255,116,4,0x0,0,1,200,268.0
409243696146,13517,1,255,116,4,0x0,0,1,200,-64.0
409243712857,13518,1,255,116,4,0x0,0,1,200,-727.0
409243729441,13519,1,255,116,4,0x0,0,1,200,405.0
409243747286,13520,1,255,116,4,0x0,0,1,200,787.0
409243763057,13521,1,255,116,4,0x0,0,1,200,-609.0
409243779685,13522,1,255,116,4,0x0,0,1,200,922.0
409243796273,13523,1,255,116,4,0x0,0,1,200,-766.0
409243812804,13524,1,255,116,4,0x0,0,1,200,757.0
409243829578,13525,1,255,116,4,0x0,0,1,200,-56.0
409243846311,13526,1,255,116,4,0x0,0,1,200,-877.0
409243863245,13527,1,255,116,4,0x0,0,1,200,-168.0
409243879662,13528,1,255,116,4,0x0,0,1,200,399.0
409243896208,13529,1,255,116,4,0x0,0,1,200,-908.0
409243912995,13530,1,255,116,4,0x0,0,1,200,412.0
409243929812,13531,1,255,116,4,0x0,0,1,200,-394.0
409243946461,13532,1,255,116,4,0x0,0,1,200,533.0
409243963330,13533,1,255,116,4,0x0,0,1,200,302.0
409243979837,13534,1,255,116,4,0x0,0,1,200,972.0
409243996559,13535,1,255,116,4,0x0,0,1,200,-94.0
409244013288,13536,1,255,116,4,0x0,0,1,200,-637.0
409244030118,13537,1,255,117,4,0x0,0,1,200,553.0
409244046818,13538,1,255,117,4,0x0,0,1,200,-153.0
409244062976,13539,1,255,117,4,0x0,0,1,200,-893.0
409244080821,13540,1,255,117,4,0x0,0,1,200,-20.0
409244096580,13541,1,255,117,4,0x0,0,1,200,-430.0
409244113254,13542,1,255,117,4,0x0,0,1,200,762.0
409244130763,13543,1,255,117,4,0x0,0,1,200,-902.0
409244146542,13544,1,255,117,4,0x0,0,1,200,-526.0
409244163390,13545,1,255,117,4,0x0,0,1,200,268.0
409244180676,13546,1,255,117,4,0x0,0,1,200,-966.0
409244196753,13547,1,255,117,4,0x0,0,1,200,945.0
409244213378,13548,1,255,117,4,0x0,0,1,200,262.0
409244229915,13549,1,255,117,4,0x0,0,1,200,-128.0
409244246782,13550,1,255,117,4,0x0,0,1,200,-197.0
409244263170,13551,1,255,117,4,0x0,0,1,200,-943.0
409244280235,13552,1,255,117,4,0x0,0,1,200,-68.0
409244297013,13553,1,255,117,4,0x0,0,1,200,-715.0
409244313731,13554,1,255,117,4,0x0,0,1,200,-129.0
409244330204,13555,1,255,117,4,0x0,0,1,200,-55.0
409244347027,13556,1,255,117,4,0x0,0,1,200,-776.0
409244365023,13557,1,255,117,4,0x0,0,1,200,-25.0
409244380408,13558,1,255,117,4,0x0,0,1,200,785.0
409244396932,13559,1,255,117,4,0x0,0,1,200,768.0
409244415532,13560,1,255,117,4,0x0,0,1,200,-444.0
409244430547,13561,1,255,117,4,0x0,0,1,200,-401.0
409244447092,13562,1,255,117,4,0x0,0,1,200,-317.0
409244463441,13563,1,255,117,4,0x0,0,1,200,845.0
409244480679,13564,1,255,117,4,0x0,0,1,200,-366.0
409244497833,13565,1,255,117,4,0x0,0,1,200,-290.0
409244513778,13566,1,255,117,4,0x0,0,1,200,449.0
409244530414,13567,1,255,117,4,0x0,0,1,200,-115.0
409244547014,13568,1,255,117,4,0x0,0,1,200,-761.0
409244563765,13569,1,255,117,4,0x0,0,1,200,185.0
409244580505,13570,1,255,117,4,0x0,0,1,200,-664.0
409244597159,13571,1,255,117,4,0x0,0,1,200,953.0
409244613769,13572,1,255,117,4,0x0,0,1,200,1353.0
409244630277,13573,1,255,117,4,0x0,0,1,200,-400.0
409244647309,13574,1,255,117,4,0x0,0,1,200,546.0
409244664152,13575,1,255,117,4,0x0,0,1,200,-402.0
409244680730,13576,1,255,117,4,0x0,0,1,200,-381.0
409244697078,13577,1,255,117,4,0x0,0,1,200,-741.0
409244714079,13578,1,255,117,4,0x0,0,1,200,362.0
409244730430,13579,1,255,117,4,0x0,0,1,200,1452.0
409244747565,13580,1,255,117,4,0x0,0,1,200,794.0
409244764031,13581,1,255,117,4,0x0,0,1,200,-356.0
409244780614,13582,1,255,117,4,0x0,0,1,200,807.0
409244797101,13583,1,255,117,4,0x0,0,1,200,-878.0
409244813957,13584,1,255,117,4,0x0,0,1,200,1235.0
409244830598,13585,1,255,117,4,0x0,0,1,200,-711.0
409244847210,13586,1,255,117,4,0x0,0,1,200,654.0
409244863951,13587,1,255,117,4,0x0,0,1,200,481.0
409244880734,13588,1,255,117,4,0x0,0,1,200,-338.0
409244897825,13589,1,255,117,4,0x0,0,1,200,159.0
409244913992,13590,1,255,117,4,0x0,0,1,200,412.0
409244930772,13591,1,255,117,4,0x0,0,1,200,-246.0
409244947371,13592,1,255,117,4,0x0,0,1,200,-769.0
409244964085,13593,1,255,117,4,0x0,0,1,200,42.0
409244980615,13594,1,255,117,4,0x0,0,1,200,-567.0
409244997195,13595,1,255,118,4,0x0,0,1,200,955.0
409245014353,13596,1,255,118,4,0x0,0,1,200,-49.0
409245030630,13597,1,255,118,4,0x0,0,1,200,-535.0
409245047630,13598,1,255,118,4,0x0,0,1,200,543.0
409245064154,13599,1,255,118,4,0x0,0,1,200,530.0
409245080859,13600,1,255,118,4,0x0,0,1,200,869.0
409245097556,13601,1,255,118,4,0x0,0,1,200,433.0
409245114009,13602,1,255,118,4,0x0,0,1,200,714.0
409245131253,13603,1,255,118,4,0x0,0,1,200,-433.0
409245147594,13604,1,255,118,4,0x0,0,1,200,-976.0
409245164307,13605,1,255,118,4,0x0,0,1,200,-98.0
409245181025,13606,1,255,118,4,0x0,0,1,200,546.0
409245197804,13607,1,255,118,4,0x0,0,1,200,305.0
409245214593,13608,1,255,118,4,0x0,0,1,200,-447.0
409245231087,13609,1,255,118,4,0x0,0,1,200,-683.0
409245247627,13610,1,255,118,4,0x0,0,1,200,465.0
409245264778,13611,1,255,118,4,0x0,0,1,200,182.0
409245280918,13612,1,255,118,4,0x0,0,1,200,1023.0
409245297561,13613,1,255,118,4,0x0,0,1,200,-934.0
409245314497,13614,1,255,118,4,0x0,0,1,200,195.0
409245331239,13615,1,255,118,4,0x0,0,1,200,-598.0
409245348022,13616,1,255,118,4,0x0,0,1,200,755.0
409245364486,13617,1,255,118,4,0x0,0,1,200,917.0
409245381373,13618,1,255,118,4,0x0,0,1,200,182.0
409245398853,13619,1,255,118,4,0x0,0,1,200,-676.0
409245414389,13620,1,255,118,4,0x0,0,1,200,854.0
409245431405,13621,1,255,118,4,0x0,0,1,200,-104.0
409245448180,13622,1,255,118,4,0x0,0,1,200,-622.0
409245464738,13623,1,255,118,4,0x0,0,1,200,-42.0
409245481440,13624,1,255,118,4,0x0,0,1,200,-670.0
409245497856,13625,1,255,118,4,0x0,0,1,200,-739.0
409245514532,13626,1,255,118,4,0x0,0,1,200,248.0
409245531849,13627,1,255,118,4,0x0,0,1,200,838.0
409245547976,13628,1,255,118,4,0x0,0,1,200,735.0
409245564696,13629,1,255,118,4,0x0,0,1,200,-1022.0
409245581766,13630,1,255,118,4,0x0,0,1,200,-44.0
409245598892,13631,1,255,118,4,0x0,0,1,200,-71.0
409245614623,13632,1,255,118,4,0x0,0,1,200,701.0
409245631502,13633,1,255,118,4,0x0,0,1,200,-273.0
409245648135,13634,1,255,118,4,0x0,0,1,200,594.0
409245664632,13635,1,255,118,4,0x0,0,1,200,-818.0
409245681445,13636,1,255,118,4,0x0,0,1,200,708.0
409245698703,13637,1,255,118,4,0x0,0,1,200,-559.0
409245715262,13638,1,255,118,4,0x0,0,1,200,-78.0
409245731558,13639,1,255,118,4,0x0,0,1,200,348.0
409245748121,13640,1,255,118,4,0x0,0,1,200,1079.0
409245766948,13641,1,255,118,4,0x0,0,1,200,-293.0
409245781629,13642,1,255,118,4,0x0,0,1,200,-213.0
409245798187,13643,1,255,118,4,0x0,0,1,200,-381.0
409245814885,13644,1,255,118,4,0x0,0,1,200,461.0
409245831555,13645,1,255,118,4,0x0,0,1,200,1035.0
409245848364,13646,1,255,118,4,0x0,0,1,200,268.0
409245864984,13647,1,255,118,4,0x0,0,1,200,-9.0
409245881743,13648,1,255,118,4,0x0,0,1,200,898.0
409245898294,13649,1,255,118,4,0x0,0,1,200,688.0
409245915125,13650,1,255,118,4,0x0,0,1,200,-268.0
409245931591,13651,1,255,118,4,0x0,0,1,200,871.0
409245948459,13652,1,255,118,4,0x0,0,1,200,475.0
409245965436,13653,1,255,118,4,0x0,0,1,200,-597.0
409245981809,13654,1,255,118,4,0x0,0,1,200,790.0
409245998673,13655,1,255,119,4,0x0,0,1,200,-52.0
409246015202,13656,1,255,119,4,0x0,0,1,200,-20.0
409246031682,13657,1,255,119,4,0x0,0,1,200,797.0
409246048910,13658,1,255,119,4,0x0,0,1,200,-1172.0
409246065246,13659,1,255,119,4,0x0,0,1,200,-70.0
409246082144,13660,1,255,119,4,0x0,0,1,200,-989.0
409246098459,13661,1,255,119,4,0x0,0,1,200,915.0
409246115335,13662,1,255,119,4,0x0,0,1,200,-306.0
409246132343,13663,1,255,119,4,0x0,0,1,200,-11.0
409246148728,13664,1,255,119,4,0x0,0,1,200,567.0
409246165456,13665,1,255,119,4,0x0,0,1,200,643.0
409246181771,13666,1,255,119,4,0x0,0,1,200,-1051.0
409246198574,13667,1,255,119,4,0x0,0,1,200,226.0
409246216172,13668,1,255,119,4,0x0,0,1,200,-53.0
409246231823,13669,1,255,119,4,0x0,0,1,200,912.0
409246248698,13670,1,255,119,4,0x0,0,1,200,-53.0
409246265150,13671,1,255,119,4,0x0,0,1,200,1354.0
409246282051,13672,1,255,119,4,0x0,0,1,200,290.0
409246298971,13673,1,255,119,4,0x0,0,1,200,824.0
409246315324,13674,1,255,119,4,0x0,0,1,200,-136.0
409246332138,13675,1,255,119,4,0x0,0,1,200,-632.0
409246348871,13676,1,255,119,4,0x0,0,1,200,475.0
409246365264,13677,1,255,119,4,0x0,0,1,200,-559.0
409246382124,13678,1,255,119,4,0x0,0,1,200,560.0
409246398670,13679,1,255,119,4,0x0,0,1,200,192.0
409246415779,13680,1,255,119,4,0x0,0,1,200,968.0
409246432496,13681,1,255,119,4,0x0,0,1,200,266.0
409246449401,13682,1,255,119,4,0x0,0,1,200,-259.0
409246465605,13683,1,255,119,4,0x0,0,1,200,685.0
409246482089,13684,1,255,119,4,0x0,0,1,200,196.0
409246498924,13685,1,255,119,4,0x0,0,1,200,-626.0
409246515360,13686,1,255,119,4,0x0,0,1,200,952.0
409246532446,13687,1,255,119,4,0x0,0,1,200,-79.0
409246549153,13688,1,255,119,4,0x0,0,1,200,-303.0
409246565397,13689,1,255,119,4,0x0,0,1,200,-1139.0
409246582281,13690,1,255,119,4,0x0,0,1,200,-197.0
409246598919,13691,1,255,119,4,0x0,0,1,200,801.0
409246615754,13692,1,255,119,4,0x0,0,1,200,250.0
409246632449,13693,1,255,119,4,0x0,0,1,200,-254.0
409246649055,13694,1,255,119,4,0x0,0,1,200,-1269.0
409246665968,13695,1,255,119,4,0x0,0,1,200,-589.0
409246682337,13696,1,255,119,4,0x0,0,1,200,966.0
409246698892,13697,1,255,119,4,0x0,0,1,200,479.0
409246715964,13698,1,255,119,4,0x0,0,1,200,-349.0
409246732972,13699,1,255,119,4,0x0,0,1,200,551.0
409246749024,13700,1,255,119,4,0x0,0,1,200,507.0
409246765786,13701,1,255,119,4,0x0,0,1,200,1078.0
409246782707,13702,1,255,119,4,0x0,0,1,200,364.0
409246799271,13703,1,255,119,4,0x0,0,1,200,-106.0
409246815792,13704,1,255,119,4,0x0,0,1,200,-849.0
409246832698,13705,1,255,119,4,0x0,0,1,200,382.0
409246849234,13706,1,255,119,4,0x0,0,1,200,-220.0
409246865778,13707,1,255,119,4,0x0,0,1,200,960.0
409246882693,13708,1,255,119,4,0x0,0,1,200,729.0
409246899134,13709,1,255,119,4,0x0,0,1,200,468.0
409246916088,13710,1,255,119,4,0x0,0,1,200,-319.0
409246932732,13711,1,255,119,4,0x0,0,1,200,796.0
409246949413,13712,1,255,119,4,0x0,0,1,200,168.0
409246966033,13713,1,255,119,4,0x0,0,1,200,423.0
409246982623,13714,1,255,119,4,0x0,0,1,200,701.0
409246999300,13715,1,255,119,4,0x0,0,1,200,947.0
409247016174,13716,1,255,119,4,0x0,0,1,200,382.0
409247033038,13717,1,255,119,4,0x0,0,1,200,-271.0
409247049386,13718,1,255,119,4,0x0,0,1,200,-832.0
409247065949,13719,1,255,119,4,0x0,0,1,200,151.0
409247082803,13720,1,255,119,4,0x0,0,1,200,-324.0
409247099354,13721,1,255,119,4,0x0,0,1,200,688.0
409247116046,13722,1,255,119,4,0x0,0,1,200,172.0
409247132974,13723,1,255,119,4,0x0,0,1,200,657.0
409247149717,13724,1,255,119,4,0x0,0,1,200,1105.0
409247166231,13725,1,255,119,4,0x0,0,1,200,-426.0
409247182913,13726,1,255,119,4,0x0,0,1,200,702.0
409247199916,13727,1,255,119,4,0x0,0,1,200,179.0
409247216570,13728,1,255,119,4,0x0,0,1,200,361.0
409247233033,13729,1,255,119,4,0x0,0,1,200,-234.0
409247249634,13730,1,255,119,4,0x0,0,1,200,-453.0
409247266458,13731,1,255,119,4,0x0,0,1,200,-786.0
409247283109,13732,1,255,119,4,0x0,0,1,200,215.0
409247299739,13733,1,255,119,4,0x0,0,1,200,41.0
409247316642,13734,1,255,119,4,0x0,0,1,200,-804.0
409247333142,13735,1,255,119,4,0x0,0,1,200,509.0
409247349963,13736,1,255,119,4,0x0,0,1,200,-1301.0
409247366419,13737,1,255,119,4,0x0,0,1,200,371.0
409247383099,13738,1,255,119,4,0x0,0,1,200,-396.0
409247399619,13739,1,255,119,4,0x0,0,1,200,-759.0
409247416386,13740,1,255,119,4,0x0,0,1,200,-514.0
409247432995,13741,1,255,119,4,0x0,0,1,200,-292.0
409247450066,13742,1,255,119,4,0x0,0,1,200,-446.0
409247466793,13743,1,255,119,4,0x0,0,1,200,857.0
409247483349,13744,1,255,119,4,0x0,0,1,200,490.0
409247499931,13745,1,255,119,4,0x0,0,1,200,-45.0
409247516636,13746,1,255,119,4,0x0,0,1,200,-689.0
409247533341,13747,1,255,119,4,0x0,0,1,200,316.0
409247549862,13748,1,255,119,4,0x0,0,1,200,-139.0
409247566908,13749,1,255,119,4,0x0,0,1,200,-101.0
409247583309,13750,1,255,119,4,0x0,0,1,200,549.0
409247600258,13751,1,255,119,4,0x0,0,1,200,-456.0
409247616843,13752,1,255,119,4,0x0,0,1,200,918.0
409247633311,13753,1,255,119,4,0x0,0,1,200,-168.0
409247650222,13754,1,255,119,4,0x0,0,1,200,-391.0
409247666751,13755,1,255,119,4,0x0,0,1,200,990.0
409247683413,13756,1,255,119,4,0x0,0,1,200,563.0
409247700150,13757,1,255,119,4,0x0,0,1,200,-480.0
409247717112,13758,1,255,119,4,0x0,0,1,200,219.0
409247733344,13759,1,255,119,4,0x0,0,1,200,334.0
409247750570,13760,1,255,119,4,0x0,0,1,200,-776.0
409247767378,13761,1,255,119,4,0x0,0,1,200,-261.0
409247783566,13762,1,255,119,4,0x0,0,1,200,159.0
409247800256,13763,1,255,119,4,0x0,0,1,200,-451.0
409247817467,13764,1,255,119,4,0x0,0,1,200,159.0
409247833790,13765,1,255,119,4,0x0,0,1,200,-86.0
409247850375,13766,1,255,119,4,0x0,0,1,200,-508.0
409247867483,13767,1,255,119,4,0x0,0,1,200,185.0
409247883755,13768,1,255,119,4,0x0,0,1,200,-1.0
409247900247,13769,1,255,119,4,0x0,0,1,200,-599.0
409247917075,13770,1,255,119,4,0x0,0,1,200,-140.0
409247933739,13771,1,255,119,4,0x0,0,1,200,74.0
409247950537,13772,1,255,119,4,0x0,0,1,200,541.0
409247966882,13773,1,255,119,4,0x0,0,1,200,764.0
409247983896,13774,1,255,119,4,0x0,0,1,200,894.0
409248000614,13775,1,255,119,4,0x0,0,1,200,222.0
409248017654,13776,1,255,119,4,0x0,0,1,200,180.0
409248033832,13777,1,255,120,4,0x0,0,1,200,-174.0
409248050637,13778,1,255,120,4,0x0,0,1,200,-912.0
409248066946,13779,1,255,120,4,0x0,0,1,200,842.0
409248083903,13780,1,255,120,4,0x0,0,1,200,1080.0
409248100625,13781,1,255,120,4,0x0,0,1,200,-661.0
409248117165,13782,1,255,120,4,0x0,0,1,200,416.0
409248133919,13783,1,255,120,4,0x0,0,1,200,-65.0
409248150512,13784,1,255,120,4,0x0,0,1,200,-812.0
409248167380,13785,1,255,120,4,0x0,0,1,200,452.0
409248183922,13786,1,255,120,4,0x0,0,1,200,994.0
409248200441,13787,1,255,120,4,0x0,0,1,200,-1191.0
409248217367,13788,1,255,120,4,0x0,0,1,200,315.0
409248234038,13789,1,255,120,4,0x0,0,1,200,-369.0
409248250588,13790,1,255,120,4,0x0,0,1,200,-371.0
409248267211,13791,1,255,120,4,0x0,0,1,200,438.0
409248283813,13792,1,255,120,4,0x0,0,1,200,-171.0
409248300575,13793,1,255,120,4,0x0,0,1,200,290.0
409248317536,13794,1,255,120,4,0x0,0,1,200,267.0
409248334156,13795,1,255,120,4,0x0,0,1,200,873.0
409248350717,13796,1,255,120,4,0x0,0,1,200,-1054.0
409248367262,13797,1,255,120,4,0x0,0,1,200,524.0
409248384392,13798,1,255,120,4,0x0,0,1,200,-370.0
409248400731,13799,1,255,120,4,0x0,0,1,200,-872.0
409248417860,13800,1,255,120,4,0x0,0,1,200,1237.0
409248434181,13801,1,255,120,4,0x0,0,1,200,-312.0
409248450945,13802,1,255,120,4,0x0,0,1,200,178.0
409248467827,13803,1,255,120,4,0x0,0,1,200,-180.0
409248484181,13804,1,255,120,4,0x0,0,1,200,463.0
409248501531,13805,1,255,120,4,0x0,0,1,200,167.0
409248517939,13806,1,255,120,4,0x0,0,1,200,-292.0
409248534165,13807,1,255,120,4,0x0,0,1,200,963.0
409248551245,13808,1,255,120,4,0x0,0,1,200,-128.0
409248567671,13809,1,255,120,4,0x0,0,1,200,1177.0
409248584416,13810,1,255,120,4,0x0,0,1,200,-367.0
409248600920,13811,1,255,120,4,0x0,0,1,200,755.0
409248617490,13812,1,255,120,4,0x0,0,1,200,163.0
409248634502,13813,1,255,120,4,0x0,0,1,200,714.0
409248651340,13814,1,255,120,4,0x0,0,1,200,331.0
409248667513,13815,1,255,120,4,0x0,0,1,200,338.0
409248684504,13816,1,255,120,4,0x0,0,1,200,654.0
409248700975,13817,1,255,120,4,0x0,0,1,200,626.0
409248718271,13818,1,255,120,4,0x0,0,1,200,-406.0
409248734569,13819,1,255,120,4,0x0,0,1,200,-845.0
409248751579,13820,1,255,120,4,0x0,0,1,200,483.0
409248767637,13821,1,255,120,4,0x0,0,1,200,1552.0
409248784436,13822,1,255,120,4,0x0,0,1,200,568.0
409248801257,13823,1,255,120,4,0x0,0,1,200,725.0
409248818116,13824,1,255,120,4,0x0,0,1,200,-263.0
409248834585,13825,1,255,120,4,0x0,0,1,200,-952.0
409248851413,13826,1,255,120,4,0x0,0,1,200,310.0
409248868093,13827,1,255,120,4,0x0,0,1,200,-827.0
409248884694,13828,1,255,120,4,0x0,0,1,200,-309.0
409248901206,13829,1,255,120,4,0x0,0,1,200,427.0
409248917901,13830,1,255,120,4,0x0,0,1,200,-242.0
409248934942,13831,1,255,120,4,0x0,0,1,200,461.0
409248951204,13832,1,255,120,4,0x0,0,1,200,448.0
409248968144,13833,1,255,120,4,0x0,0,1,200,-354.0
409248984893,13834,1,255,120,4,0x0,0,1,200,858.0
409249001411,13835,1,255,120,4,0x0,0,1,200,-1212.0
409249018092,13836,1,255,121,4,0x0,0,1,200,998.0
409249035105,13837,1,255,121,4,0x0,0,1,200,560.0
409249051366,13838,1,255,121,4,0x0,0,1,200,336.0
409249068630,13839,1,255,121,4,0x0,0,1,200,250.0
409249085746,13840,1,255,121,4,0x0,0,1,200,-685.0
409249101408,13841,1,255,121,4,0x0,0,1,200,536.0
409249118463,13842,1,255,121,4,0x0,0,1,200,-360.0
409249135078,13843,1,255,121,4,0x0,0,1,200,-1389.0
409249151375,13844,1,255,121,4,0x0,0,1,200,393.0
409249168187,13845,1,255,121,4,0x0,0,1,200,-528.0
409249185089,13846,1,255,121,4,0x0,0,1,200,529.0
409249201637,13847,1,255,121,4,0x0,0,1,200,-942.0
409249218203,13848,1,255,121,4,0x0,0,1,200,967.0
409249234872,13849,1,255,121,4,0x0,0,1,200,867.0
409249251560,13850,1,255,121,4,0x0,0,1,200,213.0
409249268269,13851,1,255,121,4,0x0,0,1,200,-459.0
409249285061,13852,1,255,121,4,0x0,0,1,200,534.0
409249301724,13853,1,255,121,4,0x0,0,1,200,-65.0
409249318692,13854,1,255,121,4,0x0,0,1,200,307.0
409249335263,13855,1,255,121,4,0x0,0,1,200,459.0
409249351832,13856,1,255,121,4,0x0,0,1,200,22.0
409249368263,13857,1,255,121,4,0x0,0,1,200,-258.0
409249385228,13858,1,255,121,4,0x0,0,1,200,698.0
409249401685,13859,1,255,121,4,0x0,0,1,200,192.0
409249418508,13860,1,255,121,4,0x0,0,1,200,637.0
409249435287,13861,1,255,121,4,0x0,0,1,200,565.0
409249451741,13862,1,255,121,4,0x0,0,1,200,-134.0
409249468400,13863,1,255,121,4,0x0,0,1,200,-780.0
409249485261,13864,1,255,121,4,0x0,0,1,200,486.0
409249501877,13865,1,255,121,4,0x0,0,1,200,813.0
409249518554,13866,1,255,121,4,0x0,0,1,200,-625.0
409249535258,13867,1,255,121,4,0x0,0,1,200,-111.0
409249551886,13868,1,255,121,4,0x0,0,1,200,-99.0
409249568408,13869,1,255,121,4,0x0,0,1,200,265.0
409249585250,13870,1,255,121,4,0x0,0,1,200,586.0
409249601881,13871,1,255,121,4,0x0,0,1,200,-127.0
409249619086,13872,1,255,121,4,0x0,0,1,200,-33.0
409249635335,13873,1,255,121,4,0x0,0,1,200,351.0
409249652079,13874,1,255,121,4,0x0,0,1,200,1000.0
409249668924,13875,1,255,121,4,0x0,0,1,200,816.0
409249685246,13876,1,255,121,4,0x0,0,1,200,723.0
409249702137,13877,1,255,121,4,0x0,0,1,200,-422.0
409249719032,13878,1,255,121,4,0x0,0,1,200,238.0
409249735701,13879,1,255,121,4,0x0,0,1,200,-47.0
409249753156,13880,1,255,121,4,0x0,0,1,200,-379.0
409249768887,13881,1,255,121,4,0x0,0,1,200,956.0
409249785414,13882,1,255,121,4,0x0,0,1,200,316.0
409249802198,13883,1,255,121,4,0x0,0,1,200,786.0
409249818974,13884,1,255,121,4,0x0,0,1,200,714.0
409249835564,13885,1,255,121,4,0x0,0,1,200,240.0
409249852244,13886,1,255,121,4,0x0,0,1,200,-283.0
409249868843,13887,1,255,121,4,0x0,0,1,200,-982.0
409249886232,13888,1,255,121,4,0x0,0,1,200,-621.0
409249902138,13889,1,255,121,4,0x0,0,1,200,810.0
409249919129,13890,1,255,121,4,0x0,0,1,200,596.0
409249935477,13891,1,255,121,4,0x0,0,1,200,384.0
409249952336,13892,1,255,121,4,0x0,0,1,200,-687.0
409249969134,13893,1,255,121,4,0x0,0,1,200,502.0
409249985776,13894,1,255,121,4,0x0,0,1,200,-19.0
409250002445,13895,1,255,121,4,0x0,0,1,200,-605.0
409250019144,13896,1,255,121,4,0x0,0,1,200,458.0
409250035583,13897,1,255,121,4,0x0,0,1,200,-11.0
409250052434,13898,1,255,122,4,0x0,0,1,200,-822.0
409250069083,13899,1,255,122,4,0x0,0,1,200,570.0
409250086042,13900,1,255,122,4,0x0,0,1,200,-213.0
409250102413,13901,1,255,122,4,0x0,0,1,200,705.0
409250119031,13902,1,255,122,4,0x0,0,1,200,550.0
409250135786,13903,1,255,122,4,0x0,0,1,200,-61.0
409250152512,13904,1,255,122,4,0x0,0,1,200,-770.0
409250169618,13905,1,255,122,4,0x0,0,1,200,-141.0
409250186069,13906,1,255,122,4,0x0,0,1,200,769.0
409250202460,13907,1,255,122,4,0x0,0,1,200,380.0
409250219314,13908,1,255,122,4,0x0,0,1,200,-384.0
409250235968,13909,1,255,122,4,0x0,0,1,200,597.0
409250252813,13910,1,255,122,4,0x0,0,1,200,-77.0
409250269245,13911,1,255,122,4,0x0,0,1,200,-504.0
409250286034,13912,1,255,122,4,0x0,0,1,200,562.0
409250302592,13913,1,255,122,4,0x0,0,1,200,321.0
409250319626,13914,1,255,122,4,0x0,0,1,200,666.0
409250335865,13915,1,255,122,4,0x0,0,1,200,724.0
409250352808,13916,1,255,122,4,0x0,0,1,200,1421.0
409250369339,13917,1,255,122,4,0x0,0,1,200,546.0
409250385951,13918,1,255,122,4,0x0,0,1,200,714.0
409250402788,13919,1,255,122,4,0x0,0,1,200,-127.0
409250419417,13920,1,255,122,4,0x0,0,1,200,422.0
409250436608,13921,1,255,122,4,0x0,0,1,200,47.0
409250452820,13922,1,255,122,4,0x0,0,1,200,791.0
409250469580,13923,1,255,122,4,0x0,0,1,200,160.0
409250486243,13924,1,255,122,4,0x0,0,1,200,1235.0
409250502721,13925,1,255,122,4,0x0,0,1,200,1080.0
409250519626,13926,1,255,122,4,0x0,0,1,200,182.0
409250536336,13927,1,255,122,4,0x0,0,1,200,-307.0
409250552914,13928,1,255,122,4,0x0,0,1,200,728.0
409250569552,13929,1,255,122,4,0x0,0,1,200,213.0
409250586072,13930,1,255,122,4,0x0,0,1,200,-181.0
409250603124,13931,1,255,122,4,0x0,0,1,200,518.0
409250619642,13932,1,255,122,4,0x0,0,1,200,-882.0
409250636440,13933,1,255,122,4,0x0,0,1,200,778.0
409250653008,13934,1,255,122,4,0x0,0,1,200,859.0
409250669787,13935,1,255,122,4,0x0,0,1,200,-66.0
409250686342,13936,1,255,122,4,0x0,0,1,200,-331.0
409250703157,13937,1,255,122,4,0x0,0,1,200,429.0
409250719544,13938,1,255,122,4,0x0,0,1,200,194.0
409250736423,13939,1,255,122,4,0x0,0,1,200,363.0
409250752987,13940,1,255,122,4,0x0,0,1,200,606.0
409250770338,13941,1,255,122,4,0x0,0,1,200,-481.0
409250786347,13942,1,255,122,4,0x0,0,1,200,1003.0
409250803033,13943,1,255,122,4,0x0,0,1,200,762.0
409250820057,13944,1,255,122,4,0x0,0,1,200,-161.0
409250836391,13945,1,255,122,4,0x0,0,1,200,-632.0
409250853223,13946,1,255,122,4,0x0,0,1,200,479.0
409250870529,13947,1,255,122,4,0x0,0,1,200,1139.0
409250886481,13948,1,255,122,4,0x0,0,1,200,538.0
409250903046,13949,1,255,122,4,0x0,0,1,200,577.0
409250920013,13950,1,255,122,4,0x0,0,1,200,-275.0
409250966679,13951,1,255,122,4,0x0,0,1,200,1025.0
409250968813,13952,1,255,122,4,0x0,0,1,200,-1109.0
409250971829,13953,1,255,122,4,0x0,0,1,200,-173.0
409250987880,13954,1,255,122,4,0x0,0,1,200,987.0
409251003436,13955,1,255,122,4,0x0,0,1,200,255.0
409251020055,13956,1,255,122,4,0x0,0,1,200,-9.0
409251038107,13957,1,255,123,4,0x0,0,1,200,-298.0
409251053371,13958,1,255,123,4,0x0,0,1,200,338.0
409251070286,13959,1,255,123,4,0x0,0,1,200,-344.0
409251086735,13960,1,255,123,4,0x0,0,1,200,-808.0
409251103613,13961,1,255,123,4,0x0,0,1,200,-302.0
409251120026,13962,1,255,123,4,0x0,0,1,200,-146.0
409251136794,13963,1,255,123,4,0x0,0,1,200,925.0
409251153464,13964,1,255,123,4,0x0,0,1,200,162.0
409251170338,13965,1,255,123,4,0x0,0,1,200,-702.0
409251187029,13966,1,255,123,4,0x0,0,1,200,17.0
409251203531,13967,1,255,123,4,0x0,0,1,200,171.0
409251220129,13968,1,255,123,4,0x0,0,1,200,841.0
409251236888,13969,1,255,123,4,0x0,0,1,200,723.0
409251253925,13970,1,255,123,4,0x0,0,1,200,-152.0
409251270420,13971,1,255,123,4,0x0,0,1,200,-718.0
409251286894,13972,1,255,123,4,0x0,0,1,200,1220.0
409251303668,13973,1,255,123,4,0x0,0,1,200,-695.0
409251320146,13974,1,255,123,4,0x0,0,1,200,551.0
409251336776,13975,1,255,123,4,0x0,0,1,200,-109.0
409251353882,13976,1,255,123,4,0x0,0,1,200,-1122.0
409251370395,13977,1,255,123,4,0x0,0,1,200,333.0
409251387106,13978,1,255,123,4,0x0,0,1,200,-262.0
409251403719,13979,1,255,123,4,0x0,0,1,200,860.0
409251420451,13980,1,255,123,4,0x0,0,1,200,237.0
409251437212,13981,1,255,123,4,0x0,0,1,200,873.0
409251453646,13982,1,255,123,4,0x0,0,1,200,-722.0
409251470642,13983,1,255,123,4,0x0,0,1,200,-906.0
409251487087,13984,1,255,123,4,0x0,0,1,200,804.0
409251503782,13985,1,255,123,4,0x0,0,1,200,31.0
409251520404,13986,1,255,123,4,0x0,0,1,200,300.0
409251537158,13987,1,255,123,4,0x0,0,1,200,467.0
409251553979,13988,1,255,123,4,0x0,0,1,200,-96.0
409251570279,13989,1,255,123,4,0x0,0,1,200,-574.0
409251587450,13990,1,255,123,4,0x0,0,1,200,332.0
409251603965,13991,1,255,123,4,0x0,0,1,200,745.0
409251620463,13992,1,255,123,4,0x0,0,1,200,-566.0
409251637273,13993,1,255,123,4,0x0,0,1,200,477.0
409251654015,13994,1,255,123,4,0x0,0,1,200,-273.0
409251670710,13995,1,255,123,4,0x0,0,1,200,372.0
409251687331,13996,1,255,123,4,0x0,0,1,200,463.0
409251704250,13997,1,255,123,4,0x0,0,1,200,-576.0
409251721003,13998,1,255,123,4,0x0,0,1,200,173.0
409251737463,13999,1,255,123,4,0x0,0,1,200,159.0
409251754138,14000,1,255,123,4,0x0,0,1,200,-373.0
409251770599,14001,1,255,123,4,0x0,0,1,200,474.0
409251787736,14002,1,255,123,4,0x0,0,1,200,-24.0
409251804029,14003,1,255,123,4,0x0,0,1,200,-259.0
409251820934,14004,1,255,123,4,0x0,0,1,200,704.0
409251837591,14005,1,255,123,4,0x0,0,1,200,143.0
409251854488,14006,1,255,123,4,0x0,0,1,200,524.0
409251871047,14007,1,255,123,4,0x0,0,1,200,942.0
409251887663,14008,1,255,123,4,0x0,0,1,200,-995.0
409251904247,14009,1,255,123,4,0x0,0,1,200,442.0
409251921071,14010,1,255,123,4,0x0,0,1,200,-429.0
409251937742,14011,1,255,123,4,0x0,0,1,200,938.0
409251954240,14012,1,255,123,4,0x0,0,1,200,447.0
409251971173,14013,1,255,123,4,0x0,0,1,200,-396.0
409251987554,14014,1,255,123,4,0x0,0,1,200,400.0
409252004238,14015,1,255,123,4,0x0,0,1,200,524.0
409252021233,14016,1,255,123,4,0x0,0,1,200,-416.0
409252037754,14017,1,255,123,4,0x0,0,1,200,851.0
409252054560,14018,1,255,123,4,0x0,0,1,200,191.0
409252071060,14019,1,255,124,4,0x0,0,1,200,-166.0
409252087738,14020,1,255,124,4,0x0,0,1,200,500.0
409252104422,14021,1,255,124,4,0x0,0,1,200,576.0
409252121512,14022,1,255,124,4,0x0,0,1,200,-340.0
409252137610,14023,1,255,124,4,0x0,0,1,200,-892.0
409252154553,14024,1,255,124,4,0x0,0,1,200,170.0
409252171010,14025,1,255,124,4,0x0,0,1,200,-381.0
409252187741,14026,1,255,124,4,0x0,0,1,200,-798.0
409252205022,14027,1,255,124,4,0x0,0,1,200,-50.0
409252221113,14028,1,255,124,4,0x0,0,1,200,815.0
409252237762,14029,1,255,124,4,0x0,0,1,200,-894.0
409252254491,14030,1,255,124,4,0x0,0,1,200,402.0
409252271555,14031,1,255,124,4,0x0,0,1,200,617.0
409252288045,14032,1,255,124,4,0x0,0,1,200,677.0
409252304638,14033,1,255,124,4,0x0,0,1,200,178.0
409252321156,14034,1,255,124,4,0x0,0,1,200,653.0
409252337870,14035,1,255,124,4,0x0,0,1,200,-894.0
409252354711,14036,1,255,124,4,0x0,0,1,200,-3.0
409252371502,14037,1,255,124,4,0x0,0,1,200,-362.0
409252387953,14038,1,255,124,4,0x0,0,1,200,1038.0
409252404863,14039,1,255,124,4,0x0,0,1,200,-320.0
409252421268,14040,1,255,124,4,0x0,0,1,200,581.0
409252438170,14041,1,255,124,4,0x0,0,1,200,740.0
409252454836,14042,1,255,124,4,0x0,0,1,200,-146.0
409252471390,14043,1,255,124,4,0x0,0,1,200,-745.0
409252488132,14044,1,255,124,4,0x0,0,1,200,832.0
409252504712,14045,1,255,124,4,0x0,0,1,200,1387.0
409252521491,14046,1,255,124,4,0x0,0,1,200,654.0
409252538388,14047,1,255,124,4,0x0,0,1,200,344.0
409252554872,14048,1,255,124,4,0x0,0,1,200,-148.0
409252571834,14049,1,255,124,4,0x0,0,1,200,798.0
409252588188,14050,1,255,124,4,0x0,0,1,200,610.0
409252604941,14051,1,255,124,4,0x0,0,1,200,-235.0
409252621836,14052,1,255,124,4,0x0,0,1,200,841.0
409252638191,14053,1,255,124,4,0x0,0,1,200,425.0
409252654961,14054,1,255,124,4,0x0,0,1,200,950.0
409252671545,14055,1,255,124,4,0x0,0,1,200,328.0
409252688224,14056,1,255,124,4,0x0,0,1,200,1010.0
409252705131,14057,1,255,124,4,0x0,0,1,200,639.0
409252721634,14058,1,255,124,4,0x0,0,1,200,-37.0
409252738163,14059,1,255,124,4,0x0,0,1,200,670.0
409252755086,14060,1,255,124,4,0x0,0,1,200,520.0
409252771917,14061,1,255,124,4,0x0,0,1,200,-586.0
409252788628,14062,1,255,124,4,0x0,0,1,200,-746.0
409252804874,14063,1,255,124,4,0x0,0,1,200,1071.0
409252821960,14064,1,255,124,4,0x0,0,1,200,-99.0
409252838219,14065,1,255,124,4,0x0,0,1,200,-592.0
409252855146,14066,1,255,124,4,0x0,0,1,200,576.0
409252871743,14067,1,255,124,4,0x0,0,1,200,-58.0
409252888654,14068,1,255,124,4,0x0,0,1,200,-1040.0
409252905053,14069,1,255,124,4,0x0,0,1,200,-220.0
409252921900,14070,1,255,124,4,0x0,0,1,200,-294.0
409252938744,14071,1,255,124,4,0x0,0,1,200,-989.0
409252955694,14072,1,255,124,4,0x0,0,1,200,296.0
409252971830,14073,1,255,124,4,0x0,0,1,200,-82.0
409252988577,14074,1,255,124,4,0x0,0,1,200,-876.0
409253005411,14075,1,255,124,4,0x0,0,1,200,268.0
409253021938,14076,1,255,124,4,0x0,0,1,200,-162.0
409253038806,14077,1,255,124,4,0x0,0,1,200,787.0
409253055344,14078,1,255,125,4,0x0,0,1,200,330.0
409253072003,14079,1,255,125,4,0x0,0,1,200,1326.0
409253088874,14080,1,255,125,4,0x0,0,1,200,-1367.0
409253105521,14081,1,255,125,4,0x0,0,1,200,481.0
409253123235,14082,1,255,125,4,0x0,0,1,200,2038.0
409253138887,14083,1,255,125,4,0x0,0,1,200,755.0
409253155811,14084,1,255,125,4,0x0,0,1,200,-81.0
409253172178,14085,1,255,125,4,0x0,0,1,200,-584.0
409253188995,14086,1,255,125,4,0x0,0,1,200,603.0
409253205489,14087,1,255,125,4,0x0,0,1,200,297.0
409253222150,14088,1,255,125,4,0x0,0,1,200,1248.0
409253238828,14089,1,255,125,4,0x0,0,1,200,844.0
409253255568,14090,1,255,125,4,0x0,0,1,200,165.0
409253272202,14091,1,255,125,4,0x0,0,1,200,-534.0
409253288881,14092,1,255,125,4,0x0,0,1,200,817.0
409253305543,14093,1,255,125,4,0x0,0,1,200,125.0
409253322479,14094,1,255,125,4,0x0,0,1,200,618.0
409253339020,14095,1,255,125,4,0x0,0,1,200,550.0
409253355563,14096,1,255,125,4,0x0,0,1,200,26.0
409253372356,14097,1,255,125,4,0x0,0,1,200,601.0
409253388987,14098,1,255,125,4,0x0,0,1,200,-155.0
409253405588,14099,1,255,125,4,0x0,0,1,200,590.0
409253422267,14100,1,255,125,4,0x0,0,1,200,-1064.0
409253439114,14101,1,255,125,4,0x0,0,1,200,489.0
409253455912,14102,1,255,125,4,0x0,0,1,200,-219.0
409253472420,14103,1,255,125,4,0x0,0,1,200,541.0
409253489241,14104,1,255,125,4,0x0,0,1,200,495.0
409253505822,14105,1,255,125,4,0x0,0,1,200,-237.0
409253522536,14106,1,255,125,4,0x0,0,1,200,-609.0
409253539234,14107,1,255,125,4,0x0,0,1,200,-1046.0
409253555913,14108,1,255,125,4,0x0,0,1,200,-42.0
409253572416,14109,1,255,125,4,0x0,0,1,200,-399.0
409253589216,14110,1,255,125,4,0x0,0,1,200,493.0
409253605964,14111,1,255,125,4,0x0,0,1,200,1247.0
409253622466,14112,1,255,125,4,0x0,0,1,200,-780.0
409253639465,14113,1,255,125,4,0x0,0,1,200,242.0
409253656845,14114,1,255,125,4,0x0,0,1,200,882.0
409253672578,14115,1,255,125,4,0x0,0,1,200,-968.0
409253689524,14116,1,255,125,4,0x0,0,1,200,178.0
409253706350,14117,1,255,125,4,0x0,0,1,200,-425.0
409253722741,14118,1,255,125,4,0x0,0,1,200,238.0
409253739393,14119,1,255,125,4,0x0,0,1,200,284.0
409253756065,14120,1,255,125,4,0x0,0,1,200,-433.0
409253772646,14121,1,255,125,4,0x0,0,1,200,1018.0
409253789574,14122,1,255,125,4,0x0,0,1,200,176.0
409253806026,14123,1,255,125,4,0x0,0,1,200,-383.0
409253822797,14124,1,255,125,4,0x0,0,1,200,844.0
409253839327,14125,1,255,125,4,0x0,0,1,200,539.0
409253856448,14126,1,255,125,4,0x0,0,1,200,-352.0
409253872702,14127,1,255,125,4,0x0,0,1,200,903.0
409253889622,14128,1,255,125,4,0x0,0,1,200,-33.0
409253906126,14129,1,255,125,4,0x0,0,1,200,-436.0
409253922709,14130,1,255,125,4,0x0,0,1,200,-792.0
409253939560,14131,1,255,125,4,0x0,0,1,200,1239.0
409253956394,14132,1,255,125,4,0x0,0,1,200,776.0
409253975404,14133,1,255,125,4,0x0,0,1,200,898.0
409253989909,14134,1,255,125,4,0x0,0,1,200,246.0
409254006185,14135,1,255,125,4,0x0,0,1,200,641.0
409254022831,14136,1,255,125,4,0x0,0,1,200,776.0
409254039449,14137,1,255,125,4,0x0,0,1,200,263.0
409254056465,14138,1,255,126,4,0x0,0,1,200,348.0
409254072903,14139,1,255,126,4,0x0,0,1,200,808.0
409254089754,14140,1,255,126,4,0x0,0,1,200,-73.0
409254106614,14141,1,255,126,4,0x0,0,1,200,833.0
409254123103,14142,1,255,126,4,0x0,0,1,200,584.0
409254139641,14143,1,255,126,4,0x0,0,1,200,-1008.0
409254156678,14144,1,255,126,4,0x0,0,1,200,66.0
409254173100,14145,1,255,126,4,0x0,0,1,200,-889.0
409254189935,14146,1,255,126,4,0x0,0,1,200,834.0
409254206357,14147,1,255,126,4,0x0,0,1,200,329.0
409254223096,14148,1,255,126,4,0x0,0,1,200,825.0
409254239633,14149,1,255,126,4,0x0,0,1,200,-806.0
409254256436,14150,1,255,126,4,0x0,0,1,200,500.0
409254273426,14151,1,255,126,4,0x0,0,1,200,636.0
409254290062,14152,1,255,126,4,0x0,0,1,200,901.0
409254306531,14153,1,255,126,4,0x0,0,1,200,207.0
409254323324,14154,1,255,126,4,0x0,0,1,200,827.0
409254340032,14155,1,255,126,4,0x0,0,1,200,573.0
409254357417,14156,1,255,126,4,0x0,0,1,200,-645.0
409254373534,14157,1,255,126,4,0x0,0,1,200,480.0
409254389998,14158,1,255,126,4,0x0,0,1,200,591.0
409254406988,14159,1,255,126,4,0x0,0,1,200,-334.0
409254423401,14160,1,255,126,4,0x0,0,1,200,562.0
409254439959,14161,1,255,126,4,0x0,0,1,200,-213.0
409254456962,14162,1,255,126,4,0x0,0,1,200,1013.0
409254473537,14163,1,255,126,4,0x0,0,1,200,-929.0
409254490129,14164,1,255,126,4,0x0,0,1,200,831.0
409254506701,14165,1,255,126,4,0x0,0,1,200,-39.0
409254523459,14166,1,255,126,4,0x0,0,1,200,920.0
409254540112,14167,1,255,126,4,0x0,0,1,200,-996.0
409254557138,14168,1,255,126,4,0x0,0,1,200,-281.0
409254573805,14169,1,255,126,4,0x0,0,1,200,-503.0
409254590101,14170,1,255,126,4,0x0,0,1,200,1580.0
409254606834,14171,1,255,126,4,0x0,0,1,200,1033.0
409254623568,14172,1,255,126,4,0x0,0,1,200,1086.0
409254640103,14173,1,255,126,4,0x0,0,1,200,470.0
409254657141,14174,1,255,126,4,0x0,0,1,200,-407.0
409254673658,14175,1,255,126,4,0x0,0,1,200,929.0
409254690155,14176,1,255,126,4,0x0,0,1,200,458.0
409254707352,14177,1,255,126,4,0x0,0,1,200,-340.0
409254723529,14178,1,255,126,4,0x0,0,1,200,-853.0
409254740593,14179,1,255,126,4,0x0,0,1,200,282.0
409254757133,14180,1,255,126,4,0x0,0,1,200,-301.0
409254773593,14181,1,255,126,4,0x0,0,1,200,317.0
409254790581,14182,1,255,126,4,0x0,0,1,200,6.0
409254806973,14183,1,255,126,4,0x0,0,1,200,-286.0
409254823655,14184,1,255,126,4,0x0,0,1,200,1012.0
409254840332,14185,1,255,126,4,0x0,0,1,200,362.0
409254857213,14186,1,255,126,4,0x0,0,1,200,-425.0
409254873879,14187,1,255,126,4,0x0,0,1,200,742.0
409254890710,14188,1,255,126,4,0x0,0,1,200,273.0
409254907131,14189,1,255,126,4,0x0,0,1,200,-403.0
409254923679,14190,1,255,126,4,0x0,0,1,200,878.0
409254940519,14191,1,255,126,4,0x0,0,1,200,190.0
409254957254,14192,1,255,126,4,0x0,0,1,200,741.0
409254974059,14193,1,255,126,4,0x0,0,1,200,556.0
409254990463,14194,1,255,126,4,0x0,0,1,200,477.0
409255007396,14195,1,255,126,4,0x0,0,1,200,716.0
409255024057,14196,1,255,126,4,0x0,0,1,200,634.0
409255040618,14197,1,255,126,4,0x0,0,1,200,195.0
409255057603,14198,1,255,126,4,0x0,0,1,200,7.0
409255074334,14199,1,255,126,4,0x0,0,1,200,-483.0
409255091101,14200,1,255,126,4,0x0,0,1,200,-295.0
409255107400,14201,1,255,126,4,0x0,0,1,200,-747.0
409255124085,14202,1,255,126,4,0x0,0,1,200,533.0
409255140696,14203,1,255,126,4,0x0,0,1,200,-33.0
409255157436,14204,1,255,126,4,0x0,0,1,200,-576.0
409255173969,14205,1,255,126,4,0x0,0,1,200,777.0
409255190883,14206,1,255,126,4,0x0,0,1,200,50.0
409255207528,14207,1,255,126,4,0x0,0,1,200,-741.0
409255225541,14208,1,255,126,4,0x0,0,1,200,-970.0
409255241177,14209,1,255,126,4,0x0,0,1,200,556.0
409255258143,14210,1,255,126,4,0x0,0,1,200,736.0
409255274498,14211,1,255,126,4,0x0,0,1,200,224.0
409255290984,14212,1,255,126,4,0x0,0,1,200,1181.0
409255307460,14213,1,255,126,4,0x0,0,1,200,472.0
409255324451,14214,1,255,126,4,0x0,0,1,200,324.0
409255340884,14215,1,255,126,4,0x0,0,1,200,454.0
409255357761,14216,1,255,126,4,0x0,0,1,200,909.0
409255374410,14217,1,255,126,4,0x0,0,1,200,373.0
409255391350,14218,1,255,126,4,0x0,0,1,200,-456.0
409255407608,14219,1,255,126,4,0x0,0,1,200,-929.0
409255424564,14220,1,255,126,4,0x0,0,1,200,178.0
409255441261,14221,1,255,126,4,0x0,0,1,200,749.0
409255458346,14222,1,255,126,4,0x0,0,1,200,-320.0
409255474135,14223,1,255,126,4,0x0,0,1,200,-242.0
409255491270,14224,1,255,126,4,0x0,0,1,200,748.0
409255507807,14225,1,255,126,4,0x0,0,1,200,540.0
409255524331,14226,1,255,126,4,0x0,0,1,200,624.0
409255541166,14227,1,255,126,4,0x0,0,1,200,-459.0
409255558034,14228,1,255,126,4,0x0,0,1,200,656.0
409255574795,14229,1,255,126,4,0x0,0,1,200,204.0
409255590994,14230,1,255,126,4,0x0,0,1,200,828.0
409255607984,14231,1,255,126,4,0x0,0,1,200,-18.0
409255624530,14232,1,255,126,4,0x0,0,1,200,164.0
409255641370,14233,1,255,126,4,0x0,0,1,200,-435.0
409255657972,14234,1,255,126,4,0x0,0,1,200,687.0
409255674465,14235,1,255,126,4,0x0,0,1,200,157.0
409255691456,14236,1,255,126,4,0x0,0,1,200,-454.0
409255707898,14237,1,255,126,4,0x0,0,1,200,844.0
409255724578,14238,1,255,126,4,0x0,0,1,200,268.0
409255741458,14239,1,255,126,4,0x0,0,1,200,563.0
409255758107,14240,1,255,126,4,0x0,0,1,200,-214.0
409255774688,14241,1,255,126,4,0x0,0,1,200,-1334.0
409255791441,14242,1,255,126,4,0x0,0,1,200,534.0
409255808257,14243,1,255,126,4,0x0,0,1,200,-282.0
409255824607,14244,1,255,126,4,0x0,0,1,200,-199.0
409255841443,14245,1,255,126,4,0x0,0,1,200,490.0
409255858440,14246,1,255,126,4,0x0,0,1,200,227.0
409255875055,14247,1,255,126,4,0x0,0,1,200,-271.0
409255891711,14248,1,255,126,4,0x0,0,1,200,-1001.0
409255908360,14249,1,255,126,4,0x0,0,1,200,386.0
409255925203,14250,1,255,126,4,0x0,0,1,200,-384.0
409255941586,14251,1,255,126,4,0x0,0,1,200,-720.0
409255958771,14252,1,255,126,4,0x0,0,1,200,-1056.0
409255974846,14253,1,255,126,4,0x0,0,1,200,-206.0
409255991627,14254,1,255,126,4,0x0,0,1,200,-499.0
409256008692,14255,1,255,126,4,0x0,0,1,200,199.0
409256024828,14256,1,255,126,4,0x0,0,1,200,-82.0
409256041638,14257,1,255,126,4,0x0,0,1,200,-972.0
409256058920,14258,1,255,126,4,0x0,0,1,200,1004.0
409256075157,14259,1,255,126,4,0x0,0,1,200,702.0
409256092103,14260,1,255,127,4,0x0,0,1,200,-21.0
409256108669,14261,1,255,127,4,0x0,0,1,200,-1092.0
409256126001,14262,1,255,127,4,0x0,0,1,200,-741.0
409256142222,14263,1,255,127,4,0x0,0,1,200,-32.0
409256158685,14264,1,255,127,4,0x0,0,1,200,181.0
409256175895,14265,1,255,127,4,0x0,0,1,200,-980.0
409256191951,14266,1,255,127,4,0x0,0,1,200,-1256.0
409256208309,14267,1,255,127,4,0x0,0,1,200,623.0
409256225535,14268,1,255,127,4,0x0,0,1,200,1204.0
409256241867,14269,1,255,127,4,0x0,0,1,200,769.0
409256258528,14270,1,255,127,4,0x0,0,1,200,172.0
409256276111,14271,1,255,127,4,0x0,0,1,200,2075.0
409256291964,14272,1,255,127,4,0x0,0,1,200,615.0
409256308953,14273,1,255,127,4,0x0,0,1,200,-140.0
409256325411,14274,1,255,127,4,0x0,0,1,200,297.0
409256341830,14275,1,255,127,4,0x0,0,1,200,-96.0
409256358650,14276,1,255,127,4,0x0,0,1,200,-906.0
409256375621,14277,1,255,127,4,0x0,0,1,200,301.0
409256391882,14278,1,255,127,4,0x0,0,1,200,-782.0
409256408671,14279,1,255,127,4,0x0,0,1,200,-1070.0
409256425621,14280,1,255,127,4,0x0,0,1,200,287.0
409256442473,14281,1,255,127,4,0x0,0,1,200,-1049.0
409256458907,14282,1,255,127,4,0x0,0,1,200,641.0
409256475467,14283,1,255,127,4,0x0,0,1,200,409.0
409256492231,14284,1,255,127,4,0x0,0,1,200,-450.0
409256508532,14285,1,255,127,4,0x0,0,1,200,-884.0
409256525473,14286,1,255,127,4,0x0,0,1,200,381.0
409256542237,14287,1,255,127,4,0x0,0,1,200,710.0
409256559388,14288,1,255,127,4,0x0,0,1,200,494.0
409256575419,14289,1,255,127,4,0x0,0,1,200,254.0
409256592449,14290,1,255,127,4,0x0,0,1,200,725.0
409256609024,14291,1,255,127,4,0x0,0,1,200,819.0
409256625724,14292,1,255,127,4,0x0,0,1,200,-10.0
409256642271,14293,1,255,127,4,0x0,0,1,200,754.0
409256659003,14294,1,255,127,4,0x0,0,1,200,-1100.0
409256675872,14295,1,255,127,4,0x0,0,1,200,253.0
409256692817,14296,1,255,127,4,0x0,0,1,200,180.0
409256708974,14297,1,255,127,4,0x0,0,1,200,720.0
409256725734,14298,1,255,127,4,0x0,0,1,200,1240.0
409256742637,14299,1,255,127,4,0x0,0,1,200,-309.0
409256759433,14300,1,255,127,4,0x0,0,1,200,331.0
409256775858,14301,1,255,127,4,0x0,0,1,200,805.0
409256792716,14302,1,255,127,4,0x0,0,1,200,805.0
409256809279,14303,1,255,127,4,0x0,0,1,200,-107.0
409256825772,14304,1,255,127,4,0x0,0,1,200,176.0
409256842357,14305,1,255,127,4,0x0,0,1,200,779.0
409256859254,14306,1,255,127,4,0x0,0,1,200,576.0
409256876329,14307,1,255,127,4,0x0,0,1,200,-480.0
409256892617,14308,1,255,127,4,0x0,0,1,200,-369.0
409256909135,14309,1,255,127,4,0x0,0,1,200,587.0
409256925870,14310,1,255,127,4,0x0,0,1,200,167.0
409256942561,14311,1,255,127,4,0x0,0,1,200,-629.0
409256959150,14312,1,255,127,4,0x0,0,1,200,490.0
409256976599,14313,1,255,127,4,0x0,0,1,200,-640.0
409256992999,14314,1,255,127,4,0x0,0,1,200,798.0
409257009395,14315,1,255,127,4,0x0,0,1,200,345.0
409257025876,14316,1,255,127,4,0x0,0,1,200,-240.0
409257042408,14317,1,255,127,4,0x0,0,1,200,549.0
409257059737,14318,1,255,127,4,0x0,0,1,200,-118.0
409257076380,14319,1,255,128,4,0x0,0,1,200,-621.0
409257092890,14320,1,255,128,4,0x0,0,1,200,146.0
409257109539,14321,1,255,128,4,0x0,0,1,200,638.0
409257125883,14322,1,255,128,4,0x0,0,1,200,-958.0
409257142719,14323,1,255,128,4,0x0,0,1,200,257.0
409257159788,14324,1,255,128,4,0x0,0,1,200,-1045.0
409257176123,14325,1,255,128,4,0x0,0,1,200,814.0
409257192861,14326,1,255,128,4,0x0,0,1,200,893.0
409257209640,14327,1,255,128,4,0x0,0,1,200,241.0
409257226180,14328,1,255,128,4,0x0,0,1,200,-353.0
409257242657,14329,1,255,128,4,0x0,0,1,200,-733.0
409257259499,14330,1,255,128,4,0x0,0,1,200,205.0
409257276398,14331,1,255,128,4,0x0,0,1,200,634.0
409257293066,14332,1,255,128,4,0x0,0,1,200,554.0
409257309598,14333,1,255,128,4,0x0,0,1,200,160.0
409257326527,14334,1,255,128,4,0x0,0,1,200,-556.0
409257342998,14335,1,255,128,4,0x0,0,1,200,-227.0
409257360114,14336,1,255,128,4,0x0,0,1,200,-376.0
409257376442,14337,1,255,128,4,0x0,0,1,200,-338.0
409257393609,14338,1,255,128,4,0x0,0,1,200,-1141.0
409257409691,14339,1,255,128,4,0x0,0,1,200,199.0
409257427174,14340,1,255,128,4,0x0,0,1,200,-932.0
409257442944,14341,1,255,128,4,0x0,0,1,200,-1071.0
409257459735,14342,1,255,128,4,0x0,0,1,200,-760.0
409257476622,14343,1,255,128,4,0x0,0,1,200,-650.0
409257493053,14344,1,255,128,4,0x0,0,1,200,620.0
409257509736,14345,1,255,128,4,0x0,0,1,200,172.0
409257526225,14346,1,255,128,4,0x0,0,1,200,945.0
409257543098,14347,1,255,128,4,0x0,0,1,200,601.0
409257559795,14348,1,255,128,4,0x0,0,1,200,-150.0
409257576694,14349,1,255,128,4,0x0,0,1,200,-659.0
409257593163,14350,1,255,128,4,0x0,0,1,200,771.0
409257609943,14351,1,255,128,4,0x0,0,1,200,-271.0
409257626473,14352,1,255,128,4,0x0,0,1,200,-540.0
409257643006,14353,1,255,128,4,0x0,0,1,200,722.0
409257660092,14354,1,255,128,4,0x0,0,1,200,900.0
409257677175,14355,1,255,128,4,0x0,0,1,200,665.0
409257693264,14356,1,255,128,4,0x0,0,1,200,-1276.0
409257711325,14357,1,255,128,4,0x0,0,1,200,-1241.0
409257726893,14358,1,255,128,4,0x0,0,1,200,402.0
409257743254,14359,1,255,128,4,0x0,0,1,200,440.0
409257760073,14360,1,255,128,4,0x0,0,1,200,986.0
409257776608,14361,1,255,128,4,0x0,0,1,200,627.0
409257794126,14362,1,255,128,4,0x0,0,1,200,-343.0
409257810409,14363,1,255,128,4,0x0,0,1,200,-690.0
409257826780,14364,1,255,128,4,0x0,0,1,200,889.0
409257843598,14365,1,255,128,4,0x0,0,1,200,-1402.0
409257860468,14366,1,255,128,4,0x0,0,1,200,-712.0
409257876855,14367,1,255,128,4,0x0,0,1,200,-359.0
409257893442,14368,1,255,128,4,0x0,0,1,200,-1389.0
409257910236,14369,1,255,128,4,0x0,0,1,200,-345.0
409257926918,14370,1,255,128,4,0x0,0,1,200,1107.0
409257944372,14371,1,255,128,4,0x0,0,1,200,-482.0
409257960091,14372,1,255,128,4,0x0,0,1,200,812.0
409257977354,14373,1,255,128,4,0x0,0,1,200,179.0
409257993560,14374,1,255,128,4,0x0,0,1,200,439.0
409258010262,14375,1,255,128,4,0x0,0,1,200,692.0
409258026883,14376,1,255,128,4,0x0,0,1,200,-620.0
409258043635,14377,1,255,128,4,0x0,0,1,200,1464.0
409258060254,14378,1,255,128,4,0x0,0,1,200,-835.0
409258077066,14379,1,255,128,4,0x0,0,1,200,993.0
409258093738,14380,1,255,128,4,0x0,0,1,200,452.0
409258111358,14381,1,255,129,4,0x0,0,1,200,439.0
409258127098,14382,1,255,129,4,0x0,0,1,200,-895.0
409258143991,14383,1,255,129,4,0x0,0,1,200,270.0
409258160505,14384,1,255,129,4,0x0,0,1,200,-84.0
409258176992,14385,1,255,129,4,0x0,0,1,200,-304.0
409258193831,14386,1,255,129,4,0x0,0,1,200,823.0
409258210891,14387,1,255,129,4,0x0,0,1,200,-431.0
409258227199,14388,1,255,129,4,0x0,0,1,200,168.0
409258244752,14389,1,255,129,4,0x0,0,1,200,751.0
409258260454,14390,1,255,129,4,0x0,0,1,200,1317.0
409258276914,14391,1,255,129,4,0x0,0,1,200,-657.0
409258294043,14392,1,255,129,4,0x0,0,1,200,225.0
409258310638,14393,1,255,129,4,0x0,0,1,200,-418.0
409258327318,14394,1,255,129,4,0x0,0,1,200,884.0
409258344059,14395,1,255,129,4,0x0,0,1,200,178.0
409258360745,14396,1,255,129,4,0x0,0,1,200,793.0
409258377044,14397,1,255,129,4,0x0,0,1,200,-823.0
409258393913,14398,1,255,129,4,0x0,0,1,200,-1004.0
409258410562,14399,1,255,129,4,0x0,0,1,200,-1081.0
409258427375,14400,1,255,129,4,0x0,0,1,200,-869.0
409258444200,14401,1,255,129,4,0x0,0,1,200,1426.0
409258462185,14402,1,255,129,4,0x0,0,1,200,-341.0
409258477918,14403,1,255,129,4,0x0,0,1,200,-390.0
409258494151,14404,1,255,129,4,0x0,0,1,200,-350.0
409258510776,14405,1,255,129,4,0x0,0,1,200,1003.0
409258528215,14406,1,255,129,4,0x0,0,1,200,-310.0
409258544118,14407,1,255,129,4,0x0,0,1,200,179.0
409258561085,14408,1,255,129,4,0x0,0,1,200,385.0
409258577463,14409,1,255,129,4,0x0,0,1,200,963.0
409258594268,14410,1,255,129,4,0x0,0,1,200,315.0
409258611064,14411,1,255,129,4,0x0,0,1,200,656.0
409258627593,14412,1,255,129,4,0x0,0,1,200,733.0
409258644183,14413,1,255,129,4,0x0,0,1,200,181.0
409258661199,14414,1,255,129,4,0x0,0,1,200,-854.0
409258677704,14415,1,255,129,4,0x0,0,1,200,-413.0
409258694478,14416,1,255,129,4,0x0,0,1,200,-192.0
409258711054,14417,1,255,129,4,0x0,0,1,200,1201.0
409258727740,14418,1,255,129,4,0x0,0,1,200,548.0
409258747273,14419,1,255,129,4,0x0,0,1,200,445.0
409258761351,14420,1,255,129,4,0x0,0,1,200,281.0
409258777944,14421,1,255,129,4,0x0,0,1,200,384.0
409258794267,14422,1,255,129,4,0x0,0,1,200,-1464.0
409258811173,14423,1,255,129,4,0x0,0,1,200,618.0
409258827927,14424,1,255,129,4,0x0,0,1,200,-272.0
409258845051,14425,1,255,129,4,0x0,0,1,200,582.0
409258861076,14426,1,255,129,4,0x0,0,1,200,678.0
409258878416,14427,1,255,129,4,0x0,0,1,200,-186.0
409258894564,14428,1,255,129,4,0x0,0,1,200,909.0
409258911400,14429,1,255,129,4,0x0,0,1,200,453.0
409258927844,14430,1,255,129,4,0x0,0,1,200,506.0
409258944957,14431,1,255,129,4,0x0,0,1,200,-356.0
409258961980,14432,1,255,129,4,0x0,0,1,200,-247.0
409258977612,14433,1,255,129,4,0x0,0,1,200,916.0
409258994884,14434,1,255,129,4,0x0,0,1,200,-402.0
409259011132,14435,1,255,129,4,0x0,0,1,200,547.0
409259029748,14436,1,255,129,4,0x0,0,1,200,-728.0
409259045065,14437,1,255,129,4,0x0,0,1,200,-361.0
409259061668,14438,1,255,129,4,0x0,0,1,200,171.0
409259078129,14439,1,255,129,4,0x0,0,1,200,184.0
409259094772,14440,1,255,130,4,0x0,0,1,200,649.0
409259111506,14441,1,255,130,4,0x0,0,1,200,-50.0
409259128043,14442,1,255,130,4,0x0,0,1,200,429.0
409259145063,14443,1,255,130,4,0x0,0,1,200,705.0
409259162085,14444,1,255,130,4,0x0,0,1,200,-1143.0
409259178254,14445,1,255,130,4,0x0,0,1,200,1303.0
409259194939,14446,1,255,130,4,0x0,0,1,200,-717.0
409259211427,14447,1,255,130,4,0x0,0,1,200,798.0
409259228373,14448,1,255,130,4,0x0,0,1,200,-140.0
409259245014,14449,1,255,130,4,0x0,0,1,200,-275.0
409259261517,14450,1,255,130,4,0x0,0,1,200,761.0
409259278824,14451,1,255,130,4,0x0,0,1,200,538.0
409259295113,14452,1,255,130,4,0x0,0,1,200,378.0
409259311641,14453,1,255,130,4,0x0,0,1,200,744.0
409259328232,14454,1,255,130,4,0x0,0,1,200,-554.0
409259345225,14455,1,255,130,4,0x0,0,1,200,-923.0
409259362000,14456,1,255,130,4,0x0,0,1,200,-556.0
409259378229,14457,1,255,130,4,0x0,0,1,200,10.0
409259395069,14458,1,255,130,4,0x0,0,1,200,1163.0
409259411979,14459,1,255,130,4,0x0,0,1,200,344.0
409259428632,14460,1,255,130,4,0x0,0,1,200,-121.0
409259445208,14461,1,255,130,4,0x0,0,1,200,-870.0
409259461793,14462,1,255,130,4,0x0,0,1,200,608.0
409259478548,14463,1,255,130,4,0x0,0,1,200,1171.0
409259495183,14464,1,255,130,4,0x0,0,1,200,1194.0
409259511756,14465,1,255,130,4,0x0,0,1,200,-607.0
409259528688,14466,1,255,130,4,0x0,0,1,200,-340.0
409259545163,14467,1,255,130,4,0x0,0,1,200,-760.0
409259561717,14468,1,255,130,4,0x0,0,1,200,1214.0
409259578494,14469,1,255,130,4,0x0,0,1,200,-424.0
409259595581,14470,1,255,130,4,0x0,0,1,200,186.0
409259611655,14471,1,255,130,4,0x0,0,1,200,742.0
409259628692,14472,1,255,130,4,0x0,0,1,200,825.0
409259645374,14473,1,255,130,4,0x0,0,1,200,-897.0
409259661812,14474,1,255,130,4,0x0,0,1,200,899.0
409259678678,14475,1,255,130,4,0x0,0,1,200,1529.0
409259695592,14476,1,255,130,4,0x0,0,1,200,191.0
409259711820,14477,1,255,130,4,0x0,0,1,200,459.0
409259728748,14478,1,255,130,4,0x0,0,1,200,860.0
409259745234,14479,1,255,130,4,0x0,0,1,200,406.0
409259762011,14480,1,255,130,4,0x0,0,1,200,392.0
409259778654,14481,1,255,130,4,0x0,0,1,200,-735.0
409259795464,14482,1,255,130,4,0x0,0,1,200,-164.0
409259812090,14483,1,255,130,4,0x0,0,1,200,181.0
409259828654,14484,1,255,130,4,0x0,0,1,200,1070.0
409259845129,14485,1,255,130,4,0x0,0,1,200,-881.0
409259862192,14486,1,255,130,4,0x0,0,1,200,-1427.0
409259879005,14487,1,255,130,4,0x0,0,1,200,1259.0
409259895520,14488,1,255,130,4,0x0,0,1,200,-759.0
409259912401,14489,1,255,130,4,0x0,0,1,200,-953.0
409259929497,14490,1,255,130,4,0x0,0,1,200,1064.0
409259945582,14491,1,255,130,4,0x0,0,1,200,-1269.0
409259962446,14492,1,255,130,4,0x0,0,1,200,-374.0
409259978976,14493,1,255,130,4,0x0,0,1,200,855.0
409259995767,14494,1,255,130,4,0x0,0,1,200,937.0
409260012263,14495,1,255,130,4,0x0,0,1,200,235.0
409260029103,14496,1,255,130,4,0x0,0,1,200,825.0
409260046292,14497,1,255,130,4,0x0,0,1,200,378.0
409260062505,14498,1,255,130,4,0x0,0,1,200,-103.0
409260078915,14499,1,255,130,4,0x0,0,1,200,854.0
409260096002,14500,1,255,130,4,0x0,0,1,200,19.0
409260112397,14501,1,255,131,4,0x0,0,1,200,-755.0
409260129214,14502,1,255,131,4,0x0,0,1,200,-696.0
409260146138,14503,1,255,131,4,0x0,0,1,200,200.0
409260162425,14504,1,255,131,4,0x0,0,1,200,-56.0
409260179166,14505,1,255,131,4,0x0,0,1,200,-483.0
409260196072,14506,1,255,131,4,0x0,0,1,200,191.0
409260212636,14507,1,255,131,4,0x0,0,1,200,-299.0
409260229325,14508,1,255,131,4,0x0,0,1,200,-828.0
409260245806,14509,1,255,131,4,0x0,0,1,200,616.0
409260263076,14510,1,255,131,4,0x0,0,1,200,819.0
409260279217,14511,1,255,131,4,0x0,0,1,200,167.0
409260297394,14512,1,255,131,4,0x0,0,1,200,-409.0
409260312547,14513,1,255,131,4,0x0,0,1,200,-1230.0
409260329444,14514,1,255,131,4,0x0,0,1,200,42.0
409260345965,14515,1,255,131,4,0x0,0,1,200,-35.0
409260363074,14516,1,255,131,4,0x0,0,1,200,1346.0
409260379830,14517,1,255,131,4,0x0,0,1,200,-33.0
409260395972,14518,1,255,131,4,0x0,0,1,200,591.0
409260412612,14519,1,255,131,4,0x0,0,1,200,749.0
409260430759,14520,1,255,131,4,0x0,0,1,200,-539.0
409260445962,14521,1,255,131,4,0x0,0,1,200,465.0
409260463882,14522,1,255,131,4,0x0,0,1,200,304.0
409260479519,14523,1,255,131,4,0x0,0,1,200,-927.0
409260496229,14524,1,255,131,4,0x0,0,1,200,1133.0
409260513013,14525,1,255,131,4,0x0,0,1,200,1375.0
409260530035,14526,1,255,131,4,0x0,0,1,200,230.0
409260546223,14527,1,255,131,4,0x0,0,1,200,52.0
409260563234,14528,1,255,131,4,0x0,0,1,200,1418.0
409260579990,14529,1,255,131,4,0x0,0,1,200,16.0
409260596186,14530,1,255,131,4,0x0,0,1,200,-1678.0
409260612705,14531,1,255,131,4,0x0,0,1,200,967.0
409260630296,14532,1,255,131,4,0x0,0,1,200,-100.0
409260646099,14533,1,255,131,4,0x0,0,1,200,-1503.0
409260663211,14534,1,255,131,4,0x0,0,1,200,362.0
409260680536,14535,1,255,131,4,0x0,0,1,200,-1617.0
409260696429,14536,1,255,131,4,0x0,0,1,200,-4.0
409260713073,14537,1,255,131,4,0x0,0,1,200,800.0
409260729847,14538,1,255,131,4,0x0,0,1,200,661.0
409260746322,14539,1,255,131,4,0x0,0,1,200,206.0
409260763682,14540,1,255,131,4,0x0,0,1,200,240.0
409260780715,14541,1,255,131,4,0x0,0,1,200,-98.0
409260796635,14542,1,255,131,4,0x0,0,1,200,1035.0
409260812829,14543,1,255,131,4,0x0,0,1,200,-793.0
409260830110,14544,1,255,131,4,0x0,0,1,200,-404.0
409260846404,14545,1,255,131,4,0x0,0,1,200,1290.0
409260863623,14546,1,255,131,4,0x0,0,1,200,824.0
409260880925,14547,1,255,131,4,0x0,0,1,200,-405.0
409260897079,14548,1,255,131,4,0x0,0,1,200,-55.0
409260913311,14549,1,255,131,4,0x0,0,1,200,1639.0
409260929968,14550,1,255,131,4,0x0,0,1,200,-1220.0
409260946613,14551,1,255,131,4,0x0,0,1,200,1128.0
409260963500,14552,1,255,131,4,0x0,0,1,200,-236.0
409260980481,14553,1,255,131,4,0x0,0,1,200,-807.0
409260996952,14554,1,255,131,4,0x0,0,1,200,708.0
409261013229,14555,1,255,131,4,0x0,0,1,200,321.0
409261030149,14556,1,255,131,4,0x0,0,1,200,1185.0
409261047750,14557,1,255,131,4,0x0,0,1,200,-564.0
409261063656,14558,1,255,131,4,0x0,0,1,200,678.0
409261080353,14559,1,255,131,4,0x0,0,1,200,1518.0
409261096587,14560,1,255,132,4,0x0,0,1,200,-630.0
409261113511,14561,1,255,132,4,0x0,0,1,200,774.0
409261130064,14562,1,255,132,4,0x0,0,1,200,-1375.0
409261146640,14563,1,255,132,4,0x0,0,1,200,-29.0
409261163705,14564,1,255,132,4,0x0,0,1,200,655.0
409261180388,14565,1,255,132,4,0x0,0,1,200,-73.0
409261196845,14566,1,255,132,4,0x0,0,1,200,-873.0
409261213740,14567,1,255,132,4,0x0,0,1,200,542.0
409261230511,14568,1,255,132,4,0x0,0,1,200,-130.0
409261247065,14569,1,255,132,4,0x0,0,1,200,963.0
409261263770,14570,1,255,132,4,0x0,0,1,200,692.0
409261280481,14571,1,255,132,4,0x0,0,1,200,-435.0
409261297179,14572,1,255,132,4,0x0,0,1,200,-464.0
409261314227,14573,1,255,132,4,0x0,0,1,200,-76.0
409261330595,14574,1,255,132,4,0x0,0,1,200,974.0
409261347073,14575,1,255,132,4,0x0,0,1,200,-556.0
409261363919,14576,1,255,132,4,0x0,0,1,200,643.0
409261380424,14577,1,255,132,4,0x0,0,1,200,-334.0
409261397479,14578,1,255,132,4,0x0,0,1,200,1000.0
409261413614,14579,1,255,132,4,0x0,0,1,200,-956.0
409261430318,14580,1,255,132,4,0x0,0,1,200,1515.0
409261447189,14581,1,255,132,4,0x0,0,1,200,786.0
409261464512,14582,1,255,132,4,0x0,0,1,200,-12.0
409261480779,14583,1,255,132,4,0x0,0,1,200,-841.0
409261497192,14584,1,255,132,4,0x0,0,1,200,212.0
409261514060,14585,1,255,132,4,0x0,0,1,200,1084.0
409261530642,14586,1,255,132,4,0x0,0,1,200,-184.0
409261547214,14587,1,255,132,4,0x0,0,1,200,482.0
409261564008,14588,1,255,132,4,0x0,0,1,200,512.0
409261581445,14589,1,255,132,4,0x0,0,1,200,-560.0
409261597497,14590,1,255,132,4,0x0,0,1,200,-374.0
409261613836,14591,1,255,132,4,0x0,0,1,200,667.0
409261630850,14592,1,255,132,4,0x0,0,1,200,-858.0
409261647362,14593,1,255,132,4,0x0,0,1,200,696.0
409261664287,14594,1,255,132,4,0x0,0,1,200,18.0
409261681344,14595,1,255,132,4,0x0,0,1,200,-686.0
409261697751,14596,1,255,132,4,0x0,0,1,200,-1312.0
409261714307,14597,1,255,132,4,0x0,0,1,200,-738.0
409261731011,14598,1,255,132,4,0x0,0,1,200,-689.0
409261747624,14599,1,255,132,4,0x0,0,1,200,-929.0
409261764584,14600,1,255,132,4,0x0,0,1,200,418.0
409261781431,14601,1,255,132,4,0x0,0,1,200,-146.0
409261797557,14602,1,255,132,4,0x0,0,1,200,806.0
409261814657,14603,1,255,132,4,0x0,0,1,200,727.0
409261830938,14604,1,255,132,4,0x0,0,1,200,-383.0
409261847606,14605,1,255,132,4,0x0,0,1,200,-235.0
409261864740,14606,1,255,132,4,0x0,0,1,200,-1971.0
409261881625,14607,1,255,132,4,0x0,0,1,200,-284.0
409261897762,14608,1,255,132,4,0x0,0,1,200,915.0
409261914376,14609,1,255,132,4,0x0,0,1,200,850.0
409261931066,14610,1,255,132,4,0x0,0,1,200,579.0
409261948202,14611,1,255,132,4,0x0,0,1,200,-403.0
409261964854,14612,1,255,132,4,0x0,0,1,200,-84.0
409261981228,14613,1,255,132,4,0x0,0,1,200,-1682.0
409261998160,14614,1,255,132,4,0x0,0,1,200,665.0
409262014227,14615,1,255,132,4,0x0,0,1,200,716.0
409262031947,14616,1,255,132,4,0x0,0,1,200,-603.0
409262047942,14617,1,255,132,4,0x0,0,1,200,-1085.0
409262064661,14618,1,255,132,4,0x0,0,1,200,194.0
409262081018,14619,1,255,132,4,0x0,0,1,200,-925.0
409262097840,14620,1,255,132,4,0x0,0,1,200,829.0
409262114520,14621,1,255,132,4,0x0,0,1,200,-1376.0
409262131098,14622,1,255,132,4,0x0,0,1,200,1311.0
409262147887,14623,1,255,132,4,0x0,0,1,200,-876.0
409262164567,14624,1,255,132,4,0x0,0,1,200,1246.0
409262181631,14625,1,255,132,4,0x0,0,1,200,380.0
409262198397,14626,1,255,132,4,0x0,0,1,200,-1364.0
409262214903,14627,1,255,132,4,0x0,0,1,200,-54.0
409262231095,14628,1,255,132,4,0x0,0,1,200,1019.0
409262248022,14629,1,255,132,4,0x0,0,1,200,275.0
409262264636,14630,1,255,132,4,0x0,0,1,200,1523.0
409262281268,14631,1,255,132,4,0x0,0,1,200,-1290.0
409262297844,14632,1,255,132,4,0x0,0,1,200,-741.0
409262314513,14633,1,255,132,4,0x0,0,1,200,408.0
409262331207,14634,1,255,132,4,0x0,0,1,200,774.0
409262347882,14635,1,255,132,4,0x0,0,1,200,367.0
409262364955,14636,1,255,132,4,0x0,0,1,200,-8.0
409262381775,14637,1,255,132,4,0x0,0,1,200,-440.0
409262398092,14638,1,255,132,4,0x0,0,1,200,1206.0
409262414537,14639,1,255,132,4,0x0,0,1,200,-1172.0
409262432001,14640,1,255,132,4,0x0,0,1,200,-192.0
409262447973,14641,1,255,132,4,0x0,0,1,200,-58.0
409262465155,14642,1,255,132,4,0x0,0,1,200,-216.0
409262481925,14643,1,255,132,4,0x0,0,1,200,16.0
409262498351,14644,1,255,132,4,0x0,0,1,200,177.0
409262514591,14645,1,255,132,4,0x0,0,1,200,711.0
409262531392,14646,1,255,132,4,0x0,0,1,200,-722.0
409262548308,14647,1,255,132,4,0x0,0,1,200,596.0
409262565070,14648,1,255,132,4,0x0,0,1,200,1352.0
409262581601,14649,1,255,132,4,0x0,0,1,200,934.0
409262598490,14650,1,255,132,4,0x0,0,1,200,-810.0
409262615061,14651,1,255,132,4,0x0,0,1,200,-613.0
409262631550,14652,1,255,132,4,0x0,0,1,200,752.0
409262648057,14653,1,255,132,4,0x0,0,1,200,756.0
409262666016,14654,1,255,132,4,0x0,0,1,200,-62.0
409262682339,14655,1,255,132,4,0x0,0,1,200,-513.0
409262698853,14656,1,255,132,4,0x0,0,1,200,41.0
409262715018,14657,1,255,132,4,0x0,0,1,200,1125.0
409262731962,14658,1,255,132,4,0x0,0,1,200,526.0
409262748568,14659,1,255,132,4,0x0,0,1,200,-1128.0
409262765349,14660,1,255,132,4,0x0,0,1,200,1603.0
409262782035,14661,1,255,132,4,0x0,0,1,200,-960.0
409262798781,14662,1,255,132,4,0x0,0,1,200,-192.0
409262815585,14663,1,255,132,4,0x0,0,1,200,906.0
409262832504,14664,1,255,132,4,0x0,0,1,200,-183.0
409262848687,14665,1,255,132,4,0x0,0,1,200,323.0
409262865423,14666,1,255,132,4,0x0,0,1,200,1505.0
409262881789,14667,1,255,132,4,0x0,0,1,200,1157.0
409262898561,14668,1,255,132,4,0x0,0,1,200,-1271.0
409262916838,14669,1,255,132,4,0x0,0,1,200,112.0
409262931799,14670,1,255,132,4,0x0,0,1,200,712.0
409262948470,14671,1,255,132,4,0x0,0,1,200,250.0
409262965724,14672,1,255,132,4,0x0,0,1,200,-514.0
409262982528,14673,1,255,132,4,0x0,0,1,200,237.0
409262999187,14674,1,255,132,4,0x0,0,1,200,63.0
409263015055,14675,1,255,132,4,0x0,0,1,200,1287.0
409263032572,14676,1,255,132,4,0x0,0,1,200,54.0
409263048666,14677,1,255,132,4,0x0,0,1,200,-1439.0
409263065603,14678,1,255,132,4,0x0,0,1,200,790.0
409263082064,14679,1,255,132,4,0x0,0,1,200,852.0
409263098761,14680,1,255,132,4,0x0,0,1,200,1335.0
409263115490,14681,1,255,132,4,0x0,0,1,200,1018.0
409263133067,14682,1,255,132,4,0x0,0,1,200,-444.0
409263149039,14683,1,255,132,4,0x0,0,1,200,-534.0
409263165594,14684,1,255,132,4,0x0,0,1,200,300.0
409263182338,14685,1,255,132,4,0x0,0,1,200,-148.0
409263198789,14686,1,255,132,4,0x0,0,1,200,454.0
409263215749,14687,1,255,132,4,0x0,0,1,200,-460.0
409263231920,14688,1,255,132,4,0x0,0,1,200,1633.0
409263248715,14689,1,255,132,4,0x0,0,1,200,1174.0
409263265871,14690,1,255,132,4,0x0,0,1,200,-61.0
409263282882,14691,1,255,132,4,0x0,0,1,200,965.0
409263299243,14692,1,255,132,4,0x0,0,1,200,-1356.0
409263315290,14693,1,255,132,4,0x0,0,1,200,662.0
409263332301,14694,1,255,132,4,0x0,0,1,200,1055.0
409263348696,14695,1,255,132,4,0x0,0,1,200,-767.0
409263365768,14696,1,255,132,4,0x0,0,1,200,-72.0
409263382481,14697,1,255,132,4,0x0,0,1,200,-358.0
409263398918,14698,1,255,132,4,0x0,0,1,200,881.0
409263415401,14699,1,255,132,4,0x0,0,1,200,347.0
409263432197,14700,1,255,132,4,0x0,0,1,200,904.0
409263448843,14701,1,255,132,4,0x0,0,1,200,-849.0
409263465474,14702,1,255,132,4,0x0,0,1,200,295.0
409263482300,14703,1,255,132,4,0x0,0,1,200,-332.0
409263498920,14704,1,255,132,4,0x0,0,1,200,-100.0
409263515789,14705,1,255,132,4,0x0,0,1,200,121.0
409263532446,14706,1,255,132,4,0x0,0,1,200,-640.0
409263548883,14707,1,255,132,4,0x0,0,1,200,890.0
409263565656,14708,1,255,132,4,0x0,0,1,200,1202.0
409263582236,14709,1,255,132,4,0x0,0,1,200,461.0
409263599088,14710,1,255,132,4,0x0,0,1,200,-227.0
409263615907,14711,1,255,132,4,0x0,0,1,200,278.0
409263632258,14712,1,255,132,4,0x0,0,1,200,539.0
409263648822,14713,1,255,132,4,0x0,0,1,200,-99.0
409263665906,14714,1,255,132,4,0x0,0,1,200,893.0
409263682546,14715,1,255,132,4,0x0,0,1,200,262.0
409263698950,14716,1,255,132,4,0x0,0,1,200,927.0
409263715507,14717,1,255,132,4,0x0,0,1,200,-718.0
409263732445,14718,1,255,132,4,0x0,0,1,200,444.0
409263749041,14719,1,255,132,4,0x0,0,1,200,1195.0
409263765998,14720,1,255,132,4,0x0,0,1,200,1086.0
409263783156,14721,1,255,132,4,0x0,0,1,200,-146.0
409263798972,14722,1,255,132,4,0x0,0,1,200,-196.0
409263815970,14723,1,255,132,4,0x0,0,1,200,-1049.0
409263832603,14724,1,255,132,4,0x0,0,1,200,205.0
409263849218,14725,1,255,132,4,0x0,0,1,200,1152.0
409263866078,14726,1,255,132,4,0x0,0,1,200,647.0
409263883367,14727,1,255,132,4,0x0,0,1,200,1220.0
409263899274,14728,1,255,132,4,0x0,0,1,200,-152.0
409263916113,14729,1,255,132,4,0x0,0,1,200,184.0
409263932679,14730,1,255,132,4,0x0,0,1,200,-674.0
409263949245,14731,1,255,132,4,0x0,0,1,200,-487.0
409263966102,14732,1,255,132,4,0x0,0,1,200,619.0
409263982654,14733,1,255,132,4,0x0,0,1,200,247.0
409263999552,14734,1,255,132,4,0x0,0,1,200,-817.0
409264015950,14735,1,255,132,4,0x0,0,1,200,-1107.0
409264032784,14736,1,255,132,4,0x0,0,1,200,1271.0
409264049410,14737,1,255,132,4,0x0,0,1,200,-101.0
409264066069,14738,1,255,132,4,0x0,0,1,200,897.0
409264082958,14739,1,255,132,4,0x0,0,1,200,-238.0
409264099656,14740,1,255,132,4,0x0,0,1,200,-593.0
409264116072,14741,1,255,132,4,0x0,0,1,200,-946.0
409264132654,14742,1,255,132,4,0x0,0,1,200,209.0
409264149609,14743,1,255,133,4,0x0,0,1,200,551.0
409264166211,14744,1,255,133,4,0x0,0,1,200,512.0
409264183057,14745,1,255,133,4,0x0,0,1,200,-322.0
409264199663,14746,1,255,133,4,0x0,0,1,200,-440.0
409264216120,14747,1,255,133,4,0x0,0,1,200,786.0
409264233142,14748,1,255,133,4,0x0,0,1,200,-261.0
409264249609,14749,1,255,133,4,0x0,0,1,200,757.0
409264266378,14750,1,255,133,4,0x0,0,1,200,-258.0
409264282891,14751,1,255,133,4,0x0,0,1,200,-163.0
409264299596,14752,1,255,133,4,0x0,0,1,200,-867.0
409264316393,14753,1,255,133,4,0x0,0,1,200,429.0
409264333211,14754,1,255,133,4,0x0,0,1,200,-337.0
409264349488,14755,1,255,133,4,0x0,0,1,200,-622.0
409264366692,14756,1,255,133,4,0x0,0,1,200,181.0
409264383104,14757,1,255,133,4,0x0,0,1,200,705.0
409264399968,14758,1,255,133,4,0x0,0,1,200,1054.0
409264416618,14759,1,255,133,4,0x0,0,1,200,-910.0
409264432979,14760,1,255,133,4,0x0,0,1,200,323.0
409264450082,14761,1,255,133,4,0x0,0,1,200,339.0
409264466678,14762,1,255,133,4,0x0,0,1,200,609.0
409264483558,14763,1,255,133,4,0x0,0,1,200,779.0
409264500037,14764,1,255,133,4,0x0,0,1,200,-115.0
409264516629,14765,1,255,133,4,0x0,0,1,200,683.0
409264533373,14766,1,255,133,4,0x0,0,1,200,20.0
409264550127,14767,1,255,133,4,0x0,0,1,200,-848.0
409264566859,14768,1,255,133,4,0x0,0,1,200,444.0
409264583321,14769,1,255,133,4,0x0,0,1,200,-1.0
409264600206,14770,1,255,133,4,0x0,0,1,200,716.0
409264616563,14771,1,255,133,4,0x0,0,1,200,695.0
409264633314,14772,1,255,133,4,0x0,0,1,200,177.0
409264650289,14773,1,255,133,4,0x0,0,1,200,-6998.0
409264667021,14774,-1,-1,0,4,0x0,0,1,200,-23730.0
