event_id,lane,rank,area,centroid_x,centroid_y,min_x,min_y,max_x,max_y,peak,mean_change
1,0,1,2,201.5,416.5,201,416,202,417,78,59.5
1,0,2,2,201.5,420.5,201,420,202,421,53,45.0
1,0,3,2,164.5,118.0,164,118,165,118,51,38.5
1,0,4,2,215.0,422.5,215,422,215,423,46,37.5
1,0,5,3,95.0,371.3333333333333,94,371,96,372,33,29.333333333333332
1,0,6,2,89.5,392.0,89,392,90,392,32,29.0
1,1,1,3,87.0,391.0,87,390,87,392,33,29.0
1,2,1,80115,129.49642389065718,244.87698932784122,0,0,253,507,250,100.65391000436873
1,2,2,129,209.52713178294573,501.5348837209302,196,491,220,507,219,105.31007751937985
1,2,3,55,243.8,485.27272727272725,238,481,250,492,219,75.9090909090909
1,2,4,24,57.5,475.875,53,472,61,482,219,77.91666666666667
1,2,5,19,68.05263157894737,446.7368421052632,65,444,72,449,219,70.63157894736842
1,2,6,15,187.4,456.06666666666666,184,455,191,458,219,78.0
1,2,7,14,171.85714285714286,218.57142857142858,170,216,174,221,219,103.21428571428571
1,2,8,9,207.33333333333334,453.8888888888889,205,452,209,456,219,112.55555555555556
1,3,1,79979,130.04064817014466,245.7715525325398,0,0,253,507,249,101.97214268745546
1,3,2,24,89.54166666666667,381.875,86,379,94,385,225,106.70833333333333
1,3,3,2,154.0,431.5,154,431,154,432,198,164.0
1,3,4,50,8.84,22.4,0,14,15,29,182,138.44
1,3,5,23,142.56521739130434,505.7826086956522,138,504,148,507,182,131.2173913043478
1,3,6,21,202.23809523809524,496.3809523809524,199,494,206,500,182,134.95238095238096
1,3,7,15,196.73333333333332,505.46666666666664,194,503,199,507,182,129.33333333333334
1,3,8,13,51.46153846153846,223.15384615384616,50,219,54,227,182,141.3846153846154
1,4,1,77049,130.47912367454478,245.84138665005386,0,0,253,507,254,76.48258900180404
1,4,2,2,77.5,503.0,77,503,78,503,193,165.5
1,4,3,2,137.0,90.5,137,90,137,91,172,149.0
1,4,4,4,94.75,505.5,94,504,95,507,168,107.0
1,4,5,5,91.8,505.6,91,505,93,507,160,71.2
1,4,6,2,184.0,329.5,184,329,184,330,160,130.0
1,4,7,63,246.9206349206349,216.8095238095238,238,211,253,224,144,53.492063492063494
1,4,8,28,3.3214285714285716,436.0357142857143,0,431,9,439,109,51.964285714285715
1,5,1,81770,129.52409196526844,245.45844441726794,0,0,253,507,253,100.55923932982756
1,5,2,22,175.86363636363637,429.95454545454544,172,427,179,433,219,100.77272727272727
1,5,3,18,219.77777777777777,218.05555555555554,217,215,223,221,219,111.44444444444444
1,5,4,12,190.08333333333334,436.9166666666667,186,435,194,438,219,120.25
1,5,5,12,187.5,442.1666666666667,185,439,189,445,219,84.0
1,5,6,10,218.8,236.5,217,235,221,238,219,94.0
1,5,7,10,58.1,230.0,56,228,60,232,219,81.0
1,5,8,9,184.77777777777777,505.8888888888889,182,504,188,507,219,134.22222222222223
1,6,1,78234,129.92462356520184,245.03810363780454,0,0,253,507,250,101.90146227982719
1,6,2,4,160.5,108.75,159,108,162,109,227,101.25
1,6,3,268,240.44776119402985,221.22388059701493,222,201,253,241,182,127.26865671641791
1,6,4,28,177.25,428.35714285714283,174,425,180,433,182,126.42857142857143
1,6,5,24,223.54166666666666,229.70833333333334,219,226,228,233,182,146.16666666666666
1,6,6,17,186.0,505.94117647058823,182,504,190,507,182,142.8235294117647
1,6,7,16,155.9375,506.25,152,504,160,507,182,130.625
1,6,8,11,216.0909090909091,459.27272727272725,214,457,217,463,182,121.63636363636364
1,7,1,73165,130.52268161005946,244.7789106813367,0,0,253,507,248,77.52865441126221
1,7,2,5,4.0,400.4,3,400,5,401,219,105.6
1,7,3,6,121.83333333333333,105.83333333333333,120,105,124,107,216,114.83333333333333
1,7,4,8,115.75,505.625,114,504,118,507,195,86.375
1,7,5,6,29.666666666666668,143.33333333333334,28,142,32,145,192,84.5
1,7,6,3,103.66666666666667,381.3333333333333,103,381,104,382,192,86.66666666666667
1,7,7,2,119.5,504.0,119,504,120,504,192,146.0
1,7,8,6,126.5,106.0,126,105,127,107,191,145.0
2,0,1,35,95.82857142857142,371.4,83,370,108,373,103,45.25714285714286
2,0,2,3,83.33333333333333,349.0,83,348,84,350,98,70.0
2,0,3,13,145.69230769230768,117.61538461538461,142,115,151,119,87,53.23076923076923
2,0,4,2,140.5,124.0,140,124,141,124,79,74.0
2,0,5,6,112.83333333333333,371.3333333333333,111,371,115,372,78,49.0
2,0,6,7,202.42857142857142,419.85714285714283,200,419,205,421,75,36.285714285714285
2,0,7,3,112.66666666666667,350.0,112,349,113,351,63,42.333333333333336
2,0,8,3,153.66666666666666,118.33333333333333,153,118,154,119,59,47.333333333333336
2,1,1,2,162.5,434.5,162,434,163,435,29,27.0
2,2,1,81298,129.01252183325542,245.86599916357105,0,0,253,507,247,100.82416541612339
2,2,2,167,236.62874251497007,12.341317365269461,214,0,253,26,219,72.562874251497
2,2,3,33,199.57575757575756,243.6060606060606,194,240,206,248,219,83.51515151515152
2,2,4,27,207.77777777777777,238.8148148148148,201,235,212,242,219,78.48148148148148
2,2,5,15,176.53333333333333,506.2,173,504,181,507,219,116.33333333333333
2,2,6,15,227.4,228.93333333333334,225,225,230,232,219,108.6
2,2,7,10,250.2,272.7,248,272,253,274,219,86.0
2,2,8,9,177.77777777777777,469.3333333333333,176,467,180,472,219,114.88888888888889
2,3,1,79850,129.78007514088918,244.8395992485911,0,0,253,507,253,101.75278647463995
2,3,2,3,93.66666666666667,429.3333333333333,93,429,94,430,199,137.66666666666666
2,3,3,4,64.0,441.25,63,440,65,442,192,140.5
2,3,4,78,247.05128205128204,23.064102564102566,241,16,253,31,182,136.89743589743588
2,3,5,37,201.1891891891892,235.94594594594594,193,232,210,240,182,137.6216216216216
2,3,6,15,174.86666666666667,211.46666666666667,173,209,177,215,182,113.6
2,3,7,14,183.42857142857142,439.57142857142856,180,437,188,441,182,138.14285714285714
2,3,8,12,203.25,455.6666666666667,200,453,205,458,182,129.16666666666666
2,4,1,76820,130.27442072376985,245.9869825566259,0,0,253,507,254,77.33513407966676
2,4,2,6,91.5,505.8333333333333,91,504,92,507,216,110.16666666666667
2,4,3,3,98.0,250.0,97,250,99,250,196,107.66666666666667
2,4,4,142,150.33802816901408,195.3943661971831,139,186,160,206,182,52.90845070422535
2,4,5,32,95.28125,449.5625,92,445,98,453,182,69.6875
2,4,6,2,143.5,477.5,143,477,144,478,164,114.0
2,4,7,5,95.0,506.4,94,506,96,507,119,61.8
2,4,8,112,143.97321428571428,208.83035714285714,131,201,156,218,109,35.401785714285715
2,5,1,82284,129.54969374361966,244.9339847357931,0,0,253,507,246,100.74883330902728
2,5,2,62,34.17741935483871,413.88709677419354,31,407,39,424,219,102.16129032258064
2,5,3,22,190.63636363636363,504.59090909090907,187,501,195,507,219,92.04545454545455
2,5,4,21,185.52380952380952,440.7142857142857,180,438,190,443,219,97.19047619047619
2,5,5,16,60.6875,235.75,58,233,64,239,219,92.5
2,5,6,16,1.0625,166.8125,0,163,4,170,219,84.6875
2,5,7,13,160.92307692307693,203.0,159,201,163,206,219,85.23076923076923
2,5,8,12,38.25,405.4166666666667,36,404,40,408,219,132.0
2,6,1,78493,130.1812518313735,244.64914068770463,0,0,253,507,249,101.64259233307429
2,6,2,102,8.480392156862745,468.7843137254902,0,461,17,476,182,127.98039215686275
2,6,3,84,93.72619047619048,463.9642857142857,84,457,103,471,182,129.07142857142858
2,6,4,63,23.555555555555557,469.22222222222223,18,463,30,477,182,123.57142857142857
2,6,5,60,227.18333333333334,239.76666666666668,221,233,232,248,182,133.5
2,6,6,41,10.463414634146341,232.5121951219512,6,227,15,238,182,143.70731707317074
2,6,7,37,3.081081081081081,139.64864864864865,0,136,7,144,182,116.35135135135135
2,6,8,23,216.69565217391303,246.69565217391303,212,245,223,250,182,126.17391304347827
2,7,1,74127,129.81920218004237,243.44877035358238,0,0,253,507,244,77.31883119511109
2,7,2,2,98.5,248.0,98,248,99,248,216,189.5
2,7,3,2,113.5,100.0,113,100,114,100,213,192.5
2,7,4,2,128.5,229.5,128,229,129,230,195,111.5
2,7,5,2,166.0,108.5,166,108,166,109,192,144.0
2,7,6,9,55.333333333333336,237.66666666666666,54,236,56,239,183,76.22222222222223
2,7,7,3,92.0,387.0,91,387,93,387,181,103.0
2,7,8,3,87.0,498.0,86,498,88,498,178,127.33333333333333
3,0,1,22,145.3181818181818,117.63636363636364,141,115,153,120,137,65.0
3,0,2,8,113.75,370.125,111,370,117,371,123,62.25
3,0,3,51,95.37254901960785,370.72549019607845,82,368,108,372,119,59.450980392156865
3,0,4,9,161.22222222222223,117.33333333333333,158,117,165,118,64,39.77777777777778
3,0,5,21,157.38095238095238,102.23809523809524,153,100,162,104,53,35.38095238095238
3,0,6,2,68.0,355.5,68,355,68,356,52,39.0
3,0,7,4,139.75,122.75,139,122,140,124,49,37.25
3,0,8,18,145.72222222222223,95.05555555555556,141,94,153,97,45,32.666666666666664
3,1,1,2,85.5,347.0,85,347,86,347,33,30.0
3,1,2,2,90.5,347.0,90,347,91,347,29,27.5
3,2,1,81840,129.4242668621701,246.24153225806452,0,0,253,507,255,100.68889296187683
3,2,2,109,248.29357798165137,19.174311926605505,241,6,253,31,219,73.0
3,2,3,56,186.375,449.17857142857144,179,441,193,455,219,76.67857142857143
3,2,4,26,160.26923076923077,179.57692307692307,156,176,164,183,219,97.38461538461539
3,2,5,17,183.8235294117647,439.8235294117647,180,436,187,444,219,102.05882352941177
3,2,6,11,189.0,503.90909090909093,187,502,192,506,219,127.54545454545455
3,2,7,10,223.1,264.3,221,262,224,267,219,93.7
3,2,8,9,27.444444444444443,168.44444444444446,25,167,29,170,219,140.66666666666666
3,3,1,81593,129.62858333435466,246.92963857193632,0,0,253,507,253,101.59963477259079
3,3,2,112,248.33035714285714,11.857142857142858,241,1,253,26,182,144.0
3,3,3,36,11.305555555555555,272.72222222222223,6,269,17,276,182,143.38888888888889
3,3,4,16,182.3125,443.625,179,440,185,446,182,137.125
3,3,5,15,180.73333333333332,463.3333333333333,178,460,183,466,182,133.73333333333332
3,3,6,14,227.5,454.42857142857144,225,452,231,457,182,137.42857142857142
3,3,7,14,3.0714285714285716,444.35714285714283,1,442,5,447,182,111.28571428571429
3,3,8,13,1.6153846153846154,428.6923076923077,0,425,4,431,182,128.92307692307693
3,4,1,78555,129.7279867608682,246.4176818789383,0,0,253,507,255,78.4566736681306
3,4,2,2,62.5,410.0,62,410,63,410,144,94.0
3,4,3,13,209.92307692307693,473.9230769230769,208,472,212,476,137,80.3076923076923
3,4,4,4,209.25,485.0,208,484,210,486,113,71.5
3,4,5,28,175.57142857142858,430.0357142857143,172,425,179,437,109,58.92857142857143
3,4,6,22,213.45454545454547,236.72727272727272,210,234,216,240,109,47.27272727272727
3,4,7,19,184.05263157894737,439.57894736842104,180,437,189,442,109,41.0
3,4,8,18,173.38888888888889,442.3888888888889,171,440,177,446,109,58.44444444444444
3,5,1,82634,128.66363724374955,246.245673693637,0,0,253,507,252,100.82111479536269
3,5,2,164,216.6158536585366,226.4512195121951,202,216,232,236,219,100.08536585365853
3,5,3,28,192.96428571428572,439.7857142857143,190,436,197,443,219,91.67857142857143
3,5,4,18,1.7777777777777777,433.55555555555554,0,431,4,437,219,98.27777777777777
3,5,5,16,231.4375,196.25,229,193,234,200,219,73.75
3,5,6,14,200.35714285714286,448.64285714285717,198,447,202,451,219,129.71428571428572
3,5,7,14,203.0,454.57142857142856,201,453,206,456,219,120.35714285714286
3,5,8,12,209.16666666666666,452.0,207,450,212,453,219,101.66666666666667
3,6,1,79932,129.94899414502328,246.0072311464745,0,0,253,507,251,101.3406770755142
3,6,2,2,94.5,507.0,94,507,95,507,208,171.0
3,6,3,28,199.28571428571428,245.10714285714286,193,241,204,249,182,136.35714285714286
3,6,4,18,104.05555555555556,435.3333333333333,101,433,108,439,182,116.22222222222223
3,6,5,10,242.3,3.4,241,0,243,6,182,147.8
3,6,6,8,226.0,14.0,224,12,227,16,182,131.75
3,6,7,6,30.166666666666668,418.5,28,418,32,419,182,110.0
3,6,8,6,0.6666666666666666,153.5,0,152,1,155,182,91.83333333333333
3,7,1,75163,130.0662560036188,245.1736625733406,0,0,253,507,255,78.55644399505076
3,7,2,3,211.0,199.0,211,198,211,200,201,105.0
3,7,3,2,13.5,374.0,13,374,14,374,193,110.5
3,7,4,2,94.5,321.5,94,321,95,322,183,122.0
3,7,5,28,50.32142857142857,502.39285714285717,47,497,55,507,160,74.10714285714286
3,7,6,26,144.92307692307693,199.23076923076923,141,194,150,204,160,64.5
3,7,7,2,25.5,216.0,25,216,26,216,146,91.0
3,7,8,7,8.428571428571429,164.42857142857142,7,162,9,166,112,50.285714285714285
4,0,1,91,114.1978021978022,436.4065934065934,108,421,121,447,226,116.87912087912088
4,0,2,77,158.3896103896104,403.2077922077922,150,398,167,408,213,84.98701298701299
4,0,3,108,105.21296296296296,116.11111111111111,90,112,126,120,201,82.04629629629629
4,0,4,80,173.25,181.95,166,169,180,193,180,89.0375
4,0,5,107,102.75700934579439,94.6822429906542,87,91,123,105,177,52.39252336448598
4,0,6,42,215.83333333333334,151.11904761904762,211,147,221,156,162,50.142857142857146
4,0,7,8,115.5,421.25,113,421,118,422,162,89.25
4,0,8,18,63.77777777777778,366.44444444444446,60,365,68,368,156,69.66666666666667
4,1,1,112,114.88392857142857,433.35714285714283,108,421,121,446,192,86.67857142857143
4,1,2,79,173.56962025316454,179.56962025316454,167,169,180,192,140,71.10126582278481
4,1,3,43,147.13953488372093,377.25581395348837,142,367,154,389,85,55.74418604651163
4,1,4,87,94.35632183908046,131.91954022988506,89,121,101,143,75,56.264367816091955
4,1,5,5,102.0,141.0,101,140,103,142,68,45.2
4,1,6,7,102.42857142857143,116.57142857142857,100,116,105,117,59,40.714285714285715
4,1,7,6,158.5,370.0,156,369,161,371,59,44.333333333333336
4,1,8,2,109.5,116.0,109,116,110,116,55,42.5
4,2,1,94089,127.5918013795449,249.10481565326447,0,0,253,507,255,101.21547683576189
4,2,2,33,250.12121212121212,278.5151515151515,245,274,253,283,219,76.6969696969697
4,2,3,20,2.85,505.0,0,502,8,507,219,88.3
4,2,4,5,17.2,506.6,16,506,18,507,219,131.4
4,2,5,5,237.6,14.4,236,13,239,15,219,96.4
4,2,6,7,225.85714285714286,1.4285714285714286,224,0,227,4,217,110.71428571428571
4,2,7,37,44.2972972972973,476.86486486486484,39,471,51,482,215,80.89189189189189
4,2,8,5,28.0,0.2,26,0,30,1,210,97.0
4,3,1,93662,127.9155260404433,248.8553415472657,0,0,253,507,255,101.36324229676923
4,3,2,19,24.94736842105263,243.8421052631579,21,242,29,247,182,136.21052631578948
4,3,3,18,2.8333333333333335,505.27777777777777,0,502,8,507,182,144.88888888888889
4,3,4,2,70.5,205.0,70,205,71,205,178,145.0
4,3,5,17,34.411764705882355,243.94117647058823,31,241,37,247,166,117.6470588235294
4,3,6,8,1.5,35.0,0,34,3,36,164,117.25
4,3,7,22,2.0454545454545454,184.95454545454547,0,180,5,189,160,129.63636363636363
4,3,8,15,49.0,472.3333333333333,46,470,52,474,146,130.53333333333333
4,4,1,91217,128.14823991142,247.94451692118793,0,0,253,507,255,84.11804817084534
4,4,2,5,245.2,505.8,244,505,246,507,182,63.6
4,4,3,5,252.6,305.4,252,304,253,307,130,62.8
4,4,4,17,35.294117647058826,505.70588235294116,32,504,40,507,109,45.1764705882353
4,4,5,10,26.8,245.7,24,244,29,247,109,48.6
4,4,6,10,0.9,504.1,0,502,3,507,109,46.2
4,4,7,4,0.5,23.5,0,23,1,24,109,54.25
4,4,8,3,6.0,507.0,5,507,7,507,109,60.333333333333336
4,5,1,94149,127.66972564764363,248.76322637521375,0,0,253,507,255,101.21120776641281
4,5,2,22,2.727272727272727,504.77272727272725,0,501,8,507,221,95.5909090909091
4,5,3,7,252.57142857142858,248.28571428571428,252,247,253,250,219,100.57142857142857
4,5,4,5,2.6,26.6,1,26,4,27,219,113.0
4,5,5,14,1.7142857142857142,165.5,0,162,5,168,217,81.0
4,5,6,4,27.5,477.75,27,477,28,479,210,100.75
4,5,7,2,252.5,222.5,252,222,253,223,210,137.0
4,5,8,9,226.66666666666666,246.22222222222223,225,244,228,249,200,113.0
4,6,1,93236,127.97639323866318,248.25016088206272,0,0,253,507,255,101.55304817881505
4,6,2,50,2.54,18.5,0,11,8,24,182,131.92
4,6,3,12,250.91666666666666,480.75,249,479,253,482,182,118.83333333333333
4,6,4,7,5.571428571428571,506.42857142857144,4,505,8,507,182,151.42857142857142
4,6,5,4,252.5,247.5,252,247,253,248,182,123.5
4,6,6,2,0.0,8.5,0,8,0,9,182,164.0
4,6,7,63,35.01587301587302,474.015873015873,25,467,42,481,180,125.2063492063492
4,6,8,18,31.22222222222222,478.5,27,477,35,480,180,135.66666666666666
4,7,1,90926,128.4106086267954,248.31568528253746,0,0,253,507,255,84.66499131161603
4,7,2,6,245.16666666666666,505.8333333333333,244,505,246,507,182,59.666666666666664
4,7,3,6,248.16666666666666,221.16666666666666,247,219,249,223,146,58.333333333333336
4,7,4,22,3.1818181818181817,504.90909090909093,0,502,8,507,109,46.45454545454545
4,7,5,4,216.25,229.75,215,229,217,230,109,77.5
4,7,6,4,241.25,283.25,241,282,242,284,109,76.75
4,7,7,3,252.66666666666666,292.0,252,291,253,293,109,57.666666666666664
4,7,8,32,24.5,462.40625,19,458,30,466,108,37.84375
5,0,1,91,114.1978021978022,436.4065934065934,108,421,121,447,226,116.87912087912088
5,0,2,77,158.3896103896104,403.2077922077922,150,398,167,408,213,84.98701298701299
5,0,3,108,105.21296296296296,116.11111111111111,90,112,126,120,201,82.04629629629629
5,0,4,80,173.25,181.95,166,169,180,193,180,89.0375
5,0,5,107,102.75700934579439,94.6822429906542,87,91,123,105,177,52.39252336448598
5,0,6,42,215.83333333333334,151.11904761904762,211,147,221,156,162,50.142857142857146
5,0,7,8,115.5,421.25,113,421,118,422,162,89.25
5,0,8,18,63.77777777777778,366.44444444444446,60,365,68,368,156,69.66666666666667
5,1,1,112,114.88392857142857,433.35714285714283,108,421,121,446,192,86.67857142857143
5,1,2,79,173.56962025316454,179.56962025316454,167,169,180,192,140,71.10126582278481
5,1,3,43,147.13953488372093,377.25581395348837,142,367,154,389,85,55.74418604651163
5,1,4,87,94.35632183908046,131.91954022988506,89,121,101,143,75,56.264367816091955
5,1,5,5,102.0,141.0,101,140,103,142,68,45.2
5,1,6,7,102.42857142857143,116.57142857142857,100,116,105,117,59,40.714285714285715
5,1,7,6,158.5,370.0,156,369,161,371,59,44.333333333333336
5,1,8,2,109.5,116.0,109,116,110,116,55,42.5
5,2,1,94089,127.5918013795449,249.10481565326447,0,0,253,507,255,101.21547683576189
5,2,2,33,250.12121212121212,278.5151515151515,245,274,253,283,219,76.6969696969697
5,2,3,20,2.85,505.0,0,502,8,507,219,88.3
5,2,4,5,17.2,506.6,16,506,18,507,219,131.4
5,2,5,5,237.6,14.4,236,13,239,15,219,96.4
5,2,6,7,225.85714285714286,1.4285714285714286,224,0,227,4,217,110.71428571428571
5,2,7,37,44.2972972972973,476.86486486486484,39,471,51,482,215,80.89189189189189
5,2,8,5,28.0,0.2,26,0,30,1,210,97.0
5,3,1,93662,127.9155260404433,248.8553415472657,0,0,253,507,255,101.36324229676923
5,3,2,19,24.94736842105263,243.8421052631579,21,242,29,247,182,136.21052631578948
5,3,3,18,2.8333333333333335,505.27777777777777,0,502,8,507,182,144.88888888888889
5,3,4,2,70.5,205.0,70,205,71,205,178,145.0
5,3,5,17,34.411764705882355,243.94117647058823,31,241,37,247,166,117.6470588235294
5,3,6,8,1.5,35.0,0,34,3,36,164,117.25
5,3,7,22,2.0454545454545454,184.95454545454547,0,180,5,189,160,129.63636363636363
5,3,8,15,49.0,472.3333333333333,46,470,52,474,146,130.53333333333333
5,4,1,91217,128.14823991142,247.94451692118793,0,0,253,507,255,84.11804817084534
5,4,2,5,245.2,505.8,244,505,246,507,182,63.6
5,4,3,5,252.6,305.4,252,304,253,307,130,62.8
5,4,4,17,35.294117647058826,505.70588235294116,32,504,40,507,109,45.1764705882353
5,4,5,10,26.8,245.7,24,244,29,247,109,48.6
5,4,6,10,0.9,504.1,0,502,3,507,109,46.2
5,4,7,4,0.5,23.5,0,23,1,24,109,54.25
5,4,8,3,6.0,507.0,5,507,7,507,109,60.333333333333336
5,5,1,94149,127.66972564764363,248.76322637521375,0,0,253,507,255,101.21120776641281
5,5,2,22,2.727272727272727,504.77272727272725,0,501,8,507,221,95.5909090909091
5,5,3,7,252.57142857142858,248.28571428571428,252,247,253,250,219,100.57142857142857
5,5,4,5,2.6,26.6,1,26,4,27,219,113.0
5,5,5,14,1.7142857142857142,165.5,0,162,5,168,217,81.0
5,5,6,4,27.5,477.75,27,477,28,479,210,100.75
5,5,7,2,252.5,222.5,252,222,253,223,210,137.0
5,5,8,9,226.66666666666666,246.22222222222223,225,244,228,249,200,113.0
5,6,1,93236,127.97639323866318,248.25016088206272,0,0,253,507,255,101.55304817881505
5,6,2,50,2.54,18.5,0,11,8,24,182,131.92
5,6,3,12,250.91666666666666,480.75,249,479,253,482,182,118.83333333333333
5,6,4,7,5.571428571428571,506.42857142857144,4,505,8,507,182,151.42857142857142
5,6,5,4,252.5,247.5,252,247,253,248,182,123.5
5,6,6,2,0.0,8.5,0,8,0,9,182,164.0
5,6,7,63,35.01587301587302,474.015873015873,25,467,42,481,180,125.2063492063492
5,6,8,18,31.22222222222222,478.5,27,477,35,480,180,135.66666666666666
5,7,1,90926,128.4106086267954,248.31568528253746,0,0,253,507,255,84.66499131161603
5,7,2,6,245.16666666666666,505.8333333333333,244,505,246,507,182,59.666666666666664
5,7,3,6,248.16666666666666,221.16666666666666,247,219,249,223,146,58.333333333333336
5,7,4,22,3.1818181818181817,504.90909090909093,0,502,8,507,109,46.45454545454545
5,7,5,4,216.25,229.75,215,229,217,230,109,77.5
5,7,6,4,241.25,283.25,241,282,242,284,109,76.75
5,7,7,3,252.66666666666666,292.0,252,291,253,293,109,57.666666666666664
5,7,8,32,24.5,462.40625,19,458,30,466,108,37.84375
6,0,1,13,25.153846153846153,401.46153846153845,24,399,27,404,230,113.38461538461539
6,0,2,11,58.09090909090909,393.45454545454544,57,391,59,396,230,171.0909090909091
6,0,3,9,53.666666666666664,394.3333333333333,52,393,55,395,230,141.55555555555554
6,0,4,21,38.857142857142854,390.1904761904762,37,387,41,393,229,119.52380952380952
6,0,5,30,27.7,394.43333333333334,24,392,32,397,228,121.5
6,0,6,23,32.69565217391305,386.5652173913044,31,381,34,390,226,107.3913043478261
6,0,7,10,94.8,112.0,93,111,97,113,222,85.2
6,0,8,29,105.96551724137932,133.3793103448276,102,131,113,137,221,98.62068965517241
6,1,1,10,53.2,392.7,52,391,54,395,230,98.1
6,1,2,6,32.833333333333336,387.5,32,386,34,389,229,116.16666666666667
6,1,3,13,104.76923076923077,133.92307692307693,103,132,107,136,227,97.3076923076923
6,1,4,7,29.142857142857142,394.7142857142857,28,393,30,396,227,151.57142857142858
6,1,5,14,100.42857142857143,140.92857142857142,99,139,102,143,222,115.42857142857143
6,1,6,12,38.583333333333336,390.0,37,388,40,392,220,119.08333333333333
6,1,7,4,25.25,401.5,25,400,26,403,219,82.5
6,1,8,14,111.64285714285714,136.42857142857142,110,134,113,139,217,124.5
6,2,1,77983,129.28466460638856,240.9008501852968,0,0,253,507,255,102.22822922944745
6,2,2,152,233.82894736842104,234.92105263157896,221,224,244,245,219,83.41447368421052
6,2,3,119,5.2521008403361344,193.53781512605042,0,184,14,205,219,83.18487394957984
6,2,4,113,6.831858407079646,210.1769911504425,0,196,17,226,219,79.30973451327434
6,2,5,86,24.8953488372093,193.77906976744185,17,185,31,204,219,78.25581395348837
6,2,6,84,230.78571428571428,487.42857142857144,224,480,238,496,219,83.33333333333333
6,2,7,80,12.2875,221.2375,6,210,20,231,219,74.65
6,2,8,79,198.0253164556962,501.4177215189873,184,494,206,507,219,76.46835443037975
6,3,1,77394,127.11003436958937,241.50591777140346,0,0,253,507,255,103.92903842675143
6,3,2,10,85.4,1.4,83,0,88,3,208,115.6
6,3,3,613,224.89070146818923,206.7047308319739,195,187,253,228,182,127.81566068515498
6,3,4,177,24.175141242937855,471.3954802259887,13,458,37,485,182,128.51977401129943
6,3,5,165,231.44848484848484,236.12727272727273,217,225,244,250,182,130.3272727272727
6,3,6,61,248.2295081967213,29.704918032786885,241,24,253,38,182,128.327868852459
6,3,7,52,205.44230769230768,504.34615384615387,196,501,214,507,182,133.69230769230768
6,3,8,39,246.43589743589743,224.5897435897436,239,219,253,231,182,137.43589743589743
6,4,1,76004,128.54651070996263,242.60016578074837,0,0,253,507,255,76.32857481185201
6,4,2,7,28.428571428571427,175.28571428571428,27,174,30,177,162,105.85714285714286
6,4,3,10,192.9,249.2,191,247,195,251,146,47.4
6,4,4,2,1.5,342.0,1,342,2,342,138,85.0
6,4,5,3,120.33333333333333,430.3333333333333,120,430,121,431,130,86.0
6,4,6,73,79.65753424657534,215.986301369863,75,209,85,226,109,33.32876712328767
6,4,7,67,210.16417910447763,500.8805970149254,202,492,216,507,109,35.92537313432836
6,4,8,66,13.242424242424242,72.5909090909091,6,67,20,81,109,48.46969696969697
6,5,1,79007,128.3400711329376,240.4257597428076,0,0,253,507,255,102.35731011176225
6,5,2,15,75.53333333333333,48.06666666666667,73,46,78,50,225,106.33333333333333
6,5,3,236,233.79237288135593,232.7415254237288,216,217,253,250,219,83.04661016949153
6,5,4,135,228.66666666666666,484.0814814814815,219,470,240,496,219,76.16296296296296
6,5,5,114,11.192982456140351,455.0877192982456,0,448,26,462,219,70.51754385964912
6,5,6,38,207.60526315789474,504.3157894736842,202,500,214,507,219,89.55263157894737
6,5,7,29,39.827586206896555,288.7241379310345,37,284,44,292,219,86.96551724137932
6,5,8,27,184.1851851851852,458.7037037037037,179,455,190,464,219,99.92592592592592
6,6,1,76532,129.67800397219463,239.1557126430774,0,0,253,507,255,104.51848899806618
6,6,2,308,36.60064935064935,493.48376623376623,13,482,55,507,182,135.56493506493507
6,6,3,167,230.62874251497007,235.5868263473054,214,224,243,248,182,128.99401197604791
6,6,4,137,5.372262773722627,199.65693430656935,0,184,16,212,182,129.72262773722628
6,6,5,88,216.63636363636363,493.20454545454544,209,487,227,499,182,135.54545454545453
6,6,6,28,62.464285714285715,470.0357142857143,58,467,68,473,182,116.78571428571429
6,6,7,26,35.84615384615385,436.0,30,433,40,439,182,142.53846153846155
6,6,8,26,205.30769230769232,502.8076923076923,202,498,209,507,182,128.84615384615384
6,7,1,72656,129.98371779343756,241.58990310504294,0,0,253,507,255,76.9337012772517
6,7,2,10,83.6,0.9,82,0,86,2,224,113.9
6,7,3,6,70.16666666666667,0.6666666666666666,68,0,72,1,185,86.83333333333333
6,7,4,28,140.75,463.17857142857144,137,460,145,466,170,49.535714285714285
6,7,5,25,44.72,299.2,42,295,47,304,151,66.64
6,7,6,2,75.5,164.5,75,164,76,165,149,94.0
6,7,7,7,74.71428571428571,2.0,74,1,76,3,139,88.28571428571429
6,7,8,38,110.76315789473684,209.42105263157896,105,204,117,214,138,60.68421052631579
7,0,1,30,28.1,395.93333333333334,25,393,31,399,233,129.8
7,0,2,23,33.391304347826086,387.6521739130435,31,382,35,391,231,113.47826086956522
7,0,3,23,39.08695652173913,391.39130434782606,37,389,41,394,230,148.1304347826087
7,0,4,54,103.51851851851852,138.07407407407408,98,132,112,145,228,119.51851851851852
7,0,5,16,94.625,114.625,91,113,98,118,226,91.9375
7,0,6,26,127.8076923076923,140.8846153846154,125,138,131,144,225,127.26923076923077
7,0,7,19,53.63157894736842,393.89473684210526,52,391,55,397,225,137.10526315789474
7,0,8,11,26.09090909090909,403.6363636363636,25,401,27,406,225,137.0
7,1,1,7,33.285714285714285,388.85714285714283,32,388,34,390,234,105.28571428571429
7,1,2,14,39.0,391.5,38,389,40,394,232,129.07142857142858
7,1,3,14,100.71428571428571,142.35714285714286,99,140,102,145,230,122.57142857142857
7,1,4,11,104.81818181818181,135.45454545454547,103,134,106,137,227,117.27272727272727
7,1,5,9,29.555555555555557,395.77777777777777,29,394,30,398,225,137.11111111111111
7,1,6,4,25.75,403.5,25,402,26,405,222,87.75
7,1,7,7,126.85714285714286,141.0,126,139,128,143,221,119.28571428571429
7,1,8,9,53.666666666666664,394.1111111111111,53,392,55,396,220,130.44444444444446
7,2,1,77986,128.7262329135999,241.1541174056882,0,0,253,507,255,101.633741953684
7,2,2,251,210.99203187250995,222.0438247011952,196,205,225,235,219,81.13545816733068
7,2,3,92,6.0978260869565215,178.57608695652175,0,166,13,190,219,93.80434782608695
7,2,4,55,212.16363636363636,502.2909090909091,201,497,221,507,219,83.41818181818182
7,2,5,55,20.927272727272726,486.5090909090909,14,478,26,498,219,81.03636363636363
7,2,6,37,181.67567567567568,499.8378378378378,174,495,191,504,219,97.62162162162163
7,2,7,28,206.07142857142858,488.42857142857144,203,485,210,493,219,85.17857142857143
7,2,8,24,127.66666666666667,218.29166666666666,125,214,130,223,219,101.83333333333333
7,3,1,77129,127.95200248933605,241.27177844909178,0,0,253,507,255,104.41561539758068
7,3,2,155,110.63870967741936,218.54193548387096,101,208,122,230,182,128.98709677419356
7,3,3,92,193.47826086956522,236.4891304347826,183,229,202,243,182,136.8695652173913
7,3,4,56,118.75,204.78571428571428,112,199,124,211,182,127.57142857142857
7,3,5,54,27.555555555555557,69.42592592592592,22,64,33,75,182,132.40740740740742
7,3,6,39,201.76923076923077,504.38461538461536,190,501,210,507,182,136.56410256410257
7,3,7,29,216.0,500.17241379310343,211,493,219,506,182,141.31034482758622
7,3,8,20,242.8,220.35,238,217,247,223,182,134.5
7,4,1,73969,128.72600684070355,239.4014249212508,0,0,253,507,255,76.90516297367816
7,4,2,152,99.375,498.6644736842105,92,487,109,507,193,58.43421052631579
7,4,3,375,16.698666666666668,473.1786666666667,0,454,37,493,109,35.37866666666667
7,4,4,130,218.1,483.53076923076924,207,474,229,491,109,37.08461538461538
7,4,5,104,241.5096153846154,226.2596153846154,233,217,251,237,109,46.29807692307692
7,4,6,86,232.46511627906978,216.09302325581396,224,209,244,225,109,35.2906976744186
7,4,7,78,4.628205128205129,449.15384615384613,0,438,13,457,109,39.52564102564103
7,4,8,51,127.50980392156863,235.15686274509804,121,228,136,243,109,37.78431372549019
7,5,1,78167,128.49208745378485,238.83775762150267,0,0,253,507,255,101.63873501605536
7,5,2,4,83.5,0.5,83,0,84,1,224,117.25
7,5,3,587,37.28960817717206,482.335604770017,0,462,72,500,219,70.57240204429301
7,5,4,245,225.17142857142858,481.4734693877551,208,468,239,495,219,69.86122448979592
7,5,5,109,249.0183486238532,211.12844036697248,243,198,253,224,219,76.10091743119266
7,5,6,60,207.05,248.43333333333334,198,244,214,254,219,76.81666666666666
7,5,7,51,40.1764705882353,504.1372549019608,33,499,48,507,219,79.84313725490196
7,5,8,39,159.89743589743588,437.3076923076923,156,433,163,443,219,83.07692307692308
7,6,1,76932,128.31344564030573,241.1413586024021,0,0,253,507,255,104.59010554775647
7,6,2,141,237.4255319148936,230.93617021276594,226,218,248,243,182,130.93617021276594
7,6,3,37,197.32432432432432,240.32432432432432,191,237,203,245,182,140.32432432432432
7,6,4,30,206.66666666666666,505.2,200,503,214,507,182,137.93333333333334
7,6,5,23,182.47826086956522,452.30434782608694,178,449,187,454,182,129.30434782608697
7,6,6,21,33.095238095238095,433.76190476190476,26,431,38,436,182,143.33333333333334
7,6,7,17,19.058823529411764,276.4117647058824,16,275,22,278,182,137.41176470588235
7,6,8,17,193.64705882352942,214.88235294117646,191,211,196,218,182,132.94117647058823
7,7,1,70083,130.3675499051125,237.35589229913103,0,0,253,507,255,77.34081018221252
7,7,2,3,71.0,0.3333333333333333,70,0,72,1,211,142.66666666666666
7,7,3,2,12.5,146.5,12,146,13,147,192,108.0
7,7,4,460,98.37391304347825,213.2891304347826,75,195,122,235,181,47.09347826086957
7,7,5,5,118.6,244.0,118,242,119,246,179,62.0
7,7,6,200,6.83,186.16,0,169,16,204,165,47.505
7,7,7,2,0.5,377.0,0,377,1,377,156,133.5
7,7,8,2,95.5,212.0,95,212,96,212,146,125.0
9,0,1,3,91.0,5.0,91,4,91,6,128,96.0
9,0,2,3,68.0,3.0,67,2,69,4,123,87.0
9,0,3,3,97.33333333333333,143.66666666666666,97,143,98,144,112,68.0
9,0,4,2,31.0,397.5,31,397,31,398,85,62.0
9,0,5,3,84.33333333333333,111.66666666666667,84,111,85,112,72,54.333333333333336
9,0,6,2,116.5,131.0,116,131,117,131,67,46.0
9,0,7,3,67.33333333333333,7.0,67,6,68,8,56,44.666666666666664
9,0,8,2,119.0,131.5,119,131,119,132,56,49.5
9,1,1,2,89.5,6.5,89,6,90,7,141,133.0
9,1,2,2,90.5,3.5,90,3,91,4,104,64.0
9,1,3,2,84.5,9.0,84,9,85,9,58,42.0
9,1,4,2,78.5,0.5,78,0,79,1,50,43.0
9,1,5,4,109.0,446.5,109,445,109,448,37,34.75
9,1,6,2,119.0,439.5,119,439,119,440,31,30.5
9,2,1,72725,131.65120660020625,235.8416638019938,0,0,253,504,255,103.24396012375387
9,2,2,127,96.06299212598425,503.7244094488189,79,497,112,507,237,100.79527559055119
9,2,3,613,41.48939641109298,481.1223491027732,16,457,72,507,219,71.76998368678629
9,2,4,97,198.29896907216494,458.55670103092785,187,450,210,466,219,92.63917525773196
9,2,5,89,44.89887640449438,461.561797752809,37,454,52,471,219,83.28089887640449
9,2,6,77,127.12987012987013,503.1948051948052,115,498,140,507,219,81.1948051948052
9,2,7,58,79.62068965517241,492.37931034482756,72,487,86,499,219,85.75862068965517
9,2,8,57,24.54385964912281,306.3859649122807,19,300,33,315,219,92.54385964912281
9,3,1,71194,130.74103154760232,235.77823973930387,0,0,253,506,253,103.20843048571508
9,3,2,21,75.76190476190476,2.0952380952380953,73,0,78,4,211,100.57142857142857
9,3,3,208,89.53846153846153,503.27884615384613,64,496,114,507,192,94.8798076923077
9,3,4,3,115.33333333333333,132.33333333333334,115,132,116,133,185,82.0
9,3,5,839,41.55065554231228,480.04529201430273,13,454,72,507,182,132.4004767580453
9,3,6,143,209.97202797202797,200.95804195804195,192,193,222,213,182,128.06993006993008
9,3,7,110,86.77272727272727,493.6272727272727,74,487,102,499,182,135.70909090909092
9,3,8,80,203.1375,455.9375,195,449,212,464,182,139.525
9,4,1,33518,133.3061638522585,108.6585416790978,0,0,253,250,255,74.85234799212364
9,4,2,34846,130.6049187855134,360.4420593468404,0,226,253,507,253,73.41396430006313
9,4,3,8,15.75,425.375,13,423,17,427,192,97.75
9,4,4,119,98.84033613445378,502.47058823529414,87,493,111,507,182,62.89915966386555
9,4,5,7,82.57142857142857,503.0,81,501,85,504,181,84.85714285714286
9,4,6,25,70.76,503.28,67,499,74,507,172,79.88
9,4,7,6,75.16666666666667,506.6666666666667,74,506,77,507,169,100.66666666666667
9,4,8,4,130.5,251.0,130,250,131,252,165,113.5
9,5,1,72425,132.01598895409043,233.77763203313773,0,0,253,507,255,103.66714532274767
9,5,2,460,39.165217391304346,470.7826086956522,13,454,68,488,219,73.70652173913044
9,5,3,156,12.91025641025641,438.78205128205127,0,428,25,448,219,85.97435897435898
9,5,4,138,34.927536231884055,491.90579710144925,23,481,46,504,219,71.07246376811594
9,5,5,116,76.64655172413794,498.5086206896552,67,488,86,507,219,100.53448275862068
9,5,6,109,218.7981651376147,487.89908256880733,213,474,226,504,219,75.69724770642202
9,5,7,97,8.061855670103093,465.2061855670103,0,455,16,477,219,73.14432989690722
9,5,8,75,62.29333333333334,477.29333333333335,54,470,69,484,219,75.86666666666666
9,6,1,69103,131.39310883753237,233.32350259757175,0,0,253,507,249,102.34293735438403
9,6,2,17,75.6470588235294,2.0588235294117645,73,0,78,4,231,97.0
9,6,3,148,14.966216216216216,437.77702702702703,6,426,24,450,215,127.44594594594595
9,6,4,7,0.7142857142857143,391.85714285714283,0,390,1,394,214,116.57142857142857
9,6,5,75,75.10666666666667,497.14666666666665,62,488,86,507,192,125.56
9,6,6,544,229.48529411764707,469.82536764705884,206,446,253,496,182,130.09007352941177
9,6,7,354,48.378531073446325,490.3361581920904,23,475,73,504,182,133.67796610169492
9,6,8,264,46.70454545454545,470.4886363636364,32,453,63,483,182,132.8560606060606
9,7,1,64981,132.29588648989704,235.45771840999677,0,0,253,507,252,73.90566473276805
9,7,2,46,51.65217391304348,383.6304347826087,44,378,57,388,219,88.04347826086956
9,7,3,9,83.77777777777777,1.5555555555555556,83,0,85,3,200,65.44444444444444
9,7,4,162,73.92592592592592,181.85185185185185,65,172,84,198,192,40.25925925925926
9,7,5,45,73.53333333333333,504.3777777777778,67,497,83,507,183,77.93333333333334
9,7,6,6,168.33333333333334,170.83333333333334,167,170,170,172,183,110.66666666666667
9,7,7,328,7.591463414634147,92.32621951219512,0,65,23,116,180,60.78048780487805
9,7,8,4,105.25,247.25,105,246,106,248,180,125.0
10,0,1,24,10.333333333333334,414.0,7,412,13,416,237,152.29166666666666
10,0,2,8,15.125,424.75,14,423,16,426,237,153.875
10,0,3,6,15.5,419.0,15,418,16,420,237,217.33333333333334
10,0,4,7,75.0,168.0,74,167,76,169,236,179.0
10,0,5,16,1.5,410.0,0,408,3,412,235,131.0
10,0,6,5,76.4,162.8,76,162,77,164,235,159.6
10,0,7,26,71.26923076923077,158.34615384615384,68,156,74,160,234,157.57692307692307
10,0,8,13,6.384615384615385,408.38461538461536,5,407,8,410,234,125.92307692307692
10,1,1,4,1.75,410.0,1,409,2,411,236,114.25
10,1,2,5,69.6,158.8,69,158,70,160,235,117.4
10,1,3,7,62.0,154.28571428571428,61,153,63,155,231,104.85714285714286
10,1,4,5,53.6,153.2,53,152,54,154,229,120.4
10,1,5,3,8.666666666666666,414.3333333333333,8,414,9,415,229,156.0
10,1,6,2,58.5,150.0,58,150,59,150,222,139.5
10,1,7,4,6.5,408.5,6,408,7,409,200,74.75
10,1,8,2,12.0,413.5,12,413,12,414,168,102.5
10,2,1,71209,128.51277226193318,238.50625623165612,0,0,253,507,249,102.62458397112725
10,2,2,3,5.0,173.66666666666666,4,173,6,174,237,169.66666666666666
10,2,3,348,240.72988505747125,216.18965517241378,223,198,253,236,219,73.47413793103448
10,2,4,212,208.85849056603774,492.32547169811323,192,479,225,507,219,71.84905660377359
10,2,5,126,5.190476190476191,189.72222222222223,0,176,11,202,219,87.73809523809524
10,2,6,123,24.48780487804878,214.64227642276424,16,205,35,226,219,74.36585365853658
10,2,7,107,230.14018691588785,478.60747663551405,224,469,238,491,219,72.8411214953271
10,2,8,63,182.68253968253967,207.79365079365078,174,200,188,215,219,84.74603174603175
10,3,1,69452,129.43658929908426,237.20271554454877,0,0,253,507,253,103.39519380291425
10,3,2,3,112.33333333333333,131.66666666666666,112,131,113,132,224,128.33333333333334
10,3,3,23,29.130434782608695,296.82608695652175,25,293,33,300,208,145.95652173913044
10,3,4,20,73.1,1.75,69,0,76,4,207,129.2
10,3,5,287,223.29616724738676,243.3658536585366,208,224,239,261,182,134.44599303135888
10,3,6,284,51.33098591549296,243.79577464788733,34,231,72,257,182,132.41549295774647
10,3,7,278,229.46762589928056,467.56115107913666,216,447,244,487,182,129.76978417266187
10,3,8,154,245.75974025974025,221.2792207792208,234,204,253,236,182,134.07792207792207
10,4,1,65843,129.90149294533967,236.12441717418707,0,0,253,507,255,72.83942104703613
10,4,2,2,47.5,389.5,47,389,48,390,216,176.0
10,4,3,23,38.30434782608695,332.2173913043478,36,328,41,336,211,90.95652173913044
10,4,4,4,47.5,393.25,47,392,48,394,193,110.75
10,4,5,21,73.61904761904762,2.0,69,0,76,4,184,69.76190476190476
10,4,6,2,50.0,393.5,50,393,50,394,184,104.0
10,4,7,48,72.35416666666667,502.4791666666667,65,497,79,507,183,83.66666666666667
10,4,8,65,90.92307692307692,502.7692307692308,80,497,99,507,181,83.49230769230769
10,5,1,71559,130.17769952067525,233.63402227532526,0,0,253,507,253,103.08921309688509
10,5,2,168,79.7202380952381,502.4940476190476,61,494,100,507,228,104.23214285714286
10,5,3,707,28.125884016973124,470.6732673267327,2,435,61,499,219,72.93352192362093
10,5,4,221,219.16742081447964,483.5158371040724,201,472,233,497,219,71.1447963800905
10,5,5,193,193.58031088082902,465.7979274611399,182,450,206,478,219,96.10880829015544
10,5,6,104,8.5,27.71153846153846,0,18,18,38,219,71.5576923076923
10,5,7,96,5.166666666666667,193.64583333333334,0,185,13,203,219,85.0
10,5,8,93,141.58064516129033,453.741935483871,130,443,152,461,219,84.3763440860215
10,6,1,69314,129.88830539284993,237.13808177280202,0,0,253,505,249,103.81396254724875
10,6,2,7,28.0,371.0,26,370,30,372,225,110.28571428571429
10,6,3,37,38.13513513513514,288.86486486486484,33,284,43,294,219,127.37837837837837
10,6,4,120,71.04166666666667,502.25,58,494,84,507,217,101.575
10,6,5,85,94.36470588235294,502.2352941176471,85,496,103,507,193,101.16470588235295
10,6,6,253,18.304347826086957,473.89328063241106,6,454,31,494,182,136.82213438735178
10,6,7,122,238.70491803278688,20.89344262295082,223,9,250,37,182,132.59016393442624
10,6,8,84,231.22619047619048,240.23809523809524,224,234,239,248,182,137.38095238095238
10,7,1,63640,130.391153362665,236.11492771841608,0,0,253,507,253,73.12278441231929
10,7,2,7,73.28571428571429,2.142857142857143,71,1,76,3,216,88.57142857142857
10,7,3,3,90.0,136.0,89,136,91,136,192,137.0
10,7,4,3,83.33333333333333,89.0,83,88,84,90,192,109.0
10,7,5,2,169.0,186.5,169,186,169,187,192,132.0
10,7,6,6,37.166666666666664,392.1666666666667,36,391,39,394,189,100.16666666666667
10,7,7,6,100.16666666666667,137.83333333333334,98,137,102,139,187,83.0
10,7,8,369,69.44444444444444,488.6747967479675,48,465,95,507,183,46.040650406504064
16,0,1,17,65.88235294117646,2.5294117647058822,61,0,73,4,225,95.29411764705883
16,0,2,3,78.0,3.0,77,3,79,3,163,125.66666666666667
16,0,3,41,105.36585365853658,129.9512195121951,96,127,114,132,162,62.90243902439025
16,0,4,17,84.94117647058823,157.88235294117646,81,156,88,160,151,67.94117647058823
16,0,5,26,89.0,132.65384615384616,86,129,94,135,147,59.34615384615385
16,0,6,15,118.8,127.8,116,127,123,129,147,65.93333333333334
16,0,7,34,87.52941176470588,108.11764705882354,82,106,96,111,124,56.205882352941174
16,0,8,4,79.0,105.5,78,105,80,106,115,79.0
16,1,1,16,67.875,2.125,62,0,75,3,219,141.5
16,1,2,3,79.0,2.0,78,2,80,2,189,103.0
16,1,3,3,86.33333333333333,157.33333333333334,86,157,87,158,170,85.33333333333333
16,1,4,6,124.0,441.5,124,439,124,444,109,79.16666666666667
16,1,5,5,118.2,437.6,117,437,120,438,102,72.0
16,1,6,7,113.14285714285714,440.0,113,437,114,443,94,62.0
16,1,7,2,170.0,187.5,170,187,170,188,81,71.5
16,1,8,2,169.0,193.5,169,193,169,194,76,67.0
16,2,1,75886,128.2615765753894,235.73085944706534,0,0,253,507,255,101.64926336873732
16,2,2,366,70.27868852459017,500.3306010928962,44,484,102,507,232,85.95901639344262
16,2,3,155,29.716129032258063,241.95483870967743,20,231,43,252,219,70.6
16,2,4,154,214.97402597402598,223.12337662337663,201,213,227,233,219,75.81168831168831
16,2,5,140,6.642857142857143,199.06428571428572,0,185,15,213,219,78.02142857142857
16,2,6,116,219.76724137931035,491.01724137931035,211,480,231,505,219,73.33620689655173
16,2,7,89,151.96629213483146,450.0449438202247,141,441,160,459,219,66.67415730337079
16,2,8,82,31.890243902439025,269.9634146341463,22,261,41,277,219,75.71951219512195
16,3,1,76056,127.8420900389187,238.16940149363626,0,0,253,507,255,104.37386925423372
16,3,2,20,21.4,438.95,19,437,24,442,209,128.8
16,3,3,82,239.1829268292683,19.548780487804876,228,12,249,27,182,134.6341463414634
16,3,4,63,128.93650793650792,227.17460317460316,123,221,135,233,182,131.23809523809524
16,3,5,62,7.82258064516129,468.69354838709677,1,462,18,475,182,137.74193548387098
16,3,6,28,27.75,267.89285714285717,23,265,32,272,182,134.07142857142858
16,3,7,27,2.185185185185185,73.03703703703704,0,69,5,77,182,121.03703703703704
16,3,8,26,234.65384615384616,477.5769230769231,230,474,241,482,182,134.15384615384616
16,4,1,71709,127.84430127320141,235.09135533893934,0,0,253,504,255,77.38084480330224
16,4,2,16,20.1875,439.0,18,435,23,442,219,67.4375
16,4,3,4,80.5,503.5,80,503,81,504,210,122.25
16,4,4,144,96.3125,501.8333333333333,82,491,110,507,208,60.875
16,4,5,278,66.42086330935251,496.91007194244605,52,482,80,507,183,51.94244604316547
16,4,6,2,80.5,501.0,80,501,81,501,163,149.5
16,4,7,3,39.0,460.3333333333333,38,460,40,461,146,72.66666666666667
16,4,8,62,198.82258064516128,501.33870967741933,190,493,208,507,111,33.725806451612904
16,5,1,38359,128.23960478636045,111.76941526108605,0,0,253,251,255,101.67814593706822
16,5,2,38169,126.67575781393278,360.31229531819014,0,223,253,500,255,102.80476302758784
16,5,3,394,72.01015228426395,499.2791878172589,50,485,102,507,219,81.68527918781726
16,5,4,187,37.11764705882353,482.98395721925135,22,473,54,491,219,73.6096256684492
16,5,5,158,212.5759493670886,498.746835443038,196,490,227,507,219,75.5126582278481
16,5,6,58,233.9655172413793,234.18965517241378,229,225,239,244,219,85.96551724137932
16,5,7,45,227.64444444444445,488.4,221,482,232,496,219,80.46666666666667
16,5,8,41,11.926829268292684,74.09756097560975,8,69,15,79,219,88.65853658536585
16,6,1,74090,126.90654609259009,236.37585369145634,0,0,253,507,255,104.6326359832636
16,6,2,95,94.85263157894737,502.2631578947368,86,495,105,507,214,117.65263157894736
16,6,3,9,139.33333333333334,497.3333333333333,138,495,141,500,208,150.88888888888889
16,6,4,46,21.52173913043478,439.67391304347825,16,435,30,445,202,130.34782608695653
16,6,5,3,8.0,367.3333333333333,7,367,9,368,187,158.33333333333334
16,6,6,338,206.50295857988166,223.1508875739645,182,206,231,235,182,132.9112426035503
16,6,7,217,212.12442396313364,200.83870967741936,193,189,229,212,182,129.5483870967742
16,6,8,136,50.720588235294116,465.5882352941176,40,457,61,476,182,128.23529411764707
16,7,1,70213,127.39122384743565,235.23710708843092,0,0,253,504,255,77.24073889450672
16,7,2,4,106.0,246.25,105,246,107,247,219,153.5
16,7,3,249,60.626506024096386,500.53413654618475,35,489,90,507,188,60.99598393574297
16,7,4,42,200.97619047619048,461.07142857142856,196,454,204,468,182,60.404761904761905
16,7,5,2,231.5,288.0,231,288,232,288,182,107.0
16,7,6,34,137.38235294117646,457.47058823529414,134,453,141,463,180,53.73529411764706
16,7,7,9,177.33333333333334,165.11111111111111,176,163,180,167,180,74.88888888888889
16,7,8,2,124.0,435.5,124,435,124,436,173,104.5
17,0,1,77,65.42857142857143,389.5974025974026,61,375,73,399,188,57.09090909090909
17,0,2,2,84.5,72.0,84,72,85,72,183,115.5
17,0,3,49,140.9591836734694,444.7959183673469,138,433,146,458,180,116.75510204081633
17,0,4,4,62.5,343.0,61,343,64,343,179,98.75
17,0,5,8,107.5,113.625,105,113,110,114,165,83.75
17,0,6,3,87.66666666666667,71.66666666666667,87,71,88,72,155,119.0
17,0,7,42,152.47619047619048,447.42857142857144,148,435,155,460,153,110.35714285714286
17,0,8,20,126.1,94.45,123,93,129,96,150,73.4
17,1,1,42,141.78571428571428,444.7142857142857,139,434,145,457,173,98.88095238095238
17,1,2,2,147.5,435.0,147,435,148,435,144,98.0
17,1,3,51,151.2549019607843,446.7647058823529,147,435,154,459,137,79.74509803921569
17,1,4,11,62.09090909090909,396.09090909090907,60,394,64,397,127,38.81818181818182
17,1,5,50,125.66,134.08,123,122,127,146,80,60.52
17,1,6,36,197.16666666666666,196.08333333333334,194,184,201,210,76,49.77777777777778
17,1,7,55,65.69090909090909,386.8727272727273,63,375,72,396,69,52.0
17,1,8,23,128.65217391304347,128.7391304347826,128,123,130,134,67,50.95652173913044
17,2,1,89691,128.59939124326854,247.10203922355643,0,0,253,507,255,100.08081078369067
17,2,2,49,245.77551020408163,496.3469387755102,234,486,253,506,219,77.53061224489795
17,2,3,24,246.33333333333334,2.5833333333333335,242,0,253,5,219,80.66666666666667
17,2,4,10,211.0,505.7,209,504,213,507,219,81.5
17,2,5,5,100.8,474.2,100,473,101,476,219,152.6
17,2,6,5,10.6,504.4,9,503,12,506,219,102.2
17,2,7,5,146.2,213.6,145,213,147,214,219,95.4
17,2,8,4,3.25,212.0,3,211,4,213,219,143.0
17,3,1,89260,128.91511315258794,246.95852565538874,0,0,253,507,254,103.17587945328255
17,3,2,50,249.36,277.64,244,272,253,284,182,137.8
17,3,3,20,18.85,502.7,13,500,24,506,182,146.9
17,3,4,4,18.75,145.25,18,144,19,146,182,137.5
17,3,5,2,39.0,223.5,39,223,39,224,182,163.0
17,3,6,7,216.85714285714286,468.42857142857144,216,467,218,470,178,131.14285714285714
17,3,7,5,10.6,504.4,9,503,12,506,178,152.4
17,3,8,2,131.5,199.0,131,199,132,199,178,145.0
17,4,1,86929,128.81311184990048,247.16262697143645,0,0,253,507,255,81.40114346190569
17,4,2,33,5.212121212121212,270.1818181818182,3,264,7,276,160,41.45454545454545
17,4,3,2,187.5,210.0,187,210,188,210,157,126.5
17,4,4,85,43.294117647058826,501.78823529411767,34,490,51,507,144,46.870588235294115
17,4,5,4,250.25,213.75,250,213,251,215,144,72.0
17,4,6,131,245.25954198473283,216.18320610687022,237,201,253,231,110,54.0
17,4,7,35,193.85714285714286,504.51428571428573,189,501,201,507,109,56.22857142857143
17,4,8,31,249.6451612903226,492.5483870967742,245,486,253,500,109,37.58064516129032
17,5,1,90234,128.41104240086887,246.9473036771062,0,0,253,507,255,100.5113261076756
17,5,2,30,19.633333333333333,502.43333333333334,12,500,28,506,219,77.46666666666667
17,5,3,11,5.0,266.09090909090907,3,264,7,268,219,86.0909090909091
17,5,4,7,10.714285714285714,31.0,9,30,12,32,219,105.28571428571429
17,5,5,6,172.83333333333334,468.5,171,467,175,469,219,112.16666666666667
17,5,6,4,205.0,496.75,204,496,206,497,219,148.0
17,5,7,4,10.25,504.0,9,503,11,505,219,107.5
17,5,8,2,2.0,496.5,2,496,2,497,219,146.0
17,6,1,87738,128.93527319975382,246.33217078118946,0,0,253,507,255,103.24692835487474
17,6,2,309,236.83495145631068,250.0873786407767,218,234,253,264,182,139.3398058252427
17,6,3,29,18.0,502.44827586206895,12,500,24,506,182,146.41379310344828
17,6,4,18,251.83333333333334,274.8888888888889,250,272,253,280,182,145.22222222222223
17,6,5,16,5.0,9.8125,0,7,9,12,182,148.125
17,6,6,13,248.0,494.38461538461536,246,490,251,498,182,148.6153846153846
17,6,7,13,4.846153846153846,265.9230769230769,3,264,7,268,182,145.84615384615384
17,6,8,11,1.8181818181818181,460.27272727272725,1,458,3,463,182,116.18181818181819
17,7,1,85748,129.32966366562485,246.59103419321733,0,0,253,507,255,81.6201893921724
17,7,2,80,248.65,269.8125,243,261,253,280,146,37.5875
17,7,3,58,248.3448275862069,210.20689655172413,243,203,253,217,146,56.310344827586206
17,7,4,25,245.8,2.0,240,0,253,4,109,40.08
17,7,5,18,22.444444444444443,172.27777777777777,21,169,25,177,109,36.27777777777778
17,7,6,15,5.133333333333334,9.8,0,7,9,12,109,40.86666666666667
17,7,7,14,215.07142857142858,505.42857142857144,213,504,218,507,109,40.642857142857146
17,7,8,9,196.0,492.0,194,490,198,494,109,73.88888888888889
18,0,1,3,78.0,164.0,78,163,78,165,129,77.33333333333333
18,0,2,2,81.0,3.5,81,3,81,4,106,98.5
18,0,3,2,56.0,4.5,56,4,56,5,89,80.5
18,0,4,3,107.0,452.0,107,451,107,453,64,49.0
18,0,5,2,62.5,9.0,62,9,63,9,64,49.0
18,0,6,2,119.0,446.5,119,446,119,447,57,55.5
18,0,7,2,111.0,134.5,111,134,111,135,57,44.0
18,0,8,3,162.0,192.0,162,191,162,193,55,40.0
18,1,1,2,57.0,4.5,57,4,57,5,80,68.0
18,1,2,2,61.5,8.0,61,8,62,8,73,49.0
18,1,3,2,80.0,3.5,80,3,80,4,68,54.0
18,1,4,3,107.0,444.0,107,443,107,445,63,49.0
18,1,5,3,108.0,454.0,108,453,108,455,58,41.333333333333336
18,1,6,2,118.0,445.5,118,445,118,446,58,56.0
18,1,7,2,119.0,452.5,119,452,119,453,56,51.5
18,1,8,3,115.0,441.3333333333333,114,441,116,442,51,48.666666666666664
18,2,1,71649,128.78845482839955,238.09931750617594,0,0,253,507,255,102.06488576253682
18,2,2,160,200.2125,250.43125,184,243,222,259,219,74.4875
18,2,3,142,23.950704225352112,284.1619718309859,16,273,35,297,219,79.78169014084507
18,2,4,102,31.84313725490196,496.22549019607845,20,488,40,506,219,76.15686274509804
18,2,5,88,226.60227272727272,462.72727272727275,216,457,241,468,219,67.01136363636364
18,2,6,83,225.59036144578315,242.81927710843374,217,237,235,250,219,79.24096385542168
18,2,7,82,220.17073170731706,484.1829268292683,210,480,231,490,219,68.7439024390244
18,2,8,73,166.45205479452054,455.6986301369863,158,447,173,466,219,71.24657534246575
18,3,1,70465,129.2377350457674,236.52220251188533,0,0,253,507,255,103.20255445966083
18,3,2,14,34.642857142857146,377.35714285714283,33,375,37,380,225,113.5
18,3,3,3,37.666666666666664,309.0,37,308,38,310,206,91.33333333333333
18,3,4,2,91.0,505.5,91,505,91,506,206,175.0
18,3,5,16,39.5,284.1875,38,281,42,287,197,118.5625
18,3,6,492,22.632113821138212,473.4186991869919,3,446,45,507,182,134.09959349593495
18,3,7,171,229.04093567251462,458.9356725146199,222,440,236,480,182,128.0701754385965
18,3,8,153,218.15686274509804,481.83660130718954,206,467,231,493,182,131.8954248366013
18,4,1,67370,131.11439810004453,239.74852308149028,0,0,253,507,254,73.39459700163277
18,4,2,2,36.0,392.5,36,392,36,393,216,145.5
18,4,3,3,79.33333333333333,123.33333333333333,79,123,80,124,192,84.66666666666667
18,4,4,5,90.4,506.2,89,505,91,507,164,94.2
18,4,5,2,108.0,250.5,108,250,108,251,163,104.0
18,4,6,75,29.76,265.64,19,260,38,276,146,38.46666666666667
18,4,7,16,33.4375,285.0,31,283,36,288,146,59.5625
18,4,8,13,181.30769230769232,221.6153846153846,178,219,185,224,146,56.07692307692308
18,5,1,70635,130.01039144899838,234.87834642882424,0,0,253,502,250,103.22335952431514
18,5,2,6,30.333333333333332,184.16666666666666,29,183,31,186,228,118.0
18,5,3,456,27.526315789473685,477.68859649122805,10,450,52,507,219,72.13377192982456
18,5,4,368,62.51358695652174,493.61684782608694,40,474,88,507,219,72.55434782608695
18,5,5,242,109.43388429752066,235.05371900826447,93,216,127,249,219,67.42561983471074
18,5,6,96,220.30208333333334,483.4479166666667,211,475,231,493,219,70.07291666666667
18,5,7,54,246.85185185185185,469.0740740740741,240,463,253,475,219,74.12962962962963
18,5,8,52,8.846153846153847,474.21153846153845,3,467,14,482,219,78.6923076923077
18,6,1,70009,129.55405733548542,240.84760530788898,0,0,253,507,251,103.22928480623919
18,6,2,7,33.42857142857143,283.0,31,282,35,284,209,144.42857142857142
18,6,3,2,178.5,7.0,178,7,179,7,208,193.0
18,6,4,5,178.6,427.0,178,426,180,428,203,133.0
18,6,5,26,43.23076923076923,285.2307692307692,38,282,48,288,198,123.96153846153847
18,6,6,2,43.5,318.0,43,318,44,318,194,159.0
18,6,7,180,234.63333333333333,233.35,222,218,248,249,182,135.61111111111111
18,6,8,116,248.16379310344828,208.66379310344828,238,196,253,223,182,130.67241379310346
18,7,1,63100,129.7605229793978,237.1420760697306,0,0,253,507,255,74.79475435816165
18,7,2,17,3.2941176470588234,395.52941176470586,1,393,6,400,219,76.6470588235294
18,7,3,52,41.38461538461539,369.11538461538464,34,364,49,377,217,67.61538461538461
18,7,4,6,104.16666666666667,135.5,103,135,106,137,216,95.0
18,7,5,4,82.0,56.25,81,55,83,57,216,118.25
18,7,6,3,72.33333333333333,149.33333333333334,72,149,73,150,216,101.66666666666667
18,7,7,2,87.5,140.0,87,140,88,140,216,160.0
18,7,8,5,88.2,506.6,87,506,89,507,214,97.0
19,0,1,3,50.0,5.0,50,4,50,6,42,36.333333333333336
19,1,1,2,51.5,6.5,51,6,52,7,76,72.0
19,1,2,2,54.5,8.0,54,8,55,8,45,43.0
19,2,1,34604,128.2452606635071,360.2897063923246,0,216,253,507,246,102.9283608831349
19,2,2,33907,131.59011413572418,106.92821541274662,0,0,253,247,246,103.9059191317427
19,2,3,191,19.32460732984293,305.18848167539267,3,289,37,314,237,96.16230366492147
19,2,4,59,197.98305084745763,462.8474576271187,188,455,207,470,221,87.55932203389831
19,2,5,5,45.8,450.8,44,450,47,452,220,148.2
19,2,6,248,12.44758064516129,279.5766129032258,0,263,29,297,219,71.1774193548387
19,2,7,198,245.87373737373738,203.62626262626262,234,186,253,224,219,73.73737373737374
19,2,8,171,150.02923976608187,453.35087719298247,140,443,164,467,219,65.77777777777777
19,3,1,68176,128.95193323163576,235.38064714855668,0,0,253,507,250,102.8973832433701
19,3,2,2,36.5,381.5,36,381,37,382,224,168.0
19,3,3,7,31.714285714285715,395.2857142857143,30,394,33,397,211,122.0
19,3,4,2,88.5,147.5,88,147,89,148,209,159.5
19,3,5,42,128.14285714285714,456.57142857142856,123,448,134,465,203,130.14285714285714
19,3,6,22,119.22727272727273,437.1363636363636,117,433,122,441,193,118.77272727272727
19,3,7,30,88.56666666666666,503.6333333333333,84,500,93,507,192,101.9
19,3,8,36,201.66666666666666,464.27777777777777,197,460,208,469,184,142.61111111111111
19,4,1,64713,129.64968398930662,236.429218240539,0,0,253,503,241,72.93376910358043
19,4,2,18,32.833333333333336,368.8888888888889,30,366,36,372,219,65.5
19,4,3,4,32.0,410.5,31,410,33,411,219,116.25
19,4,4,4,32.0,381.5,32,380,32,383,219,76.75
19,4,5,6,108.5,140.16666666666666,108,138,110,142,217,65.33333333333333
19,4,6,16,104.5,143.625,101,141,108,146,216,72.1875
19,4,7,7,87.28571428571429,152.42857142857142,85,151,89,154,201,72.14285714285714
19,4,8,2,35.5,286.5,35,286,36,287,195,129.5
19,5,1,69431,129.0720427474759,235.99798360962683,0,0,253,507,250,103.31209402140254
19,5,2,349,200.97707736389685,466.40687679083095,188,444,219,489,219,86.58166189111748
19,5,3,217,235.9815668202765,230.14285714285714,222,212,250,250,219,78.49308755760369
19,5,4,164,214.5670731707317,244.2378048780488,201,231,227,258,219,71.90243902439025
19,5,5,112,30.116071428571427,204.21428571428572,18,194,42,212,219,77.73214285714286
19,5,6,83,9.27710843373494,282.73493975903614,0,273,18,294,219,72.66265060240964
19,5,7,66,239.6969696969697,476.3939393939394,233,464,247,486,219,79.31818181818181
19,5,8,54,70.70370370370371,214.94444444444446,65,210,77,222,219,75.74074074074075
19,6,1,32010,131.4244611059044,358.0441736957201,0,237,253,499,249,102.53086535457669
19,6,2,32182,130.77241936486234,106.33487663911504,0,0,253,250,246,101.33223541109938
19,6,3,7,59.714285714285715,125.85714285714286,59,125,61,127,230,88.85714285714286
19,6,4,52,92.01923076923077,132.80769230769232,85,130,100,137,224,112.46153846153847
19,6,5,25,35.32,395.2,31,391,39,399,223,106.88
19,6,6,19,84.26315789473684,149.78947368421052,81,148,88,151,220,103.05263157894737
19,6,7,37,42.32432432432432,420.56756756756755,38,417,48,427,215,119.70270270270271
19,6,8,18,29.055555555555557,389.6666666666667,26,388,32,392,212,95.33333333333333
19,7,1,29646,129.33721244012682,358.4047088983337,0,228,253,496,243,73.71824192133846
19,7,2,29685,132.98292066700353,106.56745831227893,0,0,253,259,219,74.97618325753747
19,7,3,67,85.76119402985074,126.34328358208955,80,120,94,134,219,59.343283582089555
19,7,4,19,22.789473684210527,312.3157894736842,20,310,26,314,219,75.57894736842105
19,7,5,8,90.875,145.125,89,144,92,147,219,98.25
19,7,6,3,25.333333333333332,393.6666666666667,25,393,26,394,219,134.33333333333334
19,7,7,2,19.5,396.0,19,396,20,396,219,125.5
19,7,8,31,17.0,390.96774193548384,12,389,23,394,216,103.48387096774194
22,0,1,5,58.6,18.0,58,16,60,20,202,156.4
22,0,2,4,80.5,14.5,79,13,82,16,150,97.75
22,0,3,2,62.5,21.0,62,21,63,21,147,102.5
22,0,4,3,70.66666666666667,123.66666666666667,70,123,71,124,102,71.33333333333333
22,0,5,7,69.0,22.0,66,22,72,22,101,67.28571428571429
22,0,6,4,72.5,10.25,71,10,74,11,82,45.0
22,0,7,3,103.0,455.0,103,454,103,456,81,55.0
22,0,8,3,115.0,453.0,115,452,115,454,78,47.333333333333336
22,1,1,2,59.0,16.5,59,16,59,17,196,175.5
22,1,2,4,67.5,21.0,66,21,69,21,158,96.5
22,1,3,3,62.0,19.666666666666668,61,19,63,20,151,106.0
22,1,4,2,79.5,18.5,79,18,80,19,150,100.0
22,1,5,5,78.4,13.6,77,12,80,15,129,69.4
22,1,6,3,72.0,21.0,71,21,73,21,106,71.33333333333333
22,1,7,2,103.0,448.5,103,448,103,449,81,72.5
22,1,8,4,73.0,11.5,72,11,74,12,78,51.25
22,2,1,72854,130.1985340544102,236.59256869904192,0,0,253,507,255,102.06952260685755
22,2,2,185,21.167567567567566,196.37297297297297,8,183,35,214,219,90.45945945945945
22,2,3,98,36.03061224489796,214.87755102040816,27,206,44,222,219,80.78571428571429
22,2,4,56,99.85714285714286,488.6607142857143,94,481,107,496,219,66.60714285714286
22,2,5,54,246.1851851851852,285.037037037037,241,276,250,292,219,76.94444444444444
22,2,6,42,29.238095238095237,227.3095238095238,22,223,35,232,219,82.5952380952381
22,2,7,42,76.5,482.35714285714283,74,473,79,492,219,69.78571428571429
22,2,8,28,89.10714285714286,492.39285714285717,84,485,93,497,219,68.82142857142857
22,3,1,70581,130.19566172199316,235.17735651237587,0,0,253,507,255,103.43225513948514
22,3,2,7,34.142857142857146,299.14285714285717,32,298,36,300,219,138.42857142857142
22,3,3,203,22.714285714285715,195.85221674876848,13,185,37,214,203,130.38423645320196
22,3,4,319,84.89028213166144,221.39811912225704,65,204,100,237,182,130.43260188087774
22,3,5,257,110.42023346303502,234.13618677042803,91,221,129,248,182,134.9727626459144
22,3,6,178,227.46067415730337,482.938202247191,216,469,239,498,182,131.61797752808988
22,3,7,104,8.798076923076923,284.65384615384613,0,276,21,292,182,135.71153846153845
22,3,8,101,46.89108910891089,493.7524752475247,38,483,55,501,182,139.56435643564356
22,4,1,67015,130.0982018950981,233.2862344251287,0,0,253,506,255,75.12534507199881
22,4,2,763,23.719528178243774,458.7732634338139,0,431,54,494,219,41.5478374836173
22,4,3,2,99.5,137.5,99,137,100,138,192,112.0
22,4,4,13,65.07692307692308,63.76923076923077,64,61,66,66,184,69.84615384615384
22,4,5,155,21.06451612903226,194.6451612903226,12,185,31,208,182,48.50967741935484
22,4,6,8,36.0,81.625,34,81,38,83,182,79.875
22,4,7,55,33.67272727272727,294.76363636363635,26,290,40,300,181,50.32727272727273
22,4,8,7,25.0,310.0,23,309,26,312,180,86.71428571428571
22,5,1,72616,129.7405805883001,237.0888647130109,0,0,253,507,255,102.93227387903492
22,5,2,288,92.15625,217.47916666666666,74,202,113,229,219,73.77083333333333
22,5,3,275,233.61454545454546,233.4,216,213,250,251,219,79.03636363636363
22,5,4,177,19.89830508474576,268.05649717514126,6,254,32,280,219,69.38983050847457
22,5,5,79,24.49367088607595,201.39240506329114,18,191,31,214,219,81.70886075949367
22,5,6,50,140.5,238.18,134,232,150,242,219,73.22
22,5,7,40,208.1,502.85,203,499,214,507,219,76.65
22,5,8,39,21.05128205128205,73.82051282051282,16,69,25,79,219,73.41025641025641
22,6,1,69965,131.08288429929252,235.58507825341243,0,0,253,506,253,103.40077181447867
22,6,2,3,94.33333333333333,176.0,94,175,95,177,215,132.33333333333334
22,6,3,344,52.627906976744185,223.30232558139534,36,200,70,245,197,127.68604651162791
22,6,4,423,67.74231678486997,490.68794326241135,45,474,102,507,182,134.64302600472814
22,6,5,126,35.37301587301587,492.6825396825397,25,477,45,504,182,138.57142857142858
22,6,6,122,209.45081967213116,487.75409836065575,197,480,223,495,182,131.50819672131146
22,6,7,77,215.16883116883116,455.68831168831167,203,449,223,463,182,135.19480519480518
22,6,8,57,56.526315789473685,467.82456140350877,49,462,66,474,182,128.3859649122807
22,7,1,64952,131.33544771523586,233.7678439462988,0,0,253,500,255,75.57340805517921
22,7,2,6,64.33333333333333,166.33333333333334,63,164,65,168,216,120.5
22,7,3,5,5.8,426.2,5,425,7,427,216,67.2
22,7,4,2,86.5,148.0,86,148,87,148,216,146.5
22,7,5,12,32.083333333333336,445.5,30,444,35,448,200,62.166666666666664
22,7,6,194,9.592783505154639,441.62371134020617,0,426,24,453,193,56.355670103092784
22,7,7,5,51.0,399.0,50,398,52,400,193,142.0
22,7,8,3,56.0,175.0,56,174,56,176,167,118.33333333333333
24,0,1,2,144.5,418.0,144,418,145,418,45,37.0
24,0,2,2,101.0,446.5,101,446,101,447,43,35.0
24,0,3,2,107.0,145.5,107,145,107,146,42,38.5
24,0,4,2,86.5,149.0,86,149,87,149,39,33.5
24,0,5,3,155.0,205.0,155,204,155,206,37,31.333333333333332
24,0,6,5,167.0,207.0,167,205,167,209,31,26.6
24,0,7,3,167.0,194.0,167,193,167,195,30,29.0
24,0,8,2,81.5,150.5,81,150,82,151,28,27.0
24,1,1,4,62.5,25.0,61,25,64,25,60,47.25
24,1,2,2,68.5,16.0,68,16,69,16,39,32.0
24,1,3,4,156.0,201.5,156,200,156,203,36,30.0
24,2,1,67013,129.41957530628386,230.97231880381418,0,0,253,502,246,104.48087684479131
24,2,2,545,36.56330275229358,479.57798165137615,13,456,73,503,219,69.25871559633028
24,2,3,268,91.34701492537313,220.044776119403,72,206,110,233,219,76.10820895522389
24,2,4,156,27.878205128205128,447.5128205128205,10,438,42,458,219,78.14102564102564
24,2,5,150,79.07333333333334,489.7133333333333,68,476,93,502,219,65.45333333333333
24,2,6,116,215.75,488.63793103448273,202,479,228,498,219,67.06896551724138
24,2,7,110,22.272727272727273,204.1727272727273,12,197,33,212,219,74.26363636363637
24,2,8,105,196.2,455.42857142857144,189,446,206,467,219,90.67619047619047
24,3,1,33541,131.79851524999253,107.8463671327629,0,0,253,256,252,102.81395903521064
24,3,2,32963,128.79298000788762,359.280223280648,0,211,253,503,244,103.48108485271365
24,3,3,121,28.611570247933884,296.1900826446281,19,289,40,303,201,124.19834710743801
24,3,4,12,1.4166666666666667,116.66666666666667,0,114,3,120,198,124.5
24,3,5,291,31.86254295532646,480.68384879725085,7,460,53,500,182,134.9553264604811
24,3,6,255,237.3921568627451,232.49803921568628,221,210,253,258,182,137.42745098039217
24,3,7,188,13.436170212765957,274.02659574468083,0,257,27,293,182,138.46808510638297
24,3,8,84,205.27380952380952,251.98809523809524,196,242,213,259,182,132.28571428571428
24,4,1,62468,130.93249343663956,230.488265992188,0,0,253,503,239,73.2161106486521
24,4,2,5,93.8,483.6,92,482,95,485,219,84.8
24,4,3,4,23.5,393.5,23,393,24,394,196,121.75
24,4,4,2,22.5,434.0,22,434,23,434,191,175.5
24,4,5,4,47.75,174.5,47,173,48,176,184,77.25
24,4,6,71,95.26760563380282,186.40845070422534,89,179,103,195,183,59.25352112676056
24,4,7,2,28.5,435.0,28,435,29,435,183,107.5
24,4,8,371,20.455525606469003,447.1212938005391,0,435,42,464,182,46.45283018867924
24,5,1,68464,130.16997254031315,234.0033740359897,0,0,253,504,252,104.46069467165225
24,5,2,382,94.5261780104712,223.29057591623035,74,206,116,249,219,72.63612565445027
24,5,3,282,56.4290780141844,490.209219858156,34,470,74,503,219,71.33687943262412
24,5,4,85,37.01176470588236,215.75294117647059,27,208,47,223,219,74.61176470588235
24,5,5,84,10.976190476190476,290.5833333333333,0,280,22,297,219,74.1547619047619
24,5,6,70,51.92857142857143,468.4,43,460,58,480,219,68.34285714285714
24,5,7,47,18.340425531914892,86.59574468085107,12,80,24,92,219,74.93617021276596
24,5,8,43,53.7906976744186,453.8139534883721,49,449,58,458,219,73.97674418604652
24,6,1,65625,130.10669714285714,232.55683047619047,0,0,253,500,253,102.8243961904762
24,6,2,9,129.33333333333334,462.55555555555554,127,461,131,464,185,138.77777777777777
24,6,3,336,58.99107142857143,483.44642857142856,41,459,76,507,182,135.25
24,6,4,217,236.0,230.85714285714286,221,211,253,258,182,135.61290322580646
24,6,5,114,22.850877192982455,203.7982456140351,12,196,33,212,182,136.0
24,6,6,101,224.8910891089109,7.900990099009901,215,0,239,15,182,134.11881188118812
24,6,7,81,6.851851851851852,302.41975308641975,0,294,14,311,182,129.97530864197532
24,6,8,76,210.47368421052633,451.9342105263158,202,444,218,458,182,133.78947368421052
24,7,1,31009,135.0706891547615,108.69405656422329,0,0,253,259,237,73.63987874488052
24,7,2,29592,129.0273046769397,360.1285144633685,0,237,253,502,232,72.89936469316031
24,7,3,6,0.5,189.33333333333334,0,187,2,191,216,100.16666666666667
24,7,4,2,92.5,482.5,92,482,93,483,195,151.5
24,7,5,24,96.125,182.83333333333334,92,179,101,186,192,74.54166666666667
24,7,6,8,0.875,400.0,0,399,3,402,192,86.125
24,7,7,15,129.33333333333334,459.06666666666666,128,455,131,463,181,82.73333333333333
24,7,8,6,12.333333333333334,102.83333333333333,11,102,13,104,181,96.66666666666667
37,0,1,2,69.0,17.5,69,17,69,18,101,86.5
37,0,2,2,46.0,18.5,46,18,46,19,86,80.5
37,0,3,3,194.0,161.0,194,160,194,162,64,59.0
37,0,4,2,192.0,161.5,192,161,192,162,25,24.5
37,1,1,2,47.5,19.5,47,19,48,20,70,65.0
37,1,2,2,54.5,22.0,54,22,55,22,58,52.0
37,1,3,2,67.5,18.5,67,18,68,19,57,51.5
37,2,1,34706,126.36356825909064,357.4919898576615,0,218,253,501,248,103.99092375958048
37,2,2,35116,131.15949994304592,109.00239207198997,0,0,253,255,243,103.87794737441622
37,2,3,495,53.915151515151514,490.87676767676766,21,472,83,507,219,71.17171717171718
37,2,4,105,224.31428571428572,480.25714285714287,212,470,235,488,219,68.22857142857143
37,2,5,98,203.60204081632654,481.7040816326531,193,474,212,490,219,76.90816326530613
37,2,6,69,35.31884057971015,213.46376811594203,30,204,41,221,219,78.66666666666667
37,2,7,65,220.12307692307692,492.6307692307692,214,486,227,500,219,74.33846153846154
37,2,8,48,23.75,206.77083333333334,17,200,29,212,219,77.35416666666667
37,3,1,33782,133.19075247173052,107.66665679947901,0,0,253,256,238,102.36930909952045
37,3,2,33735,127.11074551652587,359.61170890766266,0,235,253,500,234,103.45454275974507
37,3,3,3,31.666666666666668,413.0,31,412,32,414,224,139.0
37,3,4,62,96.56451612903226,505.35483870967744,85,501,109,507,219,99.69354838709677
37,3,5,5,29.0,413.2,28,412,30,414,208,127.8
37,3,6,645,97.77674418604651,225.4418604651163,71,208,127,249,182,133.7829457364341
37,3,7,507,49.61341222879685,490.1696252465483,22,474,77,507,182,135.66074950690336
37,3,8,170,218.11176470588236,489.9117647058824,206,478,227,504,182,134.43529411764706
37,4,1,65014,129.2577137231981,234.39425354539023,0,0,253,507,244,72.47685113975452
37,4,2,5,87.8,137.0,87,136,89,138,216,72.0
37,4,3,46,95.56521739130434,485.82608695652175,91,480,101,491,192,37.15217391304348
37,4,4,3,91.33333333333333,137.66666666666666,91,137,92,138,192,86.66666666666667
37,4,5,12,80.83333333333333,134.5,78,133,83,136,191,57.25
37,4,6,29,79.0,505.3103448275862,70,503,87,507,183,99.3103448275862
37,4,7,5,146.2,250.4,145,250,148,251,183,90.6
37,4,8,24,104.70833333333333,505.0416666666667,100,503,110,507,182,88.45833333333333
37,5,1,70457,128.3100046837078,233.43673446215422,0,0,253,507,246,103.55042082404871
37,5,2,2,79.5,507.0,79,507,80,507,232,144.5
37,5,3,5,71.2,506.6,70,506,72,507,228,90.4
37,5,4,49,99.89795918367346,505.1224489795918,90,502,109,507,226,101.34693877551021
37,5,5,429,49.172494172494176,491.3076923076923,16,471,73,507,219,71.04662004662005
37,5,6,162,223.1172839506173,235.2530864197531,214,220,234,247,219,80.9074074074074
37,5,7,138,13.514492753623188,229.58695652173913,1,216,23,241,219,69.15942028985508
37,5,8,119,227.48739495798318,268.218487394958,216,256,239,280,219,71.94117647058823
37,6,1,67931,129.80653898809086,234.996967511151,0,0,253,507,250,103.4067509678939
37,6,2,2,72.5,145.0,72,145,73,145,224,136.0
37,6,3,6,63.833333333333336,14.666666666666666,62,14,65,15,214,65.0
37,6,4,11,22.90909090909091,399.8181818181818,22,397,24,403,203,116.63636363636364
37,6,5,308,51.47402597402598,228.85714285714286,39,210,64,249,198,131.23376623376623
37,6,6,515,87.21553398058252,227.57669902912622,63,207,110,249,182,135.34368932038834
37,6,7,156,209.32051282051282,485.18589743589746,195,473,223,498,182,130.23076923076923
37,6,8,153,239.4967320261438,472.58169934640523,225,459,250,488,182,132.640522875817
37,7,1,62473,130.73627006866965,230.90094921005874,0,0,253,499,235,72.98938741536344
37,7,2,67,26.880597014925375,388.74626865671644,15,384,39,393,219,79.56716417910448
37,7,3,2,68.5,80.0,68,80,69,80,219,219.0
37,7,4,132,10.590909090909092,316.90909090909093,0,304,23,327,216,47.984848484848484
37,7,5,3,9.666666666666666,322.0,9,321,10,323,199,113.0
37,7,6,3,21.333333333333332,385.0,21,384,22,386,196,88.0
37,7,7,2,0.0,403.5,0,403,0,404,196,134.0
37,7,8,4,46.5,144.5,46,144,47,145,192,87.75
38,0,1,2,66.5,20.5,66,20,67,21,44,35.5
38,1,1,2,58.5,23.0,58,23,59,23,27,26.5
38,2,1,67792,128.56247049799387,230.7124734481945,0,0,253,501,246,103.38581248524899
38,2,2,37,80.24324324324324,504.8918918918919,71,499,86,507,237,92.62162162162163
38,2,3,3,160.33333333333334,475.3333333333333,160,475,161,476,232,156.66666666666666
38,2,4,2,54.0,17.5,54,17,54,18,227,150.0
38,2,5,12,186.91666666666666,247.83333333333334,184,246,191,249,220,149.25
38,2,6,465,59.1247311827957,489.2,38,468,78,507,219,69.93333333333334
38,2,7,370,48.116216216216216,224.5027027027027,29,201,67,248,219,93.4027027027027
38,2,8,322,206.8726708074534,477.2670807453416,181,455,235,495,219,73.6832298136646
38,3,1,65908,129.87103234812162,229.88100078897858,0,0,253,500,252,102.61784608848698
38,3,2,8,52.0,17.75,49,17,54,18,220,100.75
38,3,3,163,12.49079754601227,199.90797546012269,0,191,28,214,219,131.57668711656441
38,3,4,81,92.92592592592592,505.5432098765432,73,503,110,507,194,88.23456790123457
38,3,5,899,41.62402669632925,476.91991101223584,3,444,80,504,182,132.80533926585093
38,3,6,302,49.02980132450331,228.75827814569536,29,207,67,246,182,130.28476821192052
38,3,7,290,243.03103448275863,207.70344827586206,227,181,253,227,182,126.17241379310344
38,3,8,217,222.40552995391704,459.47926267281105,206,440,234,474,182,129.21658986175115
38,4,1,64048,128.55481826130404,232.71029540344742,0,0,253,504,245,72.08651324006995
38,4,2,2,91.5,155.5,91,155,92,156,216,140.0
38,4,3,2,60.5,16.0,60,16,61,16,200,120.0
38,4,4,20,72.9,146.85,70,142,75,150,196,82.5
38,4,5,3,89.66666666666667,150.66666666666666,89,150,90,151,196,137.33333333333334
38,4,6,4,31.5,428.5,31,427,32,430,195,95.0
38,4,7,76,92.25,486.6578947368421,81,480,106,491,192,37.46052631578947
38,4,8,8,106.125,447.125,105,445,107,449,192,72.125
38,5,1,34389,126.93367065049871,357.45258658291897,0,210,253,501,246,102.89025560498997
38,5,2,33477,132.34098037458554,105.18738238193386,0,0,253,251,241,104.4461869343131
38,5,3,10,74.6,506.2,72,505,77,507,234,116.9
38,5,4,64,96.078125,505.3125,83,502,109,507,228,91.1875
38,5,5,452,43.758849557522126,235.71902654867256,26,213,61,259,219,88.03539823008849
38,5,6,301,48.61794019933555,491.22259136212625,31,475,74,507,219,71.47508305647841
38,5,7,194,234.3298969072165,229.7164948453608,215,217,250,241,219,80.54123711340206
38,5,8,168,7.125,290.7916666666667,0,276,16,307,219,73.75
38,6,1,65492,130.89262810724975,231.61036462468698,0,0,253,498,249,102.82990288890247
38,6,2,2,97.0,452.5,97,452,97,453,228,133.0
38,6,3,7,52.285714285714285,17.285714285714285,50,17,55,18,224,126.14285714285714
38,6,4,3,42.333333333333336,167.66666666666666,42,167,43,168,213,152.33333333333334
38,6,5,34,100.02941176470588,505.47058823529414,92,503,107,507,191,90.97058823529412
38,6,6,71,65.2394366197183,76.90140845070422,57,70,72,82,190,109.95774647887323
38,6,7,636,34.806603773584904,484.37578616352204,0,457,74,507,182,135.44654088050314
38,6,8,253,48.276679841897234,230.25296442687747,33,211,61,246,182,126.18181818181819
38,7,1,59940,129.89295962629296,228.7035035035035,0,0,253,501,249,73.18568568568568
38,7,2,27,81.03703703703704,156.33333333333334,78,151,84,161,219,94.29629629629629
38,7,3,20,24.2,388.8,21,387,29,391,219,83.8
38,7,4,4,39.0,403.5,38,403,40,404,219,120.0
38,7,5,3,89.33333333333333,181.33333333333334,89,181,90,182,219,131.0
38,7,6,3,31.333333333333332,379.0,31,378,32,380,219,130.66666666666666
38,7,7,34,67.67647058823529,65.26470588235294,64,62,71,71,216,85.61764705882354
38,7,8,7,71.85714285714286,124.85714285714286,71,124,73,126,215,91.28571428571429
43,0,1,27,100.0,409.0,100,396,100,422,225,199.92592592592592
43,0,2,19,113.94736842105263,415.0,113,406,114,424,215,118.0
43,0,3,80,152.6375,371.95,144,367,159,378,211,90.8125
43,0,4,12,164.08333333333334,147.5,164,142,165,153,206,145.16666666666666
43,0,5,14,105.5,89.5,103,88,108,91,197,101.78571428571429
43,0,6,54,77.92592592592592,99.24074074074075,70,95,88,104,195,70.85185185185185
43,0,7,7,163.0,161.0,163,158,163,164,189,118.0
43,0,8,26,94.3076923076923,93.03846153846153,90,90,99,96,185,72.34615384615384
43,1,1,26,112.57692307692308,404.5769230769231,111,396,113,414,226,117.88461538461539
43,1,2,11,107.0909090909091,397.6363636363636,104,396,109,400,201,55.18181818181818
43,1,3,21,164.85714285714286,151.66666666666666,164,143,166,161,188,88.71428571428571
43,1,4,25,101.56,414.36,101,406,104,422,186,58.48
43,1,5,11,101.45454545454545,398.8181818181818,101,396,103,402,172,56.63636363636363
43,1,6,16,175.9375,151.375,175,144,176,158,159,109.8125
43,1,7,5,168.4,143.8,168,143,169,145,156,69.4
43,1,8,3,175.0,168.0,175,167,175,169,117,103.66666666666667
43,2,1,86129,128.08725284166772,244.4428241358892,0,0,253,507,255,101.04559439909903
43,2,2,91,245.73626373626374,14.45054945054945,240,4,253,26,219,78.08791208791209
43,2,3,26,5.346153846153846,14.192307692307692,2,10,10,17,219,75.96153846153847
43,2,4,15,205.93333333333334,481.6,203,480,210,483,219,159.33333333333334
43,2,5,14,3.7857142857142856,503.0,1,500,7,505,219,83.42857142857143
43,2,6,9,246.0,484.44444444444446,245,483,247,487,219,89.0
43,2,7,8,246.0,504.5,244,503,248,507,219,86.75
43,2,8,7,152.71428571428572,411.7142857142857,152,410,154,413,219,173.14285714285714
43,3,1,85541,128.29160285710947,243.6051133374639,0,0,253,507,255,103.5315345857542
43,3,2,85,36.141176470588235,462.7294117647059,30,450,45,472,182,132.31764705882352
43,3,3,47,162.2127659574468,499.4255319148936,150,496,173,503,182,129.14893617021278
43,3,4,26,4.730769230769231,14.115384615384615,1,10,9,17,182,146.76923076923077
43,3,5,22,13.954545454545455,408.0,10,404,18,412,182,132.1818181818182
43,3,6,21,220.23809523809524,492.76190476190476,217,488,223,497,182,111.52380952380952
43,3,7,18,4.166666666666667,501.1111111111111,1,497,7,505,182,144.22222222222223
43,3,8,17,167.47058823529412,491.5882352941176,165,489,170,495,182,131.41176470588235
43,4,1,82964,128.33865290969578,243.45269032351382,0,0,253,507,255,80.30402343184996
43,4,2,14,106.07142857142857,401.2857142857143,102,400,111,402,197,99.14285714285714
43,4,3,14,104.57142857142857,412.2857142857143,102,411,108,413,183,118.14285714285714
43,4,4,4,228.5,167.5,228,167,229,168,182,80.5
43,4,5,3,111.0,398.0,110,398,112,398,149,69.66666666666667
43,4,6,12,23.833333333333332,215.16666666666666,21,213,26,217,146,42.5
43,4,7,4,102.5,404.5,102,404,103,405,140,108.0
43,4,8,2,110.5,400.0,110,400,111,400,137,116.5
43,5,1,87018,127.71844905651704,244.70024592613024,0,0,253,507,255,100.89820496908686
43,5,2,41,36.829268292682926,502.2439024390244,30,496,41,507,219,86.97560975609755
43,5,3,28,5.107142857142857,14.214285714285714,1,10,10,17,219,81.82142857142857
43,5,4,19,167.52631578947367,483.0,165,481,170,485,219,132.26315789473685
43,5,5,9,0.4444444444444444,413.8888888888889,0,412,1,416,219,152.33333333333334
43,5,6,9,245.77777777777777,504.6666666666667,244,503,248,507,219,85.22222222222223
43,5,7,6,220.0,245.16666666666666,219,244,221,246,219,88.66666666666667
43,5,8,5,193.0,482.0,192,481,194,483,219,126.4
43,6,1,85359,127.86308415047037,242.9182394357947,0,0,253,507,255,103.82627490949987
43,6,2,12,106.41666666666667,402.75,103,402,111,403,236,124.25
43,6,3,24,1.5416666666666667,340.875,0,337,5,345,227,133.79166666666666
43,6,4,25,105.84,409.96,101,408,112,412,208,96.6
43,6,5,124,19.048387096774192,494.11290322580646,2,483,30,507,182,143.75806451612902
43,6,6,26,5.230769230769231,14.192307692307692,1,10,10,17,182,146.92307692307693
43,6,7,13,3.5384615384615383,502.9230769230769,1,500,7,505,182,148.76923076923077
43,6,8,13,220.53846153846155,452.46153846153845,219,450,222,455,182,106.15384615384616
43,7,1,81505,128.9750690141709,244.0293724311392,0,0,253,507,255,80.5229004355561
43,7,2,10,104.9,402.4,102,402,107,403,213,112.3
43,7,3,13,104.15384615384616,406.0769230769231,102,405,107,407,199,97.6923076923077
43,7,4,3,110.0,403.0,109,403,111,403,182,120.66666666666667
43,7,5,2,98.5,168.0,98,168,99,168,168,100.0
43,7,6,2,101.5,150.0,101,150,102,150,150,107.5
43,7,7,3,18.0,43.0,17,43,19,43,144,95.0
43,7,8,2,252.5,113.5,252,113,253,114,135,105.5
44,0,1,10,113.0,400.5,113,396,113,405,231,153.9
44,0,2,2,169.5,375.0,169,375,170,375,215,166.0
44,0,3,9,163.0,157.0,163,153,163,161,211,128.22222222222223
44,0,4,29,151.89655172413794,374.7241379310345,148,371,156,378,203,98.24137931034483
44,0,5,78,83.07692307692308,97.91025641025641,69,90,98,105,190,64.51282051282051
44,0,6,7,100.14285714285714,421.0,100,418,101,424,185,98.28571428571429
44,0,7,6,145.66666666666666,369.8333333333333,145,368,146,371,175,83.66666666666667
44,0,8,8,113.875,420.5,113,417,114,424,170,97.25
44,1,1,22,107.54545454545455,398.0,103,396,112,401,220,69.36363636363636
44,1,2,12,113.0,416.5,113,411,113,422,199,120.66666666666667
44,1,3,22,165.0,149.13636363636363,164,143,169,158,192,83.45454545454545
44,1,4,8,163.125,167.5,163,164,164,171,144,91.5
44,1,5,6,175.0,164.5,175,162,175,167,130,97.16666666666667
44,1,6,15,174.73333333333332,146.53333333333333,172,144,176,150,87,47.333333333333336
44,1,7,11,81.9090909090909,119.27272727272727,80,117,83,123,79,58.72727272727273
44,1,8,3,86.66666666666667,123.33333333333333,86,123,87,124,77,60.333333333333336
44,2,1,86063,128.15942972008878,244.26836154909776,0,0,253,507,255,100.76844869456096
44,2,2,30,130.1,503.1,126,498,133,507,234,95.86666666666666
44,2,3,213,22.399061032863848,239.6431924882629,8,227,37,255,219,71.83568075117371
44,2,4,80,8.2,212.4875,0,206,15,222,219,79.05
44,2,5,39,29.333333333333332,488.53846153846155,24,485,35,492,219,93.56410256410257
44,2,6,9,33.77777777777778,493.22222222222223,32,492,36,496,219,129.0
44,2,7,7,200.14285714285714,481.42857142857144,199,480,201,483,219,136.0
44,2,8,7,250.28571428571428,499.85714285714283,248,498,253,501,219,93.85714285714286
44,3,1,85921,128.1607057645977,244.49404685699653,0,0,253,507,255,103.95271237532151
44,3,2,4,110.5,402.5,110,402,111,403,229,129.25
44,3,3,8,156.375,497.0,155,496,158,498,203,141.875
44,3,4,29,4.275862068965517,255.93103448275863,0,250,7,262,182,145.58620689655172
44,3,5,28,2.5714285714285716,442.42857142857144,0,439,6,446,182,152.07142857142858
44,3,6,5,245.4,505.4,244,504,247,507,182,153.2
44,3,7,2,10.5,15.0,10,15,11,15,182,164.0
44,3,8,2,219.5,429.5,219,429,220,430,182,107.0
44,4,1,83025,128.18277627220718,242.74047576031316,0,0,253,507,255,80.16167419451972
44,4,2,24,105.41666666666667,405.2916666666667,101,404,111,406,239,121.625
44,4,3,13,104.23076923076923,409.2307692307692,101,408,109,410,205,116.53846153846153
44,4,4,4,107.5,408.0,106,408,109,408,181,129.0
44,4,5,23,234.56521739130434,499.04347826086956,232,494,237,504,146,40.43478260869565
44,4,6,348,9.836206896551724,467.9913793103448,0,441,26,492,109,49.922413793103445
44,4,7,44,144.63636363636363,502.5681818181818,138,497,150,507,109,38.63636363636363
44,4,8,22,220.4090909090909,224.0,218,221,224,228,109,44.31818181818182
44,5,1,86563,127.87517761630258,243.8871342259395,0,0,253,507,255,101.01671614893199
44,5,2,270,7.37037037037037,457.8407407407407,0,438,20,477,219,104.34444444444445
44,5,3,53,240.26415094339623,221.77358490566039,235,216,247,228,219,106.98113207547169
44,5,4,24,64.41666666666667,244.04166666666666,61,240,67,247,219,92.41666666666667
44,5,5,15,179.73333333333332,482.73333333333335,178,480,182,485,219,160.46666666666667
44,5,6,10,1.3,106.5,0,104,4,109,219,91.0
44,5,7,7,17.428571428571427,482.42857142857144,15,482,19,483,219,105.85714285714286
44,5,8,6,245.16666666666666,505.1666666666667,244,504,247,507,219,97.33333333333333
44,6,1,85031,128.018910750197,243.99573096870554,0,0,253,507,255,103.81249191471346
44,6,2,16,106.25,402.875,102,402,111,404,224,123.25
44,6,3,8,152.875,427.375,152,425,154,429,218,139.25
44,6,4,10,177.3,209.4,176,208,179,211,217,110.3
44,6,5,17,106.05882352941177,406.4117647058824,102,406,111,407,208,102.0
44,6,6,3,103.0,413.0,102,413,104,413,192,105.33333333333333
44,6,7,66,156.36363636363637,502.40909090909093,148,496,165,507,182,130.1060606060606
44,6,8,28,226.0,440.0,220,436,231,443,182,128.42857142857142
44,7,1,81238,128.4335163347202,243.45250990915582,0,0,253,507,255,80.71873999852286
44,7,2,22,106.36363636363636,406.54545454545456,101,406,112,407,254,123.18181818181819
44,7,3,16,105.375,403.125,101,402,110,404,248,122.125
44,7,4,21,105.76190476190476,410.57142857142856,101,410,111,412,239,116.47619047619048
44,7,5,2,211.5,475.0,211,475,212,475,183,140.0
44,7,6,62,13.951612903225806,7.919354838709677,6,0,21,13,146,38.83870967741935
44,7,7,20,234.7,498.4,232,494,237,502,146,41.5
44,7,8,6,104.5,415.0,102,415,107,415,146,109.0
45,0,1,6,154.83333333333334,377.5,153,377,156,379,134,68.66666666666667
45,0,2,8,153.375,374.625,151,373,155,376,117,60.25
45,0,3,2,150.5,379.0,150,379,151,379,93,69.0
45,0,4,3,104.66666666666667,87.33333333333333,104,87,105,88,86,50.666666666666664
45,0,5,2,153.0,370.5,153,370,153,371,80,61.5
45,0,6,8,100.0,404.5,100,401,100,408,78,60.125
45,0,7,3,164.0,152.0,164,151,164,153,66,52.333333333333336
45,0,8,4,150.5,371.5,150,370,151,373,59,46.0
45,1,1,20,113.0,408.5,113,399,113,418,79,63.9
45,1,2,4,101.25,399.0,101,398,102,400,73,49.75
45,1,3,3,165.0,150.0,165,149,165,151,69,52.666666666666664
45,1,4,3,164.0,160.0,164,159,164,161,57,37.0
45,1,5,3,112.0,423.3333333333333,111,423,113,424,45,38.333333333333336
45,1,6,2,176.0,156.5,176,156,176,157,45,43.0
45,1,7,2,163.0,168.5,163,168,163,169,42,36.0
45,1,8,4,166.5,173.0,165,173,168,173,37,30.25
45,2,1,77965,129.85534534727122,242.1009812095171,0,0,253,507,250,99.80175719874302
45,2,2,13,104.61538461538461,405.6923076923077,102,404,107,407,232,83.6923076923077
45,2,3,72,158.52777777777777,499.2361111111111,151,489,168,507,219,77.31944444444444
45,2,4,53,145.26415094339623,502.1698113207547,140,491,153,507,219,84.39622641509433
45,2,5,34,33.029411764705884,7.911764705882353,28,4,37,12,219,76.02941176470588
45,2,6,33,10.757575757575758,437.24242424242425,6,431,15,441,219,84.78787878787878
45,2,7,33,3.0,417.8181818181818,0,412,6,425,219,82.36363636363636
45,2,8,29,224.3448275862069,172.55172413793105,220,168,229,177,219,81.6896551724138
45,3,1,77470,130.00096811669033,242.26949787014328,0,0,253,507,248,103.30673809216471
45,3,2,26,106.65384615384616,412.7307692307692,101,411,112,415,208,76.88461538461539
45,3,3,125,155.016,502.12,142,493,167,507,182,126.392
45,3,4,81,16.395061728395063,449.44444444444446,6,443,25,456,182,130.5185185185185
45,3,5,65,175.3230769230769,490.7230769230769,168,482,181,498,182,130.1846153846154
45,3,6,45,122.44444444444444,501.35555555555555,116,495,128,507,182,126.4888888888889
45,3,7,34,2.7941176470588234,432.70588235294116,0,426,7,439,182,138.94117647058823
45,3,8,25,147.2,422.8,144,419,150,427,182,129.04
45,4,1,73980,131.1448229251149,239.73572587185726,0,0,253,507,247,76.14348472560151
45,4,2,2,113.5,425.0,113,425,114,425,208,198.0
45,4,3,3,0.3333333333333333,350.6666666666667,0,350,1,351,188,110.66666666666667
45,4,4,12,105.16666666666667,404.4166666666667,102,403,109,405,187,102.41666666666667
45,4,5,678,19.43952802359882,475.1991150442478,0,439,41,507,180,37.71828908554572
45,4,6,2,0.5,409.0,0,409,1,409,177,104.5
45,4,7,49,19.428571428571427,437.6530612244898,13,432,25,445,169,49.673469387755105
45,4,8,4,135.5,420.5,135,420,136,421,165,108.5
45,5,1,78515,129.3235814812456,242.10748264662803,0,0,253,507,252,100.03461758899573
45,5,2,9,109.88888888888889,404.55555555555554,108,404,112,405,240,116.0
45,5,3,19,107.15789473684211,408.0,102,406,112,409,227,118.42105263157895
45,5,4,59,224.94915254237287,163.08474576271186,220,154,230,173,219,110.45762711864407
45,5,5,57,138.50877192982455,502.0,133,494,147,507,219,82.29824561403508
45,5,6,32,251.4375,206.53125,248,201,253,213,219,101.5625
45,5,7,27,164.25925925925927,499.25925925925924,160,495,169,503,219,69.74074074074075
45,5,8,25,172.04,488.32,168,483,176,493,219,80.28
45,6,1,76529,130.45433757137818,242.34041997151408,0,0,253,507,255,103.51890133152138
45,6,2,3,110.0,414.0,109,414,111,414,224,133.33333333333334
45,6,3,2,71.0,206.5,71,206,71,207,201,172.5
45,6,4,4,110.0,407.75,109,407,111,408,196,113.0
45,6,5,8,104.0,409.875,102,409,106,411,192,108.75
45,6,6,146,213.82876712328766,167.43835616438355,203,157,226,177,182,130.53424657534248
45,6,7,32,131.46875,500.25,126,494,137,504,182,141.875
45,6,8,29,6.310344827586207,417.0344827586207,0,414,12,420,182,128.82758620689654
45,7,1,71100,131.2034739803094,240.25957805907174,0,0,253,507,252,76.40634317862165
45,7,2,10,108.2,403.5,106,402,111,405,208,113.1
45,7,3,13,82.15384615384616,95.53846153846153,79,94,85,97,193,106.38461538461539
45,7,4,7,98.57142857142857,488.0,98,487,100,490,192,68.14285714285714
45,7,5,3,110.33333333333333,411.6666666666667,110,411,111,412,192,102.33333333333333
45,7,6,2,15.5,348.5,15,348,16,349,186,129.5
45,7,7,4,32.25,483.75,32,483,33,485,182,71.5
45,7,8,4,83.25,247.25,82,247,84,248,181,155.75
46,0,1,2,171.0,378.5,171,378,171,379,115,91.0
46,0,2,2,155.0,373.5,155,373,155,374,109,87.0
46,0,3,4,156.0,376.75,155,376,157,378,101,76.25
46,0,4,2,104.5,87.5,104,87,105,88,89,86.0
46,0,5,5,97.0,89.4,96,88,98,91,77,41.8
46,0,6,10,100.0,407.5,100,403,100,412,67,49.4
46,0,7,3,88.66666666666667,92.33333333333333,88,92,89,93,64,43.666666666666664
46,0,8,3,75.0,97.66666666666667,74,97,76,98,63,40.666666666666664
46,1,1,5,101.0,401.0,101,399,101,403,75,52.4
46,1,2,8,113.0,402.5,113,399,113,406,56,45.625
46,1,3,3,165.0,151.0,165,150,165,152,53,42.666666666666664
46,1,4,2,164.0,160.5,164,160,164,161,49,42.5
46,1,5,3,176.0,157.0,176,156,176,158,42,32.333333333333336
46,1,6,6,112.66666666666667,412.5,112,411,113,414,40,32.0
46,1,7,2,165.5,173.0,165,173,166,173,32,30.0
46,2,1,78362,129.7537709604145,242.78814986855875,0,0,253,507,250,99.66134095607565
46,2,2,46,128.5,503.80434782608694,121,498,137,507,219,82.23913043478261
46,2,3,42,3.9285714285714284,412.45238095238096,0,407,12,419,219,98.61904761904762
46,2,4,38,143.97368421052633,504.7105263157895,138,499,152,507,219,76.47368421052632
46,2,5,32,213.90625,161.71875,209,158,220,165,219,77.625
46,2,6,22,2.0454545454545454,454.54545454545456,0,450,6,459,219,92.86363636363636
46,2,7,21,242.95238095238096,268.14285714285717,238,265,248,272,219,77.42857142857143
46,2,8,15,13.333333333333334,416.6666666666667,9,415,17,418,219,121.2
46,3,1,77080,129.50921120913335,241.57593409444732,0,0,253,507,250,103.06036585365854
46,3,2,51,2.7450980392156863,94.11764705882354,0,87,8,101,187,124.15686274509804
46,3,3,156,186.91666666666666,496.30128205128204,172,485,204,507,182,126.03205128205128
46,3,4,59,2.6779661016949152,427.0508474576271,0,419,7,437,182,133.11864406779662
46,3,5,38,231.71052631578948,160.57894736842104,226,157,238,167,182,139.0
46,3,6,37,3.4864864864864864,459.0,0,455,7,465,182,128.86486486486487
46,3,7,29,71.51724137931035,188.51724137931035,67,183,75,193,182,129.6551724137931
46,3,8,28,212.10714285714286,156.67857142857142,208,152,218,162,182,143.28571428571428
46,4,1,74132,129.64196298494576,238.43437381967303,0,0,253,507,247,76.54865645065559
46,4,2,12,104.41666666666667,404.6666666666667,102,403,108,406,193,103.08333333333333
46,4,3,6,103.16666666666667,408.5,102,408,105,409,191,78.0
46,4,4,132,19.992424242424242,452.5530303030303,7,436,29,466,182,35.77272727272727
46,4,5,656,187.40396341463415,497.1615853658537,133,479,226,507,181,37.50609756097561
46,4,6,7,6.0,87.14285714285714,5,85,8,89,145,85.71428571428571
46,4,7,8,96.0,248.5,95,247,97,250,135,90.5
46,4,8,2,109.5,400.0,109,400,110,400,129,101.0
46,5,1,78027,129.58170889563868,239.35736347674523,0,0,253,507,253,99.95501557153293
46,5,2,25,188.64,453.04,185,451,193,455,226,116.44
46,5,3,9,182.77777777777777,452.0,181,451,185,454,221,121.66666666666667
46,5,4,181,20.49171270718232,486.69060773480663,6,472,38,498,219,83.76795580110497
46,5,5,144,218.04861111111111,236.13888888888889,210,224,227,247,219,71.74305555555556
46,5,6,96,179.10416666666666,492.5520833333333,170,482,186,501,219,71.83333333333333
46,5,7,84,14.011904761904763,448.2738095238095,2,441,25,454,219,69.22619047619048
46,5,8,80,15.8375,438.45,6,432,25,446,219,91.45
46,6,1,76229,129.56255493316192,240.71572498655368,0,0,253,507,252,103.00339765705965
46,6,2,18,107.16666666666667,410.94444444444446,103,409,112,412,224,113.0
46,6,3,4,191.5,252.25,191,251,192,253,201,149.25
46,6,4,20,189.1,499.9,185,498,193,502,191,130.85
46,6,5,202,219.5,492.2524752475247,203,481,237,505,182,133.59405940594058
46,6,6,99,9.373737373737374,434.5959595959596,0,426,18,443,182,128.3030303030303
46,6,7,81,211.0493827160494,171.74074074074073,203,160,221,180,182,130.98765432098764
46,6,8,64,4.078125,467.296875,0,460,10,479,182,131.625
46,7,1,71421,131.5602973915235,240.4601727783145,0,0,253,507,254,76.61137480572941
46,7,2,2,84.5,107.0,84,107,85,107,219,141.5
46,7,3,17,105.70588235294117,406.4117647058824,102,405,110,408,201,87.94117647058823
46,7,4,6,18.833333333333332,324.5,18,323,20,326,195,61.5
46,7,5,5,26.8,343.6,26,343,28,344,192,111.0
46,7,6,3,110.0,401.0,109,401,111,401,190,124.33333333333333
46,7,7,7,78.85714285714286,101.28571428571429,77,100,80,102,189,74.14285714285714
46,7,8,3,16.0,161.0,16,160,16,162,183,128.33333333333334
48,2,1,75283,130.54880916010254,241.1245301063985,0,0,253,507,251,100.34746224247174
48,2,2,3,36.666666666666664,353.6666666666667,36,353,37,354,240,162.66666666666666
48,2,3,124,11.28225806451613,447.3306451612903,0,434,22,458,219,73.68548387096774
48,2,4,93,165.21505376344086,502.3440860215054,155,493,178,507,219,78.72043010752688
48,2,5,76,180.30263157894737,490.4342105263158,170,482,190,499,219,84.60526315789474
48,2,6,50,18.32,434.62,11,428,24,441,219,108.2
48,2,7,43,3.9302325581395348,405.51162790697674,0,400,10,411,219,86.46511627906976
48,2,8,42,250.42857142857142,200.78571428571428,247,195,253,206,219,86.92857142857143
48,3,1,74495,129.96904490234243,240.98444190885294,0,0,253,507,247,102.72509564400295
48,3,2,19,87.57894736842105,99.3157894736842,84,97,92,102,236,116.3157894736842
48,3,3,32,226.59375,168.15625,223,163,230,174,219,139.53125
48,3,4,7,156.28571428571428,496.85714285714283,155,496,158,498,218,141.42857142857142
48,3,5,8,96.375,96.125,95,94,98,98,187,111.375
48,3,6,282,216.23758865248226,494.45390070921985,198,480,235,507,182,130.80851063829786
48,3,7,153,20.15686274509804,484.52287581699346,7,473,32,496,182,136.1045751633987
48,3,8,117,35.9059829059829,467.9230769230769,20,458,50,479,182,132.66666666666666
48,4,1,71512,130.24844781295448,240.06166797180893,0,0,253,507,249,75.46699854569863
48,4,2,13,105.0,414.3076923076923,101,413,110,415,212,91.61538461538461
48,4,3,2,72.5,92.0,72,92,73,92,188,175.0
48,4,4,15,228.26666666666668,166.2,225,164,232,169,182,53.4
48,4,5,4,58.5,34.0,58,33,59,35,171,84.75
48,4,6,18,4.0,91.27777777777777,1,88,7,94,170,61.888888888888886
48,4,7,6,62.0,506.5,60,506,64,507,170,98.16666666666667
48,4,8,4,65.0,48.5,64,48,66,49,160,121.5
48,5,1,75592,129.43664673510423,240.0776669488835,0,0,253,507,252,100.62834691501746
48,5,2,10,107.8,406.3,105,405,111,407,246,119.9
48,5,3,462,188.7012987012987,497.9025974025974,155,483,221,507,219,75.83116883116882
48,5,4,171,239.6549707602339,225.57894736842104,225,214,253,236,219,72.70760233918129
48,5,5,160,229.98125,487.4,220,476,241,497,219,77.53125
48,5,6,113,28.778761061946902,496.79646017699116,20,486,36,507,219,78.61061946902655
48,5,7,90,4.533333333333333,213.83333333333334,0,204,11,223,219,70.07777777777778
48,5,8,44,5.454545454545454,416.8181818181818,0,413,13,422,219,101.47727272727273
48,6,1,73663,130.57712827335297,241.41501160691257,0,0,253,507,247,103.16818484177945
48,6,2,6,70.83333333333333,94.5,69,94,72,95,236,149.83333333333334
48,6,3,2,75.5,116.0,75,116,76,116,196,113.5
48,6,4,5,107.6,408.0,107,407,109,409,192,126.4
48,6,5,160,177.2875,498.49375,166,484,188,507,182,129.2625
48,6,6,93,4.387096774193548,194.752688172043,0,179,13,206,182,134.06451612903226
48,6,7,58,160.55172413793105,497.91379310344826,156,487,166,507,182,131.01724137931035
48,6,8,54,219.05555555555554,430.22222222222223,211,424,225,438,182,140.1851851851852
48,7,1,68010,132.42287898838407,241.0686075577121,0,0,253,507,249,75.98447287163653
48,7,2,13,105.15384615384616,407.84615384615387,101,406,109,409,216,74.15384615384616
48,7,3,11,68.27272727272727,74.0909090909091,66,72,70,77,216,117.72727272727273
48,7,4,3,13.666666666666666,320.6666666666667,13,320,14,321,216,149.0
48,7,5,2,10.0,321.5,10,321,10,322,196,113.5
48,7,6,11,101.54545454545455,97.0,100,95,103,100,192,91.54545454545455
48,7,7,7,36.142857142857146,344.85714285714283,35,343,38,346,192,80.85714285714286
48,7,8,6,95.0,103.66666666666667,94,102,96,105,192,108.66666666666667
50,0,1,2,70.0,147.5,70,147,70,148,41,38.0
50,0,2,2,157.5,378.5,157,378,158,379,39,32.0
50,0,3,2,153.5,376.5,153,376,154,377,32,28.0
50,2,1,76439,130.9061735501511,242.94288255994977,0,0,253,507,249,100.14469053755282
50,2,2,106,5.1415094339622645,426.74528301886795,0,412,13,437,219,80.0
50,2,3,89,5.910112359550562,56.056179775280896,0,47,12,64,219,100.29213483146067
50,2,4,38,7.973684210526316,443.7894736842105,3,438,12,450,219,66.97368421052632
50,2,5,34,149.05882352941177,497.6470588235294,144,492,154,502,219,78.20588235294117
50,2,6,20,214.7,157.1,213,154,218,162,219,114.4
50,2,7,20,58.05,444.8,56,440,61,450,219,97.3
50,2,8,18,16.88888888888889,433.8333333333333,14,429,20,437,219,131.11111111111111
50,3,1,74831,131.88932394328555,239.74129705603292,0,0,253,507,251,103.14707808261282
50,3,2,21,108.19047619047619,405.23809523809524,104,403,114,408,224,95.95238095238095
50,3,3,3,43.0,349.3333333333333,42,349,44,350,224,115.33333333333333
50,3,4,574,23.393728222996515,481.0191637630662,0,455,44,507,182,134.10801393728224
50,3,5,174,194.95402298850576,500.48850574712645,179,491,212,507,182,129.7471264367816
50,3,6,162,20.34567901234568,448.89506172839504,12,432,30,462,182,129.7283950617284
50,3,7,77,212.87012987012986,168.8181818181818,208,159,219,181,182,128.57142857142858
50,3,8,67,170.08955223880596,500.97014925373134,164,492,177,507,182,128.2089552238806
50,4,1,72192,131.2758754432624,238.93511746453902,0,0,253,507,247,75.51253601507092
50,4,2,2,169.5,162.0,169,162,170,162,216,140.5
50,4,3,3,112.33333333333333,402.3333333333333,112,402,113,403,195,148.0
50,4,4,5,112.2,408.8,111,408,113,410,193,95.4
50,4,5,18,18.72222222222222,321.3888888888889,17,317,21,326,192,89.55555555555556
50,4,6,4,108.25,399.25,107,398,109,400,192,73.25
50,4,7,3,12.0,321.6666666666667,11,321,13,322,192,138.33333333333334
50,4,8,3,88.66666666666667,78.66666666666667,88,78,89,79,192,125.33333333333333
50,5,1,76417,129.7845898164021,240.04387767119883,0,0,253,507,254,100.67761100278734
50,5,2,422,188.44549763033174,496.8175355450237,158,483,212,507,219,72.95023696682465
50,5,3,181,223.84530386740332,166.53591160220995,206,157,240,175,219,89.99447513812154
50,5,4,129,10.968992248062015,470.48062015503876,0,460,23,483,219,79.30232558139535
50,5,5,108,4.546296296296297,214.08333333333334,0,200,11,227,219,67.45370370370371
50,5,6,67,216.86567164179104,490.74626865671644,209,485,226,496,219,73.82089552238806
50,5,7,62,3.596774193548387,414.7096774193548,0,404,9,425,219,97.7741935483871
50,5,8,58,223.68965517241378,229.06896551724137,218,222,230,234,219,66.1896551724138
50,6,1,73880,131.71266919328642,239.7707904710341,0,0,253,507,248,102.76927449918787
50,6,2,2,101.0,423.5,101,423,101,424,227,176.0
50,6,3,3,93.0,100.66666666666667,92,100,94,101,224,127.0
50,6,4,288,13.847222222222221,455.72222222222223,0,438,32,474,219,129.87152777777777
50,6,5,99,38.505050505050505,348.85858585858585,28,342,49,354,212,109.03030303030303
50,6,6,5,109.8,413.6,108,413,111,414,212,120.0
50,6,7,128,195.8046875,494.40625,181,486,208,502,182,128.1875
50,6,8,118,10.042372881355933,222.54237288135593,2,206,19,238,182,132.94915254237287
50,7,1,68640,131.59465326340327,240.52791375291375,0,0,253,507,251,76.11615675990676
50,7,2,44,29.40909090909091,380.25,22,375,37,384,216,58.70454545454545
50,7,3,5,35.8,356.0,35,355,37,357,216,117.4
50,7,4,4,12.75,121.0,12,120,14,122,216,98.75
50,7,5,2,41.5,330.5,41,330,42,331,216,146.5
50,7,6,5,94.0,229.4,93,228,95,231,215,72.2
50,7,7,22,98.5909090909091,96.13636363636364,94,92,102,101,195,85.72727272727273
50,7,8,12,108.0,413.5,104,413,111,415,195,68.41666666666667
52,0,1,2,95.0,91.5,95,91,95,92,112,78.0
52,0,2,10,156.5,373.9,154,371,160,376,95,44.8
52,0,3,2,101.0,398.5,101,398,101,399,85,58.5
52,0,4,3,215.0,120.0,214,120,216,120,83,46.333333333333336
52,0,5,5,153.0,376.6,151,376,155,377,77,42.2
52,0,6,3,152.0,373.6666666666667,151,373,153,374,69,56.666666666666664
52,0,7,2,220.0,124.5,220,124,220,125,69,50.0
52,0,8,2,155.5,379.5,155,379,156,380,63,51.0
52,1,1,3,102.33333333333333,398.3333333333333,102,398,103,399,76,50.333333333333336
52,1,2,3,165.0,157.0,165,156,165,158,59,41.0
52,1,3,3,166.66666666666666,146.33333333333334,166,146,167,147,55,34.333333333333336
52,1,4,2,110.5,398.0,110,398,111,398,55,48.0
52,1,5,10,107.5,426.0,103,426,112,426,51,43.0
52,1,6,2,164.0,165.5,164,165,164,166,46,38.5
52,1,7,5,177.0,149.0,177,147,177,151,40,33.4
52,1,8,3,176.0,163.0,176,162,176,164,36,28.0
52,2,1,76354,129.2638368651282,239.68179794116875,0,0,253,507,254,100.34474945647904
52,2,2,29,106.62068965517241,413.48275862068965,102,411,112,416,229,95.44827586206897
52,2,3,341,226.41348973607037,231.88856304985336,205,214,242,246,219,76.75366568914956
52,2,4,332,217.4487951807229,494.4066265060241,193,477,238,507,219,77.99397590361446
52,2,5,56,3.5892857142857144,421.69642857142856,0,414,10,431,219,90.16071428571429
52,2,6,46,213.1304347826087,474.5869565217391,208,469,219,480,219,80.8695652173913
52,2,7,42,10.214285714285714,449.8809523809524,6,443,14,456,219,69.21428571428571
52,2,8,35,195.11428571428573,491.2857142857143,191,487,200,495,219,67.57142857142857
52,3,1,75937,129.91716817888513,240.74258925161647,0,0,253,507,251,103.06876753097963
52,3,2,19,107.26315789473684,412.0,103,410,112,413,224,80.05263157894737
52,3,3,24,107.70833333333333,408.25,102,406,113,410,220,114.75
52,3,4,275,200.7418181818182,499.53818181818184,173,484,220,507,182,128.38181818181818
52,3,5,46,15.934782608695652,413.60869565217394,13,401,20,424,182,139.04347826086956
52,3,6,34,228.58823529411765,221.52941176470588,221,216,233,228,182,133.11764705882354
52,3,7,34,3.9705882352941178,91.29411764705883,1,87,9,94,182,114.5
52,3,8,32,3.28125,418.71875,0,414,7,424,182,129.0
52,4,1,72938,130.0611752447284,240.53921138501192,0,0,253,507,248,75.42935095560613
52,4,2,3,65.33333333333333,75.33333333333333,65,75,66,76,214,146.0
52,4,3,5,111.2,405.6,110,405,112,406,212,98.4
52,4,4,36,106.55555555555556,407.02777777777777,102,403,113,410,195,93.72222222222223
52,4,5,4,103.5,400.0,103,399,104,401,193,143.25
52,4,6,21,106.14285714285714,411.9047619047619,102,410,112,413,192,94.0
52,4,7,6,104.0,415.5,102,415,106,416,189,103.83333333333333
52,4,8,9,35.111111111111114,379.8888888888889,33,377,37,382,165,73.22222222222223
52,5,1,77013,129.46432420500435,238.75661251996416,0,0,253,507,246,100.58043447210211
52,5,2,20,107.4,410.6,103,409,112,412,227,116.9
52,5,3,388,198.0,497.57474226804123,167,483,228,507,219,72.22938144329896
52,5,4,321,12.5202492211838,475.53894080996884,0,447,29,500,219,85.19937694704049
52,5,5,81,171.03703703703704,500.55555555555554,163,493,178,507,219,68.39506172839506
52,5,6,80,218.5125,474.65,211,469,227,481,219,77.7125
52,5,7,73,226.6986301369863,487.1232876712329,221,478,233,498,219,82.65753424657534
52,5,8,44,155.97727272727272,503.84090909090907,149,498,163,507,219,67.43181818181819
52,6,1,74655,130.16692786819368,239.5075614493336,0,0,253,507,249,102.92979706650593
52,6,2,6,73.33333333333333,93.16666666666667,73,92,74,95,224,102.83333333333333
52,6,3,61,106.95081967213115,409.7704918032787,103,404,113,415,208,99.27868852459017
52,6,4,35,207.88571428571427,460.62857142857143,205,456,211,468,202,138.34285714285716
52,6,5,3,77.0,105.0,77,104,77,106,199,134.33333333333334
52,6,6,149,242.73154362416108,170.64429530201343,232,161,253,182,182,128.4295302013423
52,6,7,124,24.669354838709676,490.86290322580646,13,480,37,503,182,134.17741935483872
52,6,8,89,9.52808988764045,395.30337078651684,2,386,16,404,182,122.20224719101124
52,7,1,69318,131.86919703395944,238.86032487954066,0,0,253,507,247,76.05134308549006
52,7,2,3,69.0,88.0,69,87,69,89,219,104.0
52,7,3,3,79.33333333333333,68.0,79,67,80,69,216,136.0
52,7,4,2,31.0,334.5,31,334,31,335,216,149.5
52,7,5,62,106.64516129032258,405.4516129032258,102,398,113,410,199,91.87096774193549
52,7,6,13,36.38461538461539,339.3076923076923,33,337,39,342,195,78.0
52,7,7,3,103.0,417.0,102,417,104,417,195,133.0
52,7,8,2,47.5,352.0,47,352,48,352,195,193.5
65,0,1,4,64.5,134.5,64,134,65,135,116,81.0
65,0,2,2,84.5,116.0,84,116,85,116,110,88.0
65,0,3,2,89.5,117.0,89,117,90,117,92,86.5
65,0,4,2,47.0,155.5,47,155,47,156,87,72.5
65,0,5,4,115.0,421.5,115,420,115,423,85,55.0
65,0,6,5,65.4,125.8,65,125,66,127,82,60.8
65,0,7,3,70.0,150.0,70,149,70,151,82,57.666666666666664
65,0,8,2,95.0,131.5,95,131,95,132,73,68.0
65,1,1,4,113.25,410.5,113,409,114,412,75,51.0
65,1,2,6,103.16666666666667,406.6666666666667,103,405,104,409,65,55.5
65,1,3,2,165.0,163.5,165,163,165,164,45,41.0
65,1,4,2,164.0,171.5,164,171,164,172,42,35.0
65,1,5,3,166.0,153.0,166,152,166,154,38,33.0
65,1,6,2,88.0,124.5,88,124,88,125,30,27.5
65,2,1,75720,130.10962757527733,239.2376914949815,0,0,253,507,246,100.16785525620708
65,2,2,354,29.66949152542373,488.3757062146893,12,464,49,506,219,76.86723163841808
65,2,3,163,4.588957055214724,461.1411042944785,0,438,13,481,219,79.38650306748467
65,2,4,96,201.76041666666666,500.90625,191,494,210,507,219,67.64583333333333
65,2,5,93,248.89247311827958,217.91397849462365,243,205,253,229,219,82.7741935483871
65,2,6,39,153.89743589743588,505.0,147,501,162,507,219,73.07692307692308
65,2,7,24,167.45833333333334,492.0416666666667,163,487,171,495,219,107.95833333333333
65,2,8,23,28.73913043478261,168.56521739130434,23,165,34,173,219,101.3913043478261
65,3,1,74743,130.2632219739641,238.98967127356408,0,0,253,507,246,103.27926360997016
65,3,2,24,159.95833333333334,497.8333333333333,156,495,164,501,195,136.04166666666666
65,3,3,204,12.416666666666666,476.3382352941176,0,457,29,493,182,134.84313725490196
65,3,4,145,168.50344827586207,501.2344827586207,150,491,185,507,182,127.33793103448276
65,3,5,71,2.5774647887323945,451.0845070422535,0,437,6,462,182,131.40845070422534
65,3,6,54,145.7962962962963,504.44444444444446,137,499,156,507,182,130.4814814814815
65,3,7,45,152.88888888888889,412.6666666666667,145,405,158,420,182,129.06666666666666
65,3,8,44,209.79545454545453,167.0,203,162,217,172,182,132.6818181818182
65,4,1,71600,129.03368715083798,237.47930167597767,0,0,253,507,252,74.84262569832403
65,4,2,3,46.333333333333336,486.0,46,485,47,487,183,106.33333333333333
65,4,3,18,19.27777777777778,51.333333333333336,16,48,22,55,179,74.55555555555556
65,4,4,6,88.66666666666667,247.83333333333334,88,246,90,249,169,105.16666666666667
65,4,5,36,160.16666666666666,503.3333333333333,156,498,165,507,166,40.666666666666664
65,4,6,7,84.57142857142857,248.14285714285714,83,247,86,249,160,95.57142857142857
65,4,7,9,85.77777777777777,244.77777777777777,83,244,89,246,159,98.77777777777777
65,4,8,2,102.5,496.0,102,496,103,496,157,92.5
65,5,1,75591,128.1920731303991,238.85503565239247,0,0,253,507,248,100.90558399809501
65,5,2,470,211.63404255319148,493.2851063829787,181,473,239,507,219,71.80851063829788
65,5,3,173,213.20231213872833,171.7456647398844,198,158,232,186,219,83.82080924855491
65,5,4,169,26.60355029585799,485.603550295858,15,472,41,498,219,76.0414201183432
65,5,5,161,196.14285714285714,473.24844720496895,182,464,214,481,219,94.19875776397515
65,5,6,146,208.78082191780823,457.6849315068493,198,448,219,469,219,102.76712328767124
65,5,7,128,231.1484375,238.3046875,220,226,243,252,219,75.5546875
65,5,8,112,3.4910714285714284,446.98214285714283,0,432,13,464,219,87.15178571428571
65,6,1,74636,130.10699930328528,240.8213194704968,0,0,253,507,240,103.52313896779035
65,6,2,33,106.6969696969697,426.93939393939394,103,423,112,429,224,96.81818181818181
65,6,3,152,247.125,216.82894736842104,238,202,253,231,182,133.68421052631578
65,6,4,112,151.29464285714286,412.42857142857144,142,402,163,429,182,131.75
65,6,5,86,155.65116279069767,501.6046511627907,148,490,165,507,182,129.48837209302326
65,6,6,55,3.7818181818181817,454.6909090909091,0,448,9,460,182,135.2
65,6,7,44,229.27272727272728,230.9090909090909,224,226,235,240,182,129.77272727272728
65,6,8,37,22.513513513513512,442.02702702702703,16,438,29,447,182,130.0
65,7,1,69622,131.51067191405016,240.8439717330729,0,0,253,507,242,74.78694952744821
65,7,2,2,69.5,152.5,69,152,70,153,195,115.5
65,7,3,37,2.108108108108108,407.8378378378378,0,402,5,415,183,66.64864864864865
65,7,4,7,157.85714285714286,247.71428571428572,157,246,159,249,183,105.71428571428571
65,7,5,20,24.85,167.1,21,163,29,171,172,61.9
65,7,6,2,82.5,495.0,82,495,83,495,160,150.5
65,7,7,70,202.37142857142857,471.3857142857143,195,463,212,478,148,55.52857142857143
65,7,8,2,97.0,75.5,97,75,97,76,147,89.5
66,0,1,159,92.12578616352201,125.20754716981132,75,120,110,135,236,93.05660377358491
66,0,2,29,60.6551724137931,1.1724137931034482,50,0,71,2,222,154.68965517241378
66,0,3,20,107.5,426.55,102,426,113,429,198,132.7
66,0,4,2,165.0,402.5,165,402,165,403,182,153.0
66,0,5,13,166.07692307692307,174.15384615384616,161,174,172,175,162,138.84615384615384
66,0,6,120,34.475,378.125,19,373,51,384,158,65.675
66,0,7,170,90.08823529411765,101.81176470588235,69,97,111,108,153,55.741176470588236
66,0,8,10,113.6,439.3,112,437,115,442,141,87.8
66,1,1,29,59.44827586206897,0.6896551724137931,51,0,69,2,225,125.75862068965517
66,1,2,15,107.46666666666667,427.6,103,427,113,429,166,99.4
66,1,3,17,166.1764705882353,175.23529411764707,162,174,171,176,139,76.6470588235294
66,1,4,12,112.83333333333333,439.0,111,435,114,443,129,82.66666666666667
66,1,5,2,113.0,431.5,113,431,113,432,112,72.5
66,1,6,6,103.16666666666667,441.6666666666667,103,440,104,444,106,70.0
66,1,7,12,109.5,451.8333333333333,104,451,115,452,102,87.5
66,1,8,11,164.0,199.9090909090909,159,199,169,200,94,80.0909090909091
66,2,1,93408,127.65155018842069,248.81041238437822,0,0,253,507,255,102.21737966769442
66,2,2,97,5.412371134020619,273.4226804123711,0,263,12,283,219,75.20618556701031
66,2,3,32,1.4375,12.53125,0,6,4,20,219,91.3125
66,2,4,2,228.5,506.5,228,506,229,507,219,146.0
66,2,5,18,252.0,200.16666666666666,251,196,253,204,218,106.38888888888889
66,2,6,39,83.7948717948718,220.17948717948718,79,215,91,224,217,72.23076923076923
66,2,7,7,201.28571428571428,249.14285714285714,200,248,202,251,210,134.0
66,2,8,17,74.70588235294117,246.23529411764707,72,243,77,250,208,83.6470588235294
66,3,1,92754,127.63427992323781,249.4266554542122,0,0,253,507,255,102.18074692196564
66,3,2,5,251.6,470.4,251,469,253,471,182,125.6
66,3,3,3,252.33333333333334,238.66666666666666,252,238,253,239,182,116.33333333333333
66,3,4,3,228.0,471.0,228,470,228,472,166,152.0
66,3,5,19,16.157894736842106,17.05263157894737,11,13,20,20,164,113.15789473684211
66,3,6,4,210.5,489.5,209,489,212,490,148,140.0
66,3,7,11,219.63636363636363,1.3636363636363635,217,0,222,4,146,132.54545454545453
66,3,8,10,252.0,259.6,250,256,253,262,146,139.2
66,4,1,89819,127.93922221356283,247.68732673487793,0,0,253,507,255,83.05946403322237
66,4,2,3,252.33333333333334,238.66666666666666,252,238,253,239,182,105.0
66,4,3,86,6.744186046511628,273.30232558139534,0,266,15,280,180,47.093023255813954
66,4,4,9,46.888888888888886,499.1111111111111,44,498,49,501,150,66.11111111111111
66,4,5,11,81.63636363636364,228.63636363636363,80,226,85,232,136,41.45454545454545
66,4,6,62,32.45161290322581,236.40322580645162,28,230,37,245,112,55.903225806451616
66,4,7,21,1.2380952380952381,16.285714285714285,0,11,3,21,109,43.76190476190476
66,4,8,9,0.6666666666666666,207.44444444444446,0,205,1,211,109,52.333333333333336
66,5,1,93205,127.27662679040824,249.53082989110027,0,0,253,507,255,102.49784882785258
66,5,2,214,241.44859813084113,11.07943925233645,221,0,253,32,219,86.49065420560747
66,5,3,45,250.55555555555554,6.844444444444444,246,0,253,14,219,95.84444444444445
66,5,4,3,252.66666666666666,501.6666666666667,252,501,253,502,219,143.0
66,5,5,3,252.33333333333334,238.66666666666666,252,238,253,239,219,133.66666666666666
66,5,6,2,223.0,265.5,223,265,223,266,211,137.5
66,5,7,14,15.142857142857142,272.07142857142856,13,270,18,275,210,78.0
66,5,8,3,191.66666666666666,506.6666666666667,191,506,192,507,210,115.33333333333333
66,6,1,92559,127.79297529143574,247.6531077474908,0,0,253,507,255,102.22204215689452
66,6,2,5,6.8,273.6,6,273,8,274,182,139.2
66,6,3,3,252.33333333333334,238.66666666666666,252,238,253,239,182,121.66666666666667
66,6,4,2,28.5,441.5,28,441,29,442,182,118.0
66,6,5,3,69.66666666666667,238.66666666666666,69,238,70,239,164,150.66666666666666
66,6,6,2,10.5,22.5,10,22,11,23,158,143.0
66,6,7,2,252.5,501.5,252,501,253,502,150,133.0
66,6,8,24,76.29166666666667,244.95833333333334,74,240,79,249,146,114.91666666666667
66,7,1,89403,128.01944006353256,247.82615795890518,0,0,253,507,255,82.7026162433028
66,7,2,3,8.333333333333334,286.3333333333333,8,286,9,287,146,70.0
66,7,3,2,0.0,166.5,0,166,0,167,145,105.0
66,7,4,39,250.33333333333334,6.487179487179487,246,0,253,13,109,48.87179487179487
66,7,5,10,2.2,39.1,0,38,4,40,109,48.3
66,7,6,7,232.71428571428572,224.85714285714286,232,224,234,226,109,50.142857142857146
66,7,7,5,252.0,30.8,251,30,253,32,109,48.2
66,7,8,3,252.66666666666666,238.66666666666666,252,238,253,239,109,59.0
72,0,1,5,156.4,94.6,156,93,157,96,186,90.0
72,0,2,14,121.21428571428571,101.92857142857143,120,98,122,105,170,60.785714285714285
72,0,3,2,117.5,374.5,117,374,118,375,167,100.5
72,0,4,3,99.0,372.0,98,372,100,372,159,117.0
72,0,5,11,130.0909090909091,352.27272727272725,128,351,133,354,151,46.36363636363637
72,0,6,3,8.0,59.0,7,58,9,60,148,80.66666666666667
72,0,7,4,80.5,354.5,80,354,81,355,143,57.75
72,0,8,6,122.66666666666667,374.5,122,373,124,376,142,63.5
72,1,1,3,86.0,396.6666666666667,85,396,87,397,133,92.33333333333333
72,1,2,2,11.0,53.5,11,53,11,54,130,78.5
72,1,3,4,2.5,58.5,1,57,4,60,89,76.5
72,1,4,3,159.66666666666666,456.0,159,455,160,457,87,65.0
72,1,5,5,93.0,381.0,93,379,93,383,81,63.8
72,1,6,3,9.0,57.0,8,56,10,58,80,59.333333333333336
72,1,7,2,172.5,448.5,172,448,173,449,67,63.5
72,1,8,2,163.0,448.5,163,448,163,449,67,51.5
72,2,1,87937,128.50825022459262,248.33448946404812,0,0,253,507,255,100.49031693143955
72,2,2,118,246.89830508474577,11.016949152542374,239,0,253,21,219,72.44067796610169
72,2,3,28,11.285714285714286,255.85714285714286,7,252,16,263,219,77.78571428571429
72,2,4,6,43.833333333333336,141.66666666666666,43,140,45,143,219,137.33333333333334
72,2,5,5,195.2,454.4,194,453,196,456,219,118.6
72,2,6,5,23.0,494.8,21,494,25,495,219,99.0
72,2,7,5,207.4,459.8,207,459,208,461,219,93.2
72,2,8,4,170.0,228.75,169,228,171,230,219,144.0
72,3,1,87427,128.95056447093003,248.08434465325357,0,0,253,507,255,101.55717341324763
72,3,2,47,248.04255319148936,488.9148936170213,242,482,253,499,182,144.80851063829786
72,3,3,40,238.025,2.975,229,0,247,7,182,143.35
72,3,4,36,196.94444444444446,462.30555555555554,190,458,202,467,182,129.5
72,3,5,18,12.11111111111111,253.61111111111111,7,252,16,256,182,147.0
72,3,6,9,48.333333333333336,147.66666666666666,45,146,51,149,182,127.77777777777777
72,3,7,7,22.714285714285715,493.42857142857144,21,491,24,495,182,150.85714285714286
72,3,8,7,176.71428571428572,239.57142857142858,176,238,177,242,182,136.57142857142858
72,4,1,84716,129.5439114216913,248.1882289059918,0,0,253,507,255,81.06075593748524
72,4,2,19,12.105263157894736,253.73684210526315,7,252,16,256,109,39.0
72,4,3,12,41.666666666666664,246.0,40,244,44,248,109,38.75
72,4,4,9,3.0,448.6666666666667,1,446,5,451,109,45.111111111111114
72,4,5,8,217.375,221.25,216,220,219,223,109,58.625
72,4,6,7,155.42857142857142,194.42857142857142,154,192,157,197,109,56.857142857142854
72,4,7,6,23.5,184.5,22,183,25,186,109,61.166666666666664
72,4,8,6,189.33333333333334,506.0,188,505,191,507,109,49.666666666666664
72,5,1,88570,128.3573896353167,248.12219713221182,0,0,253,507,255,100.50689849836287
72,5,2,122,246.00819672131146,10.59016393442623,236,0,253,18,219,73.23770491803279
72,5,3,30,215.36666666666667,475.3333333333333,213,469,219,481,219,69.33333333333333
72,5,4,18,12.11111111111111,253.66666666666666,7,252,16,256,219,80.22222222222223
72,5,5,7,218.28571428571428,466.2857142857143,217,465,220,468,219,107.14285714285714
72,5,6,5,0.8,494.0,0,492,2,496,219,102.2
72,5,7,4,173.25,228.25,172,228,174,229,219,123.0
72,5,8,2,205.0,498.5,205,498,205,499,219,182.5
72,6,1,85675,129.0689349285089,248.34894660052524,0,0,253,507,255,101.25108841552378
72,6,2,42,11.976190476190476,9.476190476190476,5,5,19,14,182,143.47619047619048
72,6,3,20,238.7,3.2,236,0,243,7,182,146.7
72,6,4,8,191.375,462.625,189,461,193,464,182,136.75
72,6,5,5,178.2,242.6,177,242,179,244,182,138.8
72,6,6,4,0.75,494.5,0,493,2,496,182,155.0
72,6,7,4,21.5,190.0,20,190,23,190,182,145.5
72,6,8,4,49.25,185.0,48,184,50,186,182,128.0
72,7,1,82082,130.03314977705222,248.1104992568407,0,0,253,507,255,81.45497185741088
72,7,2,4,140.25,167.75,139,167,141,168,159,89.5
72,7,3,17,251.8235294117647,303.29411764705884,249,299,253,307,136,53.411764705882355
72,7,4,2,1.5,53.5,1,53,2,54,136,113.5
72,7,5,2,34.0,74.5,34,74,34,75,133,99.0
72,7,6,4,48.5,237.5,48,237,49,238,130,78.75
72,7,7,137,229.8175182481752,498.91970802919707,215,485,244,507,109,35.54014598540146
72,7,8,61,12.508196721311476,13.37704918032787,7,5,17,22,109,36.622950819672134
73,0,1,4,147.5,137.5,147,137,148,138,233,157.25
73,0,2,10,112.5,275.1,108,273,117,276,213,92.9
73,0,3,9,102.0,274.44444444444446,98,273,106,275,209,125.88888888888889
73,0,4,78,105.92307692307692,405.6794871794872,93,402,120,408,202,69.8974358974359
73,0,5,37,146.59459459459458,17.91891891891892,134,10,154,23,190,78.0
73,0,6,2,95.5,271.5,95,271,96,272,189,168.5
73,0,7,10,123.8,406.3,122,405,126,407,173,78.4
73,0,8,59,164.76271186440678,153.08474576271186,153,151,178,155,169,68.28813559322033
73,1,1,12,111.41666666666667,274.25,106,272,116,275,214,87.0
73,1,2,5,102.0,273.6,100,273,104,274,213,143.2
73,1,3,2,97.5,271.5,97,271,98,272,213,157.5
73,1,4,2,95.5,266.5,95,266,96,267,194,174.5
73,1,5,14,144.5,20.928571428571427,138,18,151,22,193,100.5
73,1,6,3,113.66666666666667,267.0,113,266,114,268,152,82.66666666666667
73,1,7,2,98.5,265.0,98,265,99,265,146,111.0
73,1,8,3,132.0,12.666666666666666,131,12,133,13,134,77.0
73,2,1,87160,130.2265947682423,246.75359109683342,0,0,253,507,255,100.50574804956402
73,2,2,200,12.47,487.775,0,474,29,502,219,72.745
73,2,3,67,246.46268656716418,5.417910447761194,239,0,253,13,219,74.92537313432835
73,2,4,27,77.74074074074075,457.14814814814815,74,454,81,462,219,95.4074074074074
73,2,5,16,91.9375,504.9375,89,502,96,507,219,73.0625
73,2,6,9,181.33333333333334,462.0,179,461,183,464,219,131.55555555555554
73,2,7,7,105.71428571428571,483.14285714285717,105,481,107,485,219,87.57142857142857
73,2,8,3,141.66666666666666,210.33333333333334,141,210,142,211,219,158.33333333333334
73,3,1,87103,129.93887696175793,247.5713924893517,0,0,253,507,255,101.94566203230659
73,3,2,21,2.7142857142857144,257.4761904761905,0,253,5,262,182,143.8095238095238
73,3,3,20,49.7,232.25,46,229,53,236,182,130.4
73,3,4,10,102.5,470.0,101,468,104,471,182,141.0
73,3,5,7,29.142857142857142,213.85714285714286,28,213,30,215,182,142.0
73,3,6,7,163.85714285714286,234.71428571428572,163,232,165,237,182,129.42857142857142
73,3,7,4,0.75,449.75,0,449,2,450,182,146.0
73,3,8,3,237.66666666666666,18.0,237,17,238,19,182,146.66666666666666
73,4,1,84070,130.52083977637682,246.76746758653502,0,0,253,507,255,80.40574521232307
73,4,2,17,2.0,322.70588235294116,0,320,4,325,173,72.70588235294117
73,4,3,8,252.375,504.0,252,501,253,507,146,48.75
73,4,4,35,63.6,480.0,59,474,68,486,128,34.371428571428574
73,4,5,3,51.0,83.0,51,82,51,84,118,108.33333333333333
73,4,6,84,99.28571428571429,502.4404761904762,85,495,115,507,109,36.80952380952381
73,4,7,25,2.84,257.64,0,253,5,263,109,38.44
73,4,8,15,122.53333333333333,488.8666666666667,121,485,124,492,109,46.86666666666667
73,5,1,88199,129.77414709917346,247.5180557602694,0,0,253,507,255,100.62034716946904
73,5,2,24,2.8333333333333335,257.75,0,253,5,263,219,78.29166666666667
73,5,3,14,28.714285714285715,177.14285714285714,26,174,31,180,219,85.42857142857143
73,5,4,8,27.25,435.25,26,434,29,436,219,144.0
73,5,5,7,123.57142857142857,489.57142857142856,121,489,126,490,219,117.42857142857143
73,5,6,4,12.0,24.25,11,24,13,25,219,106.25
73,5,7,3,9.333333333333334,8.0,9,7,10,9,219,121.66666666666667
73,5,8,3,1.3333333333333333,299.0,1,298,2,300,219,116.0
73,6,1,85672,130.27485059295918,247.4316112615557,0,0,253,507,255,101.93036231207395
73,6,2,3,149.66666666666666,180.66666666666666,149,180,150,181,219,159.66666666666666
73,6,3,95,12.547368421052632,239.7157894736842,6,229,18,255,182,142.86315789473684
73,6,4,63,246.71428571428572,5.190476190476191,239,0,253,11,182,145.5873015873016
73,6,5,23,2.8260869565217392,315.4782608695652,0,313,6,318,182,122.6086956521739
73,6,6,11,1.0,297.1818181818182,0,295,3,299,182,133.45454545454547
73,6,7,6,97.0,175.83333333333334,96,175,98,177,182,139.66666666666666
73,6,8,6,185.16666666666666,459.0,184,458,186,460,182,139.0
73,7,1,81525,130.32399877338239,246.23770622508434,0,0,253,507,255,80.69988347132781
73,7,2,2,68.0,145.5,68,145,68,146,180,171.0
73,7,3,4,23.75,124.5,23,123,24,126,163,85.0
73,7,4,8,252.375,504.0,252,501,253,507,146,48.75
73,7,5,15,192.06666666666666,475.93333333333334,189,474,195,479,130,39.6
73,7,6,2,0.0,353.5,0,353,0,354,128,124.5
73,7,7,36,16.916666666666668,4.555555555555555,12,0,23,8,109,39.47222222222222
73,7,8,24,97.08333333333333,503.4583333333333,91,500,103,507,109,40.291666666666664
74,0,1,9,109.0,276.0,105,276,113,276,201,160.55555555555554
74,0,2,2,115.5,275.0,115,275,116,275,188,108.0
74,0,3,3,151.0,20.0,150,19,152,21,182,138.0
74,0,4,2,147.5,22.0,147,22,148,22,181,163.5
74,0,5,58,161.6551724137931,153.43103448275863,150,148,177,156,173,62.91379310344828
74,0,6,2,101.5,275.0,101,275,102,275,172,129.0
74,0,7,89,108.50561797752809,406.65168539325845,90,404,128,410,169,74.48314606741573
74,0,8,7,95.0,266.42857142857144,94,265,97,269,166,105.0
74,1,1,2,115.5,273.5,115,273,116,274,206,197.5
74,1,2,7,15.571428571428571,59.57142857142857,14,58,18,60,200,123.42857142857143
74,1,3,10,108.5,275.0,104,275,113,275,192,126.1
74,1,4,2,150.5,19.5,150,19,151,20,187,185.0
74,1,5,2,147.5,21.0,147,21,148,21,183,159.0
74,1,6,18,104.77777777777777,263.8333333333333,99,262,109,265,175,56.5
74,1,7,2,101.5,274.0,101,274,102,274,165,114.5
74,1,8,5,115.2,268.4,114,267,116,270,158,98.0
74,2,1,87575,130.75183556951185,247.97049386240366,0,0,253,507,255,101.16393948044534
74,2,2,8,24.375,459.375,23,457,26,461,219,95.875
74,2,3,8,166.375,236.375,164,236,168,237,219,85.125
74,2,4,7,182.28571428571428,462.2857142857143,181,461,184,463,219,119.42857142857143
74,2,5,5,13.6,227.0,13,226,15,228,219,108.0
74,2,6,5,239.0,0.4,237,0,241,1,219,102.0
74,2,7,4,42.0,223.25,41,223,43,224,219,98.0
74,2,8,3,31.666666666666668,355.0,31,354,32,356,219,138.0
74,3,1,86438,130.11250838751474,247.83861264721534,0,0,253,507,255,102.67147550845692
74,3,2,163,237.15337423312883,10.042944785276074,222,0,252,22,182,139.49693251533742
74,3,3,13,38.92307692307692,222.76923076923077,36,221,42,225,182,136.6153846153846
74,3,4,12,28.833333333333332,264.1666666666667,26,262,31,266,182,145.66666666666666
74,3,5,11,2.3636363636363638,259.6363636363636,1,257,4,262,182,147.8181818181818
74,3,6,8,193.375,464.5,192,462,194,467,182,154.5
74,3,7,8,95.75,469.25,94,468,97,471,182,142.5
74,3,8,7,1.2857142857142858,442.2857142857143,0,440,2,444,182,138.28571428571428
74,4,1,83539,131.10803337363387,246.94681525993846,0,0,253,507,255,79.74328158105794
74,4,2,437,103.32265446224257,488.1601830663616,81,468,126,507,169,41.81922196796339
74,4,3,21,107.61904761904762,504.6666666666667,103,501,112,507,109,37.76190476190476
74,4,4,14,2.7142857142857144,260.35714285714283,1,257,4,264,109,41.214285714285715
74,4,5,10,1.6,448.0,1,445,3,451,109,57.6
74,4,6,5,194.4,466.0,193,465,196,467,109,84.0
74,4,7,5,239.0,0.4,237,0,241,1,109,50.6
74,4,8,5,100.4,469.6,99,469,101,471,109,48.2
74,5,1,87946,130.15317353830758,247.0045596161281,0,0,253,507,255,100.90312237054556
74,5,2,56,115.17857142857143,492.98214285714283,108,486,121,499,219,75.94642857142857
74,5,3,39,49.61538461538461,493.8974358974359,45,489,55,498,219,91.35897435897436
74,5,4,12,2.0,154.0,0,152,5,156,219,76.75
74,5,5,5,214.0,215.8,213,215,215,217,219,140.6
74,5,6,5,33.0,355.2,31,354,35,356,219,118.6
74,5,7,4,34.75,343.25,34,342,35,344,219,103.0
74,5,8,2,38.0,356.5,38,356,38,357,219,179.0
74,6,1,85708,130.8713772343305,247.1070378494423,0,0,253,507,255,102.88176132916414
74,6,2,15,2.7333333333333334,260.6666666666667,1,257,4,265,182,146.13333333333333
74,6,3,6,6.833333333333333,436.5,6,434,7,439,182,128.0
74,6,4,4,34.25,357.5,34,356,35,359,182,146.0
74,6,5,2,38.0,351.5,38,351,38,352,182,165.0
74,6,6,2,0.5,140.5,0,140,1,141,182,155.0
74,6,7,2,94.5,470.5,94,470,95,471,182,155.0
74,6,8,20,2.1,322.7,0,319,4,327,180,108.25
74,7,1,81410,131.28236088932564,247.55625844490848,0,0,253,507,255,79.73479916472178
74,7,2,3,93.33333333333333,98.0,93,97,94,99,136,100.0
74,7,3,2,62.0,22.5,62,22,62,23,125,93.0
74,7,4,9,129.77777777777777,12.333333333333334,128,11,131,14,110,57.77777777777778
74,7,5,51,160.72549019607843,215.88235294117646,156,210,166,223,109,36.64705882352941
74,7,6,24,110.91666666666667,503.7916666666667,108,499,115,507,109,35.208333333333336
74,7,7,19,166.31578947368422,235.6315789473684,164,233,169,239,109,43.421052631578945
74,7,8,18,1.6111111111111112,312.0,0,309,4,317,109,63.333333333333336
75,0,1,4,142.25,143.5,141,143,143,144,219,140.25
75,0,2,4,95.5,275.5,94,274,97,277,172,105.5
75,0,3,2,102.5,279.0,102,279,103,279,152,110.0
75,0,4,3,147.0,26.0,146,26,148,26,150,89.0
75,0,5,5,96.0,411.0,94,411,98,411,138,88.6
75,0,6,4,161.5,159.0,160,159,163,159,134,91.25
75,0,7,2,130.5,149.0,130,149,131,149,134,129.0
75,0,8,5,150.6,134.4,150,133,151,136,122,51.8
75,1,1,6,108.5,279.0,106,279,111,279,155,96.16666666666667
75,1,2,3,112.66666666666667,271.0,112,270,113,272,146,70.33333333333333
75,1,3,2,115.5,273.5,115,273,116,274,142,90.0
75,1,4,2,102.5,278.0,102,278,103,278,120,102.5
75,1,5,2,147.5,25.0,147,25,148,25,116,102.5
75,1,6,11,103.72727272727273,267.54545454545456,99,266,108,268,113,64.81818181818181
75,1,7,2,152.0,21.5,152,21,152,22,107,69.5
75,1,8,2,22.5,54.5,22,54,23,55,101,82.5
75,2,1,84900,130.94164899882213,248.5476089517079,0,0,253,507,255,101.64656065959953
75,2,2,137,239.5985401459854,17.343065693430656,225,3,253,30,219,70.16058394160584
75,2,3,55,27.87272727272727,207.98181818181817,22,201,35,213,219,97.45454545454545
75,2,4,51,39.627450980392155,217.62745098039215,29,213,46,224,219,113.7843137254902
75,2,5,18,194.44444444444446,504.77777777777777,192,502,198,507,219,74.16666666666667
75,2,6,14,11.214285714285714,207.28571428571428,8,205,14,210,219,76.14285714285714
75,2,7,11,34.45454545454545,217.0,32,216,36,218,219,117.18181818181819
75,2,8,10,242.5,6.6,240,5,245,8,219,86.7
75,3,1,84443,130.99020641142545,248.6646021576685,0,0,253,507,255,102.17354902123326
75,3,2,76,221.43421052631578,246.46052631578948,216,239,230,257,182,127.73684210526316
75,3,3,28,30.0,441.7142857142857,27,439,34,447,182,135.64285714285714
75,3,4,25,225.6,11.16,221,8,229,15,182,123.52
75,3,5,17,156.05882352941177,505.7647058823529,152,503,159,507,182,129.76470588235293
75,3,6,16,4.25,437.3125,1,435,7,439,182,130.625
75,3,7,16,1.3125,431.375,0,428,4,436,182,120.375
75,3,8,14,230.85714285714286,15.571428571428571,227,14,234,17,182,129.28571428571428
75,4,1,81435,130.71016147847976,248.1785350279364,0,0,253,507,255,79.63247989193836
75,4,2,15,2.6666666666666665,174.93333333333334,0,173,6,176,169,78.66666666666667
75,4,3,5,87.4,100.2,87,99,88,101,146,92.4
75,4,4,103,218.1359223300971,252.2135922330097,204,245,229,264,109,39.83495145631068
75,4,5,89,175.64044943820224,502.2584269662921,166,494,184,507,109,48.97752808988764
75,4,6,41,36.41463414634146,501.3658536585366,33,495,40,507,109,46.97560975609756
75,4,7,11,37.90909090909091,448.90909090909093,36,447,40,451,109,46.63636363636363
75,4,8,11,242.72727272727272,6.818181818181818,240,5,245,9,109,42.63636363636363
75,5,1,85886,130.79043150222387,247.6596534941667,0,0,253,507,255,101.55917145984212
75,5,2,73,6.47945205479452,479.4931506849315,0,471,13,489,219,75.20547945205479
75,5,3,23,33.69565217391305,458.30434782608694,31,453,37,462,219,106.17391304347827
75,5,4,19,26.894736842105264,449.5263157894737,23,445,30,455,219,112.89473684210526
75,5,5,15,40.666666666666664,456.6,38,454,45,459,219,105.8
75,5,6,13,249.15384615384616,11.76923076923077,247,8,252,15,219,84.15384615384616
75,5,7,12,28.416666666666668,440.1666666666667,26,438,31,442,219,136.08333333333334
75,5,8,12,1.5833333333333333,430.1666666666667,0,428,4,432,219,100.75
75,6,1,83160,131.54755892255892,248.7703342953343,0,0,253,507,254,101.75960798460798
75,6,2,142,32.82394366197183,230.54225352112675,20,221,47,239,182,127.69014084507042
75,6,3,18,50.72222222222222,223.38888888888889,48,220,53,226,182,115.77777777777777
75,6,4,17,1.588235294117647,438.94117647058823,0,436,4,443,182,135.2941176470588
75,6,5,13,249.30769230769232,11.384615384615385,247,8,252,15,182,147.3846153846154
75,6,6,13,37.61538461538461,442.7692307692308,35,441,41,445,182,146.92307692307693
75,6,7,12,15.083333333333334,178.0,13,177,17,179,182,133.83333333333334
75,6,8,11,186.72727272727272,470.54545454545456,186,467,188,474,182,139.0909090909091
75,7,1,78182,132.52446854774757,245.51639763628458,0,0,253,507,255,80.15548335934102
75,7,2,5,0.0,124.0,0,122,0,126,211,105.6
75,7,3,10,99.3,266.3,97,264,102,267,188,75.1
75,7,4,600,15.5,466.37333333333333,0,444,32,490,182,48.651666666666664
75,7,5,35,2.4857142857142858,185.88571428571427,0,180,6,192,180,55.6
75,7,6,4,1.0,163.5,0,163,2,164,178,112.0
75,7,7,12,187.33333333333334,455.1666666666667,186,453,189,458,176,71.5
75,7,8,2,123.5,21.5,123,21,124,22,128,102.0
93,2,1,74363,134.29053427107567,242.84804270941194,0,0,253,507,246,103.02296841171012
93,2,2,22,3.909090909090909,429.1363636363636,0,426,10,433,234,96.54545454545455
93,2,3,229,69.1877729257642,481.117903930131,56,470,84,493,219,81.46724890829694
93,2,4,49,5.775510204081633,118.93877551020408,0,114,13,124,219,93.6938775510204
93,2,5,43,82.04651162790698,184.2325581395349,76,180,88,189,219,89.51162790697674
93,2,6,35,190.05714285714285,491.1142857142857,184,483,194,496,219,71.8
93,2,7,31,18.677419354838708,470.03225806451616,14,465,22,474,219,98.58064516129032
93,2,8,24,1.9166666666666667,453.3333333333333,0,450,5,458,219,97.16666666666667
93,3,1,72924,135.12886018320444,244.32431024079864,0,0,253,507,248,102.0399594097965
93,3,2,30,89.46666666666667,400.6,85,395,92,406,227,98.86666666666666
93,3,3,22,1.6818181818181819,163.1818181818182,0,160,4,167,212,103.54545454545455
93,3,4,100,6.25,113.49,0,104,14,121,208,104.26
93,3,5,8,103.875,396.125,103,394,105,398,204,120.875
93,3,6,2,181.5,444.5,181,444,182,445,204,118.0
93,3,7,2,9.5,103.0,9,103,10,103,192,160.0
93,3,8,21,2.142857142857143,426.23809523809524,0,423,4,431,186,124.19047619047619
93,4,1,68090,135.739550594801,238.42086943750917,0,0,253,507,246,74.62153032750771
93,4,2,15,47.53333333333333,420.26666666666665,45,418,51,423,219,82.93333333333334
93,4,3,10,90.3,426.9,87,426,93,428,219,110.0
93,4,4,3,160.0,155.66666666666666,159,155,161,156,216,94.66666666666667
93,4,5,2,91.0,420.5,91,420,91,421,216,204.0
93,4,6,18,115.5,420.94444444444446,114,418,118,424,215,83.88888888888889
93,4,7,4,89.5,399.75,89,399,90,401,215,134.75
93,4,8,7,35.857142857142854,375.7142857142857,34,374,37,377,195,84.57142857142857
93,5,1,73765,134.9448247814004,238.288998847692,0,0,253,507,246,103.31707449332339
93,5,2,460,16.141304347826086,479.3,0,449,37,503,219,90.93913043478261
93,5,3,326,48.236196319018404,491.72085889570553,36,471,67,507,219,92.05521472392638
93,5,4,321,72.48909657320873,487.6355140186916,56,468,88,507,219,77.06230529595015
93,5,5,152,92.36842105263158,489.36842105263156,81,474,102,502,219,66.52631578947368
93,5,6,45,193.22222222222223,495.2,184,489,199,501,219,75.46666666666667
93,5,7,39,204.46153846153845,504.6666666666667,198,500,212,507,219,107.8974358974359
93,5,8,38,32.026315789473685,469.7894736842105,28,463,36,476,219,90.86842105263158
93,6,1,70560,135.21635487528346,239.42488662131518,0,0,253,507,246,101.56065759637188
93,6,2,43,106.5813953488372,419.5348837209302,100,416,116,425,229,103.06976744186046
93,6,3,7,80.42857142857143,435.0,79,433,81,436,224,89.71428571428571
93,6,4,6,85.83333333333333,432.5,85,431,87,434,224,104.66666666666667
93,6,5,2,91.5,417.0,91,417,92,417,224,160.0
93,6,6,2,11.0,54.5,11,54,11,55,214,184.5
93,6,7,9,105.33333333333333,407.0,103,406,108,408,209,106.88888888888889
93,6,8,3,116.0,421.0,115,421,117,421,197,167.0
93,7,1,65462,137.85191408756225,238.17347468760502,0,0,253,507,246,75.02254743209801
93,7,2,17,86.3529411764706,408.11764705882354,84,404,88,411,219,83.29411764705883
93,7,3,12,108.08333333333333,412.0,106,410,110,414,195,54.166666666666664
93,7,4,6,76.83333333333333,438.3333333333333,76,437,78,440,195,73.5
93,7,5,22,128.54545454545453,182.63636363636363,126,177,132,187,192,68.0
93,7,6,10,100.8,427.2,98,426,104,428,192,113.8
93,7,7,10,81.0,434.9,79,434,83,436,192,90.7
93,7,8,8,123.75,167.0,122,166,125,169,192,56.5
94,0,1,2,91.0,274.5,91,274,91,275,46,39.0
94,0,2,2,152.5,145.0,152,145,153,145,33,31.0
94,2,1,73645,134.58715459297983,238.60031230905017,0,0,253,505,247,103.32907868830199
94,2,2,508,79.95275590551181,485.9429133858268,57,461,106,507,219,75.90551181102362
94,2,3,316,51.20886075949367,497.7310126582278,27,487,75,507,219,86.48101265822785
94,2,4,259,9.76061776061776,472.12741312741315,0,448,26,490,219,87.4980694980695
94,2,5,151,45.3046357615894,478.4834437086093,34,466,56,487,219,98.25165562913908
94,2,6,86,143.5,200.51162790697674,134,190,150,211,219,86.23255813953489
94,2,7,80,28.8625,466.7,23,458,36,475,219,86.1125
94,2,8,78,208.53846153846155,503.5897435897436,198,496,220,507,219,86.7051282051282
94,3,1,73638,134.35222303701892,241.9146093049784,0,0,253,507,249,102.61313452293653
94,3,2,15,1.9333333333333333,331.8,0,329,4,334,196,106.86666666666666
94,3,3,43,4.906976744186046,160.51162790697674,0,155,12,165,192,106.51162790697674
94,3,4,236,14.25,479.521186440678,0,468,33,495,182,134.29661016949152
94,3,5,218,12.353211009174313,443.9908256880734,0,429,24,461,182,130.40366972477065
94,3,6,133,211.97744360902254,494.14285714285717,201,481,222,507,182,128.01503759398497
94,3,7,58,4.827586206896552,461.2586206896552,0,455,12,467,182,121.65517241379311
94,3,8,35,204.37142857142857,504.14285714285717,198,500,210,507,182,124.4
94,4,1,71386,133.7632448939568,244.95242764687754,0,0,253,507,249,73.41051466674138
94,4,2,49,164.22448979591837,467.2244897959184,159,459,170,476,219,46.0
94,4,3,2,181.0,142.5,181,142,181,143,192,132.5
94,4,4,2,87.5,403.0,87,403,88,403,192,108.0
94,4,5,5,120.2,167.0,119,166,122,168,184,68.0
94,4,6,2,57.5,52.0,57,52,58,52,182,143.0
94,4,7,7,210.57142857142858,235.71428571428572,209,235,213,236,181,80.28571428571429
94,4,8,4,31.75,70.25,31,69,32,71,181,96.0
94,5,1,75290,134.38419444813388,242.25579758268032,0,0,253,507,249,103.16768495152078
94,5,2,558,78.86021505376344,486.5179211469534,57,461,99,507,219,74.00716845878136
94,5,3,88,16.886363636363637,219.22727272727272,5,213,28,225,219,67.9659090909091
94,5,4,66,7.5606060606060606,193.46969696969697,0,186,15,202,219,78.04545454545455
94,5,5,33,1.8181818181818181,170.3939393939394,0,165,5,177,219,77.66666666666667
94,5,6,32,58.53125,176.78125,56,172,62,181,219,98.5
94,5,7,29,31.413793103448278,320.8965517241379,27,314,35,327,219,75.65517241379311
94,5,8,27,200.11111111111111,248.0,194,244,206,252,219,72.29629629629629
94,6,1,70483,135.85159542017223,238.02865939304513,0,0,253,507,251,101.55341004213783
94,6,2,8,148.0,182.125,147,180,149,185,227,123.125
94,6,3,8,92.0,416.125,89,415,95,417,219,111.375
94,6,4,143,209.11888111888112,499.64335664335664,197,492,221,507,197,127.85314685314685
94,6,5,392,87.75765306122449,484.6326530612245,61,466,118,502,182,129.7091836734694
94,6,6,388,20.11340206185567,225.6056701030928,0,205,40,251,182,133.00515463917526
94,6,7,321,67.44859813084112,497.8224299065421,45,482,91,507,182,136.70404984423675
94,6,8,265,12.449056603773585,440.88301886792453,0,422,29,456,182,129.59622641509435
94,7,1,67407,135.8331182221431,242.5226905217559,0,0,253,507,253,74.3571142462949
94,7,2,39,121.53846153846153,173.53846153846155,115,168,128,179,216,82.8974358974359
94,7,3,10,104.7,406.3,103,404,107,408,196,76.7
94,7,4,3,100.66666666666667,167.33333333333334,100,167,101,168,196,88.0
94,7,5,15,38.8,82.2,36,79,41,85,195,56.06666666666667
94,7,6,2,98.5,165.0,98,165,99,165,195,118.0
94,7,7,5,131.4,18.4,130,17,133,19,192,97.2
94,7,8,3,94.0,402.6666666666667,93,402,95,403,189,85.33333333333333
99,2,1,75041,133.45641715861996,243.62367239242548,0,0,253,507,247,102.97949121147106
99,2,2,5,14.0,53.2,12,53,16,54,240,123.4
99,2,3,63,168.47619047619048,221.77777777777777,163,215,174,229,219,86.95238095238095
99,2,4,54,13.574074074074074,17.537037037037038,6,13,20,23,219,68.9074074074074
99,2,5,46,58.15217391304348,500.7391304347826,54,493,63,507,219,73.02173913043478
99,2,6,18,69.33333333333333,179.5,66,177,74,182,219,95.05555555555556
99,2,7,18,58.44444444444444,234.22222222222223,55,231,63,239,219,92.22222222222223
99,2,8,15,50.6,493.4,50,489,52,497,219,91.33333333333333
99,3,1,74144,133.96544561933536,244.03382606819162,0,0,253,507,252,102.59387138541217
99,3,2,2,122.5,140.0,122,140,123,140,228,160.0
99,3,3,9,0.7777777777777778,115.22222222222223,0,113,2,117,217,148.88888888888889
99,3,4,63,9.158730158730158,116.80952380952381,1,112,18,122,210,114.0952380952381
99,3,5,84,6.011904761904762,199.98809523809524,0,192,16,212,182,129.76190476190476
99,3,6,55,6.0181818181818185,463.6363636363636,0,457,12,470,182,115.34545454545454
99,3,7,51,119.37254901960785,480.01960784313724,111,472,126,487,182,139.80392156862746
99,3,8,50,31.28,469.62,26,465,37,474,182,137.08
99,4,1,69429,135.3585101326535,241.48573362715868,0,0,253,507,249,74.11179766380043
99,4,2,6,98.0,421.3333333333333,96,420,100,423,216,88.66666666666667
99,4,3,3,107.33333333333333,390.3333333333333,107,390,108,391,216,115.0
99,4,4,3,85.0,411.6666666666667,84,411,86,412,216,94.66666666666667
99,4,5,2,157.5,168.0,157,168,158,168,215,119.5
99,4,6,10,127.3,172.3,126,171,129,175,195,66.7
99,4,7,3,106.0,397.0,105,397,107,397,195,92.33333333333333
99,4,8,4,145.25,155.5,145,154,146,157,192,110.75
99,5,1,75029,134.05819083287795,241.7459115808554,0,0,253,507,247,103.36194004984739
99,5,2,636,90.48899371069183,488.17452830188677,62,465,129,507,219,72.24056603773585
99,5,3,428,19.455607476635514,231.23130841121494,0,209,38,261,219,70.52803738317758
99,5,4,55,5.454545454545454,196.61818181818182,0,190,13,203,219,67.7090909090909
99,5,5,49,58.714285714285715,226.46938775510205,51,222,67,231,219,88.73469387755102
99,5,6,38,1.4736842105263157,343.63157894736844,0,337,4,350,219,113.28947368421052
99,5,7,24,228.58333333333334,208.16666666666666,225,205,233,212,219,114.58333333333333
99,5,8,22,127.4090909090909,219.9090909090909,125,217,131,225,219,100.27272727272727
99,6,1,72425,134.33897134967208,243.24508111839833,0,0,253,507,250,102.25201242664825
99,6,2,31,107.29032258064517,418.2258064516129,102,414,116,424,225,103.41935483870968
99,6,3,16,149.875,138.5625,147,136,152,141,225,120.25
99,6,4,32,105.8125,401.3125,102,397,112,406,218,98.03125
99,6,5,114,6.280701754385965,163.92105263157896,0,154,16,174,207,102.41228070175438
99,6,6,102,25.91176470588235,156.2549019607843,14,148,38,163,190,127.43137254901961
99,6,7,4,31.25,350.25,31,349,32,351,190,114.0
99,6,8,266,73.06015037593986,477.6691729323308,56,465,89,490,182,129.40977443609023
99,7,1,67424,134.27895111532985,243.11931953013763,0,0,253,507,248,74.1140246796393
99,7,2,8,51.125,432.375,49,431,53,435,219,66.625
99,7,3,7,155.28571428571428,161.57142857142858,154,160,157,163,216,102.57142857142857
99,7,4,7,163.28571428571428,166.28571428571428,162,165,165,168,215,103.71428571428571
99,7,5,4,146.5,18.5,146,17,147,20,193,73.0
99,7,6,14,107.85714285714286,410.14285714285717,106,408,110,412,192,65.5
99,7,7,9,159.66666666666666,163.44444444444446,158,161,161,165,192,76.0
99,7,8,3,87.0,393.3333333333333,86,393,88,394,192,85.66666666666667
100,0,1,4,126.5,196.5,126,196,127,197,152,140.25
100,0,2,2,108.5,177.0,108,177,109,177,130,87.5
100,0,3,4,120.5,200.5,120,200,121,201,126,104.25
100,0,4,2,116.5,175.0,116,175,117,175,120,105.0
100,0,5,4,106.5,199.5,106,199,107,200,115,78.75
100,0,6,6,63.833333333333336,450.8333333333333,63,450,65,452,112,50.0
100,0,7,3,100.66666666666667,194.33333333333334,100,194,101,195,97,64.66666666666667
100,0,8,4,128.5,200.5,128,200,129,201,91,50.0
100,2,1,73182,134.4008226066519,241.9937006367686,0,0,253,507,246,102.26112978601296
100,2,2,808,84.31311881188118,489.13861386138615,55,467,120,507,219,73.00618811881188
100,2,3,164,10.646341463414634,472.8109756097561,0,460,27,485,219,82.88414634146342
100,2,4,106,85.86792452830188,186.28301886792454,75,179,98,193,219,86.61320754716981
100,2,5,53,2.4150943396226414,456.58490566037733,0,446,6,467,219,91.20754716981132
100,2,6,38,2.8157894736842106,207.39473684210526,0,202,7,213,219,72.44736842105263
100,2,7,31,227.6451612903226,207.6451612903226,221,205,233,210,219,112.54838709677419
100,2,8,31,181.67741935483872,493.5806451612903,177,490,186,497,219,99.19354838709677
100,3,1,71360,135.45319506726457,240.9213284753363,0,0,253,507,248,102.20682455156951
100,3,2,17,112.52941176470588,420.0,108,418,116,422,224,111.52941176470588
100,3,3,22,86.45454545454545,404.04545454545456,84,402,91,407,212,103.27272727272727
100,3,4,12,139.41666666666666,186.08333333333334,136,185,142,188,197,125.25
100,3,5,13,103.76923076923077,415.61538461538464,102,413,105,418,192,114.76923076923077
100,3,6,394,37.69035532994924,492.6852791878173,14,469,55,507,182,130.2969543147208
100,3,7,273,13.113553113553113,474.25274725274727,0,456,30,486,182,129.02564102564102
100,3,8,156,14.833333333333334,448.2692307692308,3,437,30,462,182,136.35897435897436
100,4,1,68564,135.06391109036812,244.29743013826499,0,0,253,507,249,73.32515605857301
100,4,2,20,95.5,415.35,92,412,99,419,216,63.4
100,4,3,4,119.25,188.25,118,187,120,189,216,78.0
100,4,4,6,170.66666666666666,162.16666666666666,170,160,171,164,192,85.66666666666667
100,4,5,5,144.8,157.0,144,156,146,158,192,72.0
100,4,6,4,100.25,418.0,100,417,101,419,192,104.0
100,4,7,3,101.66666666666667,404.6666666666667,101,404,102,405,192,85.33333333333333
100,4,8,3,170.66666666666666,166.66666666666666,170,166,171,167,184,80.33333333333333
100,5,1,74501,133.7552784526382,244.17956805948913,0,0,253,507,253,101.8278009691145
100,5,2,80,31.2,466.8625,24,460,37,476,219,80.1625
100,5,3,74,115.51351351351352,481.9594594594595,102,475,126,487,219,76.78378378378379
100,5,4,65,121.24615384615385,495.4923076923077,113,490,130,501,219,72.04615384615384
100,5,5,58,17.93103448275862,200.8448275862069,8,192,23,207,219,75.22413793103448
100,5,6,29,2.413793103448276,207.72413793103448,0,203,7,215,219,77.24137931034483
100,5,7,24,29.916666666666668,212.95833333333334,25,210,34,216,219,90.79166666666667
100,5,8,21,165.9047619047619,226.76190476190476,160,222,170,231,219,96.33333333333333
100,6,1,69853,136.05100711494137,238.6406310394686,0,0,253,507,251,101.84727928650166
100,6,2,100,96.08,395.36,87,389,107,403,225,105.24
100,6,3,22,161.77272727272728,162.72727272727272,156,160,166,165,224,100.9090909090909
100,6,4,2,158.5,164.5,158,164,159,165,224,166.5
100,6,5,31,149.19354838709677,152.38709677419354,143,148,155,156,206,108.80645161290323
100,6,6,19,160.0,154.89473684210526,156,151,164,157,201,99.15789473684211
100,6,7,33,142.93939393939394,163.54545454545453,140,160,148,167,197,99.06060606060606
100,6,8,6,104.5,401.8333333333333,102,401,107,402,196,86.0
100,7,1,64062,138.05124722924666,237.01993381411756,0,0,253,507,250,74.87493365801879
100,7,2,13,67.61538461538461,139.30769230769232,64,138,71,141,217,114.38461538461539
100,7,3,630,61.887301587301586,449.1857142857143,24,433,94,464,216,57.37301587301587
100,7,4,18,102.27777777777777,416.1666666666667,100,413,105,419,215,78.5
100,7,5,8,108.5,418.625,106,417,110,420,196,81.5
100,7,6,6,97.16666666666667,414.1666666666667,96,413,98,415,192,94.5
100,7,7,3,76.0,432.6666666666667,75,432,77,433,192,130.0
100,7,8,3,161.0,161.0,161,160,161,162,192,94.66666666666667
101,0,1,2,100.5,194.5,100,194,101,195,68,52.0
101,0,2,2,45.5,432.0,45,432,46,432,53,44.0
101,0,3,3,63.333333333333336,451.0,63,450,64,452,47,35.666666666666664
101,0,4,3,59.666666666666664,455.6666666666667,59,455,60,456,42,35.666666666666664
101,0,5,2,106.5,200.0,106,200,107,200,42,35.5
101,0,6,3,46.333333333333336,454.6666666666667,46,454,47,455,40,34.0
101,0,7,3,67.33333333333333,454.6666666666667,67,454,68,455,40,34.0
101,0,8,2,136.5,142.0,136,142,137,142,37,34.0
101,2,1,74866,133.83302166537547,242.55366922234393,0,0,253,507,248,102.97949670077205
101,2,2,115,175.23478260869564,471.5304347826087,163,460,186,482,219,76.59130434782608
101,2,3,111,6.531531531531532,478.3873873873874,0,469,15,490,219,72.69369369369369
101,2,4,91,219.56043956043956,231.97802197802199,209,226,230,240,219,72.98901098901099
101,2,5,80,6.4875,281.05,0,272,13,293,219,69.8375
101,2,6,72,71.77777777777777,482.47222222222223,66,474,77,492,219,86.23611111111111
101,2,7,41,145.9268292682927,196.41463414634146,141,190,150,203,219,92.58536585365853
101,2,8,31,25.967741935483872,325.6774193548387,21,321,32,330,219,85.25806451612904
101,3,1,74191,133.52934992114947,243.74251593859094,0,0,253,507,246,102.42850210942028
101,3,2,2,14.5,53.0,14,53,15,53,219,135.0
101,3,3,16,94.5,422.625,91,420,97,425,206,105.0
101,3,4,22,99.04545454545455,417.8636363636364,97,414,103,421,190,106.0
101,3,5,6,18.166666666666668,320.8333333333333,17,319,19,322,185,135.5
101,3,6,34,173.14705882352942,469.7647058823529,169,466,178,476,182,126.29411764705883
101,3,7,33,142.5151515151515,209.6060606060606,136,204,150,214,182,140.1818181818182
101,3,8,31,24.806451612903224,436.2903225806452,20,432,31,440,182,126.58064516129032
101,4,1,70320,134.7091723549488,242.04027303754268,0,0,253,507,240,73.67835608646189
101,4,2,8,92.875,411.25,91,410,95,412,192,58.5
101,4,3,303,90.32673267326733,494.3069306930693,71,477,108,507,171,34.07260726072607
101,4,4,2,3.5,341.0,3,341,4,341,160,115.5
101,4,5,3,52.0,440.0,51,440,53,440,156,106.33333333333333
101,4,6,9,38.666666666666664,156.22222222222223,37,154,41,158,153,59.666666666666664
101,4,7,3,79.33333333333333,320.3333333333333,79,320,80,321,152,129.0
101,4,8,7,39.57142857142857,459.2857142857143,38,457,41,462,146,60.42857142857143
101,5,1,74750,134.52188628762542,241.37282943143813,0,0,253,507,247,102.91657525083612
101,5,2,464,19.700431034482758,221.875,0,197,46,241,219,69.91594827586206
101,5,3,248,87.09274193548387,476.16129032258067,67,463,106,488,219,75.61693548387096
101,5,4,191,105.24607329842932,500.7434554973822,85,491,132,507,219,67.01570680628272
101,5,5,94,6.723404255319149,190.8404255319149,0,182,14,200,219,80.12765957446808
101,5,6,91,16.32967032967033,436.86813186813185,5,429,27,444,219,82.16483516483517
101,5,7,64,158.421875,498.9375,152,493,165,506,219,85.5
101,5,8,61,6.39344262295082,281.40983606557376,0,274,13,288,219,73.08196721311475
101,6,1,72251,134.32024470249547,243.60995695561306,0,0,253,507,252,102.68692474844639
101,6,2,20,94.2,422.05,91,418,98,425,234,134.45
101,6,3,6,144.0,153.66666666666666,143,152,145,155,224,107.16666666666667
101,6,4,4,87.25,389.0,86,388,88,390,224,132.0
101,6,5,3,129.66666666666666,141.66666666666666,129,141,130,142,224,130.66666666666666
101,6,6,6,108.16666666666667,415.0,107,413,109,417,193,101.16666666666667
101,6,7,155,8.903225806451612,475.78709677419357,0,465,20,490,182,135.74193548387098
101,6,8,112,12.339285714285714,352.13392857142856,3,347,24,358,182,118.9375
101,7,1,66932,135.41639275682783,240.94546704117613,0,0,253,507,252,74.29131058387617
101,7,2,8,107.0,393.875,104,393,110,395,216,100.625
101,7,3,3,51.333333333333336,432.0,51,431,52,433,216,116.33333333333333
101,7,4,11,109.54545454545455,390.72727272727275,108,389,111,393,212,92.63636363636364
101,7,5,27,110.51851851851852,397.3703703703704,107,392,114,402,201,64.74074074074075
101,7,6,19,39.26315789473684,437.63157894736844,36,435,43,440,197,59.10526315789474
101,7,7,10,164.0,141.1,162,140,166,143,195,90.6
101,7,8,5,24.2,392.6,23,391,25,394,195,117.2
102,0,1,2,89.5,269.5,89,269,90,270,36,34.0
102,2,1,73011,134.42912711783157,243.14814206078537,0,0,253,507,252,102.89120817411074
102,2,2,2,95.5,425.0,95,425,96,425,240,187.0
102,2,3,139,11.870503597122303,443.7482014388489,2,433,20,456,219,89.19424460431655
102,2,4,72,24.430555555555557,457.06944444444446,18,450,34,463,219,87.5
102,2,5,57,24.894736842105264,323.1578947368421,18,316,30,329,219,77.36842105263158
102,2,6,54,55.44444444444444,224.57407407407408,46,219,65,230,219,91.0925925925926
102,2,7,46,204.3695652173913,503.5869565217391,197,497,213,507,219,97.45652173913044
102,2,8,41,5.048780487804878,178.609756097561,0,173,13,186,219,79.41463414634147
102,3,1,72274,134.75008993552314,242.77236627279518,0,0,253,507,248,102.24686609292415
102,3,2,10,0.7,151.8,0,150,2,155,224,110.4
102,3,3,24,30.666666666666668,215.0,26,212,35,218,189,141.625
102,3,4,3,124.66666666666667,162.0,124,161,125,163,183,141.0
102,3,5,335,12.665671641791045,475.85970149253734,0,450,28,499,182,133.9223880597015
102,3,6,191,11.261780104712042,441.86387434554973,0,428,22,456,182,134.07329842931938
102,3,7,71,25.380281690140844,458.7464788732394,19,452,34,465,182,142.3661971830986
102,3,8,63,41.23809523809524,316.3809523809524,34,311,47,323,182,134.12698412698413
102,4,1,69760,133.28256880733946,244.3953125,0,0,253,507,242,73.47640481651376
102,4,2,4,66.75,400.5,66,399,67,402,215,94.5
102,4,3,2,147.0,168.5,147,168,147,169,196,130.0
102,4,4,5,59.4,140.2,58,140,61,141,195,87.4
102,4,5,2,150.5,141.0,150,141,151,141,195,113.5
102,4,6,14,104.57142857142857,416.57142857142856,101,414,108,419,192,71.5
102,4,7,10,129.4,196.7,128,195,131,198,192,96.0
102,4,8,2,138.5,191.0,138,191,139,191,189,142.5
102,5,1,73552,133.79602186208396,241.22219654122253,0,0,253,507,252,102.46047694148358
102,5,2,451,82.49223946784923,489.57649667405764,52,472,113,507,219,70.80709534368071
102,5,3,185,46.77837837837838,238.51891891891893,25,222,60,251,219,67.93513513513514
102,5,4,109,129.12844036697248,231.6880733944954,122,220,137,241,219,72.53211009174312
102,5,5,74,187.40540540540542,494.1621621621622,181,486,195,503,219,86.33783783783784
102,5,6,58,26.20689655172414,457.7413793103448,19,452,35,463,219,88.8103448275862
102,5,7,46,113.45652173913044,478.0,108,470,118,487,219,88.52173913043478
102,5,8,35,211.6,248.8,206,245,219,253,219,79.94285714285714
102,6,1,70233,135.66632494696225,243.02743724460012,0,0,253,507,249,101.80305554369029
102,6,2,17,94.58823529411765,417.52941176470586,93,414,97,421,236,107.76470588235294
102,6,3,32,109.59375,414.65625,102,413,119,416,227,93.46875
102,6,4,4,162.25,143.25,161,142,163,144,224,148.0
102,6,5,7,150.42857142857142,161.14285714285714,148,161,153,162,214,129.57142857142858
102,6,6,6,115.0,222.83333333333334,114,221,116,224,214,81.33333333333333
102,6,7,429,15.24009324009324,211.06759906759908,0,186,39,239,182,130.45221445221446
102,6,8,182,15.725274725274724,448.7802197802198,0,432,31,463,182,135.62637362637363
102,7,1,65634,135.24357802358534,243.05059877502515,0,0,253,507,251,74.34463844958405
102,7,2,15,81.66666666666667,98.46666666666667,79,96,84,101,219,78.13333333333334
102,7,3,11,148.45454545454547,151.45454545454547,146,150,151,153,216,72.63636363636364
102,7,4,2,97.0,267.5,97,267,97,268,216,140.0
102,7,5,24,2.1666666666666665,86.125,0,83,4,89,214,80.625
102,7,6,2,48.5,419.5,48,419,49,420,200,136.5
102,7,7,2,36.5,85.0,36,85,37,85,197,114.5
102,7,8,3,98.33333333333333,120.66666666666667,98,120,99,121,196,133.66666666666666
119,0,1,3,68.0,19.0,68,18,68,20,149,110.33333333333333
119,0,2,2,68.0,193.5,68,193,68,194,59,43.0
119,0,3,3,45.333333333333336,22.0,45,21,46,23,33,30.666666666666668
119,0,4,2,107.0,143.5,107,143,107,144,32,31.5
119,0,5,2,49.5,199.5,49,199,50,200,29,27.5
119,0,6,2,61.5,14.0,61,14,62,14,27,25.5
119,0,7,2,9.0,449.5,9,449,9,450,24,24.0
119,1,1,2,67.0,18.5,67,18,67,19,157,102.0
119,1,2,2,46.5,21.5,46,21,47,22,58,46.0
119,1,3,2,46.5,18.5,46,18,47,19,40,39.5
119,1,4,2,157.0,190.5,157,190,157,191,25,24.5
119,2,1,11,52.0,18.636363636363637,48,18,55,19,247,117.0909090909091
119,2,2,70077,128.75685317579234,233.42273499150934,0,0,253,507,246,103.83595188150177
119,2,3,481,33.45945945945946,469.82328482328484,8,453,62,494,219,67.81496881496882
119,2,4,224,193.09375,454.4732142857143,184,439,208,471,219,95.68303571428571
119,2,5,97,29.15463917525773,205.11340206185568,19,195,38,219,219,83.3298969072165
119,2,6,65,137.7076923076923,446.10769230769233,128,441,145,454,219,68.75384615384615
119,2,7,55,16.963636363636365,210.03636363636363,7,204,27,217,219,74.96363636363637
119,2,8,50,15.8,479.3,8,474,23,485,219,75.14
119,3,1,32632,128.58142314292718,101.6862588869821,0,0,253,243,248,101.2106521206178
119,3,2,35380,122.98032786885246,358.151724137931,0,206,253,507,237,104.78383267382702
119,3,3,39,127.8974358974359,452.1794871794872,121,448,132,458,200,133.48717948717947
119,3,4,7,52.57142857142857,18.428571428571427,51,18,55,19,200,95.85714285714286
119,3,5,23,74.8695652173913,130.56521739130434,72,128,77,134,183,109.04347826086956
119,3,6,755,208.88079470198676,206.56026490066225,179,185,244,236,182,128.2185430463576
119,3,7,249,231.44578313253012,229.99196787148594,218,214,246,250,182,132.04819277108433
119,3,8,169,14.165680473372781,228.2958579881657,2,216,26,241,182,134.2603550295858
119,4,1,64038,127.54142852681221,229.73536025484867,0,0,253,502,252,73.1485680377276
119,4,2,46,82.76086956521739,505.0217391304348,74,500,91,507,183,86.78260869565217
119,4,3,18,95.5,502.22222222222223,93,498,99,507,183,71.66666666666667
119,4,4,4,66.5,94.0,66,93,67,95,183,86.5
119,4,5,3,16.666666666666668,400.6666666666667,16,400,17,401,180,106.0
119,4,6,4,20.25,332.25,20,331,21,333,170,104.5
119,4,7,6,144.16666666666666,248.66666666666666,143,247,145,250,169,102.16666666666667
119,4,8,16,1.6875,393.9375,0,390,4,397,168,67.9375
119,5,1,34149,130.49670561363436,103.34100559313596,0,0,253,241,249,105.23696155085068
119,5,2,34387,124.70395789106348,356.6855788524733,0,207,253,507,244,104.39215401169047
119,5,3,50,122.42,450.08,116,444,131,456,220,85.72
119,5,4,336,58.24404761904762,222.1845238095238,48,199,68,243,219,98.88095238095238
119,5,5,323,28.795665634674922,458.3498452012384,14,441,57,473,219,68.47058823529412
119,5,6,255,230.1843137254902,221.92156862745097,212,201,250,239,219,72.58823529411765
119,5,7,169,192.55621301775147,459.55029585798815,184,440,201,475,219,95.26627218934911
119,5,8,125,211.824,488.216,198,479,222,498,219,69.936
119,6,1,32313,128.29288521647635,101.59242410175472,0,0,253,240,242,101.03128771701792
119,6,2,33886,126.67555922799977,361.4958685002656,0,226,253,507,236,103.67679867792009
119,6,3,12,51.333333333333336,18.0,47,17,55,19,215,131.25
119,6,4,86,4.627906976744186,319.0348837209302,0,308,13,329,208,130.7906976744186
119,6,5,51,126.11764705882354,450.6078431372549,117,445,133,456,200,127.41176470588235
119,6,6,6,10.666666666666666,324.8333333333333,9,323,12,327,193,112.16666666666667
119,6,7,3,62.0,16.0,61,16,63,16,185,108.0
119,6,8,464,43.02155172413793,240.91163793103448,18,222,68,259,182,133.89224137931035
119,7,1,30459,128.02944942381563,355.76555369513113,0,212,253,507,247,72.1901572605798
119,7,2,29561,131.9504752883867,100.2778661073712,0,0,253,239,246,76.02800987787964
119,7,3,25,25.04,391.24,22,385,31,397,219,77.08
119,7,4,10,40.8,400.6,37,399,44,402,219,76.6
119,7,5,501,26.684630738522955,464.1317365269461,0,442,48,490,216,36.762475049900196
119,7,6,9,26.0,382.8888888888889,24,381,28,385,216,72.44444444444444
119,7,7,4,87.75,126.0,87,125,89,127,216,92.25
119,7,8,3,32.666666666666664,418.3333333333333,32,418,33,419,216,93.0
