host_us,filename,lane,phase,led0,mean,std,bright_240,optical_dt_us,union_count
409017138584,camera-0001-event-0001-rel-m02-set-11-ts-129753610.vi,0,,,25.578507657015315,14.028703955433167,53,785060.0,
409017138584,camera-0001-event-0001-rel-m02-set-11-ts-129753610.vi,1,,,21.85984871969744,8.969994235199234,1,785060.0,
409017138584,camera-0001-event-0001-rel-m02-set-11-ts-129753610.vi,2,,,90.79580259160518,74.880826940401,1258,785060.0,
409017138584,camera-0001-event-0001-rel-m02-set-11-ts-129753610.vi,3,,,103.19094488188976,73.54768495438128,1538,785060.0,
409017138584,camera-0001-event-0001-rel-m02-set-11-ts-129753610.vi,4,,,69.18186186372373,65.3163126084905,1550,785060.0,
409017138584,camera-0001-event-0001-rel-m02-set-11-ts-129753610.vi,5,,,92.85707421414843,75.56446185698927,1453,785060.0,
409017138584,camera-0001-event-0001-rel-m02-set-11-ts-129753610.vi,6,,,101.45570091140182,73.56993707123824,1370,785060.0,
409017138584,camera-0001-event-0001-rel-m02-set-11-ts-129753610.vi,7,,,65.3260431520863,63.463827231662606,1164,785060.0,
409017155340,camera-0002-event-0001-rel-m01-set-11-ts-129770303.vi,0,,,25.901032302064603,14.312293530313259,54,768304.0,
409017155340,camera-0002-event-0001-rel-m01-set-11-ts-129770303.vi,1,,,22.09165168330337,9.22363988004806,1,768304.0,
409017155340,camera-0002-event-0001-rel-m01-set-11-ts-129770303.vi,2,,,91.01474827949656,74.85156664193973,1347,768304.0,
409017155340,camera-0002-event-0001-rel-m01-set-11-ts-129770303.vi,3,,,102.6745225990452,73.59386034198708,1584,768304.0,
409017155340,camera-0002-event-0001-rel-m01-set-11-ts-129770303.vi,4,,,70.09765794531589,65.89327422462756,1568,768304.0,
409017155340,camera-0002-event-0001-rel-m01-set-11-ts-129770303.vi,5,,,93.16423057846116,75.70212989900604,1575,768304.0,
409017155340,camera-0002-event-0001-rel-m01-set-11-ts-129770303.vi,6,,,101.73048546097093,73.70595335312913,1565,768304.0,
409017155340,camera-0002-event-0001-rel-m01-set-11-ts-129770303.vi,7,,,66.51084227168454,64.17651631785472,1305,768304.0,
409017177555,camera-0003-event-0001-rel-p01-set-11-ts-129786986.vi,0,,,25.938604377208755,14.355483803929125,54,746089.0,
409017177555,camera-0003-event-0001-rel-p01-set-11-ts-129786986.vi,1,,,22.11527373054746,9.238301775005032,1,746089.0,
409017177555,camera-0003-event-0001-rel-p01-set-11-ts-129786986.vi,2,,,91.36883873767748,74.90752002990612,1314,746089.0,
409017177555,camera-0003-event-0001-rel-p01-set-11-ts-129786986.vi,3,,,103.18340411680823,73.59551633317929,1618,746089.0,
409017177555,camera-0003-event-0001-rel-p01-set-11-ts-129786986.vi,4,,,70.3489289478579,65.83833401943964,1585,746089.0,
409017177555,camera-0003-event-0001-rel-p01-set-11-ts-129786986.vi,5,,,93.92106609213218,75.59486254612239,1560,746089.0,
409017177555,camera-0003-event-0001-rel-p01-set-11-ts-129786986.vi,6,,,102.06654163308326,73.6511437026056,1577,746089.0,
409017177555,camera-0003-event-0001-rel-p01-set-11-ts-129786986.vi,7,,,66.7258587017174,64.26013641970539,1289,746089.0,
409017188650,camera-0004-event-0001-rel-p02-set-11-ts-129803612.vi,0,,,25.581576663153328,14.204049308960169,52,734994.0,
409017188650,camera-0004-event-0001-rel-p02-set-11-ts-129803612.vi,1,,,21.853183706367414,8.972125111538071,1,734994.0,
409017188650,camera-0004-event-0001-rel-p02-set-11-ts-129803612.vi,2,,,90.01587978175957,74.78380958348797,1213,734994.0,
409017188650,camera-0004-event-0001-rel-p02-set-11-ts-129803612.vi,3,,,102.3501457002914,73.6116400923175,1491,734994.0,
409017188650,camera-0004-event-0001-rel-p02-set-11-ts-129803612.vi,4,,,68.56903713807428,65.22510211192458,1449,734994.0,
409017188650,camera-0004-event-0001-rel-p02-set-11-ts-129803612.vi,5,,,92.51250077500156,75.58420319864781,1496,734994.0,
409017188650,camera-0004-event-0001-rel-p02-set-11-ts-129803612.vi,6,,,101.34568944137888,73.67867319579588,1443,734994.0,
409017188650,camera-0004-event-0001-rel-p02-set-11-ts-129803612.vi,7,,,65.22965620931242,63.46383127574925,1213,734994.0,
409017177555,camera-0005-event-0002-rel-m02-set-11-ts-129786986.vi,0,,,25.938604377208755,14.355483803929125,54,746089.0,
409017177555,camera-0005-event-0002-rel-m02-set-11-ts-129786986.vi,1,,,22.11527373054746,9.238301775005032,1,746089.0,
409017177555,camera-0005-event-0002-rel-m02-set-11-ts-129786986.vi,2,,,91.36883873767748,74.90752002990612,1314,746089.0,
409017177555,camera-0005-event-0002-rel-m02-set-11-ts-129786986.vi,3,,,103.18340411680823,73.59551633317929,1618,746089.0,
409017177555,camera-0005-event-0002-rel-m02-set-11-ts-129786986.vi,4,,,70.3489289478579,65.83833401943964,1585,746089.0,
409017177555,camera-0005-event-0002-rel-m02-set-11-ts-129786986.vi,5,,,93.92106609213218,75.59486254612239,1560,746089.0,
409017177555,camera-0005-event-0002-rel-m02-set-11-ts-129786986.vi,6,,,102.06654163308326,73.6511437026056,1577,746089.0,
409017177555,camera-0005-event-0002-rel-m02-set-11-ts-129786986.vi,7,,,66.7258587017174,64.26013641970539,1289,746089.0,
409017188650,camera-0006-event-0002-rel-m01-set-11-ts-129803612.vi,0,,,25.581576663153328,14.204049308960169,52,734994.0,
409017188650,camera-0006-event-0002-rel-m01-set-11-ts-129803612.vi,1,,,21.853183706367414,8.972125111538071,1,734994.0,
409017188650,camera-0006-event-0002-rel-m01-set-11-ts-129803612.vi,2,,,90.01587978175957,74.78380958348797,1213,734994.0,
409017188650,camera-0006-event-0002-rel-m01-set-11-ts-129803612.vi,3,,,102.3501457002914,73.6116400923175,1491,734994.0,
409017188650,camera-0006-event-0002-rel-m01-set-11-ts-129803612.vi,4,,,68.56903713807428,65.22510211192458,1449,734994.0,
409017188650,camera-0006-event-0002-rel-m01-set-11-ts-129803612.vi,5,,,92.51250077500156,75.58420319864781,1496,734994.0,
409017188650,camera-0006-event-0002-rel-m01-set-11-ts-129803612.vi,6,,,101.34568944137888,73.67867319579588,1443,734994.0,
409017188650,camera-0006-event-0002-rel-m01-set-11-ts-129803612.vi,7,,,65.22965620931242,63.46383127574925,1213,734994.0,
409017205353,camera-0007-event-0001-rel-p03-set-11-ts-129820295.vi,0,,,25.951810403620808,14.637934085986107,58,718291.0,
409017205353,camera-0007-event-0001-rel-p03-set-11-ts-129820295.vi,1,,,22.110739971479944,9.256058166545243,1,718291.0,
409017205353,camera-0007-event-0001-rel-p03-set-11-ts-129820295.vi,2,,,90.95189565379131,75.01701619520695,1396,718291.0,
409017205353,camera-0007-event-0001-rel-p03-set-11-ts-129820295.vi,3,,,102.76903403806807,73.67258385675328,1655,718291.0,
409017205353,camera-0007-event-0001-rel-p03-set-11-ts-129820295.vi,4,,,69.85746171492343,65.75471360474961,1587,718291.0,
409017205353,camera-0007-event-0001-rel-p03-set-11-ts-129820295.vi,5,,,93.40383780767561,75.75506359980555,1537,718291.0,
409017205353,camera-0007-event-0001-rel-p03-set-11-ts-129820295.vi,6,,,101.5754309008618,73.66894721942307,1560,718291.0,
409017205353,camera-0007-event-0001-rel-p03-set-11-ts-129820295.vi,7,,,66.18562062124124,64.15783975681136,1261,718291.0,
409017205353,camera-0008-event-0002-rel-p01-set-11-ts-129820295.vi,0,,,25.951810403620808,14.637934085986107,58,718291.0,
409017205353,camera-0008-event-0002-rel-p01-set-11-ts-129820295.vi,1,,,22.110739971479944,9.256058166545243,1,718291.0,
409017205353,camera-0008-event-0002-rel-p01-set-11-ts-129820295.vi,2,,,90.95189565379131,75.01701619520695,1396,718291.0,
409017205353,camera-0008-event-0002-rel-p01-set-11-ts-129820295.vi,3,,,102.76903403806807,73.67258385675328,1655,718291.0,
409017205353,camera-0008-event-0002-rel-p01-set-11-ts-129820295.vi,4,,,69.85746171492343,65.75471360474961,1587,718291.0,
409017205353,camera-0008-event-0002-rel-p01-set-11-ts-129820295.vi,5,,,93.40383780767561,75.75506359980555,1537,718291.0,
409017205353,camera-0008-event-0002-rel-p01-set-11-ts-129820295.vi,6,,,101.5754309008618,73.66894721942307,1560,718291.0,
409017205353,camera-0008-event-0002-rel-p01-set-11-ts-129820295.vi,7,,,66.18562062124124,64.15783975681136,1261,718291.0,
409017222230,camera-0009-event-0000-rel-p00-set-11-ts-129837016.vi,0,,,26.0250325500651,14.800566019115601,68,701414.0,
409017222230,camera-0009-event-0000-rel-p00-set-11-ts-129837016.vi,1,,,22.143824787649574,9.270546308491555,0,701414.0,
409017222230,camera-0009-event-0000-rel-p00-set-11-ts-129837016.vi,2,,,91.60810496620994,74.87486222911961,1358,701414.0,
409017222230,camera-0009-event-0000-rel-p00-set-11-ts-129837016.vi,3,,,103.45960691921384,73.62391790284501,1729,701414.0,
409017222230,camera-0009-event-0000-rel-p00-set-11-ts-129837016.vi,4,,,70.4529341558683,65.85195027688593,1625,701414.0,
409017222230,camera-0009-event-0000-rel-p00-set-11-ts-129837016.vi,5,,,93.83152241304482,75.73930012874843,1617,701414.0,
409017222230,camera-0009-event-0000-rel-p00-set-11-ts-129837016.vi,6,,,101.70921941843883,73.58790620191861,1544,701414.0,
409017222230,camera-0009-event-0000-rel-p00-set-11-ts-129837016.vi,7,,,66.35644646289292,64.04196704248149,1316,701414.0,
409017222230,camera-0010-event-0002-rel-p02-set-11-ts-129837016.vi,0,,,26.0250325500651,14.800566019115601,68,701414.0,
409017222230,camera-0010-event-0002-rel-p02-set-11-ts-129837016.vi,1,,,22.143824787649574,9.270546308491555,0,701414.0,
409017222230,camera-0010-event-0002-rel-p02-set-11-ts-129837016.vi,2,,,91.60810496620994,74.87486222911961,1358,701414.0,
409017222230,camera-0010-event-0002-rel-p02-set-11-ts-129837016.vi,3,,,103.45960691921384,73.62391790284501,1729,701414.0,
409017222230,camera-0010-event-0002-rel-p02-set-11-ts-129837016.vi,4,,,70.4529341558683,65.85195027688593,1625,701414.0,
409017222230,camera-0010-event-0002-rel-p02-set-11-ts-129837016.vi,5,,,93.83152241304482,75.73930012874843,1617,701414.0,
409017222230,camera-0010-event-0002-rel-p02-set-11-ts-129837016.vi,6,,,101.70921941843883,73.58790620191861,1544,701414.0,
409017222230,camera-0010-event-0002-rel-p02-set-11-ts-129837016.vi,7,,,66.35644646289292,64.04196704248149,1316,701414.0,
409017238788,camera-0011-event-0002-rel-p03-set-11-ts-129853700.vi,0,,,25.66701283402567,14.505859130329217,61,684856.0,
409017238788,camera-0011-event-0002-rel-p03-set-11-ts-129853700.vi,1,,,21.862933225866453,8.952225171524354,0,684856.0,
409017238788,camera-0011-event-0002-rel-p03-set-11-ts-129853700.vi,2,,,91.43597712195424,75.16561081250775,1292,684856.0,
409017238788,camera-0011-event-0002-rel-p03-set-11-ts-129853700.vi,3,,,103.18951887903776,73.77594768925194,1697,684856.0,
409017238788,camera-0011-event-0002-rel-p03-set-11-ts-129853700.vi,4,,,69.59238018476037,65.54123312636872,1600,684856.0,
409017238788,camera-0011-event-0002-rel-p03-set-11-ts-129853700.vi,5,,,93.30450585901171,75.75453560095661,1519,684856.0,
409017238788,camera-0011-event-0002-rel-p03-set-11-ts-129853700.vi,6,,,101.89432078864158,73.4221008486982,1544,684856.0,
409017238788,camera-0011-event-0002-rel-p03-set-11-ts-129853700.vi,7,,,65.52910130820261,63.389068162132496,1208,684856.0,
409017288987,camera-0012-event-0003-rel-m02-set-11-ts-129903823.vi,0,,,25.50967976935954,13.835273601625802,35,634657.0,
409017288987,camera-0012-event-0003-rel-m02-set-11-ts-129903823.vi,1,,,21.792958335916673,8.911146581789176,0,634657.0,
409017288987,camera-0012-event-0003-rel-m02-set-11-ts-129903823.vi,2,,,90.99482298964598,75.04596647384045,1279,634657.0,
409017288987,camera-0012-event-0003-rel-m02-set-11-ts-129903823.vi,3,,,103.07936790873582,73.45797711376528,1542,634657.0,
409017288987,camera-0012-event-0003-rel-m02-set-11-ts-129903823.vi,4,,,69.53164331328662,65.26108023332064,1464,634657.0,
409017288987,camera-0012-event-0003-rel-m02-set-11-ts-129903823.vi,5,,,93.24294748589497,75.70725479314385,1492,634657.0,
409017288987,camera-0012-event-0003-rel-m02-set-11-ts-129903823.vi,6,,,101.5500263500527,73.67804268082352,1515,634657.0,
409017288987,camera-0012-event-0003-rel-m02-set-11-ts-129903823.vi,7,,,65.83639717279435,63.61948815848025,1147,634657.0,
409017305474,camera-0013-event-0003-rel-m01-set-11-ts-129920506.vi,0,,,25.85712071424143,14.180369449216954,37,618170.0,
409017305474,camera-0013-event-0003-rel-m01-set-11-ts-129920506.vi,1,,,22.04823609647219,9.196312653883806,0,618170.0,
409017305474,camera-0013-event-0003-rel-m01-set-11-ts-129920506.vi,2,,,91.64382478764958,74.95600022196867,1318,618170.0,
409017305474,camera-0013-event-0003-rel-m01-set-11-ts-129920506.vi,3,,,103.0483833467667,73.46951455090455,1568,618170.0,
409017305474,camera-0013-event-0003-rel-m01-set-11-ts-129920506.vi,4,,,70.35835296670594,65.63151004394389,1537,618170.0,
409017305474,camera-0013-event-0003-rel-m01-set-11-ts-129920506.vi,5,,,93.57622140244281,75.62587554108403,1534,618170.0,
409017305474,camera-0013-event-0003-rel-m01-set-11-ts-129920506.vi,6,,,101.94362638725278,73.59880459348655,1554,618170.0,
409017305474,camera-0013-event-0003-rel-m01-set-11-ts-129920506.vi,7,,,66.5271405542811,64.1393967239809,1250,618170.0,
409017322220,camera-0014-event-0003-rel-p01-set-11-ts-129937211.vi,0,,,25.921290842581683,14.413033801112638,45,601424.0,
409017322220,camera-0014-event-0003-rel-p01-set-11-ts-129937211.vi,1,,,22.080724161448323,9.23843673573716,0,601424.0,
409017322220,camera-0014-event-0003-rel-p01-set-11-ts-129937211.vi,2,,,91.93042811085623,74.81838750998408,1302,601424.0,
409017322220,camera-0014-event-0003-rel-p01-set-11-ts-129937211.vi,3,,,103.4259718519437,73.47035706072884,1597,601424.0,
409017322220,camera-0014-event-0003-rel-p01-set-11-ts-129937211.vi,4,,,70.93556637113274,65.80951050265546,1523,601424.0,
409017322220,camera-0014-event-0003-rel-p01-set-11-ts-129937211.vi,5,,,93.95467790935582,75.75087405635692,1597,601424.0,
409017322220,camera-0014-event-0003-rel-p01-set-11-ts-129937211.vi,6,,,102.25809876619753,73.56770729963814,1524,601424.0,
409017322220,camera-0014-event-0003-rel-p01-set-11-ts-129937211.vi,7,,,67.09060543121086,64.16303912466611,1261,601424.0,
409017342169,camera-0015-event-0003-rel-p02-set-11-ts-129953894.vi,0,,,25.524226548453097,14.247607292600081,58,581475.0,
409017342169,camera-0015-event-0003-rel-p02-set-11-ts-129953894.vi,1,,,21.78255006510013,8.922346010825722,0,581475.0,
409017342169,camera-0015-event-0003-rel-p02-set-11-ts-129953894.vi,2,,,90.93300111600223,74.91225754908994,1171,581475.0,
409017342169,camera-0015-event-0003-rel-p02-set-11-ts-129953894.vi,3,,,102.68085436170873,73.45780806602113,1518,581475.0,
409017342169,camera-0015-event-0003-rel-p02-set-11-ts-129953894.vi,4,,,69.60651621303242,65.29994678010964,1486,581475.0,
409017342169,camera-0015-event-0003-rel-p02-set-11-ts-129953894.vi,5,,,93.27066929133858,75.78404378874114,1528,581475.0,
409017342169,camera-0015-event-0003-rel-p02-set-11-ts-129953894.vi,6,,,101.7251147002294,73.37925380175838,1397,581475.0,
409017342169,camera-0015-event-0003-rel-p02-set-11-ts-129953894.vi,7,,,65.89453778907559,63.806270935737444,1183,581475.0,
409017355552,camera-0016-event-0003-rel-p03-set-11-ts-129970570.vi,0,,,25.898226796453592,14.603308349445511,56,568092.0,
409017355552,camera-0016-event-0003-rel-p03-set-11-ts-129970570.vi,1,,,22.037300824601648,9.205595574825484,0,568092.0,
409017355552,camera-0016-event-0003-rel-p03-set-11-ts-129970570.vi,2,,,91.74311798623597,74.9661485279178,1354,568092.0,
409017355552,camera-0016-event-0003-rel-p03-set-11-ts-129970570.vi,3,,,103.36888523777047,73.45429590582624,1681,568092.0,
409017355552,camera-0016-event-0003-rel-p03-set-11-ts-129970570.vi,4,,,70.75935426870853,66.00733572819442,1624,568092.0,
409017355552,camera-0016-event-0003-rel-p03-set-11-ts-129970570.vi,5,,,93.55535836071672,75.56284302780382,1545,568092.0,
409017355552,camera-0016-event-0003-rel-p03-set-11-ts-129970570.vi,6,,,102.36966023932048,73.51659591521164,1483,568092.0,
409017355552,camera-0016-event-0003-rel-p03-set-11-ts-129970570.vi,7,,,66.73036921073842,64.20573341521215,1274,568092.0,
409017906025,camera-0017-event-0004-rel-m02-set-11-ts-130522913.vi,0,5,255,25.886516523033045,16.148631918303114,51,17619.0,0
409017906025,camera-0017-event-0004-rel-m02-set-11-ts-130522913.vi,1,5,255,21.62020274040548,10.803117200363,0,17619.0,0
409017906025,camera-0017-event-0004-rel-m02-set-11-ts-130522913.vi,2,5,255,102.82138539277078,74.23787902857447,1634,17619.0,0
409017906025,camera-0017-event-0004-rel-m02-set-11-ts-130522913.vi,3,5,255,113.95286440572882,71.51663335545018,1797,17619.0,0
409017906025,camera-0017-event-0004-rel-m02-set-11-ts-130522913.vi,4,5,255,84.56575113150227,67.71291535870513,1816,17619.0,0
409017906025,camera-0017-event-0004-rel-m02-set-11-ts-130522913.vi,5,5,255,104.2751178002356,74.52254209174518,1788,17619.0,0
409017906025,camera-0017-event-0004-rel-m02-set-11-ts-130522913.vi,6,5,255,113.15424080848162,71.3857311419152,1684,17619.0,0
409017906025,camera-0017-event-0004-rel-m02-set-11-ts-130522913.vi,7,5,255,81.61414997829996,66.75142448902388,1510,17619.0,0
409017922855,camera-0018-event-0004-rel-m01-set-11-ts-130539595.vi,0,5,255,26.36207297414595,16.19591523467962,33,789.0,0
409017922855,camera-0018-event-0004-rel-m01-set-11-ts-130539595.vi,1,5,255,22.008672267344533,10.788162832977825,0,789.0,0
409017922855,camera-0018-event-0004-rel-m01-set-11-ts-130539595.vi,2,5,255,102.98020646041292,74.38902364374903,1868,789.0,0
409017922855,camera-0018-event-0004-rel-m01-set-11-ts-130539595.vi,3,5,255,113.72399094798189,71.50744614223943,1790,789.0,0
409017922855,camera-0018-event-0004-rel-m01-set-11-ts-130539595.vi,4,5,255,84.83344441688884,67.82167238502532,1844,789.0,0
409017922855,camera-0018-event-0004-rel-m01-set-11-ts-130539595.vi,5,5,255,104.45381765763531,74.42156802523778,1959,789.0,0
409017922855,camera-0018-event-0004-rel-m01-set-11-ts-130539595.vi,6,5,255,112.94615289230579,71.93761030945042,1817,789.0,0
409017922855,camera-0018-event-0004-rel-m01-set-11-ts-130539595.vi,7,5,255,82.16007657015314,67.11466876585523,1575,789.0,0
409017906025,camera-0019-event-0005-rel-m02-set-11-ts-130522913.vi,0,5,255,25.886516523033045,16.148631918303114,51,17619.0,0
409017906025,camera-0019-event-0005-rel-m02-set-11-ts-130522913.vi,1,5,255,21.62020274040548,10.803117200363,0,17619.0,0
409017906025,camera-0019-event-0005-rel-m02-set-11-ts-130522913.vi,2,5,255,102.82138539277078,74.23787902857447,1634,17619.0,0
409017906025,camera-0019-event-0005-rel-m02-set-11-ts-130522913.vi,3,5,255,113.95286440572882,71.51663335545018,1797,17619.0,0
409017906025,camera-0019-event-0005-rel-m02-set-11-ts-130522913.vi,4,5,255,84.56575113150227,67.71291535870513,1816,17619.0,0
409017906025,camera-0019-event-0005-rel-m02-set-11-ts-130522913.vi,5,5,255,104.2751178002356,74.52254209174518,1788,17619.0,0
409017906025,camera-0019-event-0005-rel-m02-set-11-ts-130522913.vi,6,5,255,113.15424080848162,71.3857311419152,1684,17619.0,0
409017906025,camera-0019-event-0005-rel-m02-set-11-ts-130522913.vi,7,5,255,81.61414997829996,66.75142448902388,1510,17619.0,0
409017922855,camera-0020-event-0005-rel-m01-set-11-ts-130539595.vi,0,5,255,26.36207297414595,16.19591523467962,33,789.0,0
409017922855,camera-0020-event-0005-rel-m01-set-11-ts-130539595.vi,1,5,255,22.008672267344533,10.788162832977825,0,789.0,0
409017922855,camera-0020-event-0005-rel-m01-set-11-ts-130539595.vi,2,5,255,102.98020646041292,74.38902364374903,1868,789.0,0
409017922855,camera-0020-event-0005-rel-m01-set-11-ts-130539595.vi,3,5,255,113.72399094798189,71.50744614223943,1790,789.0,0
409017922855,camera-0020-event-0005-rel-m01-set-11-ts-130539595.vi,4,5,255,84.83344441688884,67.82167238502532,1844,789.0,0
409017922855,camera-0020-event-0005-rel-m01-set-11-ts-130539595.vi,5,5,255,104.45381765763531,74.42156802523778,1959,789.0,0
409017922855,camera-0020-event-0005-rel-m01-set-11-ts-130539595.vi,6,5,255,112.94615289230579,71.93761030945042,1817,789.0,0
409017922855,camera-0020-event-0005-rel-m01-set-11-ts-130539595.vi,7,5,255,82.16007657015314,67.11466876585523,1575,789.0,0
409017939418,camera-0021-event-0004-rel-p01-set-11-ts-130556279.vi,0,0,255,25.80971386942774,15.886074334008542,26,4220.0,0
409017939418,camera-0021-event-0004-rel-p01-set-11-ts-130556279.vi,1,0,255,21.605795461590922,10.493715361053791,0,4220.0,0
409017939418,camera-0021-event-0004-rel-p01-set-11-ts-130556279.vi,2,0,255,102.31148862297725,73.99997133798988,1546,4220.0,0
409017939418,camera-0021-event-0004-rel-p01-set-11-ts-130556279.vi,3,0,255,113.23125271250542,71.3063266107878,1622,4220.0,0
409017939418,camera-0021-event-0004-rel-p01-set-11-ts-130556279.vi,4,0,255,83.49586924173849,67.27485407452663,1628,4220.0,0
409017939418,camera-0021-event-0004-rel-p01-set-11-ts-130556279.vi,5,0,255,103.63016151032302,74.36954122604521,1649,4220.0,0
409017939418,camera-0021-event-0004-rel-p01-set-11-ts-130556279.vi,6,0,255,112.37471324942649,71.50971984312055,1630,4220.0,0
409017939418,camera-0021-event-0004-rel-p01-set-11-ts-130556279.vi,7,0,255,80.48529822059645,66.42291621395218,1551,4220.0,0
409017939418,camera-0022-event-0005-rel-p01-set-11-ts-130556279.vi,0,0,255,25.80971386942774,15.886074334008542,26,4220.0,0
409017939418,camera-0022-event-0005-rel-p01-set-11-ts-130556279.vi,1,0,255,21.605795461590922,10.493715361053791,0,4220.0,0
409017939418,camera-0022-event-0005-rel-p01-set-11-ts-130556279.vi,2,0,255,102.31148862297725,73.99997133798988,1546,4220.0,0
409017939418,camera-0022-event-0005-rel-p01-set-11-ts-130556279.vi,3,0,255,113.23125271250542,71.3063266107878,1622,4220.0,0
409017939418,camera-0022-event-0005-rel-p01-set-11-ts-130556279.vi,4,0,255,83.49586924173849,67.27485407452663,1628,4220.0,0
409017939418,camera-0022-event-0005-rel-p01-set-11-ts-130556279.vi,5,0,255,103.63016151032302,74.36954122604521,1649,4220.0,0
409017939418,camera-0022-event-0005-rel-p01-set-11-ts-130556279.vi,6,0,255,112.37471324942649,71.50971984312055,1630,4220.0,0
409017939418,camera-0022-event-0005-rel-p01-set-11-ts-130556279.vi,7,0,255,80.48529822059645,66.42291621395218,1551,4220.0,0
409017956375,camera-0023-event-0004-rel-p02-set-11-ts-130572962.vi,0,0,255,25.15549631099262,15.042556481616977,12,3849.0,0
409017956375,camera-0023-event-0004-rel-p02-set-11-ts-130572962.vi,1,0,255,21.20767716535433,9.94107112845695,0,3849.0,0
409017956375,camera-0023-event-0004-rel-p02-set-11-ts-130572962.vi,2,0,255,100.22216969433939,74.28127214103444,1375,3849.0,0
409017956375,camera-0023-event-0004-rel-p02-set-11-ts-130572962.vi,3,0,255,111.35702771405543,71.5030785025848,1446,3849.0,0
409017956375,camera-0023-event-0004-rel-p02-set-11-ts-130572962.vi,4,0,255,80.18999937999877,66.64679482089382,1521,3849.0,0
409017956375,camera-0023-event-0004-rel-p02-set-11-ts-130572962.vi,5,0,255,100.90933256866514,74.69754679459245,1504,3849.0,0
409017956375,camera-0023-event-0004-rel-p02-set-11-ts-130572962.vi,6,0,255,110.65997581995164,71.64596004364374,1461,3849.0,0
409017956375,camera-0023-event-0004-rel-p02-set-11-ts-130572962.vi,7,0,255,77.34474393948788,65.73301043434117,1315,3849.0,0
409017956375,camera-0024-event-0005-rel-p02-set-11-ts-130572962.vi,0,0,255,25.15549631099262,15.042556481616977,12,3849.0,0
409017956375,camera-0024-event-0005-rel-p02-set-11-ts-130572962.vi,1,0,255,21.20767716535433,9.94107112845695,0,3849.0,0
409017956375,camera-0024-event-0005-rel-p02-set-11-ts-130572962.vi,2,0,255,100.22216969433939,74.28127214103444,1375,3849.0,0
409017956375,camera-0024-event-0005-rel-p02-set-11-ts-130572962.vi,3,0,255,111.35702771405543,71.5030785025848,1446,3849.0,0
409017956375,camera-0024-event-0005-rel-p02-set-11-ts-130572962.vi,4,0,255,80.18999937999877,66.64679482089382,1521,3849.0,0
409017956375,camera-0024-event-0005-rel-p02-set-11-ts-130572962.vi,5,0,255,100.90933256866514,74.69754679459245,1504,3849.0,0
409017956375,camera-0024-event-0005-rel-p02-set-11-ts-130572962.vi,6,0,255,110.65997581995164,71.64596004364374,1461,3849.0,0
409017956375,camera-0024-event-0005-rel-p02-set-11-ts-130572962.vi,7,0,255,77.34474393948788,65.73301043434117,1315,3849.0,0
409017972807,camera-0025-event-0004-rel-p03-set-11-ts-130589645.vi,0,0,255,25.88197501395003,15.290749539985628,13,4391.0,0
409017972807,camera-0025-event-0004-rel-p03-set-11-ts-130589645.vi,1,0,255,21.769537789075578,10.272104631370759,0,4391.0,0
409017972807,camera-0025-event-0004-rel-p03-set-11-ts-130589645.vi,2,0,255,101.26159402318805,74.14249253243577,1480,4391.0,0
409017972807,camera-0025-event-0004-rel-p03-set-11-ts-130589645.vi,3,0,255,112.18223386446773,71.73984975658331,1706,4391.0,0
409017972807,camera-0025-event-0004-rel-p03-set-11-ts-130589645.vi,4,0,255,82.71204817409635,67.4061548772901,1758,4391.0,0
409017972807,camera-0025-event-0004-rel-p03-set-11-ts-130589645.vi,5,0,255,102.86217372434744,74.67645481409478,1687,4391.0,0
409017972807,camera-0025-event-0004-rel-p03-set-11-ts-130589645.vi,6,0,255,111.60677971355943,71.62831220506173,1560,4391.0,0
409017972807,camera-0025-event-0004-rel-p03-set-11-ts-130589645.vi,7,0,255,79.68830212660426,66.35346528211426,1403,4391.0,0
409017972807,camera-0026-event-0005-rel-p03-set-11-ts-130589645.vi,0,0,255,25.88197501395003,15.290749539985628,13,4391.0,0
409017972807,camera-0026-event-0005-rel-p03-set-11-ts-130589645.vi,1,0,255,21.769537789075578,10.272104631370759,0,4391.0,0
409017972807,camera-0026-event-0005-rel-p03-set-11-ts-130589645.vi,2,0,255,101.26159402318805,74.14249253243577,1480,4391.0,0
409017972807,camera-0026-event-0005-rel-p03-set-11-ts-130589645.vi,3,0,255,112.18223386446773,71.73984975658331,1706,4391.0,0
409017972807,camera-0026-event-0005-rel-p03-set-11-ts-130589645.vi,4,0,255,82.71204817409635,67.4061548772901,1758,4391.0,0
409017972807,camera-0026-event-0005-rel-p03-set-11-ts-130589645.vi,5,0,255,102.86217372434744,74.67645481409478,1687,4391.0,0
409017972807,camera-0026-event-0005-rel-p03-set-11-ts-130589645.vi,6,0,255,111.60677971355943,71.62831220506173,1560,4391.0,0
409017972807,camera-0026-event-0005-rel-p03-set-11-ts-130589645.vi,7,0,255,79.68830212660426,66.35346528211426,1403,4391.0,0
409018223223,camera-0027-event-0000-rel-p00-set-11-ts-130838630.vi,0,0,255,24.91199857399715,15.088186979265688,176,2695.0,0
409018223223,camera-0027-event-0000-rel-p00-set-11-ts-130838630.vi,1,0,255,21.90947981895964,11.809135913545674,127,2695.0,0
409018223223,camera-0027-event-0000-rel-p00-set-11-ts-130838630.vi,2,0,255,85.55611011222022,74.85493047009552,793,2695.0,0
409018223223,camera-0027-event-0000-rel-p00-set-11-ts-130838630.vi,3,0,255,98.04594209188419,73.52910095931944,925,2695.0,0
409018223223,camera-0027-event-0000-rel-p00-set-11-ts-130838630.vi,4,0,255,62.653458056916115,62.198110219537185,878,2695.0,0
409018223223,camera-0027-event-0000-rel-p00-set-11-ts-130838630.vi,5,0,255,87.00530101060203,75.41554608241277,961,2695.0,0
409018223223,camera-0027-event-0000-rel-p00-set-11-ts-130838630.vi,6,0,255,97.44523064046128,73.81262340501117,890,2695.0,0
409018223223,camera-0027-event-0000-rel-p00-set-11-ts-130838630.vi,7,0,255,59.70411990823982,60.71737479787474,781,2695.0,0
409018409422,camera-0028-event-0006-rel-m02-set-11-ts-131021880.vi,0,1,255,25.25741676483353,17.114869889346284,314,-7103.0,0
409018409422,camera-0028-event-0006-rel-m02-set-11-ts-131021880.vi,1,1,255,22.093620187240376,12.45684194023079,160,-7103.0,0
409018409422,camera-0028-event-0006-rel-m02-set-11-ts-131021880.vi,2,1,255,84.39797104594209,75.05962572853785,833,-7103.0,0
409018409422,camera-0028-event-0006-rel-m02-set-11-ts-131021880.vi,3,1,255,97.46563643127286,73.71113223801096,959,-7103.0,0
409018409422,camera-0028-event-0006-rel-m02-set-11-ts-131021880.vi,4,1,255,60.57315239630479,61.40151115834823,934,-7103.0,0
409018409422,camera-0028-event-0006-rel-m02-set-11-ts-131021880.vi,5,1,255,86.03349556699114,75.91136682421455,985,-7103.0,0
409018409422,camera-0028-event-0006-rel-m02-set-11-ts-131021880.vi,6,1,255,96.57697315394631,73.74462244926136,915,-7103.0,0
409018409422,camera-0028-event-0006-rel-m02-set-11-ts-131021880.vi,7,1,255,57.65997581995164,59.75922947645184,777,-7103.0,0
409018423298,camera-0029-event-0006-rel-m01-set-11-ts-131038495.vi,0,1,255,25.261175522351046,17.0389990210084,318,1163.0,0
409018423298,camera-0029-event-0006-rel-m01-set-11-ts-131038495.vi,1,1,255,22.137066774133547,12.44944636176375,163,1163.0,0
409018423298,camera-0029-event-0006-rel-m01-set-11-ts-131038495.vi,2,1,255,83.84642569285138,75.22433201351546,779,1163.0,0
409018423298,camera-0029-event-0006-rel-m01-set-11-ts-131038495.vi,3,1,255,97.06077562155124,73.9744098101352,1025,1163.0,0
409018423298,camera-0029-event-0006-rel-m01-set-11-ts-131038495.vi,4,1,255,59.78909107818215,61.038310673431994,868,1163.0,0
409018423298,camera-0029-event-0006-rel-m01-set-11-ts-131038495.vi,5,1,255,85.41226207452415,76.01609327941487,950,1163.0,0
409018423298,camera-0029-event-0006-rel-m01-set-11-ts-131038495.vi,6,1,255,95.94743939487878,73.93108480537072,926,1163.0,0
409018423298,camera-0029-event-0006-rel-m01-set-11-ts-131038495.vi,7,1,255,57.01899528799058,59.45851868791086,762,1163.0,0
409018439923,camera-0030-event-0006-rel-p01-set-11-ts-131055178.vi,0,1,255,24.899869799739598,16.854325723672222,314,-15462.0,0
409018439923,camera-0030-event-0006-rel-p01-set-11-ts-131055178.vi,1,1,255,21.846503193006384,12.170960358242786,148,-15462.0,0
409018439923,camera-0030-event-0006-rel-p01-set-11-ts-131055178.vi,2,1,255,83.10095945191891,75.13877358015662,756,-15462.0,0
409018439923,camera-0030-event-0006-rel-p01-set-11-ts-131055178.vi,3,1,255,96.32037014074028,73.82664518603886,903,-15462.0,0
409018439923,camera-0030-event-0006-rel-p01-set-11-ts-131055178.vi,4,1,255,58.75778876557753,60.630334335711325,883,-15462.0,0
409018439923,camera-0030-event-0006-rel-p01-set-11-ts-131055178.vi,5,1,255,84.76198152396304,76.03498377691605,970,-15462.0,0
409018439923,camera-0030-event-0006-rel-p01-set-11-ts-131055178.vi,6,1,255,95.53375906751813,74.02067127125498,891,-15462.0,0
409018439923,camera-0030-event-0006-rel-p01-set-11-ts-131055178.vi,7,1,255,55.71634943269886,58.82063450652902,727,-15462.0,0
409018423298,camera-0031-event-0007-rel-m02-set-11-ts-131038495.vi,0,1,255,25.261175522351046,17.0389990210084,318,1163.0,0
409018423298,camera-0031-event-0007-rel-m02-set-11-ts-131038495.vi,1,1,255,22.137066774133547,12.44944636176375,163,1163.0,0
409018423298,camera-0031-event-0007-rel-m02-set-11-ts-131038495.vi,2,1,255,83.84642569285138,75.22433201351546,779,1163.0,0
409018423298,camera-0031-event-0007-rel-m02-set-11-ts-131038495.vi,3,1,255,97.06077562155124,73.9744098101352,1025,1163.0,0
409018423298,camera-0031-event-0007-rel-m02-set-11-ts-131038495.vi,4,1,255,59.78909107818215,61.038310673431994,868,1163.0,0
409018423298,camera-0031-event-0007-rel-m02-set-11-ts-131038495.vi,5,1,255,85.41226207452415,76.01609327941487,950,1163.0,0
409018423298,camera-0031-event-0007-rel-m02-set-11-ts-131038495.vi,6,1,255,95.94743939487878,73.93108480537072,926,1163.0,0
409018423298,camera-0031-event-0007-rel-m02-set-11-ts-131038495.vi,7,1,255,57.01899528799058,59.45851868791086,762,1163.0,0
409018439923,camera-0032-event-0007-rel-m01-set-11-ts-131055178.vi,0,1,255,24.899869799739598,16.854325723672222,314,-15462.0,0
409018439923,camera-0032-event-0007-rel-m01-set-11-ts-131055178.vi,1,1,255,21.846503193006384,12.170960358242786,148,-15462.0,0
409018439923,camera-0032-event-0007-rel-m01-set-11-ts-131055178.vi,2,1,255,83.10095945191891,75.13877358015662,756,-15462.0,0
409018439923,camera-0032-event-0007-rel-m01-set-11-ts-131055178.vi,3,1,255,96.32037014074028,73.82664518603886,903,-15462.0,0
409018439923,camera-0032-event-0007-rel-m01-set-11-ts-131055178.vi,4,1,255,58.75778876557753,60.630334335711325,883,-15462.0,0
409018439923,camera-0032-event-0007-rel-m01-set-11-ts-131055178.vi,5,1,255,84.76198152396304,76.03498377691605,970,-15462.0,0
409018439923,camera-0032-event-0007-rel-m01-set-11-ts-131055178.vi,6,1,255,95.53375906751813,74.02067127125498,891,-15462.0,0
409018439923,camera-0032-event-0007-rel-m01-set-11-ts-131055178.vi,7,1,255,55.71634943269886,58.82063450652902,727,-15462.0,0
409018463382,camera-0033-event-0006-rel-p02-set-11-ts-131071844.vi,0,1,255,25.087885175770353,16.873966462358986,309,3151.0,0
409018463382,camera-0033-event-0006-rel-p02-set-11-ts-131071844.vi,1,1,255,22.018724037448074,12.369419243286552,157,3151.0,0
409018463382,camera-0033-event-0006-rel-p02-set-11-ts-131071844.vi,2,1,255,83.33892367784736,75.40057791200695,797,3151.0,0
409018463382,camera-0033-event-0006-rel-p02-set-11-ts-131071844.vi,3,1,255,96.64654504309009,74.02311871596268,988,3151.0,0
409018463382,camera-0033-event-0006-rel-p02-set-11-ts-131071844.vi,4,1,255,59.10825996651993,60.82387213208258,888,3151.0,0
409018463382,camera-0033-event-0006-rel-p02-set-11-ts-131071844.vi,5,1,255,84.67343759687519,75.79656272680175,909,3151.0,0
409018463382,camera-0033-event-0006-rel-p02-set-11-ts-131071844.vi,6,1,255,95.75120900241801,74.01973253805316,902,3151.0,0
409018463382,camera-0033-event-0006-rel-p02-set-11-ts-131071844.vi,7,1,255,55.97302219604439,59.03292844864493,720,3151.0,0
409018463382,camera-0034-event-0007-rel-p01-set-11-ts-131071844.vi,0,1,255,25.087885175770353,16.873966462358986,309,3151.0,0
409018463382,camera-0034-event-0007-rel-p01-set-11-ts-131071844.vi,1,1,255,22.018724037448074,12.369419243286552,157,3151.0,0
409018463382,camera-0034-event-0007-rel-p01-set-11-ts-131071844.vi,2,1,255,83.33892367784736,75.40057791200695,797,3151.0,0
409018463382,camera-0034-event-0007-rel-p01-set-11-ts-131071844.vi,3,1,255,96.64654504309009,74.02311871596268,988,3151.0,0
409018463382,camera-0034-event-0007-rel-p01-set-11-ts-131071844.vi,4,1,255,59.10825996651993,60.82387213208258,888,3151.0,0
409018463382,camera-0034-event-0007-rel-p01-set-11-ts-131071844.vi,5,1,255,84.67343759687519,75.79656272680175,909,3151.0,0
409018463382,camera-0034-event-0007-rel-p01-set-11-ts-131071844.vi,6,1,255,95.75120900241801,74.01973253805316,902,3151.0,0
409018463382,camera-0034-event-0007-rel-p01-set-11-ts-131071844.vi,7,1,255,55.97302219604439,59.03292844864493,720,3151.0,0
409018474962,camera-0035-event-0006-rel-p03-set-11-ts-131088527.vi,0,1,255,25.216271932543865,16.925539976395076,323,-8429.0,0
409018474962,camera-0035-event-0006-rel-p03-set-11-ts-131088527.vi,1,1,255,22.141267282534564,12.533880236826334,168,-8429.0,0
409018474962,camera-0035-event-0006-rel-p03-set-11-ts-131088527.vi,2,1,255,83.86962148924297,75.49132141582335,768,-8429.0,0
409018474962,camera-0035-event-0006-rel-p03-set-11-ts-131088527.vi,3,1,255,96.66287432574865,73.97243659870763,976,-8429.0,0
409018474962,camera-0035-event-0006-rel-p03-set-11-ts-131088527.vi,4,1,255,59.53963357926716,61.08736760178407,958,-8429.0,0
409018474962,camera-0035-event-0006-rel-p03-set-11-ts-131088527.vi,5,1,255,85.15289230578462,76.00923530267414,967,-8429.0,0
409018474962,camera-0035-event-0006-rel-p03-set-11-ts-131088527.vi,6,1,255,95.64290253580508,73.9290981645875,905,-8429.0,0
409018474962,camera-0035-event-0006-rel-p03-set-11-ts-131088527.vi,7,1,255,56.28651032302064,59.048586843549394,717,-8429.0,0
409018474962,camera-0036-event-0007-rel-p02-set-11-ts-131088527.vi,0,1,255,25.216271932543865,16.925539976395076,323,-8429.0,0
409018474962,camera-0036-event-0007-rel-p02-set-11-ts-131088527.vi,1,1,255,22.141267282534564,12.533880236826334,168,-8429.0,0
409018474962,camera-0036-event-0007-rel-p02-set-11-ts-131088527.vi,2,1,255,83.86962148924297,75.49132141582335,768,-8429.0,0
409018474962,camera-0036-event-0007-rel-p02-set-11-ts-131088527.vi,3,1,255,96.66287432574865,73.97243659870763,976,-8429.0,0
409018474962,camera-0036-event-0007-rel-p02-set-11-ts-131088527.vi,4,1,255,59.53963357926716,61.08736760178407,958,-8429.0,0
409018474962,camera-0036-event-0007-rel-p02-set-11-ts-131088527.vi,5,1,255,85.15289230578462,76.00923530267414,967,-8429.0,0
409018474962,camera-0036-event-0007-rel-p02-set-11-ts-131088527.vi,6,1,255,95.64290253580508,73.9290981645875,905,-8429.0,0
409018474962,camera-0036-event-0007-rel-p02-set-11-ts-131088527.vi,7,1,255,56.28651032302064,59.048586843549394,717,-8429.0,0
409018490537,camera-0037-event-0007-rel-p03-set-11-ts-131105271.vi,0,1,255,24.749596999193997,16.703960159410123,318,-5159.0,0
409018490537,camera-0037-event-0007-rel-p03-set-11-ts-131105271.vi,1,1,255,21.750992001984002,12.203912016721159,158,-5159.0,0
409018490537,camera-0037-event-0007-rel-p03-set-11-ts-131105271.vi,2,1,255,82.34131068262137,75.14812942604512,665,-5159.0,0
409018490537,camera-0037-event-0007-rel-p03-set-11-ts-131105271.vi,3,1,255,96.20354640709282,73.90902068441781,916,-5159.0,0
409018490537,camera-0037-event-0007-rel-p03-set-11-ts-131105271.vi,4,1,255,57.99832599665199,60.05514183180187,823,-5159.0,0
409018490537,camera-0037-event-0007-rel-p03-set-11-ts-131105271.vi,5,1,255,84.13326151652304,76.08297111963176,868,-5159.0,0
409018490537,camera-0037-event-0007-rel-p03-set-11-ts-131105271.vi,6,1,255,94.98923522847046,74.01379719994291,809,-5159.0,0
409018490537,camera-0037-event-0007-rel-p03-set-11-ts-131105271.vi,7,1,255,55.06603013206026,58.31504777345187,690,-5159.0,0
409019224147,camera-0038-event-0000-rel-p00-set-11-ts-131839172.vi,0,1,255,24.918322586645175,16.384673203287335,283,3241.0,8
409019224147,camera-0038-event-0000-rel-p00-set-11-ts-131839172.vi,1,1,255,21.88754727509455,12.02884070872876,150,3241.0,8
409019224147,camera-0038-event-0000-rel-p00-set-11-ts-131839172.vi,2,1,255,81.80624186248373,75.33813544466399,767,3241.0,8
409019224147,camera-0038-event-0000-rel-p00-set-11-ts-131839172.vi,3,1,255,95.11055397110795,74.25389408223309,980,3241.0,8
409019224147,camera-0038-event-0000-rel-p00-set-11-ts-131839172.vi,4,1,255,57.543617087234175,60.068803584521596,834,3241.0,8
409019224147,camera-0038-event-0000-rel-p00-set-11-ts-131839172.vi,5,1,255,83.48811147622295,76.11144630124828,910,3241.0,8
409019224147,camera-0038-event-0000-rel-p00-set-11-ts-131839172.vi,6,1,255,94.28126356252713,74.10613880716112,893,3241.0,8
409019224147,camera-0038-event-0000-rel-p00-set-11-ts-131839172.vi,7,1,255,54.211288672577346,58.09535214693176,697,3241.0,8
409019224147,camera-0039-event-0009-rel-m02-set-11-ts-131839172.vi,0,1,255,24.918322586645175,16.384673203287335,283,3241.0,8
409019224147,camera-0039-event-0009-rel-m02-set-11-ts-131839172.vi,1,1,255,21.88754727509455,12.02884070872876,150,3241.0,8
409019224147,camera-0039-event-0009-rel-m02-set-11-ts-131839172.vi,2,1,255,81.80624186248373,75.33813544466399,767,3241.0,8
409019224147,camera-0039-event-0009-rel-m02-set-11-ts-131839172.vi,3,1,255,95.11055397110795,74.25389408223309,980,3241.0,8
409019224147,camera-0039-event-0009-rel-m02-set-11-ts-131839172.vi,4,1,255,57.543617087234175,60.068803584521596,834,3241.0,8
409019224147,camera-0039-event-0009-rel-m02-set-11-ts-131839172.vi,5,1,255,83.48811147622295,76.11144630124828,910,3241.0,8
409019224147,camera-0039-event-0009-rel-m02-set-11-ts-131839172.vi,6,1,255,94.28126356252713,74.10613880716112,893,3241.0,8
409019224147,camera-0039-event-0009-rel-m02-set-11-ts-131839172.vi,7,1,255,54.211288672577346,58.09535214693176,697,3241.0,8
409019240683,camera-0040-event-0009-rel-m01-set-11-ts-131855855.vi,0,1,255,24.568362886725772,16.173320582912552,269,3620.0,7
409019240683,camera-0040-event-0009-rel-m01-set-11-ts-131855855.vi,1,1,255,21.611840473680946,11.792423027348754,136,3620.0,7
409019240683,camera-0040-event-0009-rel-m01-set-11-ts-131855855.vi,2,1,255,81.17996310992622,75.2383598420076,719,3620.0,7
409019240683,camera-0040-event-0009-rel-m01-set-11-ts-131855855.vi,3,1,255,94.67241459482919,74.21074060899127,975,3620.0,7
409019240683,camera-0040-event-0009-rel-m01-set-11-ts-131855855.vi,4,1,255,56.15224130448261,59.363899912124964,850,3620.0,7
409019240683,camera-0040-event-0009-rel-m01-set-11-ts-131855855.vi,5,1,255,82.56242637485275,76.08253288409328,904,3620.0,7
409019240683,camera-0040-event-0009-rel-m01-set-11-ts-131855855.vi,6,1,255,93.91647808295616,74.23260820093529,871,3620.0,7
409019240683,camera-0040-event-0009-rel-m01-set-11-ts-131855855.vi,7,1,255,52.95726641453283,57.138992286994394,592,3620.0,7
409019257516,camera-0041-event-0009-rel-p01-set-11-ts-131872356.vi,0,1,255,24.868567487134975,16.342602682572807,273,4055.0,7
409019257516,camera-0041-event-0009-rel-p01-set-11-ts-131872356.vi,1,1,255,21.88220751441503,11.973102706419365,146,4055.0,7
409019257516,camera-0041-event-0009-rel-p01-set-11-ts-131872356.vi,2,1,255,80.75152675305351,75.31937994591446,797,4055.0,7
409019257516,camera-0041-event-0009-rel-p01-set-11-ts-131872356.vi,3,1,255,94.56610763221526,74.43671875116407,965,4055.0,7
409019257516,camera-0041-event-0009-rel-p01-set-11-ts-131872356.vi,4,1,255,56.238568727137455,59.84657046606978,876,4055.0,7
409019257516,camera-0041-event-0009-rel-p01-set-11-ts-131872356.vi,5,1,255,82.35348595697191,76.07075795401647,924,4055.0,7
409019257516,camera-0041-event-0009-rel-p01-set-11-ts-131872356.vi,6,1,255,93.76614328228656,74.36355073065239,894,4055.0,7
409019257516,camera-0041-event-0009-rel-p01-set-11-ts-131872356.vi,7,1,255,53.13253301506603,57.90811054147407,706,4055.0,7
409019275699,camera-0042-event-0009-rel-p02-set-11-ts-131889039.vi,0,1,255,24.875108500217,16.36398091706968,273,2410.0,8
409019275699,camera-0042-event-0009-rel-p02-set-11-ts-131889039.vi,1,1,255,21.884315518631038,11.961096501290976,145,2410.0,8
409019275699,camera-0042-event-0009-rel-p02-set-11-ts-131889039.vi,2,1,255,80.74694649389299,75.19954994210897,770,2410.0,8
409019275699,camera-0042-event-0009-rel-p02-set-11-ts-131889039.vi,3,1,255,94.46193192386384,74.38964110655385,942,2410.0,8
409019275699,camera-0042-event-0009-rel-p02-set-11-ts-131889039.vi,4,1,255,56.268677537355074,59.78258171440448,899,2410.0,8
409019275699,camera-0042-event-0009-rel-p02-set-11-ts-131889039.vi,5,1,255,82.33345216690434,76.00733090040373,929,2410.0,8
409019275699,camera-0042-event-0009-rel-p02-set-11-ts-131889039.vi,6,1,255,93.82152489304978,74.4959959377464,882,2410.0,8
409019275699,camera-0042-event-0009-rel-p02-set-11-ts-131889039.vi,7,1,255,52.822966395932795,57.51829231751944,726,2410.0,8
409019290707,camera-0043-event-0009-rel-p03-set-11-ts-131905732.vi,0,1,255,24.608159216318434,16.279052571400694,268,3723.0,8
409019290707,camera-0043-event-0009-rel-p03-set-11-ts-131905732.vi,1,1,255,21.656449562899127,11.817067270240079,138,3723.0,8
409019290707,camera-0043-event-0009-rel-p03-set-11-ts-131905732.vi,2,1,255,80.05923336846674,75.08549131041954,690,3723.0,8
409019290707,camera-0043-event-0009-rel-p03-set-11-ts-131905732.vi,3,1,255,94.01647653295306,74.31076648914636,908,3723.0,8
409019290707,camera-0043-event-0009-rel-p03-set-11-ts-131905732.vi,4,1,255,55.270956041912086,59.23921847509636,917,3723.0,8
409019290707,camera-0043-event-0009-rel-p03-set-11-ts-131905732.vi,5,1,255,81.6723990947982,75.95152619190885,904,3723.0,8
409019290707,camera-0043-event-0009-rel-p03-set-11-ts-131905732.vi,6,1,255,93.29588784177568,74.2570068210153,897,3723.0,8
409019290707,camera-0043-event-0009-rel-p03-set-11-ts-131905732.vi,7,1,255,52.228904457808916,57.24032029751864,651,3723.0,8
409019374209,camera-0044-event-0010-rel-m02-set-11-ts-131989057.vi,0,1,255,24.888275776551552,16.469779058326917,275,4263.0,8
409019374209,camera-0044-event-0010-rel-m02-set-11-ts-131989057.vi,1,1,255,21.891879533759067,12.032846309869521,146,4263.0,8
409019374209,camera-0044-event-0010-rel-m02-set-11-ts-131989057.vi,2,1,255,80.28007006014012,75.10377421988922,761,4263.0,8
409019374209,camera-0044-event-0010-rel-m02-set-11-ts-131989057.vi,3,1,255,94.16374232748466,74.5784760229249,990,4263.0,8
409019374209,camera-0044-event-0010-rel-m02-set-11-ts-131989057.vi,4,1,255,55.94520739041478,59.7287953154416,864,4263.0,8
409019374209,camera-0044-event-0010-rel-m02-set-11-ts-131989057.vi,5,1,255,81.93335761671523,75.96977249448821,988,4263.0,8
409019374209,camera-0044-event-0010-rel-m02-set-11-ts-131989057.vi,6,1,255,93.12895250790501,74.32746772007557,945,4263.0,8
409019374209,camera-0044-event-0010-rel-m02-set-11-ts-131989057.vi,7,1,255,52.71157542315085,57.741377413109724,685,4263.0,8
409019391179,camera-0045-event-0010-rel-m01-set-11-ts-132005817.vi,0,1,255,24.62759625519251,16.33463552910986,272,4818.0,7
409019391179,camera-0045-event-0010-rel-m01-set-11-ts-132005817.vi,1,1,255,21.67213559427119,11.895638083299989,142,4818.0,7
409019391179,camera-0045-event-0010-rel-m01-set-11-ts-132005817.vi,2,1,255,79.93831762663525,75.08976741200338,719,4818.0,7
409019391179,camera-0045-event-0010-rel-m01-set-11-ts-132005817.vi,3,1,255,94.13621427242855,74.37738216150828,928,4818.0,7
409019391179,camera-0045-event-0010-rel-m01-set-11-ts-132005817.vi,4,1,255,55.426026102052205,59.43192946709577,879,4818.0,7
409019391179,camera-0045-event-0010-rel-m01-set-11-ts-132005817.vi,5,1,255,81.49535774071548,75.96967646194733,912,4818.0,7
409019391179,camera-0045-event-0010-rel-m01-set-11-ts-132005817.vi,6,1,255,93.28743257486515,74.35320582515979,883,4818.0,7
409019391179,camera-0045-event-0010-rel-m01-set-11-ts-132005817.vi,7,1,255,52.396002542005085,57.505777747799485,681,4818.0,7
409019408308,camera-0046-event-0010-rel-p01-set-11-ts-132022500.vi,0,1,255,24.598394196788394,15.191553579802216,193,4768.0,8
409019408308,camera-0046-event-0010-rel-p01-set-11-ts-132022500.vi,1,1,255,21.7748775497551,11.821692243015418,139,4768.0,8
409019408308,camera-0046-event-0010-rel-p01-set-11-ts-132022500.vi,2,1,255,79.86918748837498,75.00333527498381,710,4768.0,8
409019408308,camera-0046-event-0010-rel-p01-set-11-ts-132022500.vi,3,1,255,94.0002402504805,74.36284822650806,937,4768.0,8
409019408308,camera-0046-event-0010-rel-p01-set-11-ts-132022500.vi,4,1,255,55.66352532705066,59.66016842661683,875,4768.0,8
409019408308,camera-0046-event-0010-rel-p01-set-11-ts-132022500.vi,5,1,255,81.46847293694587,75.96548428764137,899,4768.0,8
409019408308,camera-0046-event-0010-rel-p01-set-11-ts-132022500.vi,6,1,255,93.25733926467854,74.4252458989539,835,4768.0,8
409019408308,camera-0046-event-0010-rel-p01-set-11-ts-132022500.vi,7,1,255,52.55294810589621,57.70534115068105,714,4768.0,8
409019424627,camera-0047-event-0010-rel-p02-set-11-ts-132039237.vi,0,1,255,24.60723696447393,15.17432037280245,190,5101.0,8
409019424627,camera-0047-event-0010-rel-p02-set-11-ts-132039237.vi,1,1,255,21.775528551057103,11.833994201292388,138,5101.0,8
409019424627,camera-0047-event-0010-rel-p02-set-11-ts-132039237.vi,2,1,255,80.43022661045322,74.92297126440658,697,5101.0,8
409019424627,camera-0047-event-0010-rel-p02-set-11-ts-132039237.vi,3,1,255,94.28569657139315,74.3913583642666,945,5101.0,8
409019424627,camera-0047-event-0010-rel-p02-set-11-ts-132039237.vi,4,1,255,56.17349959699919,59.78097688002797,833,5101.0,8
409019424627,camera-0047-event-0010-rel-p02-set-11-ts-132039237.vi,5,1,255,81.62824725649452,75.7348121949058,880,5101.0,8
409019424627,camera-0047-event-0010-rel-p02-set-11-ts-132039237.vi,6,1,255,93.57991040982083,74.32871865474345,890,5101.0,8
409019424627,camera-0047-event-0010-rel-p02-set-11-ts-132039237.vi,7,1,255,53.09418593837188,57.81660017931933,677,5101.0,8
409019441058,camera-0048-event-0010-rel-p03-set-11-ts-132055919.vi,0,1,255,24.309016368032736,14.943030362466075,187,4248.0,7
409019441058,camera-0048-event-0010-rel-p03-set-11-ts-132055919.vi,1,1,255,21.548282596565194,11.622406396964108,130,4248.0,7
409019441058,camera-0048-event-0010-rel-p03-set-11-ts-132055919.vi,2,1,255,79.81485212970426,75.09670108842141,671,4248.0,7
409019441058,camera-0048-event-0010-rel-p03-set-11-ts-132055919.vi,3,1,255,93.89314278628557,74.35407652318806,913,4248.0,7
409019441058,camera-0048-event-0010-rel-p03-set-11-ts-132055919.vi,4,1,255,55.19244838489677,59.18520757732303,806,4248.0,7
409019441058,camera-0048-event-0010-rel-p03-set-11-ts-132055919.vi,5,1,255,80.99181598363197,75.89128197952233,842,4248.0,7
409019441058,camera-0048-event-0010-rel-p03-set-11-ts-132055919.vi,6,1,255,93.12006324012648,74.37070794910858,867,4248.0,7
409019441058,camera-0048-event-0010-rel-p03-set-11-ts-132055919.vi,7,1,255,52.06737863475727,57.25899984993438,652,4248.0,7
409020225402,camera-0049-event-0000-rel-p00-set-11-ts-132840107.vi,0,1,255,24.707785665571333,13.667246441430088,84,4848.0,7
409020225402,camera-0049-event-0000-rel-p00-set-11-ts-132840107.vi,1,1,255,21.70978516957034,9.949157489059939,62,4848.0,7
409020225402,camera-0049-event-0000-rel-p00-set-11-ts-132840107.vi,2,1,255,82.45987816975634,75.04919988585331,843,4848.0,7
409020225402,camera-0049-event-0000-rel-p00-set-11-ts-132840107.vi,3,1,255,95.88211451422903,74.18316600532951,1018,4848.0,7
409020225402,camera-0049-event-0000-rel-p00-set-11-ts-132840107.vi,4,1,255,59.18720162440325,61.21419386651245,971,4848.0,7
409020225402,camera-0049-event-0000-rel-p00-set-11-ts-132840107.vi,5,1,255,84.02793105586211,75.76002263080271,1020,4848.0,7
409020225402,camera-0049-event-0000-rel-p00-set-11-ts-132840107.vi,6,1,255,94.69576539153078,74.22721398750407,964,4848.0,7
409020225402,camera-0049-event-0000-rel-p00-set-11-ts-132840107.vi,7,1,255,55.76479477958956,59.265016401324594,739,4848.0,7
409021226283,camera-0050-event-0000-rel-p00-set-11-ts-133841061.vi,0,1,255,24.606120962241924,13.887399165560387,115,4723.0,8
409021226283,camera-0050-event-0000-rel-p00-set-11-ts-133841061.vi,1,1,255,21.66971758943518,10.298337929441463,72,4723.0,8
409021226283,camera-0050-event-0000-rel-p00-set-11-ts-133841061.vi,2,1,255,82.01471727943456,75.19299280268378,751,4723.0,8
409021226283,camera-0050-event-0000-rel-p00-set-11-ts-133841061.vi,3,1,255,95.05926436852873,74.3201642084116,1031,4723.0,8
409021226283,camera-0050-event-0000-rel-p00-set-11-ts-133841061.vi,4,1,255,57.68229586459173,60.528117954305685,970,4723.0,8
409021226283,camera-0050-event-0000-rel-p00-set-11-ts-133841061.vi,5,1,255,83.37331824663649,75.98031614689653,940,4723.0,8
409021226283,camera-0050-event-0000-rel-p00-set-11-ts-133841061.vi,6,1,255,94.45305040610081,74.17018167816325,919,4723.0,8
409021226283,camera-0050-event-0000-rel-p00-set-11-ts-133841061.vi,7,1,255,54.42158534317068,58.48754490265179,745,4723.0,8
409021844728,camera-0051-event-0016-rel-m02-set-11-ts-134458262.vi,0,1,255,24.16024707049414,13.245893631052322,93,4953.0,8
409021844728,camera-0051-event-0016-rel-m02-set-11-ts-134458262.vi,1,1,255,21.34744869489739,9.647691086562727,56,4953.0,8
409021844728,camera-0051-event-0016-rel-m02-set-11-ts-134458262.vi,2,1,255,80.15990606981214,75.12784006435086,714,4953.0,8
409021844728,camera-0051-event-0016-rel-m02-set-11-ts-134458262.vi,3,1,255,93.97785820571642,74.41878299060292,950,4953.0,8
409021844728,camera-0051-event-0016-rel-m02-set-11-ts-134458262.vi,4,1,255,56.024335048670096,59.70110983266242,858,4953.0,8
409021844728,camera-0051-event-0016-rel-m02-set-11-ts-134458262.vi,5,1,255,82.40850331700663,76.25962990623579,900,4953.0,8
409021844728,camera-0051-event-0016-rel-m02-set-11-ts-134458262.vi,6,1,255,93.46923243846487,74.33205156167041,878,4953.0,8
409021844728,camera-0051-event-0016-rel-m02-set-11-ts-134458262.vi,7,1,255,52.75212350424701,57.44239243035265,664,4953.0,8
409021860248,camera-0052-event-0016-rel-m01-set-11-ts-134475014.vi,0,1,255,24.4750217000434,13.2339225613267,82,5507.0,8
409021860248,camera-0052-event-0016-rel-m01-set-11-ts-134475014.vi,1,1,255,21.596115692231386,9.67096232787658,56,5507.0,8
409021860248,camera-0052-event-0016-rel-m01-set-11-ts-134475014.vi,2,1,255,81.5517701035402,75.20173594714366,756,5507.0,8
409021860248,camera-0052-event-0016-rel-m01-set-11-ts-134475014.vi,3,1,255,95.18969712939426,74.35324241504458,983,5507.0,8
409021860248,camera-0052-event-0016-rel-m01-set-11-ts-134475014.vi,4,1,255,57.68316386632773,60.474505090134485,898,5507.0,8
409021860248,camera-0052-event-0016-rel-m01-set-11-ts-134475014.vi,5,1,255,83.3235243970488,76.12968536242505,934,5507.0,8
409021860248,camera-0052-event-0016-rel-m01-set-11-ts-134475014.vi,6,1,255,93.91491257982516,74.31002308473919,930,5507.0,8
409021860248,camera-0052-event-0016-rel-m01-set-11-ts-134475014.vi,7,1,255,54.27802405604811,58.36908891425267,745,5507.0,8
409021878634,camera-0053-event-0016-rel-p01-set-11-ts-134491697.vi,0,2,255,24.403690557381115,13.012635077767946,74,4530.0,8
409021878634,camera-0053-event-0016-rel-p01-set-11-ts-134491697.vi,1,2,255,21.566952383904766,9.438068687053288,47,4530.0,8
409021878634,camera-0053-event-0016-rel-p01-set-11-ts-134491697.vi,2,2,255,81.66984933969869,75.15104262828238,724,4530.0,8
409021878634,camera-0053-event-0016-rel-p01-set-11-ts-134491697.vi,3,2,255,94.94605214210428,74.21776540989262,914,4530.0,8
409021878634,camera-0053-event-0016-rel-p01-set-11-ts-134491697.vi,4,2,255,57.36057722115444,60.20059132226201,883,4530.0,8
409021878634,camera-0053-event-0016-rel-p01-set-11-ts-134491697.vi,5,2,255,83.44790439580879,76.18334498994882,910,4530.0,8
409021878634,camera-0053-event-0016-rel-p01-set-11-ts-134491697.vi,6,2,255,94.27731880463762,74.3383962571074,908,4530.0,8
409021878634,camera-0053-event-0016-rel-p01-set-11-ts-134491697.vi,7,2,255,54.066564883129764,58.159423951861704,664,4530.0,8
409021893467,camera-0054-event-0016-rel-p02-set-11-ts-134508525.vi,0,2,255,23.98466271932544,12.409346598514281,53,5594.0,8
409021893467,camera-0054-event-0016-rel-p02-set-11-ts-134508525.vi,1,2,255,21.241374232748466,8.893652598364815,30,5594.0,8
409021893467,camera-0054-event-0016-rel-p02-set-11-ts-134508525.vi,2,2,255,81.33320416640834,75.1317287286727,648,5594.0,8
409021893467,camera-0054-event-0016-rel-p02-set-11-ts-134508525.vi,3,2,255,95.54137733275466,74.22604303363266,893,5594.0,8
409021893467,camera-0054-event-0016-rel-p02-set-11-ts-134508525.vi,4,2,255,56.958630417260835,59.86549374903485,888,5594.0,8
409021893467,camera-0054-event-0016-rel-p02-set-11-ts-134508525.vi,5,2,255,82.85655496310993,75.79521086546646,851,5594.0,8
409021893467,camera-0054-event-0016-rel-p02-set-11-ts-134508525.vi,6,2,255,94.26706553413106,74.09809536485132,836,5594.0,8
409021893467,camera-0054-event-0016-rel-p02-set-11-ts-134508525.vi,7,2,255,53.93192386384773,57.9767902075077,632,5594.0,8
409021912267,camera-0055-event-0016-rel-p03-set-11-ts-134525209.vi,0,2,255,24.22006169012338,12.1870256316536,37,3480.0,7
409021912267,camera-0055-event-0016-rel-p03-set-11-ts-134525209.vi,1,2,255,21.466202182404366,8.809722891910122,19,3480.0,7
409021912267,camera-0055-event-0016-rel-p03-set-11-ts-134525209.vi,2,2,255,82.251178002356,75.00171786534412,703,3480.0,7
409021912267,camera-0055-event-0016-rel-p03-set-11-ts-134525209.vi,3,2,255,95.62903775807551,74.03715553214542,883,3480.0,7
409021912267,camera-0055-event-0016-rel-p03-set-11-ts-134525209.vi,4,2,255,57.999705499411,60.53542487658445,882,3480.0,7
409021912267,camera-0055-event-0016-rel-p03-set-11-ts-134525209.vi,5,2,255,83.4504231508463,75.89783276947361,809,3480.0,7
409021912267,camera-0055-event-0016-rel-p03-set-11-ts-134525209.vi,6,2,255,94.61802498604997,74.11991552649182,821,3480.0,7
409021912267,camera-0055-event-0016-rel-p03-set-11-ts-134525209.vi,7,2,255,54.41883408766817,58.15841098593898,644,3480.0,7
409022227289,camera-0056-event-0000-rel-p00-set-11-ts-134843062.vi,0,2,255,26.05797786595573,13.932044377172472,29,5489.0,9
409022227289,camera-0056-event-0000-rel-p00-set-11-ts-134843062.vi,1,2,255,21.946617893235786,9.040490712197062,0,5489.0,9
409022227289,camera-0056-event-0000-rel-p00-set-11-ts-134843062.vi,2,2,255,97.0266523033046,74.29346412669,1495,5489.0,9
409022227289,camera-0056-event-0000-rel-p00-set-11-ts-134843062.vi,3,2,255,107.91667183334367,72.66738285522322,1693,5489.0,9
409022227289,camera-0056-event-0000-rel-p00-set-11-ts-134843062.vi,4,2,255,77.34603044206088,67.10415715779804,1694,5489.0,9
409022227289,camera-0056-event-0000-rel-p00-set-11-ts-134843062.vi,5,2,255,98.15482980965962,74.9461235596669,1711,5489.0,9
409022227289,camera-0056-event-0000-rel-p00-set-11-ts-134843062.vi,6,2,255,106.4494466488933,72.66543657334722,1627,5489.0,9
409022227289,camera-0056-event-0000-rel-p00-set-11-ts-134843062.vi,7,2,255,73.81905263810528,65.93285606888819,1406,5489.0,9
409022379597,camera-0057-event-0017-rel-m02-set-11-ts-134992671.vi,0,2,255,25.990389980779963,14.085956178976216,25,3564.0,9
409022379597,camera-0057-event-0017-rel-m02-set-11-ts-134992671.vi,1,2,255,22.186294872589745,9.344747505335294,0,3564.0,9
409022379597,camera-0057-event-0017-rel-m02-set-11-ts-134992671.vi,2,2,255,92.04144708289417,74.09710066462391,1270,3564.0,9
409022379597,camera-0057-event-0017-rel-m02-set-11-ts-134992671.vi,3,2,255,104.81317812635625,73.04993338972234,1525,3564.0,9
409022379597,camera-0057-event-0017-rel-m02-set-11-ts-134992671.vi,4,2,255,72.00929226858453,65.78112973883906,1477,3564.0,9
409022379597,camera-0057-event-0017-rel-m02-set-11-ts-134992671.vi,5,2,255,94.32977865955732,75.12584267772098,1468,3564.0,9
409022379597,camera-0057-event-0017-rel-m02-set-11-ts-134992671.vi,6,2,255,102.62827050654101,73.11917731374062,1327,3564.0,9
409022379597,camera-0057-event-0017-rel-m02-set-11-ts-134992671.vi,7,2,255,68.35762446524893,64.33299519466031,1183,3564.0,9
409022394018,camera-0058-event-0017-rel-m01-set-11-ts-135009670.vi,0,2,255,25.48480221960444,13.689033048655578,19,6113.0,9
409022394018,camera-0058-event-0017-rel-m01-set-11-ts-135009670.vi,1,2,255,21.73036146072292,8.971835748118654,0,6113.0,9
409022394018,camera-0058-event-0017-rel-m01-set-11-ts-135009670.vi,2,2,255,93.75489025978052,74.00156501080673,1315,6113.0,9
409022394018,camera-0058-event-0017-rel-m01-set-11-ts-135009670.vi,3,2,255,105.48147746295493,72.65818993989211,1417,6113.0,9
409022394018,camera-0058-event-0017-rel-m01-set-11-ts-135009670.vi,4,2,255,73.5256293012586,65.9209618883604,1464,6113.0,9
409022394018,camera-0058-event-0017-rel-m01-set-11-ts-135009670.vi,5,2,255,95.1240777481555,74.62497914584786,1432,6113.0,9
409022394018,camera-0058-event-0017-rel-m01-set-11-ts-135009670.vi,6,2,255,104.33743567487134,72.68307979889974,1396,6113.0,9
409022394018,camera-0058-event-0017-rel-m01-set-11-ts-135009670.vi,7,2,255,69.94539339078678,64.55077153085317,1163,6113.0,9
409022412317,camera-0059-event-0017-rel-p01-set-11-ts-135026353.vi,0,2,255,25.895925041850084,14.073452767494366,15,6727.0,9
409022412317,camera-0059-event-0017-rel-p01-set-11-ts-135026353.vi,1,2,255,22.07298964597929,9.382231161869651,0,6727.0,9
409022412317,camera-0059-event-0017-rel-p01-set-11-ts-135026353.vi,2,2,255,94.04261733523467,73.96302552677696,1323,6727.0,9
409022412317,camera-0059-event-0017-rel-p01-set-11-ts-135026353.vi,3,2,255,105.61090272180545,72.68734194486859,1433,6727.0,9
409022412317,camera-0059-event-0017-rel-p01-set-11-ts-135026353.vi,4,2,255,74.49015748031496,66.39586836503965,1517,6727.0,9
409022412317,camera-0059-event-0017-rel-p01-set-11-ts-135026353.vi,5,2,255,95.70463140926282,74.7410296825855,1539,6727.0,9
409022412317,camera-0059-event-0017-rel-p01-set-11-ts-135026353.vi,6,2,255,104.47372744745489,72.82058296545675,1431,6727.0,9
409022412317,camera-0059-event-0017-rel-p01-set-11-ts-135026353.vi,7,2,255,70.8480299460599,64.92612881347002,1210,6727.0,9
409022427982,camera-0060-event-0017-rel-p02-set-11-ts-135043551.vi,0,2,255,26.481027962055926,14.584599188306928,17,-8938.0,9
409022427982,camera-0060-event-0017-rel-p02-set-11-ts-135043551.vi,1,2,255,22.256386012772026,9.637991576344405,0,-8938.0,9
409022427982,camera-0060-event-0017-rel-p02-set-11-ts-135043551.vi,2,2,255,99.43980562961126,74.13802224592793,1610,-8938.0,9
409022427982,camera-0060-event-0017-rel-p02-set-11-ts-135043551.vi,3,2,255,110.14535929071859,72.10252706922054,1725,-8938.0,9
409022427982,camera-0060-event-0017-rel-p02-set-11-ts-135043551.vi,4,2,255,81.39401853803707,67.62882932055896,1827,-8938.0,9
409022427982,camera-0060-event-0017-rel-p02-set-11-ts-135043551.vi,5,2,255,101.10502046004092,74.45196093565305,1693,-8938.0,9
409022427982,camera-0060-event-0017-rel-p02-set-11-ts-135043551.vi,6,2,255,109.4249953499907,72.24769724893136,1658,-8938.0,9
409022427982,camera-0060-event-0017-rel-p02-set-11-ts-135043551.vi,7,2,255,77.80662161324322,66.60815243021132,1512,-8938.0,9
409022444594,camera-0061-event-0017-rel-p03-set-11-ts-135060234.vi,0,2,255,25.723270196540394,13.93119396086948,13,-6036.0,8
409022444594,camera-0061-event-0017-rel-p03-set-11-ts-135060234.vi,1,2,255,21.780976811953625,9.254369426154721,0,-6036.0,8
409022444594,camera-0061-event-0017-rel-p03-set-11-ts-135060234.vi,2,2,255,98.86895498790997,74.09373682540802,1437,-6036.0,8
409022444594,camera-0061-event-0017-rel-p03-set-11-ts-135060234.vi,3,2,255,109.75770351540703,71.99022618186653,1539,-6036.0,8
409022444594,camera-0061-event-0017-rel-p03-set-11-ts-135060234.vi,4,2,255,79.42768460536921,66.9090079296117,1632,-6036.0,8
409022444594,camera-0061-event-0017-rel-p03-set-11-ts-135060234.vi,5,2,255,100.19195238390476,74.47850187772636,1609,-6036.0,8
409022444594,camera-0061-event-0017-rel-p03-set-11-ts-135060234.vi,6,2,255,108.74527249054498,72.13304181078973,1536,-6036.0,8
409022444594,camera-0061-event-0017-rel-p03-set-11-ts-135060234.vi,7,2,255,76.18618637237275,65.79453899106518,1319,-6036.0,8
409022845685,camera-0062-event-0018-rel-m02-set-11-ts-135459804.vi,0,2,255,24.053304606609213,13.959277375546584,137,4941.0,7
409022845685,camera-0062-event-0018-rel-m02-set-11-ts-135459804.vi,1,2,255,21.245427490854983,10.647331834715791,77,4941.0,7
409022845685,camera-0062-event-0018-rel-m02-set-11-ts-135459804.vi,2,2,255,82.17931985863972,75.17085705755994,694,4941.0,7
409022845685,camera-0062-event-0018-rel-m02-set-11-ts-135459804.vi,3,2,255,95.76579453158907,74.00271048218835,932,4941.0,7
409022845685,camera-0062-event-0018-rel-m02-set-11-ts-135459804.vi,4,2,255,57.58931117862236,60.001208523823706,873,4941.0,7
409022845685,camera-0062-event-0018-rel-m02-set-11-ts-135459804.vi,5,2,255,83.36860623721248,76.02632542230319,837,4941.0,7
409022845685,camera-0062-event-0018-rel-m02-set-11-ts-135459804.vi,6,2,255,95.14392553785108,73.88974312527593,800,4941.0,7
409022845685,camera-0062-event-0018-rel-m02-set-11-ts-135459804.vi,7,2,255,54.43954212908426,58.14766057765365,666,4941.0,7
409022861107,camera-0063-event-0018-rel-m01-set-11-ts-135476145.vi,0,2,255,24.4002495504991,14.267787722953328,154,6438.0,6
409022861107,camera-0063-event-0018-rel-m01-set-11-ts-135476145.vi,1,2,255,21.5999829499659,11.046777606718635,99,6438.0,6
409022861107,camera-0063-event-0018-rel-m01-set-11-ts-135476145.vi,2,2,255,80.55533511067023,75.2299545236056,704,6438.0,6
409022861107,camera-0063-event-0018-rel-m01-set-11-ts-135476145.vi,3,2,255,94.56340287680575,74.3137500308667,981,6438.0,6
409022861107,camera-0063-event-0018-rel-m01-set-11-ts-135476145.vi,4,2,255,56.124108748217495,59.596165140512355,851,6438.0,6
409022861107,camera-0063-event-0018-rel-m01-set-11-ts-135476145.vi,5,2,255,82.14135253270507,76.16255053318308,904,6438.0,6
409022861107,camera-0063-event-0018-rel-m01-set-11-ts-135476145.vi,6,2,255,93.499922499845,74.40776578103397,944,6438.0,6
409022861107,camera-0063-event-0018-rel-m01-set-11-ts-135476145.vi,7,2,255,53.05392460784922,57.618818058850124,661,6438.0,6
409022877841,camera-0064-event-0018-rel-p01-set-11-ts-135492828.vi,0,2,14,24.3741707483415,14.235035029937146,155,6596.0,6
409022877841,camera-0064-event-0018-rel-p01-set-11-ts-135492828.vi,1,2,14,21.583568417136835,11.041893912751878,96,6596.0,6
409022877841,camera-0064-event-0018-rel-p01-set-11-ts-135492828.vi,2,2,14,80.8515097030194,75.17629449252144,721,6596.0,6
409022877841,camera-0064-event-0018-rel-p01-set-11-ts-135492828.vi,3,2,14,94.31741738483477,74.33326717913407,970,6596.0,6
409022877841,camera-0064-event-0018-rel-p01-set-11-ts-135492828.vi,4,2,14,56.303103106206216,59.7441380506474,869,6596.0,6
409022877841,camera-0064-event-0018-rel-p01-set-11-ts-135492828.vi,5,2,14,82.05803986607974,76.14565689159696,893,6596.0,6
409022877841,camera-0064-event-0018-rel-p01-set-11-ts-135492828.vi,6,2,14,93.29666284332569,74.47656219308219,886,6596.0,6
409022877841,camera-0064-event-0018-rel-p01-set-11-ts-135492828.vi,7,2,14,53.16329282658565,57.655147057639866,653,6596.0,6
409022894677,camera-0065-event-0018-rel-p02-set-11-ts-135509350.vi,0,2,14,24.023071796143594,13.97799489240033,139,6647.0,6
409022894677,camera-0065-event-0018-rel-p02-set-11-ts-135509350.vi,1,2,14,21.335180420360842,10.763541483552201,79,6647.0,6
409022894677,camera-0065-event-0018-rel-p02-set-11-ts-135509350.vi,2,2,14,78.93417911835823,75.1565013147205,646,6647.0,6
409022894677,camera-0065-event-0018-rel-p02-set-11-ts-135509350.vi,3,2,14,92.79312108624217,74.38928941879604,891,6647.0,6
409022894677,camera-0065-event-0018-rel-p02-set-11-ts-135509350.vi,4,2,14,54.04849959699919,58.71156080269489,812,6647.0,6
409022894677,camera-0065-event-0018-rel-p02-set-11-ts-135509350.vi,5,2,14,80.53248806497614,76.15632986561855,842,6647.0,6
409022894677,camera-0065-event-0018-rel-p02-set-11-ts-135509350.vi,6,2,14,92.12148924297848,74.56494758769819,900,6647.0,6
409022894677,camera-0065-event-0018-rel-p02-set-11-ts-135509350.vi,7,2,14,50.76809628619257,56.2983457441917,599,6647.0,6
409022912421,camera-0066-event-0018-rel-p03-set-11-ts-135526033.vi,0,2,14,24.365723231446463,14.264571558287013,157,6868.0,6
409022912421,camera-0066-event-0018-rel-p03-set-11-ts-135526033.vi,1,2,14,21.606694463388926,11.054251295641555,96,6868.0,6
409022912421,camera-0066-event-0018-rel-p03-set-11-ts-135526033.vi,2,2,14,79.74041323082646,75.24302557127695,722,6868.0,6
409022912421,camera-0066-event-0018-rel-p03-set-11-ts-135526033.vi,3,2,14,93.43618637237275,74.50975660768684,949,6868.0,6
409022912421,camera-0066-event-0018-rel-p03-set-11-ts-135526033.vi,4,2,14,55.089256928513855,59.17923708811098,816,6868.0,6
409022912421,camera-0066-event-0018-rel-p03-set-11-ts-135526033.vi,5,2,14,81.23166346332692,76.05652294732162,880,6868.0,6
409022912421,camera-0066-event-0018-rel-p03-set-11-ts-135526033.vi,6,2,14,92.81786688573378,74.43536891218665,899,6868.0,6
409022912421,camera-0066-event-0018-rel-p03-set-11-ts-135526033.vi,7,2,14,51.9251581003162,57.197176687187074,641,6868.0,6
409023228311,camera-0067-event-0000-rel-p00-set-11-ts-135842913.vi,0,2,14,24.361204972409944,14.19401699375766,122,5832.0,5
409023228311,camera-0067-event-0000-rel-p00-set-11-ts-135842913.vi,1,2,14,21.59722394444789,10.819043886913125,67,5832.0,5
409023228311,camera-0067-event-0000-rel-p00-set-11-ts-135842913.vi,2,2,14,79.6011687023374,75.25384096639385,705,5832.0,5
409023228311,camera-0067-event-0000-rel-p00-set-11-ts-135842913.vi,3,2,14,93.31957188914377,74.68359423622043,947,5832.0,5
409023228311,camera-0067-event-0000-rel-p00-set-11-ts-135842913.vi,4,2,14,54.80788486576973,59.03122040470603,833,5832.0,5
409023228311,camera-0067-event-0000-rel-p00-set-11-ts-135842913.vi,5,2,14,80.99424173848348,76.10726908597698,817,5832.0,5
409023228311,camera-0067-event-0000-rel-p00-set-11-ts-135842913.vi,6,2,14,92.18911587823176,74.50543371711514,892,5832.0,5
409023228311,camera-0067-event-0000-rel-p00-set-11-ts-135842913.vi,7,2,14,51.672158844317686,57.026135195643334,639,5832.0,5
409023379956,camera-0068-event-0019-rel-m02-set-11-ts-135993093.vi,0,2,14,24.440650381300763,14.418378407750186,136,6323.0,5
409023379956,camera-0068-event-0019-rel-m02-set-11-ts-135993093.vi,1,2,14,21.656426312852627,11.080282776306682,79,6323.0,5
409023379956,camera-0068-event-0019-rel-m02-set-11-ts-135993093.vi,2,2,14,80.04736809473619,75.36545319422659,680,6323.0,5
409023379956,camera-0068-event-0019-rel-m02-set-11-ts-135993093.vi,3,2,14,93.7517437534875,74.57187530925117,920,6323.0,5
409023379956,camera-0068-event-0019-rel-m02-set-11-ts-135993093.vi,4,2,14,55.496605493210986,59.352599854088666,843,6323.0,5
409023379956,camera-0068-event-0019-rel-m02-set-11-ts-135993093.vi,5,2,14,81.35634571269142,76.10558991367614,891,6323.0,5
409023379956,camera-0068-event-0019-rel-m02-set-11-ts-135993093.vi,6,2,14,92.69126263252527,74.43856967916481,888,6323.0,5
409023379956,camera-0068-event-0019-rel-m02-set-11-ts-135993093.vi,7,2,14,52.03027931055862,57.101636816373656,653,6323.0,5
409023395408,camera-0069-event-0019-rel-m01-set-11-ts-136009709.vi,0,2,14,24.22212319424639,14.29328817072645,125,5571.0,5
409023395408,camera-0069-event-0019-rel-m01-set-11-ts-136009709.vi,1,2,14,21.49045973091946,10.919355839430812,70,5571.0,5
409023395408,camera-0069-event-0019-rel-m01-set-11-ts-136009709.vi,2,2,14,79.30873736747473,75.29008658098911,691,5571.0,5
409023395408,camera-0069-event-0019-rel-m01-set-11-ts-136009709.vi,3,2,14,93.1495442990886,74.74234714928514,902,5571.0,5
409023395408,camera-0069-event-0019-rel-m01-set-11-ts-136009709.vi,4,2,14,54.46266042532085,58.88161218366442,782,5571.0,5
409023395408,camera-0069-event-0019-rel-m01-set-11-ts-136009709.vi,5,2,14,80.92063209126418,76.19747327574274,832,5571.0,5
409023395408,camera-0069-event-0019-rel-m01-set-11-ts-136009709.vi,6,2,14,92.41319982639965,74.48559157952387,882,5571.0,5
409023395408,camera-0069-event-0019-rel-m01-set-11-ts-136009709.vi,7,2,14,51.021878293756586,56.47677640272828,597,5571.0,5
409023411723,camera-0070-event-0019-rel-p01-set-11-ts-136026392.vi,0,2,14,24.52749705499411,14.573462155063813,139,6323.0,5
409023411723,camera-0070-event-0019-rel-p01-set-11-ts-136026392.vi,1,2,14,21.726238452476906,11.22540906981149,87,6323.0,5
409023411723,camera-0070-event-0019-rel-p01-set-11-ts-136026392.vi,2,2,14,79.7258587017174,75.24625658760138,694,6323.0,5
409023411723,camera-0070-event-0019-rel-p01-set-11-ts-136026392.vi,3,2,14,93.83417291834584,74.65106393914746,977,6323.0,5
409023411723,camera-0070-event-0019-rel-p01-set-11-ts-136026392.vi,4,2,14,55.303110856221714,59.3627916975328,832,6323.0,5
409023411723,camera-0070-event-0019-rel-p01-set-11-ts-136026392.vi,5,2,14,81.13412951825903,76.09409544557998,832,6323.0,5
409023411723,camera-0070-event-0019-rel-p01-set-11-ts-136026392.vi,6,2,14,92.94340163680327,74.51515986294191,903,6323.0,5
409023411723,camera-0070-event-0019-rel-p01-set-11-ts-136026392.vi,7,2,14,52.097037944075886,57.246501047924376,643,6323.0,5
409023428779,camera-0071-event-0019-rel-p02-set-11-ts-136043108.vi,0,2,14,24.428428606857214,14.451622010856983,134,7636.0,5
409023428779,camera-0071-event-0019-rel-p02-set-11-ts-136043108.vi,1,2,14,21.651466302932604,11.09139590146732,80,7636.0,5
409023428779,camera-0071-event-0019-rel-p02-set-11-ts-136043108.vi,2,2,14,79.90942556885113,75.37891563959165,692,7636.0,5
409023428779,camera-0071-event-0019-rel-p02-set-11-ts-136043108.vi,3,2,14,93.81303087606175,74.5493213320499,941,7636.0,5
409023428779,camera-0071-event-0019-rel-p02-set-11-ts-136043108.vi,4,2,14,55.14073253146506,59.210569642820644,875,7636.0,5
409023428779,camera-0071-event-0019-rel-p02-set-11-ts-136043108.vi,5,2,14,81.26091202182404,76.16512793796414,818,7636.0,5
409023428779,camera-0071-event-0019-rel-p02-set-11-ts-136043108.vi,6,2,14,92.55862886725774,74.49774166704535,908,7636.0,5
409023428779,camera-0071-event-0019-rel-p02-set-11-ts-136043108.vi,7,2,14,51.756269762539524,56.90289415591164,629,7636.0,5
409023445644,camera-0072-event-0019-rel-p03-set-11-ts-136059791.vi,0,2,14,24.190975881951765,14.304662877265455,124,6760.0,5
409023445644,camera-0072-event-0019-rel-p03-set-11-ts-136059791.vi,1,2,14,21.45559241118482,10.915808388742688,69,6760.0,5
409023445644,camera-0072-event-0019-rel-p03-set-11-ts-136059791.vi,2,2,14,79.32004464008928,75.3898921467917,716,6760.0,5
409023445644,camera-0072-event-0019-rel-p03-set-11-ts-136059791.vi,3,2,14,93.4251891003782,74.60168507589707,965,6760.0,5
409023445644,camera-0072-event-0019-rel-p03-set-11-ts-136059791.vi,4,2,14,54.25394475788951,58.83941090452442,892,6760.0,5
409023445644,camera-0072-event-0019-rel-p03-set-11-ts-136059791.vi,5,2,14,80.78379781759564,76.16586510660682,838,6760.0,5
409023445644,camera-0072-event-0019-rel-p03-set-11-ts-136059791.vi,6,2,14,92.31539463078926,74.56611900278854,868,6760.0,5
409023445644,camera-0072-event-0019-rel-p03-set-11-ts-136059791.vi,7,2,14,51.21831793663587,56.523723234023116,633,6760.0,5
409024230533,camera-0073-event-0000-rel-p00-set-11-ts-136844745.vi,0,2,14,24.81510788021576,14.811357988890244,205,6079.0,5
409024230533,camera-0073-event-0000-rel-p00-set-11-ts-136844745.vi,1,2,14,21.864475478950958,11.83565773653988,150,6079.0,5
409024230533,camera-0073-event-0000-rel-p00-set-11-ts-136844745.vi,2,2,14,84.94126263252527,75.34948816859539,827,6079.0,5
409024230533,camera-0073-event-0000-rel-p00-set-11-ts-136844745.vi,3,2,14,97.50299150598302,73.93488571902687,1003,6079.0,5
409024230533,camera-0073-event-0000-rel-p00-set-11-ts-136844745.vi,4,2,14,61.343418686837374,61.8005100662405,959,6079.0,5
409024230533,camera-0073-event-0000-rel-p00-set-11-ts-136844745.vi,5,2,14,86.62703050406101,76.12280317451295,969,6079.0,5
409024230533,camera-0073-event-0000-rel-p00-set-11-ts-136844745.vi,6,2,14,96.81974238948477,73.89089037382212,948,6079.0,5
409024230533,camera-0073-event-0000-rel-p00-set-11-ts-136844745.vi,7,2,14,58.18071486142972,59.91122274176513,723,6079.0,5
409024396138,camera-0074-event-0022-rel-m02-set-11-ts-137010849.vi,0,2,14,24.237847975695953,14.515503620380912,199,8232.0,5
409024396138,camera-0074-event-0022-rel-m02-set-11-ts-137010849.vi,1,2,14,21.603857957715917,11.61158325569444,143,8232.0,5
409024396138,camera-0074-event-0022-rel-m02-set-11-ts-137010849.vi,2,2,14,78.51853803707607,75.45838612293494,692,8232.0,5
409024396138,camera-0074-event-0022-rel-m02-set-11-ts-137010849.vi,3,2,14,92.4984267468535,74.62376697432309,869,8232.0,5
409024396138,camera-0074-event-0022-rel-m02-set-11-ts-137010849.vi,4,2,14,53.88772552545105,58.69604025543681,807,8232.0,5
409024396138,camera-0074-event-0022-rel-m02-set-11-ts-137010849.vi,5,2,14,80.38354826709653,76.36020667064325,825,8232.0,5
409024396138,camera-0074-event-0022-rel-m02-set-11-ts-137010849.vi,6,2,14,91.81011687023374,74.53692641721914,838,8232.0,5
409024396138,camera-0074-event-0022-rel-m02-set-11-ts-137010849.vi,7,2,14,50.383935767871534,56.19169319956226,608,8232.0,5
409024412723,camera-0075-event-0022-rel-m01-set-11-ts-137027532.vi,0,2,14,24.574462148924297,14.74038055672596,201,7004.0,5
409024412723,camera-0075-event-0022-rel-m01-set-11-ts-137027532.vi,1,2,14,21.875441750883503,11.844526662523508,148,7004.0,5
409024412723,camera-0075-event-0022-rel-m01-set-11-ts-137027532.vi,2,2,14,79.15965806931614,75.33788428935009,715,7004.0,5
409024412723,camera-0075-event-0022-rel-m01-set-11-ts-137027532.vi,3,2,14,92.63530752061504,74.60855914897216,921,7004.0,5
409024412723,camera-0075-event-0022-rel-m01-set-11-ts-137027532.vi,4,2,14,54.701934403868805,59.09116658274759,814,7004.0,5
409024412723,camera-0075-event-0022-rel-m01-set-11-ts-137027532.vi,5,2,14,80.6519003038006,76.27854826671587,895,7004.0,5
409024412723,camera-0075-event-0022-rel-m01-set-11-ts-137027532.vi,6,2,14,92.03162781325562,74.59296111667057,832,7004.0,5
409024412723,camera-0075-event-0022-rel-m01-set-11-ts-137027532.vi,7,2,14,51.428738607477214,56.95929521637988,590,7004.0,5
409024429514,camera-0076-event-0022-rel-p01-set-11-ts-137044331.vi,0,2,14,24.566223882447765,14.698767125635904,196,8497.0,5
409024429514,camera-0076-event-0022-rel-p01-set-11-ts-137044331.vi,1,2,14,21.84738669477339,11.85310768186862,149,8497.0,5
409024429514,camera-0076-event-0022-rel-p01-set-11-ts-137044331.vi,2,2,14,80.06477462954926,75.41876901831002,747,8497.0,5
409024429514,camera-0076-event-0022-rel-p01-set-11-ts-137044331.vi,3,2,14,93.36199547399094,74.38531826335111,910,8497.0,5
409024429514,camera-0076-event-0022-rel-p01-set-11-ts-137044331.vi,4,2,14,55.7748310496621,59.65692962635364,848,8497.0,5
409024429514,camera-0076-event-0022-rel-p01-set-11-ts-137044331.vi,5,2,14,81.84012493024986,76.4708906176554,832,8497.0,5
409024429514,camera-0076-event-0022-rel-p01-set-11-ts-137044331.vi,6,2,14,92.91887283774568,74.47743596334156,881,8497.0,5
409024429514,camera-0076-event-0022-rel-p01-set-11-ts-137044331.vi,7,2,14,52.346293942587884,57.21387888310877,634,8497.0,5
409024447097,camera-0077-event-0022-rel-p02-set-11-ts-137061014.vi,0,2,14,24.270979291958582,14.58370235876124,197,8469.0,5
409024447097,camera-0077-event-0022-rel-p02-set-11-ts-137061014.vi,1,2,14,21.611917973835947,11.691366911884353,146,8469.0,5
409024447097,camera-0077-event-0022-rel-p02-set-11-ts-137061014.vi,2,2,14,79.48226796453594,75.52321072747282,683,8469.0,5
409024447097,camera-0077-event-0022-rel-p02-set-11-ts-137061014.vi,3,2,14,93.50837776675553,74.41034999993978,897,8469.0,5
409024447097,camera-0077-event-0022-rel-p02-set-11-ts-137061014.vi,4,2,14,54.337296174592346,58.73020026775824,802,8469.0,5
409024447097,camera-0077-event-0022-rel-p02-set-11-ts-137061014.vi,5,2,14,80.86697098394197,76.41099199948707,776,8469.0,5
409024447097,camera-0077-event-0022-rel-p02-set-11-ts-137061014.vi,6,2,14,92.3241288982578,74.52297608298639,837,8469.0,5
409024447097,camera-0077-event-0022-rel-p02-set-11-ts-137061014.vi,7,2,14,51.18117986235973,56.386188829603554,571,8469.0,5
409024463130,camera-0078-event-0022-rel-p03-set-11-ts-137077740.vi,0,2,14,24.620737491474983,14.86707044265529,203,-7564.0,5
409024463130,camera-0078-event-0022-rel-p03-set-11-ts-137077740.vi,1,2,14,21.881765763531526,11.90562645059754,150,-7564.0,5
409024463130,camera-0078-event-0022-rel-p03-set-11-ts-137077740.vi,2,2,14,80.36774598549196,75.46990048901871,764,-7564.0,5
409024463130,camera-0078-event-0022-rel-p03-set-11-ts-137077740.vi,3,2,14,93.9218178436357,74.48988004452087,904,-7564.0,5
409024463130,camera-0078-event-0022-rel-p03-set-11-ts-137077740.vi,4,2,14,55.795236840473684,59.6282302767242,872,-7564.0,5
409024463130,camera-0078-event-0022-rel-p03-set-11-ts-137077740.vi,5,2,14,81.55641236282473,76.27625166318033,857,-7564.0,5
409024463130,camera-0078-event-0022-rel-p03-set-11-ts-137077740.vi,6,2,14,92.96031992063985,74.50560917921582,864,-7564.0,5
409024463130,camera-0078-event-0022-rel-p03-set-11-ts-137077740.vi,7,2,14,52.48748372496745,57.345130767757595,643,-7564.0,5
409025231238,camera-0079-event-0000-rel-p00-set-11-ts-137844828.vi,0,2,14,24.374736499473,14.848518850169592,206,8572.0,5
409025231238,camera-0079-event-0000-rel-p00-set-11-ts-137844828.vi,1,2,14,21.753937007874015,11.88239900053066,149,8572.0,5
409025231238,camera-0079-event-0000-rel-p00-set-11-ts-137844828.vi,2,2,14,77.50436325872651,75.60687505948863,683,8572.0,5
409025231238,camera-0079-event-0000-rel-p00-set-11-ts-137844828.vi,3,2,14,91.30849711699423,74.89797636206785,838,8572.0,5
409025231238,camera-0079-event-0000-rel-p00-set-11-ts-137844828.vi,4,2,14,52.60762446524893,58.21979617438539,817,8572.0,5
409025231238,camera-0079-event-0000-rel-p00-set-11-ts-137844828.vi,5,2,14,79.0516926033852,76.45529879089824,784,8572.0,5
409025231238,camera-0079-event-0000-rel-p00-set-11-ts-137844828.vi,6,2,14,90.39347603695208,74.78151903524807,833,8572.0,5
409025231238,camera-0079-event-0000-rel-p00-set-11-ts-137844828.vi,7,2,14,49.513136276272554,55.944959309266956,600,8572.0,5
409025397146,camera-0080-event-0024-rel-m02-set-11-ts-138011637.vi,0,2,14,24.189511129022257,14.672684550863535,199,-6688.0,5
409025397146,camera-0080-event-0024-rel-m02-set-11-ts-138011637.vi,1,2,14,21.623984747969494,11.792437637578848,146,-6688.0,5
409025397146,camera-0080-event-0024-rel-m02-set-11-ts-138011637.vi,2,2,14,77.14408053816108,75.52033291260976,681,-6688.0,5
409025397146,camera-0080-event-0024-rel-m02-set-11-ts-138011637.vi,3,2,14,91.0768569037138,74.85950533612444,849,-6688.0,5
409025397146,camera-0080-event-0024-rel-m02-set-11-ts-138011637.vi,4,2,14,52.03964132928266,57.92583880379945,831,-6688.0,5
409025397146,camera-0080-event-0024-rel-m02-set-11-ts-138011637.vi,5,2,14,78.73479446958893,76.56455737108521,768,-6688.0,5
409025397146,camera-0080-event-0024-rel-m02-set-11-ts-138011637.vi,6,2,14,90.31449562899125,74.87251569156984,851,-6688.0,5
409025397146,camera-0080-event-0024-rel-m02-set-11-ts-138011637.vi,7,2,14,48.89726579453159,55.56921685231724,635,-6688.0,5
409025415915,camera-0081-event-0024-rel-m01-set-11-ts-138028320.vi,0,2,14,24.541447082894166,14.883246391993973,204,6513.0,5
409025415915,camera-0081-event-0024-rel-m01-set-11-ts-138028320.vi,1,2,14,21.907426064852128,11.988864908715701,150,6513.0,5
409025415915,camera-0081-event-0024-rel-m01-set-11-ts-138028320.vi,2,2,14,78.00711451422903,75.70321868545899,700,6513.0,5
409025415915,camera-0081-event-0024-rel-m01-set-11-ts-138028320.vi,3,2,14,91.6499705499411,74.82734274743143,919,6513.0,5
409025415915,camera-0081-event-0024-rel-m01-set-11-ts-138028320.vi,4,2,14,53.00429350858702,58.56210173487065,864,6513.0,5
409025415915,camera-0081-event-0024-rel-m01-set-11-ts-138028320.vi,5,2,14,79.21844193688388,76.45840124531696,780,6513.0,5
409025415915,camera-0081-event-0024-rel-m01-set-11-ts-138028320.vi,6,2,14,90.79481833963668,74.78954418414574,879,6513.0,5
409025415915,camera-0081-event-0024-rel-m01-set-11-ts-138028320.vi,7,2,14,50.05722611445223,56.408826269385685,640,6513.0,5
409025431069,camera-0082-event-0024-rel-p01-set-11-ts-138044993.vi,0,2,14,24.35759346518693,14.751315809853642,202,-8641.0,5
409025431069,camera-0082-event-0024-rel-p01-set-11-ts-138044993.vi,1,2,14,21.752960505921013,11.835458768741951,146,-8641.0,5
409025431069,camera-0082-event-0024-rel-p01-set-11-ts-138044993.vi,2,2,14,77.5520336040672,75.4647012904162,669,-8641.0,5
409025431069,camera-0082-event-0024-rel-p01-set-11-ts-138044993.vi,3,2,14,91.47671120342241,74.8575050140275,917,-8641.0,5
409025431069,camera-0082-event-0024-rel-p01-set-11-ts-138044993.vi,4,2,14,52.550406100812204,58.00411966563995,813,-8641.0,5
409025431069,camera-0082-event-0024-rel-p01-set-11-ts-138044993.vi,5,2,14,79.11070122140244,76.35191012013024,759,-8641.0,5
409025431069,camera-0082-event-0024-rel-p01-set-11-ts-138044993.vi,6,2,14,90.78522382044764,74.7677622941299,867,-8641.0,5
409025431069,camera-0082-event-0024-rel-p01-set-11-ts-138044993.vi,7,2,14,49.46324167648336,55.82102102524757,646,-8641.0,5
409025447657,camera-0083-event-0024-rel-p02-set-11-ts-138061676.vi,0,2,14,24.20236840473681,14.706018704756312,200,-6907.0,5
409025447657,camera-0083-event-0024-rel-p02-set-11-ts-138061676.vi,1,2,14,21.62038099076198,11.771130832043642,144,-6907.0,5
409025447657,camera-0083-event-0024-rel-p02-set-11-ts-138061676.vi,2,2,14,76.83904767809535,75.65795506854658,699,-6907.0,5
409025447657,camera-0083-event-0024-rel-p02-set-11-ts-138061676.vi,3,2,14,90.9719449438899,74.7820698873156,843,-6907.0,5
409025447657,camera-0083-event-0024-rel-p02-set-11-ts-138061676.vi,4,2,14,51.9506944013888,57.93319262281704,854,-6907.0,5
409025447657,camera-0083-event-0024-rel-p02-set-11-ts-138061676.vi,5,2,14,78.23955297910595,76.3273822669397,827,-6907.0,5
409025447657,camera-0083-event-0024-rel-p02-set-11-ts-138061676.vi,6,2,14,90.2987475974952,74.95733673401259,882,-6907.0,5
409025447657,camera-0083-event-0024-rel-p02-set-11-ts-138061676.vi,7,2,14,48.882850765701534,55.49735468017466,659,-6907.0,5
409025464046,camera-0084-event-0024-rel-p03-set-11-ts-138078412.vi,0,2,14,24.536758323516647,14.948063426997996,205,-6338.0,5
409025464046,camera-0084-event-0024-rel-p03-set-11-ts-138078412.vi,1,2,14,21.87744900489801,11.975397252447022,147,-6338.0,5
409025464046,camera-0084-event-0024-rel-p03-set-11-ts-138078412.vi,2,2,14,77.81065162130324,75.24165925122708,650,-6338.0,5
409025464046,camera-0084-event-0024-rel-p03-set-11-ts-138078412.vi,3,2,14,91.68050561101123,74.89725886164545,894,-6338.0,5
409025464046,camera-0084-event-0024-rel-p03-set-11-ts-138078412.vi,4,2,14,53.19023963047926,58.57774360548099,861,-6338.0,5
409025464046,camera-0084-event-0024-rel-p03-set-11-ts-138078412.vi,5,2,14,79.63044826089653,76.27113229365685,817,-6338.0,5
409025464046,camera-0084-event-0024-rel-p03-set-11-ts-138078412.vi,6,2,14,90.89684729369459,74.90372460816874,867,-6338.0,5
409025464046,camera-0084-event-0024-rel-p03-set-11-ts-138078412.vi,7,2,14,50.26844503689007,56.471549155110154,621,-6338.0,5
409026232233,camera-0085-event-0000-rel-p00-set-11-ts-138845863.vi,0,2,14,24.336040672081346,14.914166160307397,197,7675.0,5
409026232233,camera-0085-event-0000-rel-p00-set-11-ts-138845863.vi,1,2,14,21.69539339078678,11.846152399063897,142,7675.0,5
409026232233,camera-0085-event-0000-rel-p00-set-11-ts-138845863.vi,2,2,14,77.75834676669353,75.60417138665754,664,7675.0,5
409026232233,camera-0085-event-0000-rel-p00-set-11-ts-138845863.vi,3,2,14,91.36844348688697,74.96396083858777,850,7675.0,5
409026232233,camera-0085-event-0000-rel-p00-set-11-ts-138845863.vi,4,2,14,52.78527807055614,58.42310314938081,822,7675.0,5
409026232233,camera-0085-event-0000-rel-p00-set-11-ts-138845863.vi,5,2,14,79.2738235476471,76.42061026015205,778,7675.0,5
409026232233,camera-0085-event-0000-rel-p00-set-11-ts-138845863.vi,6,2,14,90.64706429412858,75.06646213579087,885,7675.0,5
409026232233,camera-0085-event-0000-rel-p00-set-11-ts-138845863.vi,7,2,14,49.70983166966334,56.17983908491643,621,7675.0,5
409027232456,camera-0086-event-0000-rel-p00-set-11-ts-139846826.vi,0,2,14,24.275815301630605,14.882782596543235,193,8034.0,5
409027232456,camera-0086-event-0000-rel-p00-set-11-ts-139846826.vi,1,2,14,21.661533573067146,11.852984242098241,138,8034.0,5
409027232456,camera-0086-event-0000-rel-p00-set-11-ts-139846826.vi,2,2,14,77.54315208630418,75.50411374649434,629,8034.0,5
409027232456,camera-0086-event-0000-rel-p00-set-11-ts-139846826.vi,3,2,14,91.28360406720813,74.7810269707358,854,8034.0,5
409027232456,camera-0086-event-0000-rel-p00-set-11-ts-139846826.vi,4,2,14,52.56482112964226,58.111646420114916,797,8034.0,5
409027232456,camera-0086-event-0000-rel-p00-set-11-ts-139846826.vi,5,2,14,79.03518507037015,76.38125044933567,754,8034.0,5
409027232456,camera-0086-event-0000-rel-p00-set-11-ts-139846826.vi,6,2,14,90.49470673941347,74.81361636183506,793,8034.0,5
409027232456,camera-0086-event-0000-rel-p00-set-11-ts-139846826.vi,7,2,14,49.50692076384153,55.849252066442546,637,8034.0,5
409028233139,camera-0087-event-0000-rel-p00-set-11-ts-140847858.vi,0,2,14,24.19475013950028,14.909018705692786,188,5762.0,5
409028233139,camera-0087-event-0000-rel-p00-set-11-ts-140847858.vi,1,2,14,21.586931923863848,11.766630773629602,108,5762.0,5
409028233139,camera-0087-event-0000-rel-p00-set-11-ts-140847858.vi,2,2,14,77.67807210614421,75.44610596391468,655,5762.0,5
409028233139,camera-0087-event-0000-rel-p00-set-11-ts-140847858.vi,3,2,14,91.49407123814248,74.6877482949469,817,5762.0,5
409028233139,camera-0087-event-0000-rel-p00-set-11-ts-140847858.vi,4,2,14,52.52169229338459,57.860763339081664,759,5762.0,5
409028233139,camera-0087-event-0000-rel-p00-set-11-ts-140847858.vi,5,2,14,79.13520677041355,76.37747479265799,807,5762.0,5
409028233139,camera-0087-event-0000-rel-p00-set-11-ts-140847858.vi,6,2,14,90.93679862359724,74.82406719516169,838,5762.0,5
409028233139,camera-0087-event-0000-rel-p00-set-11-ts-140847858.vi,7,2,14,49.5493908487817,55.9397826110139,587,5762.0,5
409029234208,camera-0088-event-0000-rel-p00-set-11-ts-141848842.vi,0,2,14,24.228989707979416,14.999152910004222,195,8614.0,5
409029234208,camera-0088-event-0000-rel-p00-set-11-ts-141848842.vi,1,2,14,21.60481895963792,11.86411242032043,138,8614.0,5
409029234208,camera-0088-event-0000-rel-p00-set-11-ts-141848842.vi,2,2,14,77.6981136462273,75.50360493480025,691,8614.0,5
409029234208,camera-0088-event-0000-rel-p00-set-11-ts-141848842.vi,3,2,14,91.45221340442681,74.88632928893284,815,8614.0,5
409029234208,camera-0088-event-0000-rel-p00-set-11-ts-141848842.vi,4,2,14,52.526427552855104,58.0793962694034,805,8614.0,5
409029234208,camera-0088-event-0000-rel-p00-set-11-ts-141848842.vi,5,2,14,78.86476222952446,76.40613674030038,757,8614.0,5
409029234208,camera-0088-event-0000-rel-p00-set-11-ts-141848842.vi,6,2,14,90.51463202926406,74.67595570128894,808,8614.0,5
409029234208,camera-0088-event-0000-rel-p00-set-11-ts-141848842.vi,7,2,14,49.31667338334677,55.78337811113083,629,8614.0,5
409030235424,camera-0089-event-0000-rel-p00-set-11-ts-142849868.vi,0,2,14,24.223339946679893,14.725264667734077,203,7345.0,5
409030235424,camera-0089-event-0000-rel-p00-set-11-ts-142849868.vi,1,2,14,21.62786750573501,11.816828073071415,149,7345.0,5
409030235424,camera-0089-event-0000-rel-p00-set-11-ts-142849868.vi,2,2,14,78.24166873333746,75.83166000076388,646,7345.0,5
409030235424,camera-0089-event-0000-rel-p00-set-11-ts-142849868.vi,3,2,14,92.10988746977495,74.68357096302829,813,7345.0,5
409030235424,camera-0089-event-0000-rel-p00-set-11-ts-142849868.vi,4,2,14,52.753851757703515,57.99366168335625,786,7345.0,5
409030235424,camera-0089-event-0000-rel-p00-set-11-ts-142849868.vi,5,2,14,79.95949841899684,76.55428111634993,773,7345.0,5
409030235424,camera-0089-event-0000-rel-p00-set-11-ts-142849868.vi,6,2,14,91.24122698245397,74.69440601656791,860,7345.0,5
409030235424,camera-0089-event-0000-rel-p00-set-11-ts-142849868.vi,7,2,14,49.9506866513733,55.980303139025516,601,7345.0,5
409031236453,camera-0090-event-0000-rel-p00-set-11-ts-143850743.vi,0,2,14,24.089621179242357,14.680659883119844,200,6075.0,5
409031236453,camera-0090-event-0000-rel-p00-set-11-ts-143850743.vi,1,2,14,21.528357306714614,11.73626083317855,143,6075.0,5
409031236453,camera-0090-event-0000-rel-p00-set-11-ts-143850743.vi,2,2,14,77.11210397420795,75.51148533794668,604,6075.0,5
409031236453,camera-0090-event-0000-rel-p00-set-11-ts-143850743.vi,3,2,14,91.19352563705128,74.75129162204428,798,6075.0,5
409031236453,camera-0090-event-0000-rel-p00-set-11-ts-143850743.vi,4,2,14,51.866025482050965,57.62141086495903,771,6075.0,5
409031236453,camera-0090-event-0000-rel-p00-set-11-ts-143850743.vi,5,2,14,78.75580476160953,76.4799015520123,761,6075.0,5
409031236453,camera-0090-event-0000-rel-p00-set-11-ts-143850743.vi,6,2,14,90.45156240312481,74.72273813424593,845,6075.0,5
409031236453,camera-0090-event-0000-rel-p00-set-11-ts-143850743.vi,7,2,14,48.94470363940728,55.449393516422724,600,6075.0,5
409031853344,camera-0091-event-0037-rel-m02-set-11-ts-144468096.vi,0,2,14,24.588574927149853,15.330406780014531,195,6264.0,5
409031853344,camera-0091-event-0037-rel-m02-set-11-ts-144468096.vi,1,2,14,21.84171368342737,12.037927783281706,137,6264.0,5
409031853344,camera-0091-event-0037-rel-m02-set-11-ts-144468096.vi,2,2,14,79.64245303490607,75.67956596378471,722,6264.0,5
409031853344,camera-0091-event-0037-rel-m02-set-11-ts-144468096.vi,3,2,14,92.80851261702523,74.63684147906922,872,6264.0,5
409031853344,camera-0091-event-0037-rel-m02-set-11-ts-144468096.vi,4,2,14,54.606709963419924,58.96820866794029,833,6264.0,5
409031853344,camera-0091-event-0037-rel-m02-set-11-ts-144468096.vi,5,2,14,80.97332444664889,76.51903107227972,846,6264.0,5
409031853344,camera-0091-event-0037-rel-m02-set-11-ts-144468096.vi,6,2,14,92.50382850765702,74.76217548070899,867,6264.0,5
409031853344,camera-0091-event-0037-rel-m02-set-11-ts-144468096.vi,7,2,14,51.75733151466303,57.03999641257336,650,6264.0,5
409031869957,camera-0092-event-0037-rel-m01-set-11-ts-144484791.vi,0,2,14,24.44476563953128,15.176675733983972,188,6087.0,5
409031869957,camera-0092-event-0037-rel-m01-set-11-ts-144484791.vi,1,2,14,21.728330956661914,11.908385751133624,133,6087.0,5
409031869957,camera-0092-event-0037-rel-m01-set-11-ts-144484791.vi,2,2,14,79.44247938495877,75.4561173904195,667,6087.0,5
409031869957,camera-0092-event-0037-rel-m01-set-11-ts-144484791.vi,3,2,14,92.76596503193007,74.63937960498627,885,6087.0,5
409031869957,camera-0092-event-0037-rel-m01-set-11-ts-144484791.vi,4,2,14,54.0747256494513,58.76990466975314,849,6087.0,5
409031869957,camera-0092-event-0037-rel-m01-set-11-ts-144484791.vi,5,2,14,80.58768367536734,76.34257206477307,808,6087.0,5
409031869957,camera-0092-event-0037-rel-m01-set-11-ts-144484791.vi,6,2,14,92.09116343232687,74.5837760573607,906,6087.0,5
409031869957,camera-0092-event-0037-rel-m01-set-11-ts-144484791.vi,7,2,14,51.26781728563457,56.80216589415467,617,6087.0,5
409031886947,camera-0093-event-0037-rel-p01-set-11-ts-144501474.vi,0,1,255,24.23242296484593,15.07725667423589,185,5860.0,5
409031886947,camera-0093-event-0037-rel-p01-set-11-ts-144501474.vi,1,1,255,21.55505611011222,11.809565159753351,129,5860.0,5
409031886947,camera-0093-event-0037-rel-p01-set-11-ts-144501474.vi,2,1,255,79.14360003720007,75.61870724363335,676,5860.0,5
409031886947,camera-0093-event-0037-rel-p01-set-11-ts-144501474.vi,3,1,255,92.65301630603261,74.64622178097005,873,5860.0,5
409031886947,camera-0093-event-0037-rel-p01-set-11-ts-144501474.vi,4,1,255,53.646971293942585,58.4350904534386,805,5860.0,5
409031886947,camera-0093-event-0037-rel-p01-set-11-ts-144501474.vi,5,1,255,80.07012989025978,76.18798562947204,762,5860.0,5
409031886947,camera-0093-event-0037-rel-p01-set-11-ts-144501474.vi,6,1,255,91.75983476966954,74.62311231612685,853,5860.0,5
409031886947,camera-0093-event-0037-rel-p01-set-11-ts-144501474.vi,7,1,255,50.60778721557443,56.45975121134,649,5860.0,5
409031903838,camera-0094-event-0037-rel-p02-set-11-ts-144518126.vi,0,1,255,24.608283216566434,15.286464457828426,189,6531.0,5
409031903838,camera-0094-event-0037-rel-p02-set-11-ts-144518126.vi,1,1,255,21.87045849091698,12.083066406420766,138,6531.0,5
409031903838,camera-0094-event-0037-rel-p02-set-11-ts-144518126.vi,2,1,255,79.70356965713931,75.71464238436127,706,6531.0,5
409031903838,camera-0094-event-0037-rel-p02-set-11-ts-144518126.vi,3,1,255,93.08952817905636,74.61831857197076,863,6531.0,5
409031903838,camera-0094-event-0037-rel-p02-set-11-ts-144518126.vi,4,1,255,54.73363196726393,59.1218252466336,822,6531.0,5
409031903838,camera-0094-event-0037-rel-p02-set-11-ts-144518126.vi,5,1,255,81.00399900799802,76.40717193837118,804,6531.0,5
409031903838,camera-0094-event-0037-rel-p02-set-11-ts-144518126.vi,6,1,255,92.127077004154,74.56902624278167,871,6531.0,5
409031903838,camera-0094-event-0037-rel-p02-set-11-ts-144518126.vi,7,1,255,51.67824260648521,57.122267212914416,643,6531.0,5
409031922579,camera-0095-event-0037-rel-p03-set-11-ts-144534810.vi,0,1,255,24.4498418996838,15.182010873297141,188,-12210.0,5
409031922579,camera-0095-event-0037-rel-p03-set-11-ts-144534810.vi,1,1,255,21.746194742389484,11.966156761795276,135,-12210.0,5
409031922579,camera-0095-event-0037-rel-p03-set-11-ts-144534810.vi,2,1,255,79.28825407650815,75.62600109312696,694,-12210.0,5
409031922579,camera-0095-event-0037-rel-p03-set-11-ts-144534810.vi,3,1,255,92.92113584227168,74.62028329033883,842,-12210.0,5
409031922579,camera-0095-event-0037-rel-p03-set-11-ts-144534810.vi,4,1,255,54.210629921259844,58.90769088036883,841,-12210.0,5
409031922579,camera-0095-event-0037-rel-p03-set-11-ts-144534810.vi,5,1,255,80.60605896211793,76.27635546277665,789,-12210.0,5
409031922579,camera-0095-event-0037-rel-p03-set-11-ts-144534810.vi,6,1,255,91.85492745985492,74.75745410060507,831,-12210.0,5
409031922579,camera-0095-event-0037-rel-p03-set-11-ts-144534810.vi,7,1,255,51.35381145762292,56.83973445542867,624,-12210.0,5
409032237121,camera-0096-event-0000-rel-p00-set-11-ts-144851692.vi,0,1,255,24.26508928017856,15.110532062784472,189,6557.0,5
409032237121,camera-0096-event-0000-rel-p00-set-11-ts-144851692.vi,1,1,255,21.623744497488996,11.889604137873544,128,6557.0,5
409032237121,camera-0096-event-0000-rel-p00-set-11-ts-144851692.vi,2,1,255,78.10695021390043,75.61847940472936,742,6557.0,5
409032237121,camera-0096-event-0000-rel-p00-set-11-ts-144851692.vi,3,1,255,92.31219387438775,74.8053537229229,857,6557.0,5
409032237121,camera-0096-event-0000-rel-p00-set-11-ts-144851692.vi,4,1,255,52.93003286006572,58.153875299549426,815,6557.0,5
409032237121,camera-0096-event-0000-rel-p00-set-11-ts-144851692.vi,5,1,255,79.64879254758509,76.44818851008253,786,6557.0,5
409032237121,camera-0096-event-0000-rel-p00-set-11-ts-144851692.vi,6,1,255,91.11748248496497,74.74269563364993,831,6557.0,5
409032237121,camera-0096-event-0000-rel-p00-set-11-ts-144851692.vi,7,1,255,49.81604563209127,56.01432875227781,591,6557.0,5
409032389192,camera-0097-event-0038-rel-m02-set-11-ts-145001830.vi,0,1,255,24.33990792981586,15.24978210310008,191,5309.0,5
409032389192,camera-0097-event-0038-rel-m02-set-11-ts-145001830.vi,1,1,255,21.663300576601152,11.966919670046618,136,5309.0,5
409032389192,camera-0097-event-0038-rel-m02-set-11-ts-145001830.vi,2,1,255,78.35612096224193,75.54492804243182,672,5309.0,5
409032389192,camera-0097-event-0038-rel-m02-set-11-ts-145001830.vi,3,1,255,91.97767995535992,74.71588152958184,843,5309.0,5
409032389192,camera-0097-event-0038-rel-m02-set-11-ts-145001830.vi,4,1,255,53.330507161014324,58.345853864797576,810,5309.0,5
409032389192,camera-0097-event-0038-rel-m02-set-11-ts-145001830.vi,5,1,255,79.76829778659557,76.56371191658383,773,5309.0,5
409032389192,camera-0097-event-0038-rel-m02-set-11-ts-145001830.vi,6,1,255,91.27717930435861,74.64946924207437,844,5309.0,5
409032389192,camera-0097-event-0038-rel-m02-set-11-ts-145001830.vi,7,1,255,50.07282689565379,56.08172051856674,630,5309.0,5
409032403886,camera-0098-event-0038-rel-m01-set-11-ts-145018536.vi,0,1,255,24.640841031682065,15.404791525972398,196,5972.0,5
409032403886,camera-0098-event-0038-rel-m01-set-11-ts-145018536.vi,1,1,255,21.90987506975014,12.171781466478954,142,5972.0,5
409032403886,camera-0098-event-0038-rel-m01-set-11-ts-145018536.vi,2,1,255,79.21403217806436,75.76384765763679,678,5972.0,5
409032403886,camera-0098-event-0038-rel-m01-set-11-ts-145018536.vi,3,1,255,92.31887438774878,74.77405033429315,864,5972.0,5
409032403886,camera-0098-event-0038-rel-m01-set-11-ts-145018536.vi,4,1,255,54.29761609523219,58.92693706705647,895,5972.0,5
409032403886,camera-0098-event-0038-rel-m01-set-11-ts-145018536.vi,5,1,255,80.35693471386942,76.3702416664532,819,5972.0,5
409032403886,camera-0098-event-0038-rel-m01-set-11-ts-145018536.vi,6,1,255,91.57765515531031,74.78169915690584,829,5972.0,5
409032403886,camera-0098-event-0038-rel-m01-set-11-ts-145018536.vi,7,1,255,51.39394103788207,57.00647827656241,650,5972.0,5
409032420941,camera-0099-event-0038-rel-p01-set-11-ts-145035219.vi,0,1,255,24.428684357368716,15.236765680660207,193,7085.0,5
409032420941,camera-0099-event-0038-rel-p01-set-11-ts-145035219.vi,1,1,255,21.74677599355199,12.009846926736811,136,7085.0,5
409032420941,camera-0099-event-0038-rel-p01-set-11-ts-145035219.vi,2,1,255,78.86622698245397,75.70781064335932,673,7085.0,5
409032420941,camera-0099-event-0038-rel-p01-set-11-ts-145035219.vi,3,1,255,92.38480376960754,74.79422448429474,829,7085.0,5
409032420941,camera-0099-event-0038-rel-p01-set-11-ts-145035219.vi,4,1,255,53.78706832413665,58.68775136215745,788,7085.0,5
409032420941,camera-0099-event-0038-rel-p01-set-11-ts-145035219.vi,5,1,255,80.11972223944449,76.39128508783529,801,7085.0,5
409032420941,camera-0099-event-0038-rel-p01-set-11-ts-145035219.vi,6,1,255,91.50329375658751,74.75215401190957,817,7085.0,5
409032420941,camera-0099-event-0038-rel-p01-set-11-ts-145035219.vi,7,1,255,50.57804265608531,56.426886927626526,609,7085.0,5
409032438994,camera-0100-event-0038-rel-p02-set-11-ts-145051888.vi,0,1,255,24.313333126666254,15.157889334313897,188,10908.0,5
409032438994,camera-0100-event-0038-rel-p02-set-11-ts-145051888.vi,1,1,255,21.658999317998635,11.944404342830486,133,10908.0,5
409032438994,camera-0100-event-0038-rel-p02-set-11-ts-145051888.vi,2,1,255,78.1018274536549,75.51458633168771,638,10908.0,5
409032438994,camera-0100-event-0038-rel-p02-set-11-ts-145051888.vi,3,1,255,92.03375906751813,74.8227061539634,861,10908.0,5
409032438994,camera-0100-event-0038-rel-p02-set-11-ts-145051888.vi,4,1,255,53.28097681195362,58.46230808924648,822,10908.0,5
409032438994,camera-0100-event-0038-rel-p02-set-11-ts-145051888.vi,5,1,255,79.81062062124124,76.43386369465873,736,10908.0,5
409032438994,camera-0100-event-0038-rel-p02-set-11-ts-145051888.vi,6,1,255,91.20287990575981,74.70416923272731,794,10908.0,5
409032438994,camera-0100-event-0038-rel-p02-set-11-ts-145051888.vi,7,1,255,50.2251224502449,56.210685770288784,633,10908.0,5
409032464543,camera-0101-event-0038-rel-p03-set-11-ts-145068572.vi,0,1,255,24.62770475540951,15.330403747801979,193,5998.0,5
409032464543,camera-0101-event-0038-rel-p03-set-11-ts-145068572.vi,1,1,255,21.91790408580817,12.163634589725447,138,5998.0,5
409032464543,camera-0101-event-0038-rel-p03-set-11-ts-145068572.vi,2,1,255,78.90658131316263,75.63418011405166,671,5998.0,5
409032464543,camera-0101-event-0038-rel-p03-set-11-ts-145068572.vi,3,1,255,92.49906999814,74.79585168960882,879,5998.0,5
409032464543,camera-0101-event-0038-rel-p03-set-11-ts-145068572.vi,4,1,255,54.23298096596193,59.08011374733245,894,5998.0,5
409032464543,camera-0101-event-0038-rel-p03-set-11-ts-145068572.vi,5,1,255,80.49623349246698,76.39240508658278,830,5998.0,5
409032464543,camera-0101-event-0038-rel-p03-set-11-ts-145068572.vi,6,1,255,92.09633269266538,74.75515257623756,911,5998.0,5
409032464543,camera-0101-event-0038-rel-p03-set-11-ts-145068572.vi,7,1,255,51.141964783929566,56.8938756578123,707,5998.0,5
409033254736,camera-0102-event-0000-rel-p00-set-11-ts-145869362.vi,0,1,255,24.680513361026723,15.600736224858187,197,7141.0,6
409033254736,camera-0102-event-0000-rel-p00-set-11-ts-145869362.vi,1,1,255,21.889283278566555,12.167504938501741,139,7141.0,6
409033254736,camera-0102-event-0000-rel-p00-set-11-ts-145869362.vi,2,1,255,79.49575299150598,75.63081172711503,731,7141.0,6
409033254736,camera-0102-event-0000-rel-p00-set-11-ts-145869362.vi,3,1,255,92.78682032364065,74.73920407432588,956,7141.0,6
409033254736,camera-0102-event-0000-rel-p00-set-11-ts-145869362.vi,4,1,255,54.56786688573377,59.10840284343341,850,7141.0,6
409033254736,camera-0102-event-0000-rel-p00-set-11-ts-145869362.vi,5,1,255,81.14759904519809,76.5204063603991,861,7141.0,6
409033254736,camera-0102-event-0000-rel-p00-set-11-ts-145869362.vi,6,1,255,92.29390383780768,74.61123263375931,835,7141.0,6
409033254736,camera-0102-event-0000-rel-p00-set-11-ts-145869362.vi,7,1,255,51.46305567611135,57.06034855209365,645,7141.0,6
409034255329,camera-0103-event-0000-rel-p00-set-11-ts-146872279.vi,0,1,255,25.281178312356623,12.734041718025733,5,5042.0,5
409034255329,camera-0103-event-0000-rel-p00-set-11-ts-146872279.vi,1,1,255,21.27035929071858,8.587478572880803,0,5042.0,5
409034255329,camera-0103-event-0000-rel-p00-set-11-ts-146872279.vi,2,1,255,102.59429443858888,74.20374018852924,1568,5042.0,5
409034255329,camera-0103-event-0000-rel-p00-set-11-ts-146872279.vi,3,1,255,114.05886136772274,71.30439008383993,1745,5042.0,5
409034255329,camera-0103-event-0000-rel-p00-set-11-ts-146872279.vi,4,1,255,84.31220937441874,67.44486566723432,1772,5042.0,5
409034255329,camera-0103-event-0000-rel-p00-set-11-ts-146872279.vi,5,1,255,104.14615754231508,74.57945555215545,1763,5042.0,5
409034255329,camera-0103-event-0000-rel-p00-set-11-ts-146872279.vi,6,1,255,112.93460536921074,71.42855556517937,1640,5042.0,5
409034255329,camera-0103-event-0000-rel-p00-set-11-ts-146872279.vi,7,1,255,80.60331545663091,66.59284916680537,1475,5042.0,5
409034872652,camera-0104-event-0043-rel-m02-set-11-ts-147488354.vi,0,1,255,25.644189038378077,20.61983384796998,481,4123.0,8
409034872652,camera-0104-event-0043-rel-m02-set-11-ts-147488354.vi,1,1,255,21.79050933101866,14.44344937069542,45,4123.0,8
409034872652,camera-0104-event-0043-rel-m02-set-11-ts-147488354.vi,2,1,255,90.81451887903776,74.51009014274267,1202,4123.0,8
409034872652,camera-0104-event-0043-rel-m02-set-11-ts-147488354.vi,3,1,255,103.48259346518694,73.14783456620268,1430,4123.0,8
409034872652,camera-0104-event-0043-rel-m02-set-11-ts-147488354.vi,4,1,255,69.69339388678777,65.3246897046555,1398,4123.0,8
409034872652,camera-0104-event-0043-rel-m02-set-11-ts-147488354.vi,5,1,255,92.06746388492778,74.98279277088682,1343,4123.0,8
409034872652,camera-0104-event-0043-rel-m02-set-11-ts-147488354.vi,6,1,255,102.61233647467294,73.21858888946997,1402,4123.0,8
409034872652,camera-0104-event-0043-rel-m02-set-11-ts-147488354.vi,7,1,255,66.36237522475045,63.56302480589925,1117,4123.0,8
409034889354,camera-0105-event-0043-rel-m01-set-11-ts-147505035.vi,0,1,255,25.73509672019344,20.649359032055987,481,4326.0,8
409034889354,camera-0105-event-0043-rel-m01-set-11-ts-147505035.vi,1,1,255,21.888322276644555,14.674526731534463,38,4326.0,8
409034889354,camera-0105-event-0043-rel-m01-set-11-ts-147505035.vi,2,1,255,90.72104594209189,74.51778053987142,1239,4326.0,8
409034889354,camera-0105-event-0043-rel-m01-set-11-ts-147505035.vi,3,1,255,103.31925413850827,73.27376008221991,1470,4326.0,8
409034889354,camera-0105-event-0043-rel-m01-set-11-ts-147505035.vi,4,1,255,69.99705499410999,65.3707185174573,1431,4326.0,8
409034889354,camera-0105-event-0043-rel-m01-set-11-ts-147505035.vi,5,1,255,92.58882292764585,75.32840905489591,1413,4326.0,8
409034889354,camera-0105-event-0043-rel-m01-set-11-ts-147505035.vi,6,1,255,102.1759873519747,73.17798601047423,1409,4326.0,8
409034889354,camera-0105-event-0043-rel-m01-set-11-ts-147505035.vi,7,1,255,66.2998558497117,63.72836161402056,1075,4326.0,8
409034906301,camera-0106-event-0043-rel-p01-set-11-ts-147521714.vi,0,2,255,26.175646351292702,21.003022500937554,507,4666.0,8
409034906301,camera-0106-event-0043-rel-p01-set-11-ts-147521714.vi,1,2,255,22.18066836133672,14.86363664665827,50,4666.0,8
409034906301,camera-0106-event-0043-rel-p01-set-11-ts-147521714.vi,2,2,255,92.04236158472317,74.78271169466687,1300,4666.0,8
409034906301,camera-0106-event-0043-rel-p01-set-11-ts-147521714.vi,3,2,255,104.01691053382106,73.1340821349551,1513,4666.0,8
409034906301,camera-0106-event-0043-rel-p01-set-11-ts-147521714.vi,4,2,255,71.28478981957964,65.85393457229623,1451,4666.0,8
409034906301,camera-0106-event-0043-rel-p01-set-11-ts-147521714.vi,5,2,255,93.27931830863662,75.23503606904035,1492,4666.0,8
409034906301,camera-0106-event-0043-rel-p01-set-11-ts-147521714.vi,6,2,255,103.09242668485336,73.37914948624147,1511,4666.0,8
409034906301,camera-0106-event-0043-rel-p01-set-11-ts-147521714.vi,7,2,255,67.97797445594891,64.38903025959324,1188,4666.0,8
409034889354,camera-0107-event-0044-rel-m02-set-11-ts-147505035.vi,0,1,255,25.73509672019344,20.649359032055987,481,4326.0,8
409034889354,camera-0107-event-0044-rel-m02-set-11-ts-147505035.vi,1,1,255,21.888322276644555,14.674526731534463,38,4326.0,8
409034889354,camera-0107-event-0044-rel-m02-set-11-ts-147505035.vi,2,1,255,90.72104594209189,74.51778053987142,1239,4326.0,8
409034889354,camera-0107-event-0044-rel-m02-set-11-ts-147505035.vi,3,1,255,103.31925413850827,73.27376008221991,1470,4326.0,8
409034889354,camera-0107-event-0044-rel-m02-set-11-ts-147505035.vi,4,1,255,69.99705499410999,65.3707185174573,1431,4326.0,8
409034889354,camera-0107-event-0044-rel-m02-set-11-ts-147505035.vi,5,1,255,92.58882292764585,75.32840905489591,1413,4326.0,8
409034889354,camera-0107-event-0044-rel-m02-set-11-ts-147505035.vi,6,1,255,102.1759873519747,73.17798601047423,1409,4326.0,8
409034889354,camera-0107-event-0044-rel-m02-set-11-ts-147505035.vi,7,1,255,66.2998558497117,63.72836161402056,1075,4326.0,8
409034906301,camera-0108-event-0044-rel-m01-set-11-ts-147521714.vi,0,2,255,26.175646351292702,21.003022500937554,507,4666.0,8
409034906301,camera-0108-event-0044-rel-m01-set-11-ts-147521714.vi,1,2,255,22.18066836133672,14.86363664665827,50,4666.0,8
409034906301,camera-0108-event-0044-rel-m01-set-11-ts-147521714.vi,2,2,255,92.04236158472317,74.78271169466687,1300,4666.0,8
409034906301,camera-0108-event-0044-rel-m01-set-11-ts-147521714.vi,3,2,255,104.01691053382106,73.1340821349551,1513,4666.0,8
409034906301,camera-0108-event-0044-rel-m01-set-11-ts-147521714.vi,4,2,255,71.28478981957964,65.85393457229623,1451,4666.0,8
409034906301,camera-0108-event-0044-rel-m01-set-11-ts-147521714.vi,5,2,255,93.27931830863662,75.23503606904035,1492,4666.0,8
409034906301,camera-0108-event-0044-rel-m01-set-11-ts-147521714.vi,6,2,255,103.09242668485336,73.37914948624147,1511,4666.0,8
409034906301,camera-0108-event-0044-rel-m01-set-11-ts-147521714.vi,7,2,255,67.97797445594891,64.38903025959324,1188,4666.0,8
409034922788,camera-0109-event-0043-rel-p02-set-11-ts-147538397.vi,0,2,14,25.71009517019034,20.811234497806836,492,5863.0,8
409034922788,camera-0109-event-0043-rel-p02-set-11-ts-147538397.vi,1,2,14,21.846138942277886,14.658038759959112,43,5863.0,8
409034922788,camera-0109-event-0043-rel-p02-set-11-ts-147538397.vi,2,2,14,90.39425103850208,74.38752567593212,1196,5863.0,8
409034922788,camera-0109-event-0043-rel-p02-set-11-ts-147538397.vi,3,2,14,102.9521049042098,73.11040943209333,1404,5863.0,8
409034922788,camera-0109-event-0043-rel-p02-set-11-ts-147538397.vi,4,2,14,69.69344813689628,65.31668428458129,1421,5863.0,8
409034922788,camera-0109-event-0043-rel-p02-set-11-ts-147538397.vi,5,2,14,92.10688821377643,75.02482992571737,1371,5863.0,8
409034922788,camera-0109-event-0043-rel-p02-set-11-ts-147538397.vi,6,2,14,102.06429412858826,73.14414686703057,1383,5863.0,8
409034922788,camera-0109-event-0043-rel-p02-set-11-ts-147538397.vi,7,2,14,66.50800576601154,63.78658897735249,1112,5863.0,8
409034922788,camera-0110-event-0044-rel-p01-set-11-ts-147538397.vi,0,2,14,25.71009517019034,20.811234497806836,492,5863.0,8
409034922788,camera-0110-event-0044-rel-p01-set-11-ts-147538397.vi,1,2,14,21.846138942277886,14.658038759959112,43,5863.0,8
409034922788,camera-0110-event-0044-rel-p01-set-11-ts-147538397.vi,2,2,14,90.39425103850208,74.38752567593212,1196,5863.0,8
409034922788,camera-0110-event-0044-rel-p01-set-11-ts-147538397.vi,3,2,14,102.9521049042098,73.11040943209333,1404,5863.0,8
409034922788,camera-0110-event-0044-rel-p01-set-11-ts-147538397.vi,4,2,14,69.69344813689628,65.31668428458129,1421,5863.0,8
409034922788,camera-0110-event-0044-rel-p01-set-11-ts-147538397.vi,5,2,14,92.10688821377643,75.02482992571737,1371,5863.0,8
409034922788,camera-0110-event-0044-rel-p01-set-11-ts-147538397.vi,6,2,14,102.06429412858826,73.14414686703057,1383,5863.0,8
409034922788,camera-0110-event-0044-rel-p01-set-11-ts-147538397.vi,7,2,14,66.50800576601154,63.78658897735249,1112,5863.0,8
409034939411,camera-0111-event-0043-rel-p03-set-11-ts-147555154.vi,0,2,14,25.76182652365305,20.70957799622821,488,6638.0,8
409034939411,camera-0111-event-0043-rel-p03-set-11-ts-147555154.vi,1,2,14,21.881866513733026,14.748547599565391,54,6638.0,8
409034939411,camera-0111-event-0043-rel-p03-set-11-ts-147555154.vi,2,2,14,91.28481306962614,74.4025086918728,1220,6638.0,8
409034939411,camera-0111-event-0043-rel-p03-set-11-ts-147555154.vi,3,2,14,103.63890352780706,73.25623709146612,1465,6638.0,8
409034939411,camera-0111-event-0043-rel-p03-set-11-ts-147555154.vi,4,2,14,70.23911897823795,65.45722844366475,1396,6638.0,8
409034939411,camera-0111-event-0043-rel-p03-set-11-ts-147555154.vi,5,2,14,92.68348936697873,75.25794822300888,1415,6638.0,8
409034939411,camera-0111-event-0043-rel-p03-set-11-ts-147555154.vi,6,2,14,103.06926188852378,73.02638690060436,1411,6638.0,8
409034939411,camera-0111-event-0043-rel-p03-set-11-ts-147555154.vi,7,2,14,67.122504495009,63.95006403554337,1105,6638.0,8
409034939411,camera-0112-event-0044-rel-p02-set-11-ts-147555154.vi,0,2,14,25.76182652365305,20.70957799622821,488,6638.0,8
409034939411,camera-0112-event-0044-rel-p02-set-11-ts-147555154.vi,1,2,14,21.881866513733026,14.748547599565391,54,6638.0,8
409034939411,camera-0112-event-0044-rel-p02-set-11-ts-147555154.vi,2,2,14,91.28481306962614,74.4025086918728,1220,6638.0,8
409034939411,camera-0112-event-0044-rel-p02-set-11-ts-147555154.vi,3,2,14,103.63890352780706,73.25623709146612,1465,6638.0,8
409034939411,camera-0112-event-0044-rel-p02-set-11-ts-147555154.vi,4,2,14,70.23911897823795,65.45722844366475,1396,6638.0,8
409034939411,camera-0112-event-0044-rel-p02-set-11-ts-147555154.vi,5,2,14,92.68348936697873,75.25794822300888,1415,6638.0,8
409034939411,camera-0112-event-0044-rel-p02-set-11-ts-147555154.vi,6,2,14,103.06926188852378,73.02638690060436,1411,6638.0,8
409034939411,camera-0112-event-0044-rel-p02-set-11-ts-147555154.vi,7,2,14,67.122504495009,63.95006403554337,1105,6638.0,8
409034956130,camera-0113-event-0044-rel-p03-set-11-ts-147571837.vi,0,2,14,26.16197532395065,20.923628046859474,497,4691.0,8
409034956130,camera-0113-event-0044-rel-p03-set-11-ts-147571837.vi,1,2,14,22.16516058032116,14.816938748291152,55,4691.0,8
409034956130,camera-0113-event-0044-rel-p03-set-11-ts-147571837.vi,2,2,14,92.46024242048485,74.57579820516432,1317,4691.0,8
409034956130,camera-0113-event-0044-rel-p03-set-11-ts-147571837.vi,3,2,14,104.27152954305909,73.27845708882829,1480,4691.0,8
409034956130,camera-0113-event-0044-rel-p03-set-11-ts-147571837.vi,4,2,14,71.80947361894724,66.04938236132526,1494,4691.0,8
409034956130,camera-0113-event-0044-rel-p03-set-11-ts-147571837.vi,5,2,14,93.96004092008184,75.27436454886247,1511,4691.0,8
409034956130,camera-0113-event-0044-rel-p03-set-11-ts-147571837.vi,6,2,14,103.32299739599479,73.24252040020485,1478,4691.0,8
409034956130,camera-0113-event-0044-rel-p03-set-11-ts-147571837.vi,7,2,14,68.44825314650629,64.60225930393088,1233,4691.0,8
409035258941,camera-0114-event-0000-rel-p00-set-11-ts-147871617.vi,0,2,14,25.710955421910842,20.202853590756856,425,2338.0,7
409035258941,camera-0114-event-0000-rel-p00-set-11-ts-147871617.vi,1,2,14,22.02728780457561,14.316222809654848,33,2338.0,7
409035258941,camera-0114-event-0000-rel-p00-set-11-ts-147871617.vi,2,2,14,87.27795430590861,74.17883043905528,1084,2338.0,7
409035258941,camera-0114-event-0000-rel-p00-set-11-ts-147871617.vi,3,2,14,99.85488870977741,73.70417431439137,1345,2338.0,7
409035258941,camera-0114-event-0000-rel-p00-set-11-ts-147871617.vi,4,2,14,66.39801754603509,64.6757437220751,1337,2338.0,7
409035258941,camera-0114-event-0000-rel-p00-set-11-ts-147871617.vi,5,2,14,88.86059272118544,75.15351517228697,1289,2338.0,7
409035258941,camera-0114-event-0000-rel-p00-set-11-ts-147871617.vi,6,2,14,99.35269545539091,73.84554417663482,1330,2338.0,7
409035258941,camera-0114-event-0000-rel-p00-set-11-ts-147871617.vi,7,2,14,62.66971758943518,62.7211696709149,1054,2338.0,7
409035406493,camera-0115-event-0045-rel-m02-set-11-ts-148021644.vi,0,2,14,25.718054436108872,20.336011346001545,418,4520.0,8
409035406493,camera-0115-event-0045-rel-m02-set-11-ts-148021644.vi,1,2,14,22.004340008680018,14.18755497743691,34,4520.0,8
409035406493,camera-0115-event-0045-rel-m02-set-11-ts-148021644.vi,2,2,14,86.72121644243289,74.37012780152585,1110,4520.0,8
409035406493,camera-0115-event-0045-rel-m02-set-11-ts-148021644.vi,3,2,14,99.62793725587451,73.80748037753094,1367,4520.0,8
409035406493,camera-0115-event-0045-rel-m02-set-11-ts-148021644.vi,4,2,14,65.56248062496125,64.48196495165854,1375,4520.0,8
409035406493,camera-0115-event-0045-rel-m02-set-11-ts-148021644.vi,5,2,14,88.45074090148181,75.1657175168058,1301,4520.0,8
409035406493,camera-0115-event-0045-rel-m02-set-11-ts-148021644.vi,6,2,14,98.65500806001612,73.80402651697294,1335,4520.0,8
409035406493,camera-0115-event-0045-rel-m02-set-11-ts-148021644.vi,7,2,14,61.76237677475355,62.40182339516113,1055,4520.0,8
409035423548,camera-0116-event-0045-rel-m01-set-11-ts-148038327.vi,0,2,14,25.346355942711885,20.080944376187272,410,3894.0,7
409035423548,camera-0116-event-0045-rel-m01-set-11-ts-148038327.vi,1,2,14,21.759121768243535,14.11128476788085,31,3894.0,7
409035423548,camera-0116-event-0045-rel-m01-set-11-ts-148038327.vi,2,2,14,85.51289602579205,74.04684776250896,1069,3894.0,7
409035423548,camera-0116-event-0045-rel-m01-set-11-ts-148038327.vi,3,2,14,99.2746450492901,73.789836858661,1285,3894.0,7
409035423548,camera-0116-event-0045-rel-m01-set-11-ts-148038327.vi,4,2,14,64.01358577717156,63.80150753659161,1251,3894.0,7
409035423548,camera-0116-event-0045-rel-m01-set-11-ts-148038327.vi,5,2,14,86.7992900985802,74.70911816853894,1190,3894.0,7
409035423548,camera-0116-event-0045-rel-m01-set-11-ts-148038327.vi,6,2,14,98.35674096348193,73.69330217730152,1246,3894.0,7
409035423548,camera-0116-event-0045-rel-m01-set-11-ts-148038327.vi,7,2,14,60.275373550747105,61.633347839447616,955,3894.0,7
409035439860,camera-0117-event-0045-rel-p01-set-11-ts-148055050.vi,0,2,14,25.51752278504557,20.01603191783241,385,4812.0,8
409035439860,camera-0117-event-0045-rel-p01-set-11-ts-148055050.vi,1,2,14,21.896335792671586,14.195889415607748,31,4812.0,8
409035439860,camera-0117-event-0045-rel-p01-set-11-ts-148055050.vi,2,2,14,85.85749271498543,74.01618003182917,1087,4812.0,8
409035439860,camera-0117-event-0045-rel-p01-set-11-ts-148055050.vi,3,2,14,99.30359910719821,73.65949176248712,1334,4812.0,8
409035439860,camera-0117-event-0045-rel-p01-set-11-ts-148055050.vi,4,2,14,64.92666935333871,64.28429221487522,1318,4812.0,8
409035439860,camera-0117-event-0045-rel-p01-set-11-ts-148055050.vi,5,2,14,87.3027001054002,74.68898017255935,1267,4812.0,8
409035439860,camera-0117-event-0045-rel-p01-set-11-ts-148055050.vi,6,2,14,98.55293260586521,73.7098331562611,1279,4812.0,8
409035439860,camera-0117-event-0045-rel-p01-set-11-ts-148055050.vi,7,2,14,61.468333436666875,62.24137242789281,958,4812.0,8
409035423548,camera-0118-event-0046-rel-m02-set-11-ts-148038327.vi,0,2,14,25.346355942711885,20.080944376187272,410,3894.0,7
409035423548,camera-0118-event-0046-rel-m02-set-11-ts-148038327.vi,1,2,14,21.759121768243535,14.11128476788085,31,3894.0,7
409035423548,camera-0118-event-0046-rel-m02-set-11-ts-148038327.vi,2,2,14,85.51289602579205,74.04684776250896,1069,3894.0,7
409035423548,camera-0118-event-0046-rel-m02-set-11-ts-148038327.vi,3,2,14,99.2746450492901,73.789836858661,1285,3894.0,7
409035423548,camera-0118-event-0046-rel-m02-set-11-ts-148038327.vi,4,2,14,64.01358577717156,63.80150753659161,1251,3894.0,7
409035423548,camera-0118-event-0046-rel-m02-set-11-ts-148038327.vi,5,2,14,86.7992900985802,74.70911816853894,1190,3894.0,7
409035423548,camera-0118-event-0046-rel-m02-set-11-ts-148038327.vi,6,2,14,98.35674096348193,73.69330217730152,1246,3894.0,7
409035423548,camera-0118-event-0046-rel-m02-set-11-ts-148038327.vi,7,2,14,60.275373550747105,61.633347839447616,955,3894.0,7
409035439860,camera-0119-event-0046-rel-m01-set-11-ts-148055050.vi,0,2,14,25.51752278504557,20.01603191783241,385,4812.0,8
409035439860,camera-0119-event-0046-rel-m01-set-11-ts-148055050.vi,1,2,14,21.896335792671586,14.195889415607748,31,4812.0,8
409035439860,camera-0119-event-0046-rel-m01-set-11-ts-148055050.vi,2,2,14,85.85749271498543,74.01618003182917,1087,4812.0,8
409035439860,camera-0119-event-0046-rel-m01-set-11-ts-148055050.vi,3,2,14,99.30359910719821,73.65949176248712,1334,4812.0,8
409035439860,camera-0119-event-0046-rel-m01-set-11-ts-148055050.vi,4,2,14,64.92666935333871,64.28429221487522,1318,4812.0,8
409035439860,camera-0119-event-0046-rel-m01-set-11-ts-148055050.vi,5,2,14,87.3027001054002,74.68898017255935,1267,4812.0,8
409035439860,camera-0119-event-0046-rel-m01-set-11-ts-148055050.vi,6,2,14,98.55293260586521,73.7098331562611,1279,4812.0,8
409035439860,camera-0119-event-0046-rel-m01-set-11-ts-148055050.vi,7,2,14,61.468333436666875,62.24137242789281,958,4812.0,8
409035456811,camera-0120-event-0045-rel-p02-set-11-ts-148071733.vi,0,2,14,25.619598239196478,19.966818753559387,372,4637.0,8
409035456811,camera-0120-event-0045-rel-p02-set-11-ts-148071733.vi,1,2,14,21.97714520429041,14.222034732832768,32,4637.0,8
409035456811,camera-0120-event-0045-rel-p02-set-11-ts-148071733.vi,2,2,14,86.62028799057597,74.16723581802142,1057,4637.0,8
409035456811,camera-0120-event-0045-rel-p02-set-11-ts-148071733.vi,3,2,14,100.08911742823486,73.69540916418426,1338,4637.0,8
409035456811,camera-0120-event-0045-rel-p02-set-11-ts-148071733.vi,4,2,14,65.78487506975014,64.46352487608029,1368,4637.0,8
409035456811,camera-0120-event-0045-rel-p02-set-11-ts-148071733.vi,5,2,14,88.22118544237088,74.99032350040348,1262,4637.0,8
409035456811,camera-0120-event-0045-rel-p02-set-11-ts-148071733.vi,6,2,14,99.06160487320975,73.59488410556212,1239,4637.0,8
409035456811,camera-0120-event-0045-rel-p02-set-11-ts-148071733.vi,7,2,14,61.85298220596441,62.26962458794624,994,4637.0,8
409035456811,camera-0121-event-0046-rel-p01-set-11-ts-148071733.vi,0,2,14,25.619598239196478,19.966818753559387,372,4637.0,8
409035456811,camera-0121-event-0046-rel-p01-set-11-ts-148071733.vi,1,2,14,21.97714520429041,14.222034732832768,32,4637.0,8
409035456811,camera-0121-event-0046-rel-p01-set-11-ts-148071733.vi,2,2,14,86.62028799057597,74.16723581802142,1057,4637.0,8
409035456811,camera-0121-event-0046-rel-p01-set-11-ts-148071733.vi,3,2,14,100.08911742823486,73.69540916418426,1338,4637.0,8
409035456811,camera-0121-event-0046-rel-p01-set-11-ts-148071733.vi,4,2,14,65.78487506975014,64.46352487608029,1368,4637.0,8
409035456811,camera-0121-event-0046-rel-p01-set-11-ts-148071733.vi,5,2,14,88.22118544237088,74.99032350040348,1262,4637.0,8
409035456811,camera-0121-event-0046-rel-p01-set-11-ts-148071733.vi,6,2,14,99.06160487320975,73.59488410556212,1239,4637.0,8
409035456811,camera-0121-event-0046-rel-p01-set-11-ts-148071733.vi,7,2,14,61.85298220596441,62.26962458794624,994,4637.0,8
409035473319,camera-0122-event-0045-rel-p03-set-11-ts-148088265.vi,0,2,14,25.288571827143656,19.87809272778119,380,7192.0,8
409035473319,camera-0122-event-0045-rel-p03-set-11-ts-148088265.vi,1,2,14,21.760904271808542,14.127714173981213,37,7192.0,8
409035473319,camera-0122-event-0045-rel-p03-set-11-ts-148088265.vi,2,2,14,84.58913292826585,73.9073719086008,925,7192.0,8
409035473319,camera-0122-event-0045-rel-p03-set-11-ts-148088265.vi,3,2,14,98.42921135842272,73.95841950835535,1245,7192.0,8
409035473319,camera-0122-event-0045-rel-p03-set-11-ts-148088265.vi,4,2,14,63.38972502945006,63.59719373652656,1234,7192.0,8
409035473319,camera-0122-event-0045-rel-p03-set-11-ts-148088265.vi,5,2,14,86.41316107632215,74.77634014859585,1123,7192.0,8
409035473319,camera-0122-event-0045-rel-p03-set-11-ts-148088265.vi,6,2,14,97.52085529171059,73.64967974206222,1199,7192.0,8
409035473319,camera-0122-event-0045-rel-p03-set-11-ts-148088265.vi,7,2,14,59.76910378820757,61.423758490116995,881,7192.0,8
409035473319,camera-0123-event-0046-rel-p02-set-11-ts-148088265.vi,0,2,14,25.288571827143656,19.87809272778119,380,7192.0,8
409035473319,camera-0123-event-0046-rel-p02-set-11-ts-148088265.vi,1,2,14,21.760904271808542,14.127714173981213,37,7192.0,8
409035473319,camera-0123-event-0046-rel-p02-set-11-ts-148088265.vi,2,2,14,84.58913292826585,73.9073719086008,925,7192.0,8
409035473319,camera-0123-event-0046-rel-p02-set-11-ts-148088265.vi,3,2,14,98.42921135842272,73.95841950835535,1245,7192.0,8
409035473319,camera-0123-event-0046-rel-p02-set-11-ts-148088265.vi,4,2,14,63.38972502945006,63.59719373652656,1234,7192.0,8
409035473319,camera-0123-event-0046-rel-p02-set-11-ts-148088265.vi,5,2,14,86.41316107632215,74.77634014859585,1123,7192.0,8
409035473319,camera-0123-event-0046-rel-p02-set-11-ts-148088265.vi,6,2,14,97.52085529171059,73.64967974206222,1199,7192.0,8
409035473319,camera-0123-event-0046-rel-p02-set-11-ts-148088265.vi,7,2,14,59.76910378820757,61.423758490116995,881,7192.0,8
409035490187,camera-0124-event-0046-rel-p03-set-11-ts-148104948.vi,0,2,14,25.59482918965838,20.185449359563574,397,9118.0,8
409035490187,camera-0124-event-0046-rel-p03-set-11-ts-148104948.vi,1,2,14,21.94778814557629,14.183525690832722,34,9118.0,8
409035490187,camera-0124-event-0046-rel-p03-set-11-ts-148104948.vi,2,2,14,85.7745597991196,74.21428521913914,1072,9118.0,8
409035490187,camera-0124-event-0046-rel-p03-set-11-ts-148104948.vi,3,2,14,98.98262446524893,74.08010505402463,1348,9118.0,8
409035490187,camera-0124-event-0046-rel-p03-set-11-ts-148104948.vi,4,2,14,64.2994760989522,64.10248260014646,1360,9118.0,8
409035490187,camera-0124-event-0046-rel-p03-set-11-ts-148104948.vi,5,2,14,87.20468565937132,75.00822205986084,1260,9118.0,8
409035490187,camera-0124-event-0046-rel-p03-set-11-ts-148104948.vi,6,2,14,98.03172856345712,73.93525874131532,1249,9118.0,8
409035490187,camera-0124-event-0046-rel-p03-set-11-ts-148104948.vi,7,2,14,60.5257610515221,61.885132636270846,967,9118.0,8
409036257397,camera-0125-event-0000-rel-p00-set-11-ts-148872314.vi,0,2,14,25.699384648769296,20.419116355072003,401,4323.0,8
409036257397,camera-0125-event-0000-rel-p00-set-11-ts-148872314.vi,1,2,14,22.008548267096533,14.277131061604026,35,4323.0,8
409036257397,camera-0125-event-0000-rel-p00-set-11-ts-148872314.vi,2,2,14,85.78010106020211,74.36753478241326,1067,4323.0,8
409036257397,camera-0125-event-0000-rel-p00-set-11-ts-148872314.vi,3,2,14,98.79169508339017,73.94127866945419,1341,4323.0,8
409036257397,camera-0125-event-0000-rel-p00-set-11-ts-148872314.vi,4,2,14,64.24326523653048,63.872087809780055,1268,4323.0,8
409036257397,camera-0125-event-0000-rel-p00-set-11-ts-148872314.vi,5,2,14,87.25744001488003,74.997397001432,1275,4323.0,8
409036257397,camera-0125-event-0000-rel-p00-set-11-ts-148872314.vi,6,2,14,97.77907030814062,73.90313550361547,1309,4323.0,8
409036257397,camera-0125-event-0000-rel-p00-set-11-ts-148872314.vi,7,2,14,60.77300979601959,62.03705654278832,966,4323.0,8
409036424980,camera-0126-event-0048-rel-m02-set-11-ts-149039151.vi,0,2,14,25.434171368342735,20.235631990662537,401,3605.0,8
409036424980,camera-0126-event-0048-rel-m02-set-11-ts-149039151.vi,1,2,14,21.827957405914812,14.190815812120336,36,3605.0,8
409036424980,camera-0126-event-0048-rel-m02-set-11-ts-149039151.vi,2,2,14,85.16065007130014,74.21084277485721,990,3605.0,8
409036424980,camera-0126-event-0048-rel-m02-set-11-ts-149039151.vi,3,2,14,98.34460443920888,73.82343787421405,1223,3605.0,8
409036424980,camera-0126-event-0048-rel-m02-set-11-ts-149039151.vi,4,2,14,63.44512989025978,63.50966100311951,1212,3605.0,8
409036424980,camera-0126-event-0048-rel-m02-set-11-ts-149039151.vi,5,2,14,86.71066092132185,74.88502584027846,1183,3605.0,8
409036424980,camera-0126-event-0048-rel-m02-set-11-ts-149039151.vi,6,2,14,97.43235011470023,73.79567127958367,1206,3605.0,8
409036424980,camera-0126-event-0048-rel-m02-set-11-ts-149039151.vi,7,2,14,59.89601804203608,61.65202906611768,968,3605.0,8
409036440877,camera-0127-event-0048-rel-m01-set-11-ts-149055767.vi,0,2,14,25.78718457436915,20.556002633870307,410,4211.0,8
409036440877,camera-0127-event-0048-rel-m01-set-11-ts-149055767.vi,1,2,14,22.069277388554777,14.275983521650785,37,4211.0,8
409036440877,camera-0127-event-0048-rel-m01-set-11-ts-149055767.vi,2,2,14,85.77983755967512,74.40729143361456,1163,4211.0,8
409036440877,camera-0127-event-0048-rel-m01-set-11-ts-149055767.vi,3,2,14,99.17218984437969,73.99626661265916,1353,4211.0,8
409036440877,camera-0127-event-0048-rel-m01-set-11-ts-149055767.vi,4,2,14,64.65751906503813,64.21313830866731,1333,4211.0,8
409036440877,camera-0127-event-0048-rel-m01-set-11-ts-149055767.vi,5,2,14,87.63246326492653,75.14544033201844,1277,4211.0,8
409036440877,camera-0127-event-0048-rel-m01-set-11-ts-149055767.vi,6,2,14,97.66351757703515,74.09119792908398,1310,4211.0,8
409036440877,camera-0127-event-0048-rel-m01-set-11-ts-149055767.vi,7,2,14,60.67282534565069,61.963175740353506,976,4211.0,8
409036457529,camera-0128-event-0048-rel-p01-set-11-ts-149072450.vi,0,2,14,25.668330336660674,20.50719526274973,411,6159.0,8
409036457529,camera-0128-event-0048-rel-p01-set-11-ts-149072450.vi,1,2,14,21.98005146010292,14.223344426104754,37,6159.0,8
409036457529,camera-0128-event-0048-rel-p01-set-11-ts-149072450.vi,2,2,14,85.48157821315642,74.26465029618745,1057,6159.0,8
409036457529,camera-0128-event-0048-rel-p01-set-11-ts-149072450.vi,3,2,14,99.01762353524707,73.94122682591679,1343,6159.0,8
409036457529,camera-0128-event-0048-rel-p01-set-11-ts-149072450.vi,4,2,14,64.0251333002666,63.72466286873393,1206,6159.0,8
409036457529,camera-0128-event-0048-rel-p01-set-11-ts-149072450.vi,5,2,14,87.55883036766073,75.34611064658574,1289,6159.0,8
409036457529,camera-0128-event-0048-rel-p01-set-11-ts-149072450.vi,6,2,14,97.94630014260028,73.9761524447125,1296,6159.0,8
409036457529,camera-0128-event-0048-rel-p01-set-11-ts-149072450.vi,7,2,14,60.4253441006882,61.743961993392766,989,6159.0,8
409036474277,camera-0129-event-0048-rel-p02-set-11-ts-149089201.vi,0,2,14,25.379278008556017,20.164524850490636,383,4844.0,8
409036474277,camera-0129-event-0048-rel-p02-set-11-ts-149089201.vi,1,2,14,21.78687457374915,14.068232332949732,32,4844.0,8
409036474277,camera-0129-event-0048-rel-p02-set-11-ts-149089201.vi,2,2,14,84.87923925847852,74.07180834256752,986,4844.0,8
409036474277,camera-0129-event-0048-rel-p02-set-11-ts-149089201.vi,3,2,14,98.71775218550437,74.01561535718778,1315,4844.0,8
409036474277,camera-0129-event-0048-rel-p02-set-11-ts-149089201.vi,4,2,14,63.20739816479633,63.421443557335344,1204,4844.0,8
409036474277,camera-0129-event-0048-rel-p02-set-11-ts-149089201.vi,5,2,14,86.43823237646475,75.03199483466244,1197,4844.0,8
409036474277,camera-0129-event-0048-rel-p02-set-11-ts-149089201.vi,6,2,14,97.48813472626945,73.92514096414354,1207,4844.0,8
409036474277,camera-0129-event-0048-rel-p02-set-11-ts-149089201.vi,7,2,14,59.56428637857276,61.40312567742363,900,4844.0,8
409036491063,camera-0130-event-0048-rel-p03-set-11-ts-149105884.vi,0,2,14,25.718720937441876,20.344985833961633,393,5692.0,8
409036491063,camera-0130-event-0048-rel-p03-set-11-ts-149105884.vi,1,2,14,22.02754355508711,14.229958673079066,33,5692.0,8
409036491063,camera-0130-event-0048-rel-p03-set-11-ts-149105884.vi,2,2,14,86.12155124310249,74.49586811759148,1125,5692.0,8
409036491063,camera-0130-event-0048-rel-p03-set-11-ts-149105884.vi,3,2,14,99.46689968379937,74.04264194703558,1366,5692.0,8
409036491063,camera-0130-event-0048-rel-p03-set-11-ts-149105884.vi,4,2,14,64.66739258478518,64.27149536870006,1370,5692.0,8
409036491063,camera-0130-event-0048-rel-p03-set-11-ts-149105884.vi,5,2,14,87.98101246202492,75.16082182408863,1278,5692.0,8
409036491063,camera-0130-event-0048-rel-p03-set-11-ts-149105884.vi,6,2,14,98.06466612933225,74.02862545174571,1355,5692.0,8
409036491063,camera-0130-event-0048-rel-p03-set-11-ts-149105884.vi,7,2,14,61.08222766445533,62.12671847991828,1030,5692.0,8
409037258453,camera-0131-event-0000-rel-p00-set-11-ts-149873297.vi,0,2,14,25.673980097960197,20.580554234628305,401,4886.0,8
409037258453,camera-0131-event-0000-rel-p00-set-11-ts-149873297.vi,1,2,14,21.91571858143716,14.136322915735299,42,4886.0,8
409037258453,camera-0131-event-0000-rel-p00-set-11-ts-149873297.vi,2,2,14,85.73390321780643,74.32721138629397,1066,4886.0,8
409037258453,camera-0131-event-0000-rel-p00-set-11-ts-149873297.vi,3,2,14,99.21553568107136,73.9082967709699,1364,4886.0,8
409037258453,camera-0131-event-0000-rel-p00-set-11-ts-149873297.vi,4,2,14,64.14311953623907,64.0374279283113,1331,4886.0,8
409037258453,camera-0131-event-0000-rel-p00-set-11-ts-149873297.vi,5,2,14,87.25905201810404,75.12886076520508,1288,4886.0,8
409037258453,camera-0131-event-0000-rel-p00-set-11-ts-149873297.vi,6,2,14,98.02845805691611,73.87390179114236,1311,4886.0,8
409037258453,camera-0131-event-0000-rel-p00-set-11-ts-149873297.vi,7,2,14,60.68737212474425,62.12202091487406,1020,4886.0,8
409037427746,camera-0132-event-0050-rel-m02-set-11-ts-150040106.vi,0,2,14,25.619559489118977,20.553156969713275,436,2130.0,8
409037427746,camera-0132-event-0050-rel-m02-set-11-ts-150040106.vi,1,2,14,21.880440510881023,13.955606322372606,32,2130.0,8
409037427746,camera-0132-event-0050-rel-m02-set-11-ts-150040106.vi,2,2,14,85.75950926901854,74.41713477011781,1083,2130.0,8
409037427746,camera-0132-event-0050-rel-m02-set-11-ts-150040106.vi,3,2,14,98.76787153574307,74.00038892870072,1360,2130.0,8
409037427746,camera-0132-event-0050-rel-m02-set-11-ts-150040106.vi,4,2,14,64.22190619381239,63.919661059299834,1315,2130.0,8
409037427746,camera-0132-event-0050-rel-m02-set-11-ts-150040106.vi,5,2,14,87.12933225866452,75.07056219903339,1263,2130.0,8
409037427746,camera-0132-event-0050-rel-m02-set-11-ts-150040106.vi,6,2,14,97.89738979477958,73.9348921443955,1302,2130.0,8
409037427746,camera-0132-event-0050-rel-m02-set-11-ts-150040106.vi,7,2,14,60.64266228532457,61.982435844017594,988,2130.0,8
409037442118,camera-0133-event-0050-rel-m01-set-11-ts-150056803.vi,0,2,14,25.903659557319116,20.60011810687985,422,4867.0,8
409037442118,camera-0133-event-0050-rel-m01-set-11-ts-150056803.vi,1,2,14,22.091000682001365,14.028368828295807,31,4867.0,8
409037442118,camera-0133-event-0050-rel-m01-set-11-ts-150056803.vi,2,2,14,86.68214086428173,74.4649641531753,1161,4867.0,8
409037442118,camera-0133-event-0050-rel-m01-set-11-ts-150056803.vi,3,2,14,99.6254727509455,74.11749156525313,1409,4867.0,8
409037442118,camera-0133-event-0050-rel-m01-set-11-ts-150056803.vi,4,2,14,65.37803025606051,64.52702797964582,1396,4867.0,8
409037442118,camera-0133-event-0050-rel-m01-set-11-ts-150056803.vi,5,2,14,88.35695021390043,75.43314266035618,1304,4867.0,8
409037442118,camera-0133-event-0050-rel-m01-set-11-ts-150056803.vi,6,2,14,98.64036828073657,73.9185423874618,1374,4867.0,8
409037442118,camera-0133-event-0050-rel-m01-set-11-ts-150056803.vi,7,2,14,61.683566867133734,62.50395734481179,1084,4867.0,8
409037459053,camera-0134-event-0050-rel-p01-set-11-ts-150073486.vi,0,2,14,25.65485305970612,20.53232645685135,423,5978.0,8
409037459053,camera-0134-event-0050-rel-p01-set-11-ts-150073486.vi,1,2,14,21.898916547833096,13.911845743287902,32,5978.0,8
409037459053,camera-0134-event-0050-rel-p01-set-11-ts-150073486.vi,2,2,14,85.57862390724782,74.19244741772629,1063,5978.0,8
409037459053,camera-0134-event-0050-rel-p01-set-11-ts-150073486.vi,3,2,14,98.997922995846,74.02130703718932,1412,5978.0,8
409037459053,camera-0134-event-0050-rel-p01-set-11-ts-150073486.vi,4,2,14,64.17867660735321,63.98426599529313,1311,5978.0,8
409037459053,camera-0134-event-0050-rel-p01-set-11-ts-150073486.vi,5,2,14,87.27005704011408,75.07413398496271,1261,5978.0,8
409037459053,camera-0134-event-0050-rel-p01-set-11-ts-150073486.vi,6,2,14,97.73209746419492,73.98426114192563,1326,5978.0,8
409037459053,camera-0134-event-0050-rel-p01-set-11-ts-150073486.vi,7,2,14,60.698811147622294,62.06366418447639,1049,5978.0,8
409037475852,camera-0135-event-0050-rel-p02-set-11-ts-150090166.vi,0,2,14,25.629510509021017,20.611679316451813,423,4549.0,8
409037475852,camera-0135-event-0050-rel-p02-set-11-ts-150090166.vi,1,2,14,21.866203732407463,13.907313037438001,32,4549.0,8
409037475852,camera-0135-event-0050-rel-p02-set-11-ts-150090166.vi,2,2,14,85.5251410502821,74.20703860010862,1043,4549.0,8
409037475852,camera-0135-event-0050-rel-p02-set-11-ts-150090166.vi,3,2,14,99.13887252774505,74.00047811907118,1374,4549.0,8
409037475852,camera-0135-event-0050-rel-p02-set-11-ts-150090166.vi,4,2,14,64.19117738235477,64.04136905060254,1358,4549.0,8
409037475852,camera-0135-event-0050-rel-p02-set-11-ts-150090166.vi,5,2,14,87.10766321532643,75.0630046365357,1261,4549.0,8
409037475852,camera-0135-event-0050-rel-p02-set-11-ts-150090166.vi,6,2,14,97.85596596193193,74.0158222758571,1362,4549.0,8
409037475852,camera-0135-event-0050-rel-p02-set-11-ts-150090166.vi,7,2,14,60.44458738917478,62.003374527404624,998,4549.0,8
409037491919,camera-0136-event-0050-rel-p03-set-11-ts-150106849.vi,0,2,14,25.94537014074028,20.738605172815628,432,4406.0,8
409037491919,camera-0136-event-0050-rel-p03-set-11-ts-150106849.vi,1,2,14,22.09793694587389,14.022002544463001,32,4406.0,8
409037491919,camera-0136-event-0050-rel-p03-set-11-ts-150106849.vi,2,2,14,86.17308884617769,74.34376054384599,1074,4406.0,8
409037491919,camera-0136-event-0050-rel-p03-set-11-ts-150106849.vi,3,2,14,99.41197532395064,74.03880432355047,1460,4406.0,8
409037491919,camera-0136-event-0050-rel-p03-set-11-ts-150106849.vi,4,2,14,65.38764027528055,64.5477423124898,1354,4406.0,8
409037491919,camera-0136-event-0050-rel-p03-set-11-ts-150106849.vi,5,2,14,88.14140678281356,75.36251055516769,1367,4406.0,8
409037491919,camera-0136-event-0050-rel-p03-set-11-ts-150106849.vi,6,2,14,98.44940789881579,74.02784003121134,1421,4406.0,8
409037491919,camera-0136-event-0050-rel-p03-set-11-ts-150106849.vi,7,2,14,61.61760648521297,62.44968855542435,1067,4406.0,8
409038259314,camera-0137-event-0000-rel-p00-set-11-ts-150874274.vi,0,2,14,25.52965155930312,20.273506228990062,376,4708.0,7
409038259314,camera-0137-event-0000-rel-p00-set-11-ts-150874274.vi,1,2,14,21.852067704135408,14.006199267711567,31,4708.0,7
409038259314,camera-0137-event-0000-rel-p00-set-11-ts-150874274.vi,2,2,14,85.1026644553289,74.24781621204166,1039,4708.0,7
409038259314,camera-0137-event-0000-rel-p00-set-11-ts-150874274.vi,3,2,14,98.41747008494016,73.95429258536333,1259,4708.0,7
409038259314,camera-0137-event-0000-rel-p00-set-11-ts-150874274.vi,4,2,14,63.49492373984748,63.80298590876179,1258,4708.0,7
409038259314,camera-0137-event-0000-rel-p00-set-11-ts-150874274.vi,5,2,14,86.43918562837126,74.8965622082193,1171,4708.0,7
409038259314,camera-0137-event-0000-rel-p00-set-11-ts-150874274.vi,6,2,14,97.57240064480129,73.88817272460629,1243,4708.0,7
409038259314,camera-0137-event-0000-rel-p00-set-11-ts-150874274.vi,7,2,14,60.21734143468287,61.84574109497458,963,4708.0,7
409038426342,camera-0138-event-0052-rel-m02-set-11-ts-151041133.vi,0,2,14,25.601734453468907,20.418806281880858,393,5090.0,8
409038426342,camera-0138-event-0052-rel-m02-set-11-ts-151041133.vi,1,2,14,21.8748062496125,13.849340477606656,34,5090.0,8
409038426342,camera-0138-event-0052-rel-m02-set-11-ts-151041133.vi,2,2,14,85.4987677475355,74.24612861258683,1054,5090.0,8
409038426342,camera-0138-event-0052-rel-m02-set-11-ts-151041133.vi,3,2,14,98.74221123442247,73.93988542761319,1259,5090.0,8
409038426342,camera-0138-event-0052-rel-m02-set-11-ts-151041133.vi,4,2,14,64.05725711451423,63.9539509439806,1286,5090.0,8
409038426342,camera-0138-event-0052-rel-m02-set-11-ts-151041133.vi,5,2,14,87.10323020646041,75.03739829423773,1316,5090.0,8
409038426342,camera-0138-event-0052-rel-m02-set-11-ts-151041133.vi,6,2,14,97.96081592163185,73.86281170887675,1265,5090.0,8
409038426342,camera-0138-event-0052-rel-m02-set-11-ts-151041133.vi,7,2,14,60.32723665447331,61.86861069101288,1027,5090.0,8
409038442985,camera-0139-event-0052-rel-m01-set-11-ts-151057797.vi,0,2,14,25.867288734577468,20.634875632080732,411,5003.0,8
409038442985,camera-0139-event-0052-rel-m01-set-11-ts-151057797.vi,1,2,14,22.05531186062372,13.931247485903988,34,5003.0,8
409038442985,camera-0139-event-0052-rel-m01-set-11-ts-151057797.vi,2,2,14,85.73975447950896,74.25500359918946,1101,5003.0,8
409038442985,camera-0139-event-0052-rel-m01-set-11-ts-151057797.vi,3,2,14,99.26536828073657,74.01673125732744,1365,5003.0,8
409038442985,camera-0139-event-0052-rel-m01-set-11-ts-151057797.vi,4,2,14,64.9260648521297,64.34556617832044,1361,5003.0,8
409038442985,camera-0139-event-0052-rel-m01-set-11-ts-151057797.vi,5,2,14,88.1759718519437,75.38123817059117,1357,5003.0,8
409038442985,camera-0139-event-0052-rel-m01-set-11-ts-151057797.vi,6,2,14,98.15937131874264,74.00054913307133,1361,5003.0,8
409038442985,camera-0139-event-0052-rel-m01-set-11-ts-151057797.vi,7,2,14,61.265972781945564,62.23240308404244,1022,5003.0,8
409038459538,camera-0140-event-0052-rel-p01-set-11-ts-151074481.vi,0,2,14,25.540935581871164,20.52435041065631,408,5024.0,8
409038459538,camera-0140-event-0052-rel-p01-set-11-ts-151074481.vi,1,2,14,21.809551119102238,13.781846236077286,32,5024.0,8
409038459538,camera-0140-event-0052-rel-p01-set-11-ts-151074481.vi,2,2,14,84.88485026970054,74.16945502888807,1081,5024.0,8
409038459538,camera-0140-event-0052-rel-p01-set-11-ts-151074481.vi,3,2,14,98.2253782007564,74.1054360472261,1313,5024.0,8
409038459538,camera-0140-event-0052-rel-p01-set-11-ts-151074481.vi,4,2,14,63.3749922499845,63.60239154797649,1313,5024.0,8
409038459538,camera-0140-event-0052-rel-p01-set-11-ts-151074481.vi,5,2,14,86.70718116436232,75.05934388443048,1250,5024.0,8
409038459538,camera-0140-event-0052-rel-p01-set-11-ts-151074481.vi,6,2,14,97.51840628681258,73.99145408207517,1312,5024.0,8
409038459538,camera-0140-event-0052-rel-p01-set-11-ts-151074481.vi,7,2,14,60.05641236282472,61.741305808019405,1019,5024.0,8
409038476315,camera-0141-event-0052-rel-p02-set-11-ts-151091200.vi,0,2,14,25.55478485956972,20.351773915670538,389,4289.0,8
409038476315,camera-0141-event-0052-rel-p02-set-11-ts-151091200.vi,1,2,14,21.831933163866328,13.772075966797374,34,4289.0,8
409038476315,camera-0141-event-0052-rel-p02-set-11-ts-151091200.vi,2,2,14,85.21126542253084,74.1215136280154,1055,4289.0,8
409038476315,camera-0141-event-0052-rel-p02-set-11-ts-151091200.vi,3,2,14,99.08371566743133,74.17040947170459,1340,4289.0,8
409038476315,camera-0141-event-0052-rel-p02-set-11-ts-151091200.vi,4,2,14,63.95988591977184,63.92098379365045,1272,4289.0,8
409038476315,camera-0141-event-0052-rel-p02-set-11-ts-151091200.vi,5,2,14,86.93393111786223,74.95827335356005,1253,4289.0,8
409038476315,camera-0141-event-0052-rel-p02-set-11-ts-151091200.vi,6,2,14,97.874581499163,73.97599354098834,1265,4289.0,8
409038476315,camera-0141-event-0052-rel-p02-set-11-ts-151091200.vi,7,2,14,60.35463295926592,62.02994066491446,1016,4289.0,8
409038493090,camera-0142-event-0052-rel-p03-set-11-ts-151107883.vi,0,2,14,25.79049383098766,20.400791758839663,392,4525.0,8
409038493090,camera-0142-event-0052-rel-p03-set-11-ts-151107883.vi,1,2,14,22.014570029140057,13.858142058402995,32,4525.0,8
409038493090,camera-0142-event-0052-rel-p03-set-11-ts-151107883.vi,2,2,14,86.10834521669044,74.4603039008787,1098,4525.0,8
409038493090,camera-0142-event-0052-rel-p03-set-11-ts-151107883.vi,3,2,14,99.09229493458987,74.08864885843084,1386,4525.0,8
409038493090,camera-0142-event-0052-rel-p03-set-11-ts-151107883.vi,4,2,14,64.70844441688884,64.2191176730272,1332,4525.0,8
409038493090,camera-0142-event-0052-rel-p03-set-11-ts-151107883.vi,5,2,14,87.26277977555955,75.00306175814565,1306,4525.0,8
409038493090,camera-0142-event-0052-rel-p03-set-11-ts-151107883.vi,6,2,14,98.22847820695641,73.91417144345752,1350,4525.0,8
409038493090,camera-0142-event-0052-rel-p03-set-11-ts-151107883.vi,7,2,14,61.33920267840536,62.302929542543495,1107,4525.0,8
409039260453,camera-0143-event-0000-rel-p00-set-11-ts-151875220.vi,0,2,14,25.475486700973402,20.49945531117129,433,4846.0,8
409039260453,camera-0143-event-0000-rel-p00-set-11-ts-151875220.vi,1,2,14,21.78017081034162,13.783569020670003,37,4846.0,8
409039260453,camera-0143-event-0000-rel-p00-set-11-ts-151875220.vi,2,2,14,84.6753208506417,74.18821859260647,977,4846.0,8
409039260453,camera-0143-event-0000-rel-p00-set-11-ts-151875220.vi,3,2,14,98.03826182652365,74.05935985318212,1267,4846.0,8
409039260453,camera-0143-event-0000-rel-p00-set-11-ts-151875220.vi,4,2,14,62.875480500961004,63.37696277003332,1224,4846.0,8
409039260453,camera-0143-event-0000-rel-p00-set-11-ts-151875220.vi,5,2,14,86.07945315890632,75.03999643663568,1233,4846.0,8
409039260453,camera-0143-event-0000-rel-p00-set-11-ts-151875220.vi,6,2,14,97.25303025606051,74.0133890254397,1271,4846.0,8
409039260453,camera-0143-event-0000-rel-p00-set-11-ts-151875220.vi,7,2,14,59.43063736127472,61.46161052147192,948,4846.0,8
409040261306,camera-0144-event-0000-rel-p00-set-11-ts-152876259.vi,0,2,14,25.308148366296734,19.809337238886695,363,4772.0,8
409040261306,camera-0144-event-0000-rel-p00-set-11-ts-152876259.vi,1,2,14,21.711156922313844,13.676960461368175,26,4772.0,8
409040261306,camera-0144-event-0000-rel-p00-set-11-ts-152876259.vi,2,2,14,85.22306869613739,74.4293294283677,1062,4772.0,8
409040261306,camera-0144-event-0000-rel-p00-set-11-ts-152876259.vi,3,2,14,98.64322803645608,74.04496004849229,1296,4772.0,8
409040261306,camera-0144-event-0000-rel-p00-set-11-ts-152876259.vi,4,2,14,63.29691859383719,63.56058064492315,1174,4772.0,8
409040261306,camera-0144-event-0000-rel-p00-set-11-ts-152876259.vi,5,2,14,86.26381052762106,74.9314062031134,1186,4772.0,8
409040261306,camera-0144-event-0000-rel-p00-set-11-ts-152876259.vi,6,2,14,97.36170097340195,73.92666118674617,1196,4772.0,8
409040261306,camera-0144-event-0000-rel-p00-set-11-ts-152876259.vi,7,2,14,59.60200570401141,61.48113302645451,893,4772.0,8
409041263646,camera-0145-event-0000-rel-p00-set-11-ts-153877200.vi,0,2,14,25.431133362266724,20.118978911523254,397,4202.0,8
409041263646,camera-0145-event-0000-rel-p00-set-11-ts-153877200.vi,1,2,14,21.725440200880403,13.291815006317455,13,4202.0,8
409041263646,camera-0145-event-0000-rel-p00-set-11-ts-153877200.vi,2,2,14,85.01383377766756,74.57453546016667,1069,4202.0,8
409041263646,camera-0145-event-0000-rel-p00-set-11-ts-153877200.vi,3,2,14,98.55862886725774,74.16680987203219,1343,4202.0,8
409041263646,camera-0145-event-0000-rel-p00-set-11-ts-153877200.vi,4,2,14,63.21268367536735,63.62937087060013,1286,4202.0,8
409041263646,camera-0145-event-0000-rel-p00-set-11-ts-153877200.vi,5,2,14,86.76430652861306,75.40584820677064,1269,4202.0,8
409041263646,camera-0145-event-0000-rel-p00-set-11-ts-153877200.vi,6,2,14,97.69013888027776,74.10230986671851,1327,4202.0,8
409041263646,camera-0145-event-0000-rel-p00-set-11-ts-153877200.vi,7,2,14,59.7991428482857,61.55514048238321,975,4202.0,8
409042263272,camera-0146-event-0000-rel-p00-set-11-ts-154878148.vi,0,2,14,25.58498666997334,20.359272697725277,411,4387.0,8
409042263272,camera-0146-event-0000-rel-p00-set-11-ts-154878148.vi,1,2,14,21.805428110856223,13.299354518221277,24,4387.0,8
409042263272,camera-0146-event-0000-rel-p00-set-11-ts-154878148.vi,2,2,14,85.22216969433939,74.58528447626217,1164,4387.0,8
409042263272,camera-0146-event-0000-rel-p00-set-11-ts-154878148.vi,3,2,14,98.62422499845,74.17178564041852,1444,4387.0,8
409042263272,camera-0146-event-0000-rel-p00-set-11-ts-154878148.vi,4,2,14,63.88124651249303,63.98302614399134,1323,4387.0,8
409042263272,camera-0146-event-0000-rel-p00-set-11-ts-154878148.vi,5,2,14,87.16446307892616,75.3108525356657,1337,4387.0,8
409042263272,camera-0146-event-0000-rel-p00-set-11-ts-154878148.vi,6,2,14,97.65872031744064,74.03947116300735,1275,4387.0,8
409042263272,camera-0146-event-0000-rel-p00-set-11-ts-154878148.vi,7,2,14,60.31149637299274,61.80720943559861,1013,4387.0,8
409043264164,camera-0147-event-0000-rel-p00-set-11-ts-155879161.vi,0,2,14,25.319184388368775,19.104448127068615,278,5937.0,8
409043264164,camera-0147-event-0000-rel-p00-set-11-ts-155879161.vi,1,2,14,21.767026784053567,13.006416500056613,20,5937.0,8
409043264164,camera-0147-event-0000-rel-p00-set-11-ts-155879161.vi,2,2,14,84.18052886105772,74.26104846958563,1005,5937.0,8
409043264164,camera-0147-event-0000-rel-p00-set-11-ts-155879161.vi,3,2,14,97.42246109492218,74.09677380557133,1258,5937.0,8
409043264164,camera-0147-event-0000-rel-p00-set-11-ts-155879161.vi,4,2,14,62.24853524707049,63.34988140098962,1257,5937.0,8
409043264164,camera-0147-event-0000-rel-p00-set-11-ts-155879161.vi,5,2,14,85.63149451298902,75.20143454575285,1217,5937.0,8
409043264164,camera-0147-event-0000-rel-p00-set-11-ts-155879161.vi,6,2,14,96.65737181474363,74.06196686904373,1193,5937.0,8
409043264164,camera-0147-event-0000-rel-p00-set-11-ts-155879161.vi,7,2,14,58.7738700477401,61.16896192212816,925,5937.0,8
409044265153,camera-0148-event-0000-rel-p00-set-11-ts-156880179.vi,0,2,14,25.316254882509764,19.01516594595995,286,4713.0,8
409044265153,camera-0148-event-0000-rel-p00-set-11-ts-156880179.vi,1,2,14,21.776846053692108,13.118878386728907,40,4713.0,8
409044265153,camera-0148-event-0000-rel-p00-set-11-ts-156880179.vi,2,2,14,83.998248496497,74.23987800401623,997,4713.0,8
409044265153,camera-0148-event-0000-rel-p00-set-11-ts-156880179.vi,3,2,14,97.63274226548454,74.08314658308872,1245,4713.0,8
409044265153,camera-0148-event-0000-rel-p00-set-11-ts-156880179.vi,4,2,14,62.8496574493149,63.54066824283249,1214,4713.0,8
409044265153,camera-0148-event-0000-rel-p00-set-11-ts-156880179.vi,5,2,14,85.85424545849092,75.12117310577234,1249,4713.0,8
409044265153,camera-0148-event-0000-rel-p00-set-11-ts-156880179.vi,6,2,14,96.37887500775001,74.02295329194062,1217,4713.0,8
409044265153,camera-0148-event-0000-rel-p00-set-11-ts-156880179.vi,7,2,14,58.94873364746729,61.462331319700986,991,4713.0,8
409044882554,camera-0149-event-0065-rel-m02-set-11-ts-157497442.vi,0,2,14,25.34210893421787,18.609520616870295,236,4124.0,8
409044882554,camera-0149-event-0065-rel-m02-set-11-ts-157497442.vi,1,2,14,21.785867071734142,12.543201897624298,25,4124.0,8
409044882554,camera-0149-event-0065-rel-m02-set-11-ts-157497442.vi,2,2,14,84.6009904519809,74.17909381709192,997,4124.0,8
409044882554,camera-0149-event-0065-rel-m02-set-11-ts-157497442.vi,3,2,14,98.26497302994606,73.87645412710853,1241,4124.0,8
409044882554,camera-0149-event-0065-rel-m02-set-11-ts-157497442.vi,4,2,14,62.69791989583979,63.36175433743135,1231,4124.0,8
409044882554,camera-0149-event-0065-rel-m02-set-11-ts-157497442.vi,5,2,14,85.99665974331948,74.93989198395958,1207,4124.0,8
409044882554,camera-0149-event-0065-rel-m02-set-11-ts-157497442.vi,6,2,14,97.00761051522103,73.96191817287362,1186,4124.0,8
409044882554,camera-0149-event-0065-rel-m02-set-11-ts-157497442.vi,7,2,14,59.16280457560915,61.34785775878791,925,4124.0,8
409044900906,camera-0150-event-0065-rel-m01-set-11-ts-157514125.vi,0,2,14,25.088706677413356,18.531198435388657,246,2328.0,8
409044900906,camera-0150-event-0065-rel-m01-set-11-ts-157514125.vi,1,2,14,21.59234143468287,12.44484507034267,25,2328.0,8
409044900906,camera-0150-event-0065-rel-m01-set-11-ts-157514125.vi,2,2,14,83.5766089032178,74.04723586383197,932,2328.0,8
409044900906,camera-0150-event-0065-rel-m01-set-11-ts-157514125.vi,3,2,14,97.60879471758943,73.98410095437725,1210,2328.0,8
409044900906,camera-0150-event-0065-rel-m01-set-11-ts-157514125.vi,4,2,14,61.63811302622605,62.72257563727056,1166,2328.0,8
409044900906,camera-0150-event-0065-rel-m01-set-11-ts-157514125.vi,5,2,14,85.22153419306838,74.83855629332031,1081,2328.0,8
409044900906,camera-0150-event-0065-rel-m01-set-11-ts-157514125.vi,6,2,14,96.49316448632898,73.85041069988824,1105,2328.0,8
409044900906,camera-0150-event-0065-rel-m01-set-11-ts-157514125.vi,7,2,14,58.00800576601153,60.554625932981224,862,2328.0,8
409044915873,camera-0151-event-0065-rel-p01-set-11-ts-157530787.vi,0,1,255,25.403589807179614,18.731466061922433,248,4063.0,8
409044915873,camera-0151-event-0065-rel-p01-set-11-ts-157530787.vi,1,1,255,21.821447392894786,12.526737269478883,24,4063.0,8
409044915873,camera-0151-event-0065-rel-p01-set-11-ts-157530787.vi,2,1,255,84.78995907991816,74.48592721586294,1024,4063.0,8
409044915873,camera-0151-event-0065-rel-p01-set-11-ts-157530787.vi,3,1,255,97.76581003162006,74.11021589373897,1259,4063.0,8
409044915873,camera-0151-event-0065-rel-p01-set-11-ts-157530787.vi,4,1,255,62.8003828507657,63.37664037340979,1219,4063.0,8
409044915873,camera-0151-event-0065-rel-p01-set-11-ts-157530787.vi,5,1,255,86.33149916299833,75.19391100197686,1224,4063.0,8
409044915873,camera-0151-event-0065-rel-p01-set-11-ts-157530787.vi,6,1,255,96.90795306590613,74.04001715948715,1218,4063.0,8
409044915873,camera-0151-event-0065-rel-p01-set-11-ts-157530787.vi,7,1,255,59.15256680513361,61.37349514919563,947,4063.0,8
409044933010,camera-0152-event-0065-rel-p02-set-11-ts-157547470.vi,0,1,255,25.346642693285386,18.803877346311335,260,3912.0,8
409044933010,camera-0152-event-0065-rel-p02-set-11-ts-157547470.vi,1,1,255,21.768979787959577,12.455092162525776,24,3912.0,8
409044933010,camera-0152-event-0065-rel-p02-set-11-ts-157547470.vi,2,1,255,84.54737584475168,74.37631633259801,996,3912.0,8
409044933010,camera-0152-event-0065-rel-p02-set-11-ts-157547470.vi,3,1,255,98.06414687829376,74.17268920304753,1249,3912.0,8
409044933010,camera-0152-event-0065-rel-p02-set-11-ts-157547470.vi,4,1,255,62.733035216070434,63.451239103867536,1253,3912.0,8
409044933010,camera-0152-event-0065-rel-p02-set-11-ts-157547470.vi,5,1,255,86.12008649017298,75.19999036297027,1204,3912.0,8
409044933010,camera-0152-event-0065-rel-p02-set-11-ts-157547470.vi,6,1,255,96.70527466054932,73.96537702636287,1200,3912.0,8
409044933010,camera-0152-event-0065-rel-p02-set-11-ts-157547470.vi,7,1,255,58.94332413664827,61.24843466852386,948,3912.0,8
409044949455,camera-0153-event-0065-rel-p03-set-11-ts-157564184.vi,0,1,255,25.07002139004278,18.577532559900803,251,5528.0,7
409044949455,camera-0153-event-0065-rel-p03-set-11-ts-157564184.vi,1,1,255,21.56200012400025,12.238745444942145,21,5528.0,7
409044949455,camera-0153-event-0065-rel-p03-set-11-ts-157564184.vi,2,1,255,83.97104594209189,74.25373793553696,957,5528.0,7
409044949455,camera-0153-event-0065-rel-p03-set-11-ts-157564184.vi,3,1,255,97.40675956351913,73.87511970416708,1165,5528.0,7
409044949455,camera-0153-event-0065-rel-p03-set-11-ts-157564184.vi,4,1,255,61.78013206026412,62.89491233578242,1185,5528.0,7
409044949455,camera-0153-event-0065-rel-p03-set-11-ts-157564184.vi,5,1,255,85.5225060450121,75.12159056147365,1165,5528.0,7
409044949455,camera-0153-event-0065-rel-p03-set-11-ts-157564184.vi,6,1,255,96.5746016492033,73.94453591168079,1172,5528.0,7
409044949455,camera-0153-event-0065-rel-p03-set-11-ts-157564184.vi,7,1,255,58.205623411246826,60.81555781756388,927,5528.0,7
409045266216,camera-0154-event-0000-rel-p00-set-11-ts-157881265.vi,0,1,255,25.129510509021017,17.035014696062063,98,4120.0,8
409045266216,camera-0154-event-0000-rel-p00-set-11-ts-157881265.vi,1,1,255,21.980679211358424,12.820873496274242,0,4120.0,8
409045266216,camera-0154-event-0000-rel-p00-set-11-ts-157881265.vi,2,1,255,84.44054188108376,73.94417327092573,905,4120.0,8
409045266216,camera-0154-event-0000-rel-p00-set-11-ts-157881265.vi,3,1,255,98.14566154132308,73.50747091421644,941,4120.0,8
409045266216,camera-0154-event-0000-rel-p00-set-11-ts-157881265.vi,4,1,255,63.219007688015374,63.22589424046072,1095,4120.0,8
409045266216,camera-0154-event-0000-rel-p00-set-11-ts-157881265.vi,5,1,255,86.2982903465807,74.81178089981694,1002,4120.0,8
409045266216,camera-0154-event-0000-rel-p00-set-11-ts-157881265.vi,6,1,255,96.88852377704755,73.72261124731942,1043,4120.0,8
409045266216,camera-0154-event-0000-rel-p00-set-11-ts-157881265.vi,7,1,255,59.04818184636369,60.850647242793265,774,4120.0,8
409045416353,camera-0155-event-0066-rel-m02-set-11-ts-158033224.vi,0,1,255,25.25971851943704,15.066842285132003,15,4208.0,7
409045416353,camera-0155-event-0066-rel-m02-set-11-ts-158033224.vi,1,1,255,21.309241118482237,9.921162456125238,0,4208.0,7
409045416353,camera-0155-event-0066-rel-m02-set-11-ts-158033224.vi,2,1,255,100.69760214520429,74.45612593265703,1265,4208.0,7
409045416353,camera-0155-event-0066-rel-m02-set-11-ts-158033224.vi,3,1,255,111.88291276582554,71.40036157562703,1379,4208.0,7
409045416353,camera-0155-event-0066-rel-m02-set-11-ts-158033224.vi,4,1,255,80.68713962427925,66.44162790232419,1497,4208.0,7
409045416353,camera-0155-event-0066-rel-m02-set-11-ts-158033224.vi,5,1,255,101.93973587947175,74.86380598074034,1486,4208.0,7
409045416353,camera-0155-event-0066-rel-m02-set-11-ts-158033224.vi,6,1,255,111.16511408022816,71.51666564453328,1406,4208.0,7
409045416353,camera-0155-event-0066-rel-m02-set-11-ts-158033224.vi,7,1,255,77.34279868559737,65.31605103011984,1247,4208.0,7
409045433048,camera-0156-event-0066-rel-m01-set-11-ts-158049907.vi,0,1,255,25.883284766569535,15.536779005461005,31,4386.0,7
409045433048,camera-0156-event-0066-rel-m01-set-11-ts-158049907.vi,1,1,255,21.763678777357555,10.412888239960479,8,4386.0,7
409045433048,camera-0156-event-0066-rel-m01-set-11-ts-158049907.vi,2,1,255,101.66465682931366,74.33728553523343,1411,4386.0,7
409045433048,camera-0156-event-0066-rel-m01-set-11-ts-158049907.vi,3,1,255,112.71973618947239,71.41124679093582,1561,4386.0,7
409045433048,camera-0156-event-0066-rel-m01-set-11-ts-158049907.vi,4,1,255,82.11438247876495,66.70835893975375,1598,4386.0,7
409045433048,camera-0156-event-0066-rel-m01-set-11-ts-158049907.vi,5,1,255,103.16162657325314,74.79443081584903,1625,4386.0,7
409045433048,camera-0156-event-0066-rel-m01-set-11-ts-158049907.vi,6,1,255,111.72940820881642,71.52997843250488,1504,4386.0,7
409045433048,camera-0156-event-0066-rel-m01-set-11-ts-158049907.vi,7,1,255,79.06707638415277,65.88960043054273,1310,4386.0,7
409045449909,camera-0157-event-0066-rel-p01-set-11-ts-158066590.vi,0,1,255,25.039796329592658,15.13316042769677,41,5845.0,7
409045449909,camera-0157-event-0066-rel-p01-set-11-ts-158066590.vi,1,1,255,21.165610081220162,10.183356102353223,17,5845.0,7
409045449909,camera-0157-event-0066-rel-p01-set-11-ts-158066590.vi,2,1,255,99.54174933349867,74.70839196625971,1335,5845.0,7
409045449909,camera-0157-event-0066-rel-p01-set-11-ts-158066590.vi,3,1,255,110.46831018662037,71.91114670330168,1395,5845.0,7
409045449909,camera-0157-event-0066-rel-p01-set-11-ts-158066590.vi,4,1,255,79.0248852997706,66.12722405403554,1373,5845.0,7
409045449909,camera-0157-event-0066-rel-p01-set-11-ts-158066590.vi,5,1,255,100.83761392522786,75.26297246053672,1432,5845.0,7
409045449909,camera-0157-event-0066-rel-p01-set-11-ts-158066590.vi,6,1,255,110.12304699609399,71.99684596431076,1388,5845.0,7
409045449909,camera-0157-event-0066-rel-p01-set-11-ts-158066590.vi,7,1,255,76.1769716039432,65.10438292868913,1168,5845.0,7
409045466593,camera-0158-event-0066-rel-p02-set-11-ts-158083273.vi,0,1,255,25.331716163432326,15.478076422756429,65,4445.0,7
409045466593,camera-0158-event-0066-rel-p02-set-11-ts-158083273.vi,1,1,255,21.37828600657201,10.568565447712553,32,4445.0,7
409045466593,camera-0158-event-0066-rel-p02-set-11-ts-158083273.vi,2,1,255,100.51741428482858,74.66870184738289,1348,4445.0,7
409045466593,camera-0158-event-0066-rel-p02-set-11-ts-158083273.vi,3,1,255,111.25268925537851,71.67052753989574,1407,4445.0,7
409045466593,camera-0158-event-0066-rel-p02-set-11-ts-158083273.vi,4,1,255,79.83304916609833,66.2009141598277,1449,4445.0,7
409045466593,camera-0158-event-0066-rel-p02-set-11-ts-158083273.vi,5,1,255,101.78978857957716,75.02813390448183,1549,4445.0,7
409045466593,camera-0158-event-0066-rel-p02-set-11-ts-158083273.vi,6,1,255,111.01665478330956,71.63104059610401,1438,4445.0,7
409045466593,camera-0158-event-0066-rel-p02-set-11-ts-158083273.vi,7,1,255,76.82268739537479,65.20888059113832,1188,4445.0,7
409045484066,camera-0159-event-0066-rel-p03-set-11-ts-158099706.vi,0,1,255,25.631835513671028,15.62210909361093,84,4552.0,7
409045484066,camera-0159-event-0066-rel-p03-set-11-ts-158099706.vi,1,1,255,21.81257362514725,11.026257165555363,49,4552.0,7
409045484066,camera-0159-event-0066-rel-p03-set-11-ts-158099706.vi,2,1,255,97.28184481368963,74.50363571661009,1217,4552.0,7
409045484066,camera-0159-event-0066-rel-p03-set-11-ts-158099706.vi,3,1,255,108.35815146630293,72.15577663601115,1383,4552.0,7
409045484066,camera-0159-event-0066-rel-p03-set-11-ts-158099706.vi,4,1,255,76.95449965899932,66.02282406864845,1359,4552.0,7
409045484066,camera-0159-event-0066-rel-p03-set-11-ts-158099706.vi,5,1,255,98.65861181722363,75.06605652468656,1406,4552.0,7
409045484066,camera-0159-event-0066-rel-p03-set-11-ts-158099706.vi,6,1,255,107.81046562093124,72.14081714179562,1322,4552.0,7
409045484066,camera-0159-event-0066-rel-p03-set-11-ts-158099706.vi,7,1,255,73.70132215264431,64.94903847038162,1131,4552.0,7
409046267140,camera-0160-event-0000-rel-p00-set-11-ts-158882190.vi,0,1,255,24.81014787029574,15.723204394437136,181,4300.0,7
409046267140,camera-0160-event-0000-rel-p00-set-11-ts-158882190.vi,1,1,255,21.865893731787462,12.011886971481722,119,4300.0,7
409046267140,camera-0160-event-0000-rel-p00-set-11-ts-158882190.vi,2,1,255,80.39404953809908,75.22661434033226,767,4300.0,7
409046267140,camera-0160-event-0000-rel-p00-set-11-ts-158882190.vi,3,1,255,93.53430156860314,74.63807750799837,1007,4300.0,7
409046267140,camera-0160-event-0000-rel-p00-set-11-ts-158882190.vi,4,1,255,56.453964907929816,60.209002043069866,870,4300.0,7
409046267140,camera-0160-event-0000-rel-p00-set-11-ts-158882190.vi,5,1,255,81.76280302560605,75.78286950092668,852,4300.0,7
409046267140,camera-0160-event-0000-rel-p00-set-11-ts-158882190.vi,6,1,255,92.60627596255192,74.52390088801029,864,4300.0,7
409046267140,camera-0160-event-0000-rel-p00-set-11-ts-158882190.vi,7,1,255,53.152419554839106,58.11237481958538,723,4300.0,7
409047268439,camera-0161-event-0000-rel-p00-set-11-ts-159883779.vi,0,1,255,26.543702337404675,14.879299644023602,115,5033.0,5
409047268439,camera-0161-event-0000-rel-p00-set-11-ts-159883779.vi,1,1,255,22.280860561721124,9.456480495019365,33,5033.0,5
409047268439,camera-0161-event-0000-rel-p00-set-11-ts-159883779.vi,2,1,255,96.9246233492467,74.51770854736247,1475,5033.0,5
409047268439,camera-0161-event-0000-rel-p00-set-11-ts-159883779.vi,3,1,255,107.61731198462397,72.63171305054885,1824,5033.0,5
409047268439,camera-0161-event-0000-rel-p00-set-11-ts-159883779.vi,4,1,255,77.26653853307707,67.16393673945318,1823,5033.0,5
409047268439,camera-0161-event-0000-rel-p00-set-11-ts-159883779.vi,5,1,255,99.01109802219604,75.01231955505922,1783,5033.0,5
409047268439,camera-0161-event-0000-rel-p00-set-11-ts-159883779.vi,6,1,255,106.4748976997954,72.80090550137044,1648,5033.0,5
409047268439,camera-0161-event-0000-rel-p00-set-11-ts-159883779.vi,7,1,255,73.74838024676049,65.85081972183278,1435,5033.0,5
409047902734,camera-0162-event-0072-rel-m02-set-11-ts-160517175.vi,0,1,255,26.438333126666254,15.368323756190492,117,4257.0,8
409047902734,camera-0162-event-0072-rel-m02-set-11-ts-160517175.vi,1,1,255,22.213396676793355,9.572753938895838,26,4257.0,8
409047902734,camera-0162-event-0072-rel-m02-set-11-ts-160517175.vi,2,1,255,94.52841930683861,74.658466262158,1414,4257.0,8
409047902734,camera-0162-event-0072-rel-m02-set-11-ts-160517175.vi,3,1,255,106.00392925785852,73.07094340800936,1669,4257.0,8
409047902734,camera-0162-event-0072-rel-m02-set-11-ts-160517175.vi,4,1,255,74.69924514849029,66.66297539005274,1637,4257.0,8
409047902734,camera-0162-event-0072-rel-m02-set-11-ts-160517175.vi,5,1,255,96.5485538471077,75.21785787950182,1634,4257.0,8
409047902734,camera-0162-event-0072-rel-m02-set-11-ts-160517175.vi,6,1,255,104.52785355570711,73.19186797233733,1635,4257.0,8
409047902734,camera-0162-event-0072-rel-m02-set-11-ts-160517175.vi,7,1,255,70.25383625767252,64.86164727402266,1327,4257.0,8
409047919129,camera-0163-event-0072-rel-m01-set-11-ts-160533995.vi,0,1,255,26.760671771343542,15.608060116062001,117,4131.0,8
409047919129,camera-0163-event-0072-rel-m01-set-11-ts-160533995.vi,1,1,255,22.414734329468658,9.75701279483463,25,4131.0,8
409047919129,camera-0163-event-0072-rel-m01-set-11-ts-160533995.vi,2,1,255,95.96943393886788,74.6854036745924,1579,4131.0,8
409047919129,camera-0163-event-0072-rel-m01-set-11-ts-160533995.vi,3,1,255,107.06296112592226,72.9548291528309,1837,4131.0,8
409047919129,camera-0163-event-0072-rel-m01-set-11-ts-160533995.vi,4,1,255,76.11819548639097,66.95388856706776,1784,4131.0,8
409047919129,camera-0163-event-0072-rel-m01-set-11-ts-160533995.vi,5,1,255,98.18510912021824,75.20468976681487,1735,4131.0,8
409047919129,camera-0163-event-0072-rel-m01-set-11-ts-160533995.vi,6,1,255,105.8244621489243,72.79931469461033,1661,4131.0,8
409047919129,camera-0163-event-0072-rel-m01-set-11-ts-160533995.vi,7,1,255,72.48675522351044,65.51289448234549,1323,4131.0,8
409047935824,camera-0164-event-0072-rel-p01-set-11-ts-160550679.vi,0,2,255,26.278465806931614,15.262477996247053,120,4844.0,8
409047935824,camera-0164-event-0072-rel-p01-set-11-ts-160550679.vi,1,2,255,22.063596627193256,9.377567693951903,24,4844.0,8
409047935824,camera-0164-event-0072-rel-p01-set-11-ts-160550679.vi,2,2,255,95.47907495814992,74.65352822835672,1470,4844.0,8
409047935824,camera-0164-event-0072-rel-p01-set-11-ts-160550679.vi,3,2,255,106.63075826151652,72.85600877626547,1691,4844.0,8
409047935824,camera-0164-event-0072-rel-p01-set-11-ts-160550679.vi,4,2,255,74.66121582243164,66.41351269523331,1629,4844.0,8
409047935824,camera-0164-event-0072-rel-p01-set-11-ts-160550679.vi,5,2,255,97.20484840969682,75.11569875165489,1641,4844.0,8
409047935824,camera-0164-event-0072-rel-p01-set-11-ts-160550679.vi,6,2,255,105.04942184884369,72.77283138991996,1525,4844.0,8
409047935824,camera-0164-event-0072-rel-p01-set-11-ts-160550679.vi,7,2,255,70.91372682745366,64.92907487038539,1313,4844.0,8
409047952404,camera-0165-event-0072-rel-p02-set-11-ts-160567441.vi,0,2,255,26.39244528489057,15.333620030710303,114,7502.0,8
409047952404,camera-0165-event-0072-rel-p02-set-11-ts-160567441.vi,1,2,255,22.126635253270507,9.513189031351851,28,7502.0,8
409047952404,camera-0165-event-0072-rel-p02-set-11-ts-160567441.vi,2,2,255,95.52076229152458,74.51142495505646,1481,7502.0,8
409047952404,camera-0165-event-0072-rel-p02-set-11-ts-160567441.vi,3,2,255,106.81307737615475,73.07481166659805,1688,7502.0,8
409047952404,camera-0165-event-0072-rel-p02-set-11-ts-160567441.vi,4,2,255,75.26694928389857,66.64926559401505,1665,7502.0,8
409047952404,camera-0165-event-0072-rel-p02-set-11-ts-160567441.vi,5,2,255,97.8487506975014,75.2248738965879,1677,7502.0,8
409047952404,camera-0165-event-0072-rel-p02-set-11-ts-160567441.vi,6,2,255,105.63463326926654,73.0451066095071,1621,7502.0,8
409047952404,camera-0165-event-0072-rel-p02-set-11-ts-160567441.vi,7,2,255,71.38988002976006,65.31941170025567,1391,7502.0,8
409047968770,camera-0166-event-0072-rel-p03-set-11-ts-160584124.vi,0,2,255,26.789215078430157,15.639949249333402,114,5608.0,7
409047968770,camera-0166-event-0072-rel-p03-set-11-ts-160584124.vi,1,2,255,22.417253084506168,9.783532102296755,25,5608.0,7
409047968770,camera-0166-event-0072-rel-p03-set-11-ts-160584124.vi,2,2,255,96.2017639035278,74.53356588419433,1517,5608.0,7
409047968770,camera-0166-event-0072-rel-p03-set-11-ts-160584124.vi,3,2,255,107.06595263190526,73.02896470044207,1792,5608.0,7
409047968770,camera-0166-event-0072-rel-p03-set-11-ts-160584124.vi,4,2,255,76.93532612065223,67.09982202524778,1795,5608.0,7
409047968770,camera-0166-event-0072-rel-p03-set-11-ts-160584124.vi,5,2,255,98.38036301072601,75.18632471391504,1823,5608.0,7
409047968770,camera-0166-event-0072-rel-p03-set-11-ts-160584124.vi,6,2,255,105.75988901977804,73.02153777223842,1677,5608.0,7
409047968770,camera-0166-event-0072-rel-p03-set-11-ts-160584124.vi,7,2,255,72.82574090148181,65.63296763403432,1430,5608.0,7
409048269067,camera-0167-event-0000-rel-p00-set-11-ts-160886022.vi,0,2,255,28.393894537789077,19.095283145664077,416,4805.0,7
409048269067,camera-0167-event-0000-rel-p00-set-11-ts-160886022.vi,1,2,255,23.181071362142724,14.656902772311183,287,4805.0,7
409048269067,camera-0167-event-0000-rel-p00-set-11-ts-160886022.vi,2,2,255,108.2999798499597,73.62071810665707,2186,4805.0,7
409048269067,camera-0167-event-0000-rel-p00-set-11-ts-160886022.vi,3,2,255,117.78334056668113,71.28213984632308,2275,4805.0,7
409048269067,camera-0167-event-0000-rel-p00-set-11-ts-160886022.vi,4,2,255,94.75809876619753,68.81074275864748,2392,4805.0,7
409048269067,camera-0167-event-0000-rel-p00-set-11-ts-160886022.vi,5,2,255,110.46944168888338,73.65545830720603,2450,4805.0,7
409048269067,camera-0167-event-0000-rel-p00-set-11-ts-160886022.vi,6,2,255,116.94736964473928,71.74003970634418,2317,4805.0,7
409048269067,camera-0167-event-0000-rel-p00-set-11-ts-160886022.vi,7,2,255,91.3022118544237,68.70680242652185,2227,4805.0,7
409048435894,camera-0168-event-0073-rel-m02-set-11-ts-161052852.vi,0,2,255,27.707994915989833,20.3383037147802,540,5689.0,8
409048435894,camera-0168-event-0073-rel-m02-set-11-ts-161052852.vi,1,2,255,22.958289416578832,16.361012379928155,383,5689.0,8
409048435894,camera-0168-event-0073-rel-m02-set-11-ts-161052852.vi,2,2,255,104.78221681443362,73.38444833466733,1999,5689.0,8
409048435894,camera-0168-event-0073-rel-m02-set-11-ts-161052852.vi,3,2,255,114.98993272986546,71.41197175011828,2103,5689.0,8
409048435894,camera-0168-event-0073-rel-m02-set-11-ts-161052852.vi,4,2,255,88.34295368590737,68.34919868755215,2065,5689.0,8
409048435894,camera-0168-event-0073-rel-m02-set-11-ts-161052852.vi,5,2,255,106.14577004154009,73.43378162282026,2159,5689.0,8
409048435894,camera-0168-event-0073-rel-m02-set-11-ts-161052852.vi,6,2,255,113.82962365924732,71.46808191307524,2048,5689.0,8
409048435894,camera-0168-event-0073-rel-m02-set-11-ts-161052852.vi,7,2,255,85.70632091264183,67.8584481277321,1811,5689.0,8
409048453830,camera-0169-event-0073-rel-m01-set-11-ts-161068358.vi,0,2,255,26.955166160332322,19.938164226970002,527,4339.0,8
409048453830,camera-0169-event-0073-rel-m01-set-11-ts-161068358.vi,1,2,255,23.068913137826275,16.356250580215473,386,4339.0,8
409048453830,camera-0169-event-0073-rel-m01-set-11-ts-161068358.vi,2,2,255,94.04502759005518,74.34244266647251,1264,4339.0,8
409048453830,camera-0169-event-0073-rel-m01-set-11-ts-161068358.vi,3,2,255,105.81141887283775,72.4522346696927,1430,4339.0,8
409048453830,camera-0169-event-0073-rel-m01-set-11-ts-161068358.vi,4,2,255,72.8998155496311,65.45026494079562,1443,4339.0,8
409048453830,camera-0169-event-0073-rel-m01-set-11-ts-161068358.vi,5,2,255,95.95994016988034,74.9422515150522,1504,4339.0,8
409048453830,camera-0169-event-0073-rel-m01-set-11-ts-161068358.vi,6,2,255,104.44561039122078,72.57794305015821,1442,4339.0,8
409048453830,camera-0169-event-0073-rel-m01-set-11-ts-161068358.vi,7,2,255,69.39594829189659,64.08738709488837,1150,4339.0,8
409048471212,camera-0170-event-0073-rel-p01-set-11-ts-161085042.vi,0,2,255,27.47181319362639,20.31623048215336,540,7102.0,7
409048471212,camera-0170-event-0073-rel-p01-set-11-ts-161085042.vi,1,2,255,23.479756959513917,16.68144131246158,391,7102.0,7
409048471212,camera-0170-event-0073-rel-p01-set-11-ts-161085042.vi,2,2,255,94.4496248992498,74.26705225430993,1277,7102.0,7
409048471212,camera-0170-event-0073-rel-p01-set-11-ts-161085042.vi,3,2,255,106.01683303366606,72.73249292221873,1540,7102.0,7
409048471212,camera-0170-event-0073-rel-p01-set-11-ts-161085042.vi,4,2,255,74.41200632401265,66.2752673925244,1656,7102.0,7
409048471212,camera-0170-event-0073-rel-p01-set-11-ts-161085042.vi,5,2,255,96.65640306280612,74.85076787452331,1541,7102.0,7
409048471212,camera-0170-event-0073-rel-p01-set-11-ts-161085042.vi,6,2,255,104.8242993985988,72.61450641809454,1489,7102.0,7
409048471212,camera-0170-event-0073-rel-p01-set-11-ts-161085042.vi,7,2,255,70.53378231756463,64.71195511288136,1293,7102.0,7
409048453830,camera-0171-event-0074-rel-m02-set-11-ts-161068358.vi,0,2,255,26.955166160332322,19.938164226970002,527,4339.0,8
409048453830,camera-0171-event-0074-rel-m02-set-11-ts-161068358.vi,1,2,255,23.068913137826275,16.356250580215473,386,4339.0,8
409048453830,camera-0171-event-0074-rel-m02-set-11-ts-161068358.vi,2,2,255,94.04502759005518,74.34244266647251,1264,4339.0,8
409048453830,camera-0171-event-0074-rel-m02-set-11-ts-161068358.vi,3,2,255,105.81141887283775,72.4522346696927,1430,4339.0,8
409048453830,camera-0171-event-0074-rel-m02-set-11-ts-161068358.vi,4,2,255,72.8998155496311,65.45026494079562,1443,4339.0,8
409048453830,camera-0171-event-0074-rel-m02-set-11-ts-161068358.vi,5,2,255,95.95994016988034,74.9422515150522,1504,4339.0,8
409048453830,camera-0171-event-0074-rel-m02-set-11-ts-161068358.vi,6,2,255,104.44561039122078,72.57794305015821,1442,4339.0,8
409048453830,camera-0171-event-0074-rel-m02-set-11-ts-161068358.vi,7,2,255,69.39594829189659,64.08738709488837,1150,4339.0,8
409048471212,camera-0172-event-0074-rel-m01-set-11-ts-161085042.vi,0,2,255,27.47181319362639,20.31623048215336,540,7102.0,7
409048471212,camera-0172-event-0074-rel-m01-set-11-ts-161085042.vi,1,2,255,23.479756959513917,16.68144131246158,391,7102.0,7
409048471212,camera-0172-event-0074-rel-m01-set-11-ts-161085042.vi,2,2,255,94.4496248992498,74.26705225430993,1277,7102.0,7
409048471212,camera-0172-event-0074-rel-m01-set-11-ts-161085042.vi,3,2,255,106.01683303366606,72.73249292221873,1540,7102.0,7
409048471212,camera-0172-event-0074-rel-m01-set-11-ts-161085042.vi,4,2,255,74.41200632401265,66.2752673925244,1656,7102.0,7
409048471212,camera-0172-event-0074-rel-m01-set-11-ts-161085042.vi,5,2,255,96.65640306280612,74.85076787452331,1541,7102.0,7
409048471212,camera-0172-event-0074-rel-m01-set-11-ts-161085042.vi,6,2,255,104.8242993985988,72.61450641809454,1489,7102.0,7
409048471212,camera-0172-event-0074-rel-m01-set-11-ts-161085042.vi,7,2,255,70.53378231756463,64.71195511288136,1293,7102.0,7
409048490991,camera-0173-event-0073-rel-p02-set-11-ts-161101250.vi,0,2,255,26.528326306652612,19.567737999439203,522,5160.0,8
409048490991,camera-0173-event-0073-rel-p02-set-11-ts-161101250.vi,1,2,255,22.918927087854176,16.089945951394096,380,5160.0,8
409048490991,camera-0173-event-0073-rel-p02-set-11-ts-161101250.vi,2,2,255,90.61910998821998,74.92840111646363,1137,5160.0,8
409048490991,camera-0173-event-0073-rel-p02-set-11-ts-161101250.vi,3,2,255,103.18236561473122,72.88369489923684,1382,5160.0,8
409048490991,camera-0173-event-0073-rel-p02-set-11-ts-161101250.vi,4,2,255,68.0734546469093,64.06420923082909,1335,5160.0,8
409048490991,camera-0173-event-0073-rel-p02-set-11-ts-161101250.vi,5,2,255,93.06742513485027,75.43754309033466,1348,5160.0,8
409048490991,camera-0173-event-0073-rel-p02-set-11-ts-161101250.vi,6,2,255,102.2745985491971,72.94097008580172,1316,5160.0,8
409048490991,camera-0173-event-0073-rel-p02-set-11-ts-161101250.vi,7,2,255,64.21850393700787,62.34951338662267,1102,5160.0,8
409048490991,camera-0174-event-0074-rel-p01-set-11-ts-161101250.vi,0,2,255,26.528326306652612,19.567737999439203,522,5160.0,8
409048490991,camera-0174-event-0074-rel-p01-set-11-ts-161101250.vi,1,2,255,22.918927087854176,16.089945951394096,380,5160.0,8
409048490991,camera-0174-event-0074-rel-p01-set-11-ts-161101250.vi,2,2,255,90.61910998821998,74.92840111646363,1137,5160.0,8
409048490991,camera-0174-event-0074-rel-p01-set-11-ts-161101250.vi,3,2,255,103.18236561473122,72.88369489923684,1382,5160.0,8
409048490991,camera-0174-event-0074-rel-p01-set-11-ts-161101250.vi,4,2,255,68.0734546469093,64.06420923082909,1335,5160.0,8
409048490991,camera-0174-event-0074-rel-p01-set-11-ts-161101250.vi,5,2,255,93.06742513485027,75.43754309033466,1348,5160.0,8
409048490991,camera-0174-event-0074-rel-p01-set-11-ts-161101250.vi,6,2,255,102.2745985491971,72.94097008580172,1316,5160.0,8
409048490991,camera-0174-event-0074-rel-p01-set-11-ts-161101250.vi,7,2,255,64.21850393700787,62.34951338662267,1102,5160.0,8
409048504970,camera-0175-event-0073-rel-p03-set-11-ts-161117933.vi,0,2,255,26.85993396986794,19.92568762583853,532,-8819.0,8
409048504970,camera-0175-event-0073-rel-p03-set-11-ts-161117933.vi,1,2,255,23.158154566309133,16.34417453398194,384,-8819.0,8
409048504970,camera-0175-event-0073-rel-p03-set-11-ts-161117933.vi,2,2,255,90.93872062744126,74.58216739674033,1144,-8819.0,8
409048504970,camera-0175-event-0073-rel-p03-set-11-ts-161117933.vi,3,2,255,103.40515531031062,72.77350920472443,1367,-8819.0,8
409048504970,camera-0175-event-0073-rel-p03-set-11-ts-161117933.vi,4,2,255,68.82707390414781,64.39121871678836,1378,-8819.0,8
409048504970,camera-0175-event-0073-rel-p03-set-11-ts-161117933.vi,5,2,255,93.06410037820076,75.32507674495994,1357,-8819.0,8
409048504970,camera-0175-event-0073-rel-p03-set-11-ts-161117933.vi,6,2,255,102.05707886415773,73.128703830127,1385,-8819.0,8
409048504970,camera-0175-event-0073-rel-p03-set-11-ts-161117933.vi,7,2,255,64.97116994233988,62.575656530754976,1104,-8819.0,8
409048504970,camera-0176-event-0074-rel-p02-set-11-ts-161117933.vi,0,2,255,26.85993396986794,19.92568762583853,532,-8819.0,8
409048504970,camera-0176-event-0074-rel-p02-set-11-ts-161117933.vi,1,2,255,23.158154566309133,16.34417453398194,384,-8819.0,8
409048504970,camera-0176-event-0074-rel-p02-set-11-ts-161117933.vi,2,2,255,90.93872062744126,74.58216739674033,1144,-8819.0,8
409048504970,camera-0176-event-0074-rel-p02-set-11-ts-161117933.vi,3,2,255,103.40515531031062,72.77350920472443,1367,-8819.0,8
409048504970,camera-0176-event-0074-rel-p02-set-11-ts-161117933.vi,4,2,255,68.82707390414781,64.39121871678836,1378,-8819.0,8
409048504970,camera-0176-event-0074-rel-p02-set-11-ts-161117933.vi,5,2,255,93.06410037820076,75.32507674495994,1357,-8819.0,8
409048504970,camera-0176-event-0074-rel-p02-set-11-ts-161117933.vi,6,2,255,102.05707886415773,73.128703830127,1385,-8819.0,8
409048504970,camera-0176-event-0074-rel-p02-set-11-ts-161117933.vi,7,2,255,64.97116994233988,62.575656530754976,1104,-8819.0,8
409048519336,camera-0177-event-0074-rel-p03-set-11-ts-161134943.vi,0,2,255,27.113599727199453,20.017949284688907,533,-3707.0,7
409048519336,camera-0177-event-0074-rel-p03-set-11-ts-161134943.vi,1,2,255,23.28763407526815,16.494184290847553,386,-3707.0,7
409048519336,camera-0177-event-0074-rel-p03-set-11-ts-161134943.vi,2,2,255,92.82034689069378,74.39677413930575,1289,-3707.0,7
409048519336,camera-0177-event-0074-rel-p03-set-11-ts-161134943.vi,3,2,255,104.84308543617087,72.69560542027969,1501,-3707.0,7
409048519336,camera-0177-event-0074-rel-p03-set-11-ts-161134943.vi,4,2,255,71.58505642011283,65.17266591043081,1420,-3707.0,7
409048519336,camera-0177-event-0074-rel-p03-set-11-ts-161134943.vi,5,2,255,95.0253503007006,75.22869487321049,1492,-3707.0,7
409048519336,camera-0177-event-0074-rel-p03-set-11-ts-161134943.vi,6,2,255,103.85718271436542,72.78310190232045,1376,-3707.0,7
409048519336,camera-0177-event-0074-rel-p03-set-11-ts-161134943.vi,7,2,255,67.80190185380371,63.676909244643,1173,-3707.0,7
409048903495,camera-0178-event-0075-rel-m02-set-11-ts-161518429.vi,0,2,255,26.951213652427306,19.840839333678947,540,3951.0,7
409048903495,camera-0178-event-0075-rel-m02-set-11-ts-161518429.vi,1,2,255,23.311628123256245,16.584872059288923,394,3951.0,7
409048903495,camera-0178-event-0075-rel-m02-set-11-ts-161518429.vi,2,2,255,91.94313038626078,74.86554094543058,1172,3951.0,7
409048903495,camera-0178-event-0075-rel-m02-set-11-ts-161518429.vi,3,2,255,104.07789540579081,72.7346541802993,1406,3951.0,7
409048903495,camera-0178-event-0075-rel-m02-set-11-ts-161518429.vi,4,2,255,69.52335079670159,64.48784704970556,1395,3951.0,7
409048903495,camera-0178-event-0075-rel-m02-set-11-ts-161518429.vi,5,2,255,94.51847603695208,75.64900934038707,1466,3951.0,7
409048903495,camera-0178-event-0075-rel-m02-set-11-ts-161518429.vi,6,2,255,103.05731911463823,72.72648129675896,1296,3951.0,7
409048903495,camera-0178-event-0075-rel-m02-set-11-ts-161518429.vi,7,2,255,65.74386973773947,62.70625253368418,1121,3951.0,7
409048919741,camera-0179-event-0075-rel-m01-set-11-ts-161535223.vi,0,2,255,27.171732593465187,20.00678855460072,544,6860.0,7
409048919741,camera-0179-event-0075-rel-m01-set-11-ts-161535223.vi,1,2,255,23.446028892057782,16.684377958505646,403,6860.0,7
409048919741,camera-0179-event-0075-rel-m01-set-11-ts-161535223.vi,2,2,255,92.80401760803521,74.7458630618909,1279,6860.0,7
409048919741,camera-0179-event-0075-rel-m01-set-11-ts-161535223.vi,3,2,255,104.7491707483415,72.69553276401041,1524,6860.0,7
409048919741,camera-0179-event-0075-rel-m01-set-11-ts-161535223.vi,4,2,255,70.59332568665137,64.84085236180891,1425,6860.0,7
409048919741,camera-0179-event-0075-rel-m01-set-11-ts-161535223.vi,5,2,255,94.92894785789572,75.46711011541795,1462,6860.0,7
409048919741,camera-0179-event-0075-rel-m01-set-11-ts-161535223.vi,6,2,255,103.46195517391035,72.89963514865977,1325,6860.0,7
409048919741,camera-0179-event-0075-rel-m01-set-11-ts-161535223.vi,7,2,255,66.59524769049538,63.14076062977786,1162,6860.0,7
409048937933,camera-0180-event-0075-rel-p01-set-11-ts-161551906.vi,0,2,14,26.59281418562837,19.56437871679048,535,3465.0,7
409048937933,camera-0180-event-0075-rel-p01-set-11-ts-161551906.vi,1,2,14,22.99236623473247,16.238965711638137,390,3465.0,7
409048937933,camera-0180-event-0075-rel-p01-set-11-ts-161551906.vi,2,2,14,91.83019716039432,74.87679050360559,1216,3465.0,7
409048937933,camera-0180-event-0075-rel-p01-set-11-ts-161551906.vi,3,2,14,104.13214551429103,72.95823339867556,1430,3465.0,7
409048937933,camera-0180-event-0075-rel-p01-set-11-ts-161551906.vi,4,2,14,68.71519468038936,63.975269686906465,1327,3465.0,7
409048937933,camera-0180-event-0075-rel-p01-set-11-ts-161551906.vi,5,2,14,94.25270475540951,75.52586486758587,1399,3465.0,7
409048937933,camera-0180-event-0075-rel-p01-set-11-ts-161551906.vi,6,2,14,103.34617769235538,72.74481547754006,1301,3465.0,7
409048937933,camera-0180-event-0075-rel-p01-set-11-ts-161551906.vi,7,2,14,65.70299615599231,62.692365191531685,1086,3465.0,7
409048953176,camera-0181-event-0075-rel-p02-set-11-ts-161568491.vi,0,2,14,26.875596751193502,19.85085460315237,542,4761.0,6
409048953176,camera-0181-event-0075-rel-p02-set-11-ts-161568491.vi,1,2,14,23.250852501705005,16.52367889460972,397,4761.0,6
409048953176,camera-0181-event-0075-rel-p02-set-11-ts-161568491.vi,2,2,14,91.75952476904953,74.91317484926459,1195,4761.0,6
409048953176,camera-0181-event-0075-rel-p02-set-11-ts-161568491.vi,3,2,14,103.6000914501829,72.81329391857767,1399,4761.0,6
409048953176,camera-0181-event-0075-rel-p02-set-11-ts-161568491.vi,4,2,14,68.9222363444727,64.26399959969238,1382,4761.0,6
409048953176,camera-0181-event-0075-rel-p02-set-11-ts-161568491.vi,5,2,14,94.03937782875566,75.6427054597962,1294,4761.0,6
409048953176,camera-0181-event-0075-rel-p02-set-11-ts-161568491.vi,6,2,14,102.92285634571269,73.01324878224156,1341,4761.0,6
409048953176,camera-0181-event-0075-rel-p02-set-11-ts-161568491.vi,7,2,14,64.98662347324695,62.530952526000576,1133,4761.0,6
409048970024,camera-0182-event-0075-rel-p03-set-11-ts-161585174.vi,0,2,14,27.042981585963172,19.95802325462989,547,5944.0,6
409048970024,camera-0182-event-0075-rel-p03-set-11-ts-161585174.vi,1,2,14,23.38808977617955,16.704880296874435,403,5944.0,6
409048970024,camera-0182-event-0075-rel-p03-set-11-ts-161585174.vi,2,2,14,92.01402752805505,74.97338216823967,1193,5944.0,6
409048970024,camera-0182-event-0075-rel-p03-set-11-ts-161585174.vi,3,2,14,104.22863320726641,72.75976977478199,1398,5944.0,6
409048970024,camera-0182-event-0075-rel-p03-set-11-ts-161585174.vi,4,2,14,69.6982763965528,64.52784077616164,1376,5944.0,6
409048970024,camera-0182-event-0075-rel-p03-set-11-ts-161585174.vi,5,2,14,93.9022955545911,75.36764476666492,1334,5944.0,6
409048970024,camera-0182-event-0075-rel-p03-set-11-ts-161585174.vi,6,2,14,102.99373798747598,72.96593449920636,1379,5944.0,6
409048970024,camera-0182-event-0075-rel-p03-set-11-ts-161585174.vi,7,2,14,65.76461652923305,62.851156172883286,1174,5944.0,6
409049271964,camera-0183-event-0000-rel-p00-set-11-ts-161885160.vi,0,2,14,26.719162688325376,19.685006357912645,540,3567.0,5
409049271964,camera-0183-event-0000-rel-p00-set-11-ts-161885160.vi,1,2,14,23.233104966209932,16.48796116532092,393,3567.0,5
409049271964,camera-0183-event-0000-rel-p00-set-11-ts-161885160.vi,2,2,14,89.48830522661045,75.19918650535956,1139,3567.0,5
409049271964,camera-0183-event-0000-rel-p00-set-11-ts-161885160.vi,3,2,14,102.05996961993924,73.34283225028852,1360,3567.0,5
409049271964,camera-0183-event-0000-rel-p00-set-11-ts-161885160.vi,4,2,14,66.01593403186807,63.323857395368506,1272,3567.0,5
409049271964,camera-0183-event-0000-rel-p00-set-11-ts-161885160.vi,5,2,14,91.54635284270569,75.78290909906332,1313,3567.0,5
409049271964,camera-0183-event-0000-rel-p00-set-11-ts-161885160.vi,6,2,14,101.13950027900056,73.30502118861533,1241,3567.0,5
409049271964,camera-0183-event-0000-rel-p00-set-11-ts-161885160.vi,7,2,14,62.11722673445347,61.44492306022812,1036,3567.0,5
409050271115,camera-0184-event-0000-rel-p00-set-11-ts-162886044.vi,0,2,14,26.116002232004465,19.381307496638186,539,4947.0,5
409050271115,camera-0184-event-0000-rel-p00-set-11-ts-162886044.vi,1,2,14,22.878983507967018,16.09181048486078,380,4947.0,5
409050271115,camera-0184-event-0000-rel-p00-set-11-ts-162886044.vi,2,2,14,86.48191921383842,75.55723643621293,999,4947.0,5
409050271115,camera-0184-event-0000-rel-p00-set-11-ts-162886044.vi,3,2,14,99.68989862979726,73.56774171474727,1197,4947.0,5
409050271115,camera-0184-event-0000-rel-p00-set-11-ts-162886044.vi,4,2,14,61.948632897265796,61.77177094700625,1101,4947.0,5
409050271115,camera-0184-event-0000-rel-p00-set-11-ts-162886044.vi,5,2,14,88.81899838799677,76.28733278366902,1159,4947.0,5
409050271115,camera-0184-event-0000-rel-p00-set-11-ts-162886044.vi,6,2,14,98.64252278504557,73.53781082487845,1131,4947.0,5
409050271115,camera-0184-event-0000-rel-p00-set-11-ts-162886044.vi,7,2,14,58.161045322090644,59.59880344009305,864,4947.0,5
409051272087,camera-0185-event-0000-rel-p00-set-11-ts-163887004.vi,0,2,14,25.998736747473494,19.207463250192234,522,4542.0,5
409051272087,camera-0185-event-0000-rel-p00-set-11-ts-163887004.vi,1,2,14,22.80209560419121,15.978619967351499,371,4542.0,5
409051272087,camera-0185-event-0000-rel-p00-set-11-ts-163887004.vi,2,2,14,86.03822307644616,75.73725519031565,999,4542.0,5
409051272087,camera-0185-event-0000-rel-p00-set-11-ts-163887004.vi,3,2,14,99.35433070866142,73.66763115737983,1180,4542.0,5
409051272087,camera-0185-event-0000-rel-p00-set-11-ts-163887004.vi,4,2,14,61.386555273110545,61.80812893794218,1158,4542.0,5
409051272087,camera-0185-event-0000-rel-p00-set-11-ts-163887004.vi,5,2,14,87.93903837807676,76.21301537490503,1117,4542.0,5
409051272087,camera-0185-event-0000-rel-p00-set-11-ts-163887004.vi,6,2,14,98.2734902969806,73.84243655153804,1120,4542.0,5
409051272087,camera-0185-event-0000-rel-p00-set-11-ts-163887004.vi,7,2,14,57.713086676173354,59.428010332132715,880,4542.0,5
409052273032,camera-0186-event-0000-rel-p00-set-11-ts-164888006.vi,0,2,14,25.823826647653295,19.05765894334154,516,4544.0,5
409052273032,camera-0186-event-0000-rel-p00-set-11-ts-164888006.vi,1,2,14,22.651443052886105,15.902239238862814,376,4544.0,5
409052273032,camera-0186-event-0000-rel-p00-set-11-ts-164888006.vi,2,2,14,85.35574121148242,75.59676057004012,940,4544.0,5
409052273032,camera-0186-event-0000-rel-p00-set-11-ts-164888006.vi,3,2,14,98.89046128092257,73.92520333867468,1160,4544.0,5
409052273032,camera-0186-event-0000-rel-p00-set-11-ts-164888006.vi,4,2,14,60.85891871783743,61.6021497008126,1138,4544.0,5
409052273032,camera-0186-event-0000-rel-p00-set-11-ts-164888006.vi,5,2,14,87.48057846115692,76.32723340982368,1077,4544.0,5
409052273032,camera-0186-event-0000-rel-p00-set-11-ts-164888006.vi,6,2,14,97.98184946369892,73.87995592888822,1053,4544.0,5
409052273032,camera-0186-event-0000-rel-p00-set-11-ts-164888006.vi,7,2,14,57.2239754479509,59.45863226022733,843,4544.0,5
409053273910,camera-0187-event-0000-rel-p00-set-11-ts-165888967.vi,0,2,14,25.808931117862237,19.156576826358215,527,4517.0,5
409053273910,camera-0187-event-0000-rel-p00-set-11-ts-165888967.vi,1,2,14,22.63272676545353,15.858339292461089,370,4517.0,5
409053273910,camera-0187-event-0000-rel-p00-set-11-ts-165888967.vi,2,2,14,84.88835327670655,75.51548384742502,970,4517.0,5
409053273910,camera-0187-event-0000-rel-p00-set-11-ts-165888967.vi,3,2,14,98.07673290346581,73.94909899560498,1223,4517.0,5
409053273910,camera-0187-event-0000-rel-p00-set-11-ts-165888967.vi,4,2,14,60.245272490544984,61.22582663982084,1105,4517.0,5
409053273910,camera-0187-event-0000-rel-p00-set-11-ts-165888967.vi,5,2,14,87.15720906441813,76.38215833935121,1167,4517.0,5
409053273910,camera-0187-event-0000-rel-p00-set-11-ts-165888967.vi,6,2,14,97.20398040796081,73.82435188436297,1047,4517.0,5
409053273910,camera-0187-event-0000-rel-p00-set-11-ts-165888967.vi,7,2,14,56.8246558993118,59.09740781341484,838,4517.0,5
409054274918,camera-0188-event-0000-rel-p00-set-11-ts-166889929.vi,0,2,14,25.847758695517392,19.19196593094821,539,4821.0,5
409054274918,camera-0188-event-0000-rel-p00-set-11-ts-166889929.vi,1,2,14,22.65517081034162,15.860854995907891,377,4821.0,5
409054274918,camera-0188-event-0000-rel-p00-set-11-ts-166889929.vi,2,2,14,84.88247876495753,75.53138390938463,965,4821.0,5
409054274918,camera-0188-event-0000-rel-p00-set-11-ts-166889929.vi,3,2,14,99.02879905759812,73.9016359935255,1279,4821.0,5
409054274918,camera-0188-event-0000-rel-p00-set-11-ts-166889929.vi,4,2,14,60.608662967325934,61.459086625346174,1097,4821.0,5
409054274918,camera-0188-event-0000-rel-p00-set-11-ts-166889929.vi,5,2,14,87.40885981771963,76.42737423051278,1075,4821.0,5
409054274918,camera-0188-event-0000-rel-p00-set-11-ts-166889929.vi,6,2,14,97.69502914005828,73.88178717889514,1083,4821.0,5
409054274918,camera-0188-event-0000-rel-p00-set-11-ts-166889929.vi,7,2,14,57.121729493458986,59.317332102867155,828,4821.0,5
409055275981,camera-0189-event-0000-rel-p00-set-11-ts-167890904.vi,0,2,14,26.021250542501086,19.378954525544035,537,4626.0,5
409055275981,camera-0189-event-0000-rel-p00-set-11-ts-167890904.vi,1,2,14,22.784154318308637,15.99653960278386,377,4626.0,5
409055275981,camera-0189-event-0000-rel-p00-set-11-ts-167890904.vi,2,2,14,85.249441998884,75.6021117441321,989,4626.0,5
409055275981,camera-0189-event-0000-rel-p00-set-11-ts-167890904.vi,3,2,14,98.98525172050344,73.79722983487218,1261,4626.0,5
409055275981,camera-0189-event-0000-rel-p00-set-11-ts-167890904.vi,4,2,14,60.98712722425445,61.696694105163395,1148,4626.0,5
409055275981,camera-0189-event-0000-rel-p00-set-11-ts-167890904.vi,5,2,14,87.55700911401823,76.3436099956047,1130,4626.0,5
409055275981,camera-0189-event-0000-rel-p00-set-11-ts-167890904.vi,6,2,14,97.97348719697439,73.78497111720385,1131,4626.0,5
409055275981,camera-0189-event-0000-rel-p00-set-11-ts-167890904.vi,7,2,14,57.113777977555955,59.30293414767697,896,4626.0,5
409056277602,camera-0190-event-0000-rel-p00-set-11-ts-168891891.vi,0,2,14,26.07739940479881,19.384981226431776,539,4086.0,5
409056277602,camera-0190-event-0000-rel-p00-set-11-ts-168891891.vi,1,2,14,22.862165974331948,16.126594020543642,380,4086.0,5
409056277602,camera-0190-event-0000-rel-p00-set-11-ts-168891891.vi,2,2,14,85.20480965961931,75.49003633810487,1016,4086.0,5
409056277602,camera-0190-event-0000-rel-p00-set-11-ts-168891891.vi,3,2,14,98.6998573997148,73.9237527256436,1244,4086.0,5
409056277602,camera-0190-event-0000-rel-p00-set-11-ts-168891891.vi,4,2,14,60.874604749209496,61.595422488644964,1097,4086.0,5
409056277602,camera-0190-event-0000-rel-p00-set-11-ts-168891891.vi,5,2,14,87.35449345898692,76.17711479699467,1103,4086.0,5
409056277602,camera-0190-event-0000-rel-p00-set-11-ts-168891891.vi,6,2,14,97.49089373178747,73.7542820246003,1085,4086.0,5
409056277602,camera-0190-event-0000-rel-p00-set-11-ts-168891891.vi,7,2,14,57.05295585591171,59.38844558841284,882,4086.0,5
409057277873,camera-0191-event-0000-rel-p00-set-11-ts-169892914.vi,0,2,14,26.2001984003968,19.52823223910311,541,4837.0,5
409057277873,camera-0191-event-0000-rel-p00-set-11-ts-169892914.vi,1,2,14,22.940906131812262,16.181938214626072,382,4837.0,5
409057277873,camera-0191-event-0000-rel-p00-set-11-ts-169892914.vi,2,2,14,85.86414222828445,75.56365952583333,1047,4837.0,5
409057277873,camera-0191-event-0000-rel-p00-set-11-ts-169892914.vi,3,2,14,99.27932605865212,73.62252065883169,1182,4837.0,5
409057277873,camera-0191-event-0000-rel-p00-set-11-ts-169892914.vi,4,2,14,61.70407340814682,61.99749196544485,1242,4837.0,5
409057277873,camera-0191-event-0000-rel-p00-set-11-ts-169892914.vi,5,2,14,88.05412610825222,76.4693967153366,1183,4837.0,5
409057277873,camera-0191-event-0000-rel-p00-set-11-ts-169892914.vi,6,2,14,98.24142848285696,73.71916470250277,1166,4837.0,5
409057277873,camera-0191-event-0000-rel-p00-set-11-ts-169892914.vi,7,2,14,57.826182652365304,59.62135426172282,925,4837.0,5
409057913286,camera-0192-event-0093-rel-m02-set-11-ts-170526854.vi,0,2,14,25.919508339016677,19.293470076205708,531,3085.0,5
409057913286,camera-0192-event-0093-rel-m02-set-11-ts-170526854.vi,1,2,14,22.71269142538285,15.92601462149044,366,3085.0,5
409057913286,camera-0192-event-0093-rel-m02-set-11-ts-170526854.vi,2,2,14,85.61847448694897,75.60252862377477,962,3085.0,5
409057913286,camera-0192-event-0093-rel-m02-set-11-ts-170526854.vi,3,2,14,98.78753332506665,74.00899670928877,1237,3085.0,5
409057913286,camera-0192-event-0093-rel-m02-set-11-ts-170526854.vi,4,2,14,61.172321594643186,61.79456256996513,1135,3085.0,5
409057913286,camera-0192-event-0093-rel-m02-set-11-ts-170526854.vi,5,2,14,87.57306714613429,76.3301829835125,1102,3085.0,5
409057913286,camera-0192-event-0093-rel-m02-set-11-ts-170526854.vi,6,2,14,97.34700694401388,73.79470037873479,1094,3085.0,5
409057913286,camera-0192-event-0093-rel-m02-set-11-ts-170526854.vi,7,2,14,57.61529698059396,59.73734286636055,897,3085.0,5
409057928704,camera-0193-event-0093-rel-m01-set-11-ts-170543516.vi,0,2,14,26.338985677971355,19.667034830509426,544,4334.0,5
409057928704,camera-0193-event-0093-rel-m01-set-11-ts-170543516.vi,1,2,14,23.044175088350176,16.27687145733359,381,4334.0,5
409057928704,camera-0193-event-0093-rel-m01-set-11-ts-170543516.vi,2,2,14,86.38501302002604,75.47020870532745,1029,4334.0,5
409057928704,camera-0193-event-0093-rel-m01-set-11-ts-170543516.vi,3,2,14,99.45615041230083,73.60015000787476,1248,4334.0,5
409057928704,camera-0193-event-0093-rel-m01-set-11-ts-170543516.vi,4,2,14,62.22080569161138,62.181758943731666,1177,4334.0,5
409057928704,camera-0193-event-0093-rel-m01-set-11-ts-170543516.vi,5,2,14,88.47296794593589,76.24715796361009,1191,4334.0,5
409057928704,camera-0193-event-0093-rel-m01-set-11-ts-170543516.vi,6,2,14,98.52057629115258,73.83110761855055,1156,4334.0,5
409057928704,camera-0193-event-0093-rel-m01-set-11-ts-170543516.vi,7,2,14,58.49731074462149,60.15403926823868,887,4334.0,5
409057947003,camera-0194-event-0093-rel-p01-set-11-ts-170560199.vi,0,2,14,25.98934372868746,19.343919253050373,538,3669.0,5
409057947003,camera-0194-event-0093-rel-p01-set-11-ts-170560199.vi,1,2,14,22.767251534503067,15.957343749314658,368,3669.0,5
409057947003,camera-0194-event-0093-rel-p01-set-11-ts-170560199.vi,2,2,14,85.47171244342489,75.4720434821692,1014,3669.0,5
409057947003,camera-0194-event-0093-rel-p01-set-11-ts-170560199.vi,3,2,14,99.17766910533821,73.86809006256762,1216,3669.0,5
409057947003,camera-0194-event-0093-rel-p01-set-11-ts-170560199.vi,4,2,14,61.2509067518135,61.797678351082915,1149,3669.0,5
409057947003,camera-0194-event-0093-rel-p01-set-11-ts-170560199.vi,5,2,14,87.81138012276024,76.42102859135231,1153,3669.0,5
409057947003,camera-0194-event-0093-rel-p01-set-11-ts-170560199.vi,6,2,14,97.81845588691178,73.84229457715854,1107,3669.0,5
409057947003,camera-0194-event-0093-rel-p01-set-11-ts-170560199.vi,7,2,14,57.789075578151156,59.69162515091604,853,3669.0,5
409057961977,camera-0195-event-0093-rel-p02-set-11-ts-170576906.vi,0,1,255,25.926219852439704,19.29462803647832,531,6140.0,5
409057961977,camera-0195-event-0093-rel-p02-set-11-ts-170576906.vi,1,1,255,22.71489242978486,15.927358764010217,367,6140.0,5
409057961977,camera-0195-event-0093-rel-p02-set-11-ts-170576906.vi,2,1,255,85.18789912579825,75.42362132107183,982,6140.0,5
409057961977,camera-0195-event-0093-rel-p02-set-11-ts-170576906.vi,3,1,255,98.79624434248869,73.73270727085306,1209,6140.0,5
409057961977,camera-0195-event-0093-rel-p02-set-11-ts-170576906.vi,4,1,255,61.19235538471077,61.88483103672983,1156,6140.0,5
409057961977,camera-0195-event-0093-rel-p02-set-11-ts-170576906.vi,5,1,255,87.41817533635067,76.2985325623629,1151,6140.0,5
409057961977,camera-0195-event-0093-rel-p02-set-11-ts-170576906.vi,6,1,255,97.90823981647964,73.88854622754522,1084,6140.0,5
409057961977,camera-0195-event-0093-rel-p02-set-11-ts-170576906.vi,7,1,255,57.75201500403001,59.72221414223096,835,6140.0,5
409057978675,camera-0196-event-0093-rel-p03-set-11-ts-170593589.vi,0,1,255,26.347882695765392,19.70802796285727,545,4423.0,5
409057978675,camera-0196-event-0093-rel-p03-set-11-ts-170593589.vi,1,1,255,23.043035836071674,16.287178890615472,378,4423.0,5
409057978675,camera-0196-event-0093-rel-p03-set-11-ts-170593589.vi,2,1,255,86.1756153512307,75.3529616169646,978,4423.0,5
409057978675,camera-0196-event-0093-rel-p03-set-11-ts-170593589.vi,3,1,255,99.4272196044392,73.76637903531642,1274,4423.0,5
409057978675,camera-0196-event-0093-rel-p03-set-11-ts-170593589.vi,4,1,255,62.18701562403125,62.15882851145316,1159,4423.0,5
409057978675,camera-0196-event-0093-rel-p03-set-11-ts-170593589.vi,5,1,255,88.21313317626635,76.14140319574226,1143,4423.0,5
409057978675,camera-0196-event-0093-rel-p03-set-11-ts-170593589.vi,6,1,255,97.95774691549383,73.8251841751584,1154,4423.0,5
409057978675,camera-0196-event-0093-rel-p03-set-11-ts-170593589.vi,7,1,255,58.6013004526009,60.14961479669797,868,4423.0,5
409058279273,camera-0197-event-0000-rel-p00-set-11-ts-170893892.vi,0,1,255,26.338419926839855,19.50853531401253,525,4414.0,5
409058279273,camera-0197-event-0000-rel-p00-set-11-ts-170893892.vi,1,1,255,23.068409386818775,16.37540797119654,389,4414.0,5
409058279273,camera-0197-event-0000-rel-p00-set-11-ts-170893892.vi,2,1,255,86.74896924793849,75.4830479334175,1024,4414.0,5
409058279273,camera-0197-event-0000-rel-p00-set-11-ts-170893892.vi,3,1,255,99.53565782131564,73.82814461445037,1280,4414.0,5
409058279273,camera-0197-event-0000-rel-p00-set-11-ts-170893892.vi,4,1,255,62.841713683427365,62.45180255562989,1188,4414.0,5
409058279273,camera-0197-event-0000-rel-p00-set-11-ts-170893892.vi,5,1,255,89.00750976501953,76.3410503088965,1239,4414.0,5
409058279273,camera-0197-event-0000-rel-p00-set-11-ts-170893892.vi,6,1,255,98.31125612251225,73.76010558171883,1145,4414.0,5
409058279273,camera-0197-event-0000-rel-p00-set-11-ts-170893892.vi,7,1,255,58.89315828631657,60.204593691488775,876,4414.0,5
409058445691,camera-0198-event-0094-rel-m02-set-11-ts-171060748.vi,0,1,255,25.918190836381672,19.106964919273558,516,4987.0,5
409058445691,camera-0198-event-0094-rel-m02-set-11-ts-171060748.vi,1,1,255,22.731430962861925,15.979676483479585,377,4987.0,5
409058445691,camera-0198-event-0094-rel-m02-set-11-ts-171060748.vi,2,1,255,85.80242110484221,75.57564521070634,977,4987.0,5
409058445691,camera-0198-event-0094-rel-m02-set-11-ts-171060748.vi,3,1,255,99.0983786967574,73.76374502309072,1255,4987.0,5
409058445691,camera-0198-event-0094-rel-m02-set-11-ts-171060748.vi,4,1,255,61.557071114142225,61.7960922664895,1147,4987.0,5
409058445691,camera-0198-event-0094-rel-m02-set-11-ts-171060748.vi,5,1,255,87.83006541013081,76.34241212046354,1073,4987.0,5
409058445691,camera-0198-event-0094-rel-m02-set-11-ts-171060748.vi,6,1,255,98.13918252836505,73.64015511768991,1061,4987.0,5
409058445691,camera-0198-event-0094-rel-m02-set-11-ts-171060748.vi,7,1,255,57.62130324260649,59.46585492472605,908,4987.0,5
409058462883,camera-0199-event-0094-rel-m01-set-11-ts-171077403.vi,0,1,255,25.979020708041418,19.208103863283778,516,3750.0,5
409058462883,camera-0199-event-0094-rel-m01-set-11-ts-171077403.vi,1,1,255,22.779054808109617,16.073516814490215,378,3750.0,5
409058462883,camera-0199-event-0094-rel-m01-set-11-ts-171077403.vi,2,1,255,85.32951515903032,75.4142925187803,979,3750.0,5
409058462883,camera-0199-event-0094-rel-m01-set-11-ts-171077403.vi,3,1,255,99.19626914253828,74.01829523615625,1256,3750.0,5
409058462883,camera-0199-event-0094-rel-m01-set-11-ts-171077403.vi,4,1,255,61.2746605493211,61.80063406527691,1199,3750.0,5
409058462883,camera-0199-event-0094-rel-m01-set-11-ts-171077403.vi,5,1,255,87.54232283464567,76.24455458749469,1079,3750.0,5
409058462883,camera-0199-event-0094-rel-m01-set-11-ts-171077403.vi,6,1,255,98.04531434062868,73.89184343602271,1115,3750.0,5
409058462883,camera-0199-event-0094-rel-m01-set-11-ts-171077403.vi,7,1,255,57.72260369520739,59.69749146551268,859,3750.0,5
409058479011,camera-0200-event-0094-rel-p01-set-11-ts-171094086.vi,0,1,255,26.33440541881084,19.503470851627267,528,4646.0,5
409058479011,camera-0200-event-0094-rel-p01-set-11-ts-171094086.vi,1,1,255,23.057822865645733,16.34603368277852,388,4646.0,5
409058479011,camera-0200-event-0094-rel-p01-set-11-ts-171094086.vi,2,1,255,86.1972223944448,75.53919890193478,1051,4646.0,5
409058479011,camera-0200-event-0094-rel-p01-set-11-ts-171094086.vi,3,1,255,99.70657666315333,73.76370439000307,1243,4646.0,5
409058479011,camera-0200-event-0094-rel-p01-set-11-ts-171094086.vi,4,1,255,62.350866451732905,62.33927130307793,1233,4646.0,5
409058479011,camera-0200-event-0094-rel-p01-set-11-ts-171094086.vi,5,1,255,88.38059551119102,76.13844826842202,1170,4646.0,5
409058479011,camera-0200-event-0094-rel-p01-set-11-ts-171094086.vi,6,1,255,98.52659030318061,73.71018476669195,1246,4646.0,5
409058479011,camera-0200-event-0094-rel-p01-set-11-ts-171094086.vi,7,1,255,58.62853400706801,60.084838486241274,929,4646.0,5
409058495867,camera-0201-event-0094-rel-p02-set-11-ts-171110770.vi,0,1,255,25.91672608345217,19.136270995479425,516,7381.0,5
409058495867,camera-0201-event-0094-rel-p02-set-11-ts-171110770.vi,1,1,255,22.72983445966892,15.999111152495685,378,7381.0,5
409058495867,camera-0201-event-0094-rel-p02-set-11-ts-171110770.vi,2,1,255,85.56944788889578,75.65036878599449,989,7381.0,5
409058495867,camera-0201-event-0094-rel-p02-set-11-ts-171110770.vi,3,1,255,98.79610484220969,73.83792850342665,1257,7381.0,5
409058495867,camera-0201-event-0094-rel-p02-set-11-ts-171110770.vi,4,1,255,61.41709808419617,61.848169739922795,1123,7381.0,5
409058495867,camera-0201-event-0094-rel-p02-set-11-ts-171110770.vi,5,1,255,87.84108593217186,76.3915462204832,1147,7381.0,5
409058495867,camera-0201-event-0094-rel-p02-set-11-ts-171110770.vi,6,1,255,97.81676638353277,73.82124829893048,1130,7381.0,5
409058495867,camera-0201-event-0094-rel-p02-set-11-ts-171110770.vi,7,1,255,57.66198307396615,59.65068547757671,877,7381.0,5
409058514374,camera-0202-event-0094-rel-p03-set-11-ts-171127453.vi,0,1,255,26.01011377022754,19.22053812514176,512,3626.0,5
409058514374,camera-0202-event-0094-rel-p03-set-11-ts-171127453.vi,1,1,255,22.804304358608718,16.08063516208823,382,3626.0,5
409058514374,camera-0202-event-0094-rel-p03-set-11-ts-171127453.vi,2,1,255,86.03913757827516,75.67654774190473,1060,3626.0,5
409058514374,camera-0202-event-0094-rel-p03-set-11-ts-171127453.vi,3,1,255,99.5991226982454,73.78990633962682,1253,3626.0,5
409058514374,camera-0202-event-0094-rel-p03-set-11-ts-171127453.vi,4,1,255,61.71028892057784,61.918167332998614,1167,3626.0,5
409058514374,camera-0202-event-0094-rel-p03-set-11-ts-171127453.vi,5,1,255,88.10519096038192,76.39798732911044,1147,3626.0,5
409058514374,camera-0202-event-0094-rel-p03-set-11-ts-171127453.vi,6,1,255,98.09595294190588,73.69534305713306,1055,3626.0,5
409058514374,camera-0202-event-0094-rel-p03-set-11-ts-171127453.vi,7,1,255,57.79684109368219,59.54260568857493,902,3626.0,5
409059279857,camera-0203-event-0000-rel-p00-set-11-ts-171894835.vi,0,1,255,26.331367412734824,19.54132871210251,525,5015.0,5
409059279857,camera-0203-event-0000-rel-p00-set-11-ts-171894835.vi,1,1,255,23.048267096534193,16.342991861309162,391,5015.0,5
409059279857,camera-0203-event-0000-rel-p00-set-11-ts-171894835.vi,2,1,255,86.12788300576601,75.48762302180407,991,5015.0,5
409059279857,camera-0203-event-0000-rel-p00-set-11-ts-171894835.vi,3,1,255,99.21532643065287,73.72849905161598,1320,5015.0,5
409059279857,camera-0203-event-0000-rel-p00-set-11-ts-171894835.vi,4,1,255,62.37692975385951,62.394106811412385,1215,5015.0,5
409059279857,camera-0203-event-0000-rel-p00-set-11-ts-171894835.vi,5,1,255,88.33113491226982,76.2287237776931,1141,5015.0,5
409059279857,camera-0203-event-0000-rel-p00-set-11-ts-171894835.vi,6,1,255,97.86460722921446,73.7091443778193,1091,5015.0,5
409059279857,camera-0203-event-0000-rel-p00-set-11-ts-171894835.vi,7,1,255,58.42276334552669,59.99705907213563,906,5015.0,5
409060280779,camera-0204-event-0000-rel-p00-set-11-ts-172895835.vi,0,1,255,26.164261578523156,19.317066941850545,516,4811.0,5
409060280779,camera-0204-event-0000-rel-p00-set-11-ts-172895835.vi,1,1,255,22.92738235476471,16.145136853524505,376,4811.0,5
409060280779,camera-0204-event-0000-rel-p00-set-11-ts-172895835.vi,2,1,255,85.9019778039556,75.50967079513104,1036,4811.0,5
409060280779,camera-0204-event-0000-rel-p00-set-11-ts-172895835.vi,3,1,255,99.49195548391097,73.76721023251795,1214,4811.0,5
409060280779,camera-0204-event-0000-rel-p00-set-11-ts-172895835.vi,4,1,255,62.2755673011346,62.17731259953927,1145,4811.0,5
409060280779,camera-0204-event-0000-rel-p00-set-11-ts-172895835.vi,5,1,255,88.12212474424949,76.14690414113164,1157,4811.0,5
409060280779,camera-0204-event-0000-rel-p00-set-11-ts-172895835.vi,6,1,255,98.28434806869613,73.75476696030458,1157,4811.0,5
409060280779,camera-0204-event-0000-rel-p00-set-11-ts-172895835.vi,7,1,255,58.24120373240746,59.88747482692114,875,4811.0,5
409060931754,camera-0205-event-0099-rel-m02-set-11-ts-173546499.vi,0,1,255,26.045554591109184,19.278211472599175,519,4876.0,5
409060931754,camera-0205-event-0099-rel-m02-set-11-ts-173546499.vi,1,1,255,22.790563581127163,15.976956218267512,377,4876.0,5
409060931754,camera-0205-event-0099-rel-m02-set-11-ts-173546499.vi,2,1,255,85.8016461032922,75.49413590166762,1018,4876.0,5
409060931754,camera-0205-event-0099-rel-m02-set-11-ts-173546499.vi,3,1,255,99.22389794779589,73.74175746822706,1260,4876.0,5
409060931754,camera-0205-event-0099-rel-m02-set-11-ts-173546499.vi,4,1,255,61.921073842147685,61.97426937281467,1137,4876.0,5
409060931754,camera-0205-event-0099-rel-m02-set-11-ts-173546499.vi,5,1,255,88.16146382292764,76.3609174150327,1079,4876.0,5
409060931754,camera-0205-event-0099-rel-m02-set-11-ts-173546499.vi,6,1,255,98.04164858329716,73.70727246291919,1090,4876.0,5
409060931754,camera-0205-event-0099-rel-m02-set-11-ts-173546499.vi,7,1,255,58.24431148862298,59.798904039570424,889,4876.0,5
409060950429,camera-0206-event-0099-rel-m01-set-11-ts-173563182.vi,0,1,255,25.896405542811085,19.157071773804606,514,3381.0,5
409060950429,camera-0206-event-0099-rel-m01-set-11-ts-173563182.vi,1,1,255,22.673034596069193,15.858340693855215,375,3381.0,5
409060950429,camera-0206-event-0099-rel-m01-set-11-ts-173563182.vi,2,1,255,85.94753239506478,75.54229393811313,1003,3381.0,5
409060950429,camera-0206-event-0099-rel-m01-set-11-ts-173563182.vi,3,1,255,99.29647684295368,73.6574122015981,1212,3381.0,5
409060950429,camera-0206-event-0099-rel-m01-set-11-ts-173563182.vi,4,1,255,61.473874697749395,61.589954482163186,1066,3381.0,5
409060950429,camera-0206-event-0099-rel-m01-set-11-ts-173563182.vi,5,1,255,87.82998790997581,76.13822265954829,1110,3381.0,5
409060950429,camera-0206-event-0099-rel-m01-set-11-ts-173563182.vi,6,1,255,98.11783123566246,73.77956540042922,1077,3381.0,5
409060950429,camera-0206-event-0099-rel-m01-set-11-ts-173563182.vi,7,1,255,57.779543059086116,59.68367781996349,916,3381.0,5
409060965456,camera-0207-event-0099-rel-p01-set-11-ts-173579865.vi,0,2,255,26.328321656643315,19.53675944150688,530,4713.0,5
409060965456,camera-0207-event-0099-rel-p01-set-11-ts-173579865.vi,1,2,255,23.01258602517205,16.207962734051407,383,4713.0,5
409060965456,camera-0207-event-0099-rel-p01-set-11-ts-173579865.vi,2,2,255,86.43870512741026,75.47575062974846,1026,4713.0,5
409060965456,camera-0207-event-0099-rel-p01-set-11-ts-173579865.vi,3,2,255,99.63213776427553,73.67279752397327,1281,4713.0,5
409060965456,camera-0207-event-0099-rel-p01-set-11-ts-173579865.vi,4,2,255,62.53901357802716,62.210480123781785,1184,4713.0,5
409060965456,camera-0207-event-0099-rel-p01-set-11-ts-173579865.vi,5,2,255,88.8723572447145,76.25512780822443,1184,4713.0,5
409060965456,camera-0207-event-0099-rel-p01-set-11-ts-173579865.vi,6,2,255,98.64207328414656,73.65187843104,1161,4713.0,5
409060965456,camera-0207-event-0099-rel-p01-set-11-ts-173579865.vi,7,2,255,58.786200322400646,60.2548147480737,883,4713.0,5
409060981513,camera-0208-event-0099-rel-p02-set-11-ts-173596548.vi,0,2,255,26.05789261578523,19.266465473592305,519,6841.0,5
409060981513,camera-0208-event-0099-rel-p02-set-11-ts-173596548.vi,1,2,255,22.7998480996962,15.963335505247242,378,6841.0,5
409060981513,camera-0208-event-0099-rel-p02-set-11-ts-173596548.vi,2,2,255,86.07913540827082,75.42467338087977,1024,6841.0,5
409060981513,camera-0208-event-0099-rel-p02-set-11-ts-173596548.vi,3,2,255,99.46439642879285,73.66678135006036,1251,6841.0,5
409060981513,camera-0208-event-0099-rel-p02-set-11-ts-173596548.vi,4,2,255,62.19228563457127,62.13209555739514,1115,6841.0,5
409060981513,camera-0208-event-0099-rel-p02-set-11-ts-173596548.vi,5,2,255,88.37963450926902,76.21587939463902,1112,6841.0,5
409060981513,camera-0208-event-0099-rel-p02-set-11-ts-173596548.vi,6,2,255,98.59251193502386,73.67731428501092,1103,6841.0,5
409060981513,camera-0208-event-0099-rel-p02-set-11-ts-173596548.vi,7,2,255,58.20531341062682,59.74919284743365,818,6841.0,5
409060998395,camera-0209-event-0099-rel-p03-set-11-ts-173613202.vi,0,2,255,25.956685163370327,19.24458920806333,517,4740.0,5
409060998395,camera-0209-event-0099-rel-p03-set-11-ts-173613202.vi,1,2,255,22.703763407526814,15.873237176962645,376,4740.0,5
409060998395,camera-0209-event-0099-rel-p03-set-11-ts-173613202.vi,2,2,255,85.79314433628868,75.4039853296361,974,4740.0,5
409060998395,camera-0209-event-0099-rel-p03-set-11-ts-173613202.vi,3,2,255,99.18331111662224,73.88659568426314,1234,4740.0,5
409060998395,camera-0209-event-0099-rel-p03-set-11-ts-173613202.vi,4,2,255,61.388508277016555,61.703757675914595,1092,4740.0,5
409060998395,camera-0209-event-0099-rel-p03-set-11-ts-173613202.vi,5,2,255,87.62265949531898,76.017236663265,1152,4740.0,5
409060998395,camera-0209-event-0099-rel-p03-set-11-ts-173613202.vi,6,2,255,98.40602331204663,73.64626083137726,1139,4740.0,5
409060998395,camera-0209-event-0099-rel-p03-set-11-ts-173613202.vi,7,2,255,57.89876929753859,59.71333495317539,877,4740.0,5
409061281999,camera-0210-event-0000-rel-p00-set-11-ts-173896835.vi,0,2,255,26.007796515593032,19.193333360376908,514,5704.0,5
409061281999,camera-0210-event-0000-rel-p00-set-11-ts-173896835.vi,1,2,255,22.76950678901358,15.967333736332963,377,5704.0,5
409061281999,camera-0210-event-0000-rel-p00-set-11-ts-173896835.vi,2,2,255,86.21746543493087,75.48831350513896,992,5704.0,5
409061281999,camera-0210-event-0000-rel-p00-set-11-ts-173896835.vi,3,2,255,99.12303149606299,73.6864383174654,1200,5704.0,5
409061281999,camera-0210-event-0000-rel-p00-set-11-ts-173896835.vi,4,2,255,61.89501829003658,62.102456419153036,1202,5704.0,5
409061281999,camera-0210-event-0000-rel-p00-set-11-ts-173896835.vi,5,2,255,88.04067983135967,76.21625851969353,1138,5704.0,5
409061281999,camera-0210-event-0000-rel-p00-set-11-ts-173896835.vi,6,2,255,98.28992807985615,73.77972523852566,1119,5704.0,5
409061281999,camera-0210-event-0000-rel-p00-set-11-ts-173896835.vi,7,2,255,57.874007998016,59.65647629208007,880,5704.0,5
409061465514,camera-0211-event-0100-rel-m02-set-11-ts-174080339.vi,0,2,255,26.328197656395314,19.54404377177502,526,4634.0,5
409061465514,camera-0211-event-0100-rel-m02-set-11-ts-174080339.vi,1,2,255,22.990816231632465,16.193660499647635,386,4634.0,5
409061465514,camera-0211-event-0100-rel-m02-set-11-ts-174080339.vi,2,2,255,86.16259532519065,75.22567503929407,1021,4634.0,5
409061465514,camera-0211-event-0100-rel-m02-set-11-ts-174080339.vi,3,2,255,99.5255595511191,73.60701558748418,1278,4634.0,5
409061465514,camera-0211-event-0100-rel-m02-set-11-ts-174080339.vi,4,2,255,62.2007486514973,62.150619910091265,1175,4634.0,5
409061465514,camera-0211-event-0100-rel-m02-set-11-ts-174080339.vi,5,2,255,88.249550499101,75.95855112214771,1170,4634.0,5
409061465514,camera-0211-event-0100-rel-m02-set-11-ts-174080339.vi,6,2,255,98.74068448136896,73.7661046550018,1162,4634.0,5
409061465514,camera-0211-event-0100-rel-m02-set-11-ts-174080339.vi,7,2,255,58.56529388058776,60.11731379894249,952,4634.0,5
409061482099,camera-0212-event-0100-rel-m01-set-11-ts-174097022.vi,0,2,255,25.95232190464381,19.194871833121965,506,4854.0,5
409061482099,camera-0212-event-0100-rel-m01-set-11-ts-174097022.vi,1,2,255,22.69702089404179,15.877539168191195,376,4854.0,5
409061482099,camera-0212-event-0100-rel-m01-set-11-ts-174097022.vi,2,2,255,85.89804854609709,75.53233331784865,1016,4854.0,5
409061482099,camera-0212-event-0100-rel-m01-set-11-ts-174097022.vi,3,2,255,99.38032426064852,73.69985414221019,1243,4854.0,5
409061482099,camera-0212-event-0100-rel-m01-set-11-ts-174097022.vi,4,2,255,61.26090427180854,61.72432881881042,1161,4854.0,5
409061482099,camera-0212-event-0100-rel-m01-set-11-ts-174097022.vi,5,2,255,88.08515717031435,76.40439514539752,1118,4854.0,5
409061482099,camera-0212-event-0100-rel-m01-set-11-ts-174097022.vi,6,2,255,98.3492699485399,73.75634065619444,1109,4854.0,5
409061482099,camera-0212-event-0100-rel-m01-set-11-ts-174097022.vi,7,2,255,57.92043834087668,59.7715202017174,901,4854.0,5
409061499338,camera-0213-event-0100-rel-p01-set-11-ts-174113680.vi,0,2,255,25.960862421724844,19.344288644352797,512,4374.0,5
409061499338,camera-0213-event-0100-rel-p01-set-11-ts-174113680.vi,1,2,255,22.678777357554715,15.885634545938613,374,4374.0,5
409061499338,camera-0213-event-0100-rel-p01-set-11-ts-174113680.vi,2,2,255,85.4245535991072,75.36798596896826,992,4374.0,5
409061499338,camera-0213-event-0100-rel-p01-set-11-ts-174113680.vi,3,2,255,98.71727168454336,73.78345158370517,1239,4374.0,5
409061499338,camera-0213-event-0100-rel-p01-set-11-ts-174113680.vi,4,2,255,61.12386849773699,61.72959926131714,1193,4374.0,5
409061499338,camera-0213-event-0100-rel-p01-set-11-ts-174113680.vi,5,2,255,87.34573594147189,76.04175771472983,1115,4374.0,5
409061499338,camera-0213-event-0100-rel-p01-set-11-ts-174113680.vi,6,2,255,97.6754526009052,73.8368855736599,1156,4374.0,5
409061499338,camera-0213-event-0100-rel-p01-set-11-ts-174113680.vi,7,2,255,57.56184512369025,59.57132099150475,918,4374.0,5
409061515444,camera-0214-event-0100-rel-p02-set-11-ts-174130363.vi,0,2,255,26.36961373922748,19.67230461730757,530,5400.0,5
409061515444,camera-0214-event-0100-rel-p02-set-11-ts-174130363.vi,1,2,255,22.998294996589994,16.19862683637079,385,5400.0,5
409061515444,camera-0214-event-0100-rel-p02-set-11-ts-174130363.vi,2,2,255,86.5279698059396,75.47678339185622,1022,5400.0,5
409061515444,camera-0214-event-0100-rel-p02-set-11-ts-174130363.vi,3,2,255,99.59398443796887,73.75676273443123,1276,5400.0,5
409061515444,camera-0214-event-0100-rel-p02-set-11-ts-174130363.vi,4,2,255,62.20741366482733,62.205666542507075,1230,5400.0,5
409061515444,camera-0214-event-0100-rel-p02-set-11-ts-174130363.vi,5,2,255,88.43866637733275,76.2192223191365,1188,5400.0,5
409061515444,camera-0214-event-0100-rel-p02-set-11-ts-174130363.vi,6,2,255,98.69916764833529,73.5887751456895,1126,5400.0,5
409061515444,camera-0214-event-0100-rel-p02-set-11-ts-174130363.vi,7,2,255,58.66894258788518,59.96420034378619,907,5400.0,5
409061532178,camera-0215-event-0100-rel-p03-set-11-ts-174147033.vi,0,2,255,26.039122078244155,19.422073985544664,520,10543.0,5
409061532178,camera-0215-event-0100-rel-p03-set-11-ts-174147033.vi,1,2,255,22.73272521545043,15.904990805400693,372,10543.0,5
409061532178,camera-0215-event-0100-rel-p03-set-11-ts-174147033.vi,2,2,255,85.73904147808295,75.49434366280622,1026,10543.0,5
409061532178,camera-0215-event-0100-rel-p03-set-11-ts-174147033.vi,3,2,255,99.18117211234423,73.74478850786012,1209,10543.0,5
409061532178,camera-0215-event-0100-rel-p03-set-11-ts-174147033.vi,4,2,255,61.476199702399406,61.76474801871341,1121,10543.0,5
409061532178,camera-0215-event-0100-rel-p03-set-11-ts-174147033.vi,5,2,255,88.5267065534131,76.43358950388658,1153,10543.0,5
409061532178,camera-0215-event-0100-rel-p03-set-11-ts-174147033.vi,6,2,255,98.06613088226176,73.68250048136879,1119,10543.0,5
409061532178,camera-0215-event-0100-rel-p03-set-11-ts-174147033.vi,7,2,255,57.818556637113275,59.51556507819514,813,10543.0,5
409061934643,camera-0216-event-0101-rel-m02-set-11-ts-174547432.vi,0,2,255,26.021111042222085,19.57752063933062,539,3094.0,5
409061934643,camera-0216-event-0101-rel-m02-set-11-ts-174547432.vi,1,2,255,22.69447888895778,15.847759458054426,372,3094.0,5
409061934643,camera-0216-event-0101-rel-m02-set-11-ts-174547432.vi,2,2,255,85.92020584041168,75.42384147215358,992,3094.0,5
409061934643,camera-0216-event-0101-rel-m02-set-11-ts-174547432.vi,3,2,255,99.26802653605307,73.7269773404147,1255,3094.0,5
409061934643,camera-0216-event-0101-rel-m02-set-11-ts-174547432.vi,4,2,255,61.26160952321904,61.73082032082997,1118,3094.0,5
409061934643,camera-0216-event-0101-rel-m02-set-11-ts-174547432.vi,5,2,255,87.78284456568913,76.16802331849773,1169,3094.0,5
409061934643,camera-0216-event-0101-rel-m02-set-11-ts-174547432.vi,6,2,255,98.22184419368838,73.75165318902928,1151,3094.0,5
409061934643,camera-0216-event-0101-rel-m02-set-11-ts-174547432.vi,7,2,255,57.61018972037944,59.45048202049695,852,3094.0,5
409061951822,camera-0217-event-0101-rel-m01-set-11-ts-174564115.vi,0,2,255,26.098006696013393,19.674817150449126,542,4514.0,5
409061951822,camera-0217-event-0101-rel-m01-set-11-ts-174564115.vi,1,2,255,22.749364498728998,15.922099123470495,374,4514.0,5
409061951822,camera-0217-event-0101-rel-m01-set-11-ts-174564115.vi,2,2,255,85.79601959203919,75.42433184812481,1040,4514.0,5
409061951822,camera-0217-event-0101-rel-m01-set-11-ts-174564115.vi,3,2,255,99.63256401512803,73.56898033211262,1280,4514.0,5
409061951822,camera-0217-event-0101-rel-m01-set-11-ts-174564115.vi,4,2,255,61.48538347076694,61.81113223028385,1181,4514.0,5
409061951822,camera-0217-event-0101-rel-m01-set-11-ts-174564115.vi,5,2,255,88.15539556079112,76.16640161947689,1170,4514.0,5
409061951822,camera-0217-event-0101-rel-m01-set-11-ts-174564115.vi,6,2,255,98.26515128030256,73.73593297819448,1182,4514.0,5
409061951822,camera-0217-event-0101-rel-m01-set-11-ts-174564115.vi,7,2,255,57.765763531527064,59.60493414460685,889,4514.0,5
409061966073,camera-0218-event-0101-rel-p01-set-11-ts-174580820.vi,0,2,255,26.414060078120155,19.860623422574733,546,4656.0,5
409061966073,camera-0218-event-0101-rel-p01-set-11-ts-174580820.vi,1,2,255,22.999248248496496,16.169071079149536,385,4656.0,5
409061966073,camera-0218-event-0101-rel-p01-set-11-ts-174580820.vi,2,2,255,86.79340783681567,75.41599657339648,1043,4656.0,5
409061966073,camera-0218-event-0101-rel-p01-set-11-ts-174580820.vi,3,2,255,99.57799615599231,73.76477633055137,1278,4656.0,5
409061966073,camera-0218-event-0101-rel-p01-set-11-ts-174580820.vi,4,2,255,62.64243753487507,62.377551458894956,1241,4656.0,5
409061966073,camera-0218-event-0101-rel-p01-set-11-ts-174580820.vi,5,2,255,88.66375782751565,76.15110336304161,1182,4656.0,5
409061966073,camera-0218-event-0101-rel-p01-set-11-ts-174580820.vi,6,2,255,98.57116839233679,73.73920519649522,1179,4656.0,5
409061966073,camera-0218-event-0101-rel-p01-set-11-ts-174580820.vi,7,2,255,58.90464380928762,60.48169033091593,925,4656.0,5
409061982567,camera-0219-event-0101-rel-p02-set-11-ts-174597503.vi,0,2,14,25.99776799553599,19.49099306899953,527,4675.0,5
409061982567,camera-0219-event-0101-rel-p02-set-11-ts-174597503.vi,1,2,14,22.67980035960072,15.829026123279972,369,4675.0,5
409061982567,camera-0219-event-0101-rel-p02-set-11-ts-174597503.vi,2,2,14,85.78739382478766,75.49704654860837,1040,4675.0,5
409061982567,camera-0219-event-0101-rel-p02-set-11-ts-174597503.vi,3,2,14,99.57898040796081,73.67862605048704,1269,4675.0,5
409061982567,camera-0219-event-0101-rel-p02-set-11-ts-174597503.vi,4,2,14,61.504185008370015,61.856354042271285,1175,4675.0,5
409061982567,camera-0219-event-0101-rel-p02-set-11-ts-174597503.vi,5,2,14,88.0493908487817,76.33548682632497,1180,4675.0,5
409061982567,camera-0219-event-0101-rel-p02-set-11-ts-174597503.vi,6,2,14,98.68314836629673,73.7435557690775,1135,4675.0,5
409061982567,camera-0219-event-0101-rel-p02-set-11-ts-174597503.vi,7,2,14,57.98984747969496,59.765038987239926,857,4675.0,5
409061999288,camera-0220-event-0101-rel-p03-set-11-ts-174614207.vi,0,2,14,26.059341868683738,19.495329682655356,523,5629.0,5
409061999288,camera-0220-event-0101-rel-p03-set-11-ts-174614207.vi,1,2,14,22.735553971107944,15.922129332035698,374,5629.0,5
409061999288,camera-0220-event-0101-rel-p03-set-11-ts-174614207.vi,2,2,14,85.68707762415525,75.2723187757391,1032,5629.0,5
409061999288,camera-0220-event-0101-rel-p03-set-11-ts-174614207.vi,3,2,14,99.41327732655465,73.69557970305877,1237,5629.0,5
409061999288,camera-0220-event-0101-rel-p03-set-11-ts-174614207.vi,4,2,14,61.79167958335917,61.93700877162956,1186,5629.0,5
409061999288,camera-0220-event-0101-rel-p03-set-11-ts-174614207.vi,5,2,14,88.2228516957034,76.22505908485944,1133,5629.0,5
409061999288,camera-0220-event-0101-rel-p03-set-11-ts-174614207.vi,6,2,14,98.7736762973526,73.5725581944566,1132,5629.0,5
409061999288,camera-0220-event-0101-rel-p03-set-11-ts-174614207.vi,7,2,14,57.9013113026226,59.60255122046969,829,5629.0,5
409062282780,camera-0221-event-0000-rel-p00-set-11-ts-174897827.vi,0,2,14,25.945540641081283,19.297174578058083,511,4808.0,5
409062282780,camera-0221-event-0000-rel-p00-set-11-ts-174897827.vi,1,2,14,22.65491505983012,15.784346269751227,372,4808.0,5
409062282780,camera-0221-event-0000-rel-p00-set-11-ts-174897827.vi,2,2,14,86.06443362886726,75.47871064669359,994,4808.0,5
409062282780,camera-0221-event-0000-rel-p00-set-11-ts-174897827.vi,3,2,14,99.41218457436915,73.66367475316719,1167,4808.0,5
409062282780,camera-0221-event-0000-rel-p00-set-11-ts-174897827.vi,4,2,14,61.50394475788951,61.67240298877203,1179,4808.0,5
409062282780,camera-0221-event-0000-rel-p00-set-11-ts-174897827.vi,5,2,14,88.24022723045447,76.34250743589739,1166,4808.0,5
409062282780,camera-0221-event-0000-rel-p00-set-11-ts-174897827.vi,6,2,14,98.33937317874636,73.59844693360505,1110,4808.0,5
409062282780,camera-0221-event-0000-rel-p00-set-11-ts-174897827.vi,7,2,14,58.08931117862236,59.7709468108168,930,4808.0,5
409062466788,camera-0222-event-0102-rel-m02-set-11-ts-175081301.vi,0,2,14,26.415672081344162,19.941374805494625,552,4456.0,5
409062466788,camera-0222-event-0102-rel-m02-set-11-ts-175081301.vi,1,2,14,22.989421228842456,16.123817252586008,382,4456.0,5
409062466788,camera-0222-event-0102-rel-m02-set-11-ts-175081301.vi,2,2,14,86.08821842643685,75.24731779334378,1057,4456.0,5
409062466788,camera-0222-event-0102-rel-m02-set-11-ts-175081301.vi,3,2,14,99.59599944199888,73.60958855250192,1271,4456.0,5
409062466788,camera-0222-event-0102-rel-m02-set-11-ts-175081301.vi,4,2,14,62.56217837435675,62.38619206949096,1159,4456.0,5
409062466788,camera-0222-event-0102-rel-m02-set-11-ts-175081301.vi,5,2,14,88.75591326182652,76.04033483157768,1195,4456.0,5
409062466788,camera-0222-event-0102-rel-m02-set-11-ts-175081301.vi,6,2,14,98.83760617521234,73.53009306500017,1180,4456.0,5
409062466788,camera-0222-event-0102-rel-m02-set-11-ts-175081301.vi,7,2,14,58.6491567983136,60.207511899953076,956,4456.0,5
409062482955,camera-0223-event-0102-rel-m01-set-11-ts-175097984.vi,0,2,14,25.974052948105896,19.58769654930249,536,4682.0,5
409062482955,camera-0223-event-0102-rel-m01-set-11-ts-175097984.vi,1,2,14,22.64265453530907,15.772891833538008,369,4682.0,5
409062482955,camera-0223-event-0102-rel-m01-set-11-ts-175097984.vi,2,2,14,85.73181071362143,75.43920474161791,980,4682.0,5
409062482955,camera-0223-event-0102-rel-m01-set-11-ts-175097984.vi,3,2,14,99.20370140740282,73.75026026409255,1264,4682.0,5
409062482955,camera-0223-event-0102-rel-m01-set-11-ts-175097984.vi,4,2,14,61.4250341000682,61.8067054797679,1116,4682.0,5
409062482955,camera-0223-event-0102-rel-m01-set-11-ts-175097984.vi,5,2,14,87.65420980841962,76.11960271356112,1103,4682.0,5
409062482955,camera-0223-event-0102-rel-m01-set-11-ts-175097984.vi,6,2,14,98.32879440758882,73.64345976339027,1090,4682.0,5
409062482955,camera-0223-event-0102-rel-m01-set-11-ts-175097984.vi,7,2,14,57.68150536301073,59.846683388639946,887,4682.0,5
409062500134,camera-0224-event-0102-rel-p01-set-11-ts-175114663.vi,0,2,14,26.17225959451919,19.79570197495093,551,4569.0,5
409062500134,camera-0224-event-0102-rel-p01-set-11-ts-175114663.vi,1,2,14,22.795957591915183,15.956957119950241,373,4569.0,5
409062500134,camera-0224-event-0102-rel-p01-set-11-ts-175114663.vi,2,2,14,85.89139128278256,75.39531679141433,1026,4569.0,5
409062500134,camera-0224-event-0102-rel-p01-set-11-ts-175114663.vi,3,2,14,99.4510276520553,73.58021088790655,1224,4569.0,5
409062500134,camera-0224-event-0102-rel-p01-set-11-ts-175114663.vi,4,2,14,61.84513919027838,62.10605909653847,1165,4569.0,5
409062500134,camera-0224-event-0102-rel-p01-set-11-ts-175114663.vi,5,2,14,88.09168268336536,75.96731061362478,1113,4569.0,5
409062500134,camera-0224-event-0102-rel-p01-set-11-ts-175114663.vi,6,2,14,98.75458025916052,73.78070262748538,1139,4569.0,5
409062500134,camera-0224-event-0102-rel-p01-set-11-ts-175114663.vi,7,2,14,58.064193378386754,59.883166319556196,926,4569.0,5
409062516633,camera-0225-event-0102-rel-p02-set-11-ts-175131347.vi,0,2,14,26.40234205468411,19.96824378622994,558,4642.0,5
409062516633,camera-0225-event-0102-rel-p02-set-11-ts-175131347.vi,1,2,14,22.971658193316387,16.117536925460836,378,4642.0,5
409062516633,camera-0225-event-0102-rel-p02-set-11-ts-175131347.vi,2,2,14,86.67789385578772,75.46564003879526,1059,4642.0,5
409062516633,camera-0225-event-0102-rel-p02-set-11-ts-175131347.vi,3,2,14,99.70690991381983,73.66590034203703,1285,4642.0,5
409062516633,camera-0225-event-0102-rel-p02-set-11-ts-175131347.vi,4,2,14,62.72022444044888,62.385470990342036,1199,4642.0,5
409062516633,camera-0225-event-0102-rel-p02-set-11-ts-175131347.vi,5,2,14,88.87379099758199,76.19899765839479,1201,4642.0,5
409062516633,camera-0225-event-0102-rel-p02-set-11-ts-175131347.vi,6,2,14,98.88345526691053,73.81728068571891,1226,4642.0,5
409062516633,camera-0225-event-0102-rel-p02-set-11-ts-175131347.vi,7,2,14,58.95745241490483,60.365321896357,927,4642.0,5
409062533094,camera-0226-event-0102-rel-p03-set-11-ts-175148053.vi,0,2,14,25.97276644553289,19.513666298298208,531,4590.0,5
409062533094,camera-0226-event-0102-rel-p03-set-11-ts-175148053.vi,1,2,14,22.651760803521608,15.776607002370127,371,4590.0,5
409062533094,camera-0226-event-0102-rel-p03-set-11-ts-175148053.vi,2,2,14,85.94258013516027,75.60556750742232,1002,4590.0,5
409062533094,camera-0226-event-0102-rel-p03-set-11-ts-175148053.vi,3,2,14,99.32838365676731,73.8072719311344,1277,4590.0,5
409062533094,camera-0226-event-0102-rel-p03-set-11-ts-175148053.vi,4,2,14,61.640965031930065,61.896689344421475,1149,4590.0,5
409062533094,camera-0226-event-0102-rel-p03-set-11-ts-175148053.vi,5,2,14,87.91905883811768,76.20161480187683,1179,4590.0,5
409062533094,camera-0226-event-0102-rel-p03-set-11-ts-175148053.vi,6,2,14,98.26874728749458,73.7177803851432,1136,4590.0,5
409062533094,camera-0226-event-0102-rel-p03-set-11-ts-175148053.vi,7,2,14,57.74509424018848,59.59070327272033,897,4590.0,5
409063283737,camera-0227-event-0000-rel-p00-set-11-ts-175898812.vi,0,2,14,26.02721805443611,19.46590796808976,524,5258.0,5
409063283737,camera-0227-event-0000-rel-p00-set-11-ts-175898812.vi,1,2,14,22.696540393080785,15.854829727953414,375,5258.0,5
409063283737,camera-0227-event-0000-rel-p00-set-11-ts-175898812.vi,2,2,14,85.87303924607849,75.2381901933435,1012,5258.0,5
409063283737,camera-0227-event-0000-rel-p00-set-11-ts-175898812.vi,3,2,14,99.69602889205778,73.55965690034571,1244,5258.0,5
409063283737,camera-0227-event-0000-rel-p00-set-11-ts-175898812.vi,4,2,14,62.112026474052946,62.01465964979759,1172,5258.0,5
409063283737,camera-0227-event-0000-rel-p00-set-11-ts-175898812.vi,5,2,14,88.03943982887965,75.89879564266727,1125,5258.0,5
409063283737,camera-0227-event-0000-rel-p00-set-11-ts-175898812.vi,6,2,14,98.48653822307645,73.57430315427455,1126,5258.0,5
409063283737,camera-0227-event-0000-rel-p00-set-11-ts-175898812.vi,7,2,14,58.380804761609525,59.99176070133518,884,5258.0,5
409064286495,camera-0228-event-0000-rel-p00-set-11-ts-176899775.vi,0,2,14,25.96324942649885,19.38190810304218,514,4008.0,5
409064286495,camera-0228-event-0000-rel-p00-set-11-ts-176899775.vi,1,2,14,22.649645049290097,15.793730569053686,366,4008.0,5
409064286495,camera-0228-event-0000-rel-p00-set-11-ts-176899775.vi,2,2,14,85.61085622171244,75.31867189965155,977,4008.0,5
409064286495,camera-0228-event-0000-rel-p00-set-11-ts-176899775.vi,3,2,14,99.15253580507161,73.6457789338684,1219,4008.0,5
409064286495,camera-0228-event-0000-rel-p00-set-11-ts-176899775.vi,4,2,14,61.457010664021325,61.87954421758999,1164,4008.0,5
409064286495,camera-0228-event-0000-rel-p00-set-11-ts-176899775.vi,5,2,14,87.875077500155,76.33513936096041,1205,4008.0,5
409064286495,camera-0228-event-0000-rel-p00-set-11-ts-176899775.vi,6,2,14,98.23704197408395,73.71273520124974,1153,4008.0,5
409064286495,camera-0228-event-0000-rel-p00-set-11-ts-176899775.vi,7,2,14,57.71978268956538,59.58662205392274,869,4008.0,5
409065285803,camera-0229-event-0000-rel-p00-set-11-ts-177900729.vi,0,2,14,26.063604377208755,19.58464616371768,541,4295.0,5
409065285803,camera-0229-event-0000-rel-p00-set-11-ts-177900729.vi,1,2,14,22.71951918903838,15.834713240166622,373,4295.0,5
409065285803,camera-0229-event-0000-rel-p00-set-11-ts-177900729.vi,2,2,14,85.83277791555584,75.3411733328145,997,4295.0,5
409065285803,camera-0229-event-0000-rel-p00-set-11-ts-177900729.vi,3,2,14,99.09490668981339,73.57555312032848,1237,4295.0,5
409065285803,camera-0229-event-0000-rel-p00-set-11-ts-177900729.vi,4,2,14,61.82722890445781,62.120391441492956,1188,4295.0,5
409065285803,camera-0229-event-0000-rel-p00-set-11-ts-177900729.vi,5,2,14,88.24815549631099,76.01782610935797,1132,4295.0,5
409065285803,camera-0229-event-0000-rel-p00-set-11-ts-177900729.vi,6,2,14,98.35558621117242,73.5836256533968,1074,4295.0,5
409065285803,camera-0229-event-0000-rel-p00-set-11-ts-177900729.vi,7,2,14,58.03757207514415,59.99930416409005,941,4295.0,5
409066286823,camera-0230-event-0000-rel-p00-set-11-ts-178901736.vi,0,2,14,26.24255223510447,19.82864817962854,546,4616.0,5
409066286823,camera-0230-event-0000-rel-p00-set-11-ts-178901736.vi,1,2,14,22.840876681753365,16.01033491160877,371,4616.0,5
409066286823,camera-0230-event-0000-rel-p00-set-11-ts-178901736.vi,2,2,14,86.09135718271436,75.07373754858617,1016,4616.0,5
409066286823,camera-0230-event-0000-rel-p00-set-11-ts-178901736.vi,3,2,14,99.26153977307955,73.69582185227478,1265,4616.0,5
409066286823,camera-0230-event-0000-rel-p00-set-11-ts-178901736.vi,4,2,14,62.215876681753365,62.157626678007816,1169,4616.0,5
409066286823,camera-0230-event-0000-rel-p00-set-11-ts-178901736.vi,5,2,14,88.30429660859322,76.04380525447044,1209,4616.0,5
409066286823,camera-0230-event-0000-rel-p00-set-11-ts-178901736.vi,6,2,14,98.73657697315394,73.54407900647627,1168,4616.0,5
409066286823,camera-0230-event-0000-rel-p00-set-11-ts-178901736.vi,7,2,14,58.58670717341435,60.053006578424636,936,4616.0,5
409067287815,camera-0231-event-0000-rel-p00-set-11-ts-179902753.vi,0,2,14,26.430815611631225,19.768494040181515,534,4464.0,5
409067287815,camera-0231-event-0000-rel-p00-set-11-ts-179902753.vi,1,2,14,23.00752526505053,16.17080867212909,377,4464.0,5
409067287815,camera-0231-event-0000-rel-p00-set-11-ts-179902753.vi,2,2,14,87.36558373116746,75.3135219867986,1078,4464.0,5
409067287815,camera-0231-event-0000-rel-p00-set-11-ts-179902753.vi,3,2,14,100.42067859135719,73.42266435782616,1270,4464.0,5
409067287815,camera-0231-event-0000-rel-p00-set-11-ts-179902753.vi,4,2,14,63.4258401016802,62.59536579236612,1218,4464.0,5
409067287815,camera-0231-event-0000-rel-p00-set-11-ts-179902753.vi,5,2,14,89.27002604005207,76.00147206818454,1246,4464.0,5
409067287815,camera-0231-event-0000-rel-p00-set-11-ts-179902753.vi,6,2,14,99.23057071114143,73.36093973742736,1169,4464.0,5
409067287815,camera-0231-event-0000-rel-p00-set-11-ts-179902753.vi,7,2,14,59.56624713249426,60.64414929943286,962,4464.0,5
409068290457,camera-0232-event-0000-rel-p00-set-11-ts-180903687.vi,0,2,14,26.611584723169447,20.151800343010834,566,4213.0,5
409068290457,camera-0232-event-0000-rel-p00-set-11-ts-180903687.vi,1,2,14,23.159092318184637,16.432673801011568,391,4213.0,5
409068290457,camera-0232-event-0000-rel-p00-set-11-ts-180903687.vi,2,2,14,87.01870853741707,75.11297373229857,1068,4213.0,5
409068290457,camera-0232-event-0000-rel-p00-set-11-ts-180903687.vi,3,2,14,100.60661696323393,73.58304913005524,1338,4213.0,5
409068290457,camera-0232-event-0000-rel-p00-set-11-ts-180903687.vi,4,2,14,63.76953003906008,62.871686428799144,1278,4213.0,5
409068290457,camera-0232-event-0000-rel-p00-set-11-ts-180903687.vi,5,2,14,89.28702957405915,75.97678707429485,1227,4213.0,5
409068290457,camera-0232-event-0000-rel-p00-set-11-ts-180903687.vi,6,2,14,99.06680513361027,73.5986120086135,1218,4213.0,5
409068290457,camera-0232-event-0000-rel-p00-set-11-ts-180903687.vi,7,2,14,59.63853927707856,60.5086983169547,897,4213.0,5
409069290259,camera-0233-event-0000-rel-p00-set-11-ts-181904662.vi,0,2,14,26.40429505859012,19.848538359573446,547,4977.0,5
409069290259,camera-0233-event-0000-rel-p00-set-11-ts-181904662.vi,1,2,14,23.028814557629115,16.184747962667274,377,4977.0,5
409069290259,camera-0233-event-0000-rel-p00-set-11-ts-181904662.vi,2,2,14,86.53437906875814,75.39392361834892,983,4977.0,5
409069290259,camera-0233-event-0000-rel-p00-set-11-ts-181904662.vi,3,2,14,100.04820509641019,73.50058415716892,1320,4977.0,5
409069290259,camera-0233-event-0000-rel-p00-set-11-ts-181904662.vi,4,2,14,62.505347510695024,62.22322897732514,1156,4977.0,5
409069290259,camera-0233-event-0000-rel-p00-set-11-ts-181904662.vi,5,2,14,88.6251937503875,76.25955449053917,1200,4977.0,5
409069290259,camera-0233-event-0000-rel-p00-set-11-ts-181904662.vi,6,2,14,98.62220999441999,73.67044762940458,1123,4977.0,5
409069290259,camera-0233-event-0000-rel-p00-set-11-ts-181904662.vi,7,2,14,58.79488808977618,60.178330444200064,943,4977.0,5
409070291935,camera-0234-event-0000-rel-p00-set-11-ts-182906455.vi,0,2,14,24.62727075454151,14.836985945930461,158,3125.0,5
409070291935,camera-0234-event-0000-rel-p00-set-11-ts-182906455.vi,1,2,14,21.68308636617273,11.460778950336282,105,3125.0,5
409070291935,camera-0234-event-0000-rel-p00-set-11-ts-182906455.vi,2,2,14,84.11190247380495,75.0559348346159,750,3125.0,5
409070291935,camera-0234-event-0000-rel-p00-set-11-ts-182906455.vi,3,2,14,96.89693254386509,74.0284418199595,996,3125.0,5
409070291935,camera-0234-event-0000-rel-p00-set-11-ts-182906455.vi,4,2,14,60.02106454212908,61.10244253958201,926,3125.0,5
409070291935,camera-0234-event-0000-rel-p00-set-11-ts-182906455.vi,5,2,14,85.56375162750325,75.85328527941222,879,3125.0,5
409070291935,camera-0234-event-0000-rel-p00-set-11-ts-182906455.vi,6,2,14,96.02867505735011,73.94076354904485,977,3125.0,5
409070291935,camera-0234-event-0000-rel-p00-set-11-ts-182906455.vi,7,2,14,57.01028427056854,59.29781934815773,721,3125.0,5
409070941407,camera-0235-event-0119-rel-m02-set-11-ts-183556310.vi,0,2,14,24.378875007750015,15.054066112363396,200,3806.0,5
409070941407,camera-0235-event-0119-rel-m02-set-11-ts-183556310.vi,1,2,14,21.667113584227167,11.69152691009278,139,3806.0,5
409070941407,camera-0235-event-0119-rel-m02-set-11-ts-183556310.vi,2,2,14,78.38327701655403,75.41596595819898,658,3806.0,5
409070941407,camera-0235-event-0119-rel-m02-set-11-ts-183556310.vi,3,2,14,92.38350951701904,74.69750989779034,936,3806.0,5
409070941407,camera-0235-event-0119-rel-m02-set-11-ts-183556310.vi,4,2,14,53.2748077996156,58.36877651966378,778,3806.0,5
409070941407,camera-0235-event-0119-rel-m02-set-11-ts-183556310.vi,5,2,14,79.74752774505549,76.24892229359224,798,3806.0,5
409070941407,camera-0235-event-0119-rel-m02-set-11-ts-183556310.vi,6,2,14,91.22341744683489,74.66122328117055,858,3806.0,5
409070941407,camera-0235-event-0119-rel-m02-set-11-ts-183556310.vi,7,2,14,50.18459761919524,56.25467210564299,652,3806.0,5
409070957815,camera-0236-event-0119-rel-m01-set-11-ts-183572993.vi,0,2,14,24.25949376898754,15.009903412844855,202,4195.0,5
409070957815,camera-0236-event-0119-rel-m01-set-11-ts-183572993.vi,1,2,14,21.57018414036828,11.619046225949994,137,4195.0,5
409070957815,camera-0236-event-0119-rel-m01-set-11-ts-183572993.vi,2,2,14,78.04528334056668,75.56721129220008,700,4195.0,5
409070957815,camera-0236-event-0119-rel-m01-set-11-ts-183572993.vi,3,2,14,91.83074741149483,74.67309543276575,881,4195.0,5
409070957815,camera-0236-event-0119-rel-m01-set-11-ts-183572993.vi,4,2,14,52.853400706801416,58.21945496309708,814,4195.0,5
409070957815,camera-0236-event-0119-rel-m01-set-11-ts-183572993.vi,5,2,14,79.06646413292826,76.22778117836775,809,4195.0,5
409070957815,camera-0236-event-0119-rel-m01-set-11-ts-183572993.vi,6,2,14,90.89419678839357,74.66970959387658,865,4195.0,5
409070957815,camera-0236-event-0119-rel-m01-set-11-ts-183572993.vi,7,2,14,49.63119226238452,55.962524105269964,639,4195.0,5
409070974894,camera-0237-event-0119-rel-p01-set-11-ts-183589688.vi,0,1,255,24.600633951267902,15.21365275792001,205,3929.0,5
409070974894,camera-0237-event-0119-rel-p01-set-11-ts-183589688.vi,1,1,255,21.83989242978486,11.874625778554178,149,3929.0,5
409070974894,camera-0237-event-0119-rel-p01-set-11-ts-183589688.vi,2,1,255,79.1977261454523,75.66804234288647,701,3929.0,5
409070974894,camera-0237-event-0119-rel-p01-set-11-ts-183589688.vi,3,1,255,92.24581499162998,74.69374838915796,877,3929.0,5
409070974894,camera-0237-event-0119-rel-p01-set-11-ts-183589688.vi,4,1,255,54.089667679335356,58.88007684225846,781,3929.0,5
409070974894,camera-0237-event-0119-rel-p01-set-11-ts-183589688.vi,5,1,255,80.26965403930808,76.39492889397067,793,3929.0,5
409070974894,camera-0237-event-0119-rel-p01-set-11-ts-183589688.vi,6,1,255,91.68909262818525,74.66507949368078,848,3929.0,5
409070974894,camera-0237-event-0119-rel-p01-set-11-ts-183589688.vi,7,1,255,50.88612127224255,56.70079824501896,663,3929.0,5
409070991222,camera-0238-event-0119-rel-p02-set-11-ts-183606371.vi,0,1,255,24.415672081344162,15.119271923645153,203,4524.0,5
409070991222,camera-0238-event-0119-rel-p02-set-11-ts-183606371.vi,1,1,255,21.689883129766258,11.700790605174634,140,4524.0,5
409070991222,camera-0238-event-0119-rel-p02-set-11-ts-183606371.vi,2,1,255,78.23943672887346,75.43838798197035,666,4524.0,5
409070991222,camera-0238-event-0119-rel-p02-set-11-ts-183606371.vi,3,1,255,92.35402845805692,74.82960362243485,867,4524.0,5
409070991222,camera-0238-event-0119-rel-p02-set-11-ts-183606371.vi,4,1,255,53.29529884059768,58.40917570281879,799,4524.0,5
409070991222,camera-0238-event-0119-rel-p02-set-11-ts-183606371.vi,5,1,255,79.70863041726084,76.42804569612116,779,4524.0,5
409070991222,camera-0238-event-0119-rel-p02-set-11-ts-183606371.vi,6,1,255,91.10735321470644,74.72888506543416,875,4524.0,5
409070991222,camera-0238-event-0119-rel-p02-set-11-ts-183606371.vi,7,1,255,50.21745768491537,56.268669469129755,631,4524.0,5
409071008226,camera-0239-event-0119-rel-p03-set-11-ts-183623129.vi,0,1,255,24.213815177630355,14.839181743407499,198,5425.0,5
409071008226,camera-0239-event-0119-rel-p03-set-11-ts-183623129.vi,1,1,255,21.542811085622173,11.61342167312198,138,5425.0,5
409071008226,camera-0239-event-0119-rel-p03-set-11-ts-183623129.vi,2,1,255,78.43128061256122,75.53961121240272,655,5425.0,5
409071008226,camera-0239-event-0119-rel-p03-set-11-ts-183623129.vi,3,1,255,91.9750527001054,74.72296026607253,884,5425.0,5
409071008226,camera-0239-event-0119-rel-p03-set-11-ts-183623129.vi,4,1,255,53.063519127038255,58.055921164929714,755,5425.0,5
409071008226,camera-0239-event-0119-rel-p03-set-11-ts-183623129.vi,5,1,255,79.52256029512058,76.13067520253263,721,5425.0,5
409071008226,camera-0239-event-0119-rel-p03-set-11-ts-183623129.vi,6,1,255,91.4521901543803,74.62921640525991,825,5425.0,5
409071008226,camera-0239-event-0119-rel-p03-set-11-ts-183623129.vi,7,1,255,50.34423243846488,56.231842932235644,635,5425.0,5
409071291520,camera-0240-event-0000-rel-p00-set-11-ts-183906677.vi,0,1,255,24.336350672701347,14.894119766567078,201,4215.0,6
409071291520,camera-0240-event-0000-rel-p00-set-11-ts-183906677.vi,1,1,255,21.650265050530102,11.698188221043619,142,4215.0,6
409071291520,camera-0240-event-0000-rel-p00-set-11-ts-183906677.vi,2,1,255,78.1730578461157,75.41538871147921,702,4215.0,6
409071291520,camera-0240-event-0000-rel-p00-set-11-ts-183906677.vi,3,1,255,91.85939146878293,74.78817120756193,896,4215.0,6
409071291520,camera-0240-event-0000-rel-p00-set-11-ts-183906677.vi,4,1,255,53.39190278380557,58.70879885469764,856,4215.0,6
409071291520,camera-0240-event-0000-rel-p00-set-11-ts-183906677.vi,5,1,255,79.51461652923305,76.25648513707245,789,4215.0,6
409071291520,camera-0240-event-0000-rel-p00-set-11-ts-183906677.vi,6,1,255,91.00833901667804,74.71141022996807,817,4215.0,6
409071291520,camera-0240-event-0000-rel-p00-set-11-ts-183906677.vi,7,1,255,50.08805567611135,56.24954443580775,589,4215.0,6
